# Blender v3.3.1 OBJ File: 'bookshelf-035.blend'
# www.blender.org
mtllib bookshelf-035.mtl
o bookshelf
v 0.264900 1.495579 -0.173800
v 0.263886 1.494393 -0.173800
v 0.263684 1.495593 -0.175000
v 0.265086 1.494393 -0.173800
v 0.265086 1.494393 -0.175000
v 0.263886 1.494393 -0.175000
v 0.264900 1.495579 -0.175000
v 0.249720 1.495579 -0.173800
v 0.250932 1.495593 -0.175000
v 0.251105 1.494393 -0.173800
v 0.249720 1.495579 -0.175000
v 0.249905 1.494393 -0.175000
v 0.251105 1.494393 -0.175000
v 0.249905 1.494393 -0.173800
v 0.263684 1.495593 0.175000
v 0.263886 1.494393 0.173800
v 0.264900 1.495579 0.173800
v 0.263886 1.494393 0.175000
v 0.265086 1.494393 0.175000
v 0.265086 1.494393 0.173800
v 0.264900 1.495579 0.175000
v 0.249719 1.495579 0.173800
v 0.251105 1.494393 0.173800
v 0.250932 1.495593 0.175000
v 0.249905 1.494393 0.173800
v 0.249905 1.494393 0.175000
v 0.251105 1.494393 0.175000
v 0.249719 1.495579 0.175000
v -0.427709 1.478193 -0.175000
v -0.428102 1.479393 -0.173800
v -0.426449 1.478282 -0.173800
v -0.428102 1.479393 -0.175000
v -0.426902 1.479393 -0.175000
v -0.426902 1.479393 -0.173800
v -0.426449 1.478282 -0.175000
v -0.441316 1.478193 0.175000
v -0.441902 1.479393 0.173800
v -0.442649 1.478282 0.173800
v -0.441902 1.479393 0.175000
v -0.443102 1.479393 0.175000
v -0.443102 1.479393 0.173800
v -0.442649 1.478282 0.175000
v -0.020734 1.478193 -0.175000
v -0.020319 1.479393 -0.173800
v -0.019465 1.478244 -0.173800
v -0.020319 1.479393 -0.175000
v -0.019119 1.479393 -0.175000
v -0.019119 1.479393 -0.173800
v -0.019465 1.478244 -0.175000
v -0.033892 1.478193 0.175000
v -0.033584 1.479393 0.173800
v -0.035130 1.478244 0.173800
v -0.033584 1.479393 0.175000
v -0.034784 1.479393 0.175000
v -0.034784 1.479393 0.173800
v -0.035130 1.478244 0.175000
v 0.266394 1.478193 -0.175000
v 0.266222 1.479393 -0.173800
v 0.267607 1.478207 -0.173800
v 0.266222 1.479393 -0.175000
v 0.267422 1.479393 -0.175000
v 0.267422 1.479393 -0.173800
v 0.267607 1.478207 -0.175000
v 0.253642 1.478193 0.175000
v 0.253441 1.479393 0.173800
v 0.252426 1.478207 0.173800
v 0.253441 1.479393 0.175000
v 0.252241 1.479393 0.175000
v 0.252241 1.479393 0.173800
v 0.252426 1.478207 0.175000
v -0.441316 1.478193 -0.175000
v -0.442649 1.478282 -0.173800
v -0.441902 1.479393 -0.173800
v -0.442649 1.478282 -0.175000
v -0.443102 1.479393 -0.175000
v -0.443102 1.479393 -0.173800
v -0.441902 1.479393 -0.175000
v -0.426449 1.478282 0.173800
v -0.428102 1.479393 0.173800
v -0.427708 1.478193 0.175000
v -0.426902 1.479393 0.173800
v -0.426902 1.479393 0.175000
v -0.428102 1.479393 0.175000
v -0.426449 1.478282 0.175000
v -0.033892 1.478193 -0.175000
v -0.035130 1.478244 -0.173800
v -0.033584 1.479393 -0.173800
v -0.035130 1.478244 -0.175000
v -0.034784 1.479393 -0.175000
v -0.034784 1.479393 -0.173800
v -0.033584 1.479393 -0.175000
v -0.019465 1.478244 0.173800
v -0.020319 1.479393 0.173800
v -0.020733 1.478193 0.175000
v -0.019119 1.479393 0.173800
v -0.019119 1.479393 0.175000
v -0.020319 1.479393 0.175000
v -0.019465 1.478244 0.175000
v 0.253642 1.478193 -0.175000
v 0.252426 1.478207 -0.173800
v 0.253441 1.479393 -0.173800
v 0.252426 1.478207 -0.175000
v 0.252241 1.479393 -0.175000
v 0.252241 1.479393 -0.173800
v 0.253441 1.479393 -0.175000
v 0.267607 1.478207 0.173800
v 0.266222 1.479393 0.173800
v 0.266394 1.478193 0.175000
v 0.267422 1.479393 0.173800
v 0.267422 1.479393 0.175000
v 0.266222 1.479393 0.175000
v 0.267607 1.478207 0.175000
v -0.249151 1.043475 -0.173800
v -0.249898 1.042364 -0.173800
v -0.250483 1.043564 -0.175000
v -0.248698 1.042364 -0.173800
v -0.248698 1.042364 -0.175000
v -0.249898 1.042364 -0.175000
v -0.249151 1.043475 -0.175000
v -0.265351 1.043475 0.173800
v -0.263698 1.042364 0.173800
v -0.264091 1.043564 0.175000
v -0.264898 1.042364 0.173800
v -0.264898 1.042364 0.175000
v -0.263698 1.042364 0.175000
v -0.265351 1.043475 0.175000
v -0.150255 1.043513 -0.173800
v -0.151801 1.042364 -0.173800
v -0.151493 1.043564 -0.175000
v -0.150601 1.042364 -0.173800
v -0.150601 1.042364 -0.175000
v -0.151801 1.042364 -0.175000
v -0.150255 1.043513 -0.175000
v -0.165920 1.043513 0.173800
v -0.165066 1.042364 0.173800
v -0.164651 1.043564 0.175000
v -0.166266 1.042364 0.173800
v -0.166266 1.042364 0.175000
v -0.165066 1.042364 0.175000
v -0.165920 1.043513 0.175000
v 0.335326 1.043550 -0.173800
v 0.334311 1.042364 -0.173800
v 0.334110 1.043564 -0.175000
v 0.335511 1.042364 -0.173800
v 0.335511 1.042364 -0.175000
v 0.334311 1.042364 -0.175000
v 0.335326 1.043550 -0.175000
v 0.320145 1.043550 0.173800
v 0.321530 1.042364 0.173800
v 0.321358 1.043564 0.175000
v 0.320330 1.042364 0.173800
v 0.320330 1.042364 0.175000
v 0.321530 1.042364 0.175000
v 0.320145 1.043549 0.175000
v -0.264091 1.043564 -0.175000
v -0.263698 1.042364 -0.173800
v -0.265351 1.043475 -0.173800
v -0.263698 1.042364 -0.175000
v -0.264898 1.042364 -0.175000
v -0.264898 1.042364 -0.173800
v -0.265351 1.043475 -0.175000
v -0.249151 1.043475 0.173800
v -0.250483 1.043564 0.175000
v -0.249898 1.042364 0.173800
v -0.249151 1.043475 0.175000
v -0.248698 1.042364 0.175000
v -0.249898 1.042364 0.175000
v -0.248698 1.042364 0.173800
v -0.164651 1.043564 -0.175000
v -0.165066 1.042364 -0.173800
v -0.165920 1.043513 -0.173800
v -0.165066 1.042364 -0.175000
v -0.166266 1.042364 -0.175000
v -0.166266 1.042364 -0.173800
v -0.165920 1.043513 -0.175000
v -0.150255 1.043513 0.173800
v -0.151493 1.043564 0.175000
v -0.151801 1.042364 0.173800
v -0.150255 1.043513 0.175000
v -0.150601 1.042364 0.175000
v -0.151801 1.042364 0.175000
v -0.150601 1.042364 0.173800
v 0.321358 1.043564 -0.175000
v 0.321530 1.042364 -0.173800
v 0.320145 1.043549 -0.173800
v 0.321530 1.042364 -0.175000
v 0.320330 1.042364 -0.175000
v 0.320330 1.042364 -0.173800
v 0.320145 1.043549 -0.175000
v 0.335326 1.043550 0.173800
v 0.334110 1.043564 0.175000
v 0.334311 1.042364 0.173800
v 0.335326 1.043550 0.175000
v 0.335511 1.042364 0.175000
v 0.334311 1.042364 0.175000
v 0.335511 1.042364 0.173800
v -0.156728 1.026164 -0.175000
v -0.156314 1.027364 -0.173800
v -0.155460 1.026215 -0.173800
v -0.156314 1.027364 -0.175000
v -0.155114 1.027364 -0.175000
v -0.155114 1.027364 -0.173800
v -0.155460 1.026215 -0.175000
v -0.169886 1.026164 0.175000
v -0.169578 1.027364 0.173800
v -0.171124 1.026215 0.173800
v -0.169578 1.027364 0.175000
v -0.170778 1.027364 0.175000
v -0.170778 1.027364 0.173800
v -0.171124 1.026215 0.175000
v 0.336821 1.026164 -0.175000
v 0.336648 1.027364 -0.173800
v 0.338033 1.026178 -0.173800
v 0.336648 1.027364 -0.175000
v 0.337848 1.027364 -0.175000
v 0.337848 1.027364 -0.173800
v 0.338033 1.026178 -0.175000
v 0.324069 1.026164 0.175000
v 0.323867 1.027364 0.173800
v 0.322852 1.026178 0.173800
v 0.323867 1.027364 0.175000
v 0.322667 1.027364 0.175000
v 0.322667 1.027364 0.173800
v 0.322852 1.026178 0.175000
v -0.169886 1.026164 -0.175000
v -0.171124 1.026215 -0.173800
v -0.169578 1.027364 -0.173800
v -0.171124 1.026215 -0.175000
v -0.170778 1.027364 -0.175000
v -0.170778 1.027364 -0.173800
v -0.169578 1.027364 -0.175000
v -0.155460 1.026214 0.173800
v -0.156314 1.027364 0.173800
v -0.156728 1.026164 0.175000
v -0.155114 1.027364 0.173800
v -0.155114 1.027364 0.175000
v -0.156314 1.027364 0.175000
v -0.155460 1.026214 0.175000
v 0.324069 1.026164 -0.175000
v 0.322852 1.026178 -0.173800
v 0.323867 1.027364 -0.173800
v 0.322852 1.026178 -0.175000
v 0.322667 1.027364 -0.175000
v 0.322667 1.027364 -0.173800
v 0.323867 1.027364 -0.175000
v 0.338033 1.026178 0.173800
v 0.336648 1.027364 0.173800
v 0.336821 1.026164 0.175000
v 0.337848 1.027364 0.173800
v 0.337848 1.027364 0.175000
v 0.336648 1.027364 0.175000
v 0.338033 1.026178 0.175000
v -0.283674 0.600144 -0.173800
v -0.285220 0.598995 -0.173800
v -0.284912 0.600195 -0.175000
v -0.284020 0.598995 -0.173800
v -0.284020 0.598995 -0.175000
v -0.285220 0.598995 -0.175000
v -0.283675 0.600144 -0.175000
v -0.299339 0.600144 0.173800
v -0.298485 0.598995 0.173800
v -0.298071 0.600195 0.175000
v -0.299685 0.598995 0.173800
v -0.299685 0.598995 0.175000
v -0.298485 0.598995 0.175000
v -0.299339 0.600144 0.175000
v 0.404419 0.600181 -0.173800
v 0.403404 0.598995 -0.173800
v 0.403202 0.600195 -0.175000
v 0.404604 0.598995 -0.173800
v 0.404604 0.598995 -0.175000
v 0.403404 0.598995 -0.175000
v 0.404419 0.600181 -0.175000
v 0.389238 0.600181 0.173800
v 0.390623 0.598995 0.173800
v 0.390450 0.600195 0.175000
v 0.389423 0.598995 0.173800
v 0.389423 0.598995 0.175000
v 0.390623 0.598995 0.175000
v 0.389238 0.600181 0.175000
v -0.298071 0.600195 -0.175000
v -0.298485 0.598995 -0.173800
v -0.299339 0.600144 -0.173800
v -0.298485 0.598995 -0.175000
v -0.299685 0.598995 -0.175000
v -0.299685 0.598995 -0.173800
v -0.299339 0.600144 -0.175000
v -0.283674 0.600144 0.173800
v -0.284912 0.600195 0.175000
v -0.285220 0.598995 0.173800
v -0.283674 0.600144 0.175000
v -0.284020 0.598995 0.175000
v -0.285220 0.598995 0.175000
v -0.284020 0.598995 0.173800
v 0.390450 0.600195 -0.175000
v 0.390623 0.598995 -0.173800
v 0.389238 0.600181 -0.173800
v 0.390623 0.598995 -0.175000
v 0.389423 0.598995 -0.175000
v 0.389423 0.598995 -0.173800
v 0.389238 0.600181 -0.175000
v 0.404419 0.600181 0.173800
v 0.403202 0.600195 0.175000
v 0.403404 0.598995 0.173800
v 0.404419 0.600181 0.175000
v 0.404604 0.598995 0.175000
v 0.403404 0.598995 0.175000
v 0.404604 0.598995 0.173800
v -0.062550 0.582795 -0.175000
v -0.062943 0.583995 -0.173800
v -0.061290 0.582884 -0.173800
v -0.062943 0.583995 -0.175000
v -0.061743 0.583995 -0.175000
v -0.061743 0.583995 -0.173800
v -0.061290 0.582884 -0.175000
v -0.076158 0.582795 0.175000
v -0.076743 0.583995 0.173800
v -0.077490 0.582884 0.173800
v -0.076743 0.583995 0.175000
v -0.077943 0.583995 0.175000
v -0.077943 0.583995 0.173800
v -0.077490 0.582884 0.175000
v -0.290153 0.582795 -0.175000
v -0.289739 0.583995 -0.173800
v -0.288885 0.582846 -0.173800
v -0.289739 0.583995 -0.175000
v -0.288539 0.583995 -0.175000
v -0.288539 0.583995 -0.173800
v -0.288885 0.582846 -0.175000
v -0.303312 0.582795 0.175000
v -0.303004 0.583995 0.173800
v -0.304550 0.582846 0.173800
v -0.303004 0.583995 0.175000
v -0.304204 0.583995 0.175000
v -0.304204 0.583995 0.173800
v -0.304550 0.582846 0.175000
v 0.405916 0.582795 -0.175000
v 0.405744 0.583995 -0.173800
v 0.407129 0.582809 -0.173800
v 0.405744 0.583995 -0.175000
v 0.406944 0.583995 -0.175000
v 0.406944 0.583995 -0.173800
v 0.407129 0.582809 -0.175000
v 0.393164 0.582795 0.175000
v 0.392963 0.583995 0.173800
v 0.391948 0.582809 0.173800
v 0.392963 0.583995 0.175000
v 0.391763 0.583995 0.175000
v 0.391763 0.583995 0.173800
v 0.391948 0.582809 0.175000
v -0.076158 0.582795 -0.175000
v -0.077490 0.582884 -0.173800
v -0.076743 0.583995 -0.173800
v -0.077490 0.582884 -0.175000
v -0.077943 0.583995 -0.175000
v -0.077943 0.583995 -0.173800
v -0.076743 0.583995 -0.175000
v -0.061290 0.582884 0.173800
v -0.062943 0.583995 0.173800
v -0.062550 0.582795 0.175000
v -0.061743 0.583995 0.173800
v -0.061743 0.583995 0.175000
v -0.062943 0.583995 0.175000
v -0.061290 0.582884 0.175000
v -0.303312 0.582795 -0.175000
v -0.304549 0.582846 -0.173800
v -0.303004 0.583995 -0.173800
v -0.304549 0.582846 -0.175000
v -0.304204 0.583995 -0.175000
v -0.304204 0.583995 -0.173800
v -0.303004 0.583995 -0.175000
v -0.288885 0.582846 0.173800
v -0.289739 0.583995 0.173800
v -0.290153 0.582795 0.175000
v -0.288539 0.583995 0.173800
v -0.288539 0.583995 0.175000
v -0.289739 0.583995 0.175000
v -0.288885 0.582846 0.175000
v 0.393164 0.582795 -0.175000
v 0.391948 0.582809 -0.173800
v 0.392963 0.583995 -0.173800
v 0.391948 0.582809 -0.175000
v 0.391763 0.583995 -0.175000
v 0.391763 0.583995 -0.173800
v 0.392963 0.583995 -0.175000
v 0.407129 0.582809 0.173800
v 0.405744 0.583995 0.173800
v 0.405916 0.582795 0.175000
v 0.406944 0.583995 0.173800
v 0.406944 0.583995 0.175000
v 0.405744 0.583995 0.175000
v 0.407129 0.582809 0.175000
v 0.126446 0.122597 -0.173800
v 0.125699 0.121486 -0.173800
v 0.125114 0.122686 -0.175000
v 0.126899 0.121486 -0.173800
v 0.126899 0.121486 -0.175000
v 0.125699 0.121486 -0.175000
v 0.126446 0.122597 -0.175000
v 0.110246 0.122597 0.173800
v 0.111899 0.121486 0.173800
v 0.111506 0.122686 0.175000
v 0.110699 0.121486 0.173800
v 0.110699 0.121486 0.175000
v 0.111899 0.121486 0.175000
v 0.110246 0.122597 0.175000
v -0.427377 0.122635 -0.173800
v -0.428923 0.121486 -0.173800
v -0.428615 0.122686 -0.175000
v -0.427723 0.121486 -0.173800
v -0.427723 0.121486 -0.175000
v -0.428923 0.121486 -0.175000
v -0.427377 0.122635 -0.175000
v -0.443042 0.122635 0.173800
v -0.442187 0.121486 0.173800
v -0.441773 0.122686 0.175000
v -0.443387 0.121486 0.173800
v -0.443387 0.121486 0.175000
v -0.442187 0.121486 0.175000
v -0.443042 0.122635 0.175000
v 0.478837 0.122672 -0.173800
v 0.477822 0.121486 -0.173800
v 0.477620 0.122686 -0.175000
v 0.479022 0.121486 -0.173800
v 0.479022 0.121486 -0.175000
v 0.477822 0.121486 -0.175000
v 0.478837 0.122672 -0.175000
v 0.463656 0.122672 0.173800
v 0.465041 0.121486 0.173800
v 0.464868 0.122686 0.175000
v 0.463841 0.121486 0.173800
v 0.463841 0.121486 0.175000
v 0.465041 0.121486 0.175000
v 0.463656 0.122672 0.175000
v 0.111506 0.122686 -0.175000
v 0.111900 0.121486 -0.173800
v 0.110246 0.122597 -0.173800
v 0.111900 0.121486 -0.175000
v 0.110699 0.121486 -0.175000
v 0.110699 0.121486 -0.173800
v 0.110246 0.122597 -0.175000
v 0.126446 0.122597 0.173800
v 0.125114 0.122686 0.175000
v 0.125699 0.121486 0.173800
v 0.126446 0.122597 0.175000
v 0.126899 0.121486 0.175000
v 0.125699 0.121486 0.175000
v 0.126899 0.121486 0.173800
v -0.441773 0.122686 -0.175000
v -0.442187 0.121486 -0.173800
v -0.443041 0.122635 -0.173800
v -0.442187 0.121486 -0.175000
v -0.443387 0.121486 -0.175000
v -0.443387 0.121486 -0.173800
v -0.443041 0.122635 -0.175000
v -0.427377 0.122635 0.173800
v -0.428615 0.122686 0.175000
v -0.428923 0.121486 0.173800
v -0.427377 0.122635 0.175000
v -0.427723 0.121486 0.175000
v -0.428923 0.121486 0.175000
v -0.427723 0.121486 0.173800
v 0.464868 0.122686 -0.175000
v 0.465041 0.121486 -0.173800
v 0.463656 0.122672 -0.173800
v 0.465041 0.121486 -0.175000
v 0.463841 0.121486 -0.175000
v 0.463841 0.121486 -0.173800
v 0.463656 0.122672 -0.175000
v 0.478837 0.122672 0.173800
v 0.477620 0.122686 0.175000
v 0.477822 0.121486 0.173800
v 0.478837 0.122672 0.175000
v 0.479022 0.121486 0.175000
v 0.477822 0.121486 0.175000
v 0.479022 0.121486 0.173800
v 0.132216 0.105286 -0.175000
v 0.131822 0.106486 -0.173800
v 0.133476 0.105375 -0.173800
v 0.131822 0.106486 -0.175000
v 0.133022 0.106486 -0.175000
v 0.133022 0.106486 -0.173800
v 0.133476 0.105375 -0.175000
v 0.118608 0.105286 0.175000
v 0.118022 0.106486 0.173800
v 0.117276 0.105375 0.173800
v 0.118023 0.106486 0.175000
v 0.116822 0.106486 0.175000
v 0.116822 0.106486 0.173800
v 0.117276 0.105375 0.175000
v -0.433855 0.105286 -0.175000
v -0.433441 0.106486 -0.173800
v -0.432586 0.105337 -0.173800
v -0.433441 0.106486 -0.175000
v -0.432240 0.106486 -0.175000
v -0.432240 0.106486 -0.173800
v -0.432586 0.105337 -0.175000
v -0.447013 0.105286 0.175000
v -0.446705 0.106486 0.173800
v -0.448251 0.105337 0.173800
v -0.446705 0.106486 0.175000
v -0.447905 0.106486 0.175000
v -0.447905 0.106486 0.173800
v -0.448251 0.105337 0.175000
v 0.480334 0.105286 -0.175000
v 0.480161 0.106486 -0.173800
v 0.481546 0.105300 -0.173800
v 0.480161 0.106486 -0.175000
v 0.481361 0.106486 -0.175000
v 0.481361 0.106486 -0.173800
v 0.481546 0.105300 -0.175000
v 0.467582 0.105286 0.175000
v 0.467380 0.106486 0.173800
v 0.466365 0.105300 0.173800
v 0.467380 0.106486 0.175000
v 0.466180 0.106486 0.175000
v 0.466180 0.106486 0.173800
v 0.466365 0.105300 0.175000
v 0.118608 0.105286 -0.175000
v 0.117276 0.105375 -0.173800
v 0.118022 0.106486 -0.173800
v 0.117276 0.105375 -0.175000
v 0.116822 0.106486 -0.175000
v 0.116822 0.106486 -0.173800
v 0.118022 0.106486 -0.175000
v 0.133476 0.105375 0.173800
v 0.131822 0.106486 0.173800
v 0.132216 0.105286 0.175000
v 0.133022 0.106486 0.173800
v 0.133022 0.106486 0.175000
v 0.131822 0.106486 0.175000
v 0.133476 0.105375 0.175000
v -0.447013 0.105286 -0.175000
v -0.448251 0.105337 -0.173800
v -0.446705 0.106486 -0.173800
v -0.448251 0.105337 -0.175000
v -0.447905 0.106486 -0.175000
v -0.447905 0.106486 -0.173800
v -0.446705 0.106486 -0.175000
v -0.432586 0.105337 0.173800
v -0.433441 0.106486 0.173800
v -0.433855 0.105286 0.175000
v -0.432240 0.106486 0.173800
v -0.432240 0.106486 0.175000
v -0.433441 0.106486 0.175000
v -0.432586 0.105337 0.175000
v 0.467582 0.105286 -0.175000
v 0.466365 0.105300 -0.173800
v 0.467380 0.106486 -0.173800
v 0.466365 0.105300 -0.175000
v 0.466180 0.106486 -0.175000
v 0.466180 0.106486 -0.173800
v 0.467380 0.106486 -0.175000
v 0.481546 0.105300 0.173800
v 0.480161 0.106486 0.173800
v 0.480334 0.105286 0.175000
v 0.481361 0.106486 0.173800
v 0.481361 0.106486 0.175000
v 0.480161 0.106486 0.175000
v 0.481546 0.105300 0.175000
v 0.233600 1.598814 -0.173800
v 0.234615 1.600000 -0.173800
v 0.234817 1.598800 -0.175000
v 0.233415 1.600000 -0.173800
v 0.233415 1.600000 -0.175000
v 0.234615 1.600000 -0.175000
v 0.233600 1.598814 -0.175000
v 0.247569 1.598800 0.175000
v 0.248781 1.598814 0.173800
v 0.247396 1.600000 0.173800
v 0.248781 1.598814 0.175000
v 0.248596 1.600000 0.175000
v 0.248596 1.600000 0.173800
v 0.247396 1.600000 0.175000
v 0.247569 1.598800 -0.175000
v 0.247396 1.600000 -0.173800
v 0.248781 1.598814 -0.173800
v 0.247396 1.600000 -0.175000
v 0.248596 1.600000 -0.175000
v 0.248596 1.600000 -0.173800
v 0.248781 1.598814 -0.175000
v 0.233600 1.598814 0.173800
v 0.234817 1.598800 0.175000
v 0.234615 1.600000 0.173800
v 0.233600 1.598814 0.175000
v 0.233415 1.600000 0.175000
v 0.234615 1.600000 0.175000
v 0.233415 1.600000 0.173800
v 0.176004 0.001111 -0.173800
v 0.175257 0.000000 -0.173800
v 0.174672 0.001200 -0.175000
v 0.176457 0.000000 -0.173800
v 0.176457 0.000000 -0.175000
v 0.175257 0.000000 -0.175000
v 0.176004 0.001111 -0.175000
v 0.159804 0.001111 0.173800
v 0.161458 0.000000 0.173800
v 0.161064 0.001200 0.175000
v 0.160257 0.000000 0.173800
v 0.160257 0.000000 0.175000
v 0.161458 0.000000 0.175000
v 0.159804 0.001111 0.175000
v -0.463942 0.001149 -0.173800
v -0.465488 0.000000 -0.173800
v -0.465180 0.001200 -0.175000
v -0.464288 0.000000 -0.173800
v -0.464288 0.000000 -0.175000
v -0.465488 0.000000 -0.175000
v -0.463942 0.001149 -0.175000
v -0.479606 0.001149 0.173800
v -0.478752 0.000000 0.173800
v -0.478338 0.001200 0.175000
v -0.479952 0.000000 0.173800
v -0.479952 0.000000 0.175000
v -0.478752 0.000000 0.175000
v -0.479606 0.001149 0.175000
v 0.497772 0.001186 -0.173800
v 0.496757 0.000000 -0.173800
v 0.496555 0.001200 -0.175000
v 0.497957 0.000000 -0.173800
v 0.497957 0.000000 -0.175000
v 0.496757 0.000000 -0.175000
v 0.497772 0.001186 -0.175000
v 0.482591 0.001186 0.173800
v 0.483976 0.000000 0.173800
v 0.483803 0.001200 0.175000
v 0.482776 0.000000 0.173800
v 0.482776 0.000000 0.175000
v 0.483976 0.000000 0.175000
v 0.482591 0.001186 0.175000
v 0.161064 0.001200 -0.175000
v 0.161458 0.000000 -0.173800
v 0.159804 0.001111 -0.173800
v 0.161458 0.000000 -0.175000
v 0.160257 0.000000 -0.175000
v 0.160257 0.000000 -0.173800
v 0.159804 0.001111 -0.175000
v 0.176004 0.001111 0.173800
v 0.174672 0.001200 0.175000
v 0.175257 0.000000 0.173800
v 0.176004 0.001111 0.175000
v 0.176457 0.000000 0.175000
v 0.175257 0.000000 0.175000
v 0.176457 0.000000 0.173800
v -0.478338 0.001200 -0.175000
v -0.478752 0.000000 -0.173800
v -0.479606 0.001149 -0.173800
v -0.478752 0.000000 -0.175000
v -0.479952 0.000000 -0.175000
v -0.479952 0.000000 -0.173800
v -0.479606 0.001149 -0.175000
v -0.463942 0.001149 0.173800
v -0.465180 0.001200 0.175000
v -0.465488 0.000000 0.173800
v -0.463942 0.001149 0.175000
v -0.464288 0.000000 0.175000
v -0.465488 0.000000 0.175000
v -0.464288 0.000000 0.173800
v 0.483803 0.001200 -0.175000
v 0.483976 0.000000 -0.173800
v 0.482591 0.001186 -0.173800
v 0.483976 0.000000 -0.175000
v 0.482776 0.000000 -0.175000
v 0.482776 0.000000 -0.173800
v 0.482591 0.001186 -0.175000
v 0.497772 0.001186 0.173800
v 0.496555 0.001200 0.175000
v 0.496757 0.000000 0.173800
v 0.497772 0.001186 0.175000
v 0.497957 0.000000 0.175000
v 0.496757 0.000000 0.175000
v 0.497957 0.000000 0.173800
v 0.356045 0.813179 -0.173800
v 0.356045 0.813179 -0.175000
v 0.357259 0.813179 -0.175000
v 0.371226 0.813179 0.173800
v 0.371226 0.813179 0.175000
v 0.370011 0.813179 0.175000
v 0.371226 0.813179 -0.173800
v 0.371226 0.813179 -0.175000
v 0.370011 0.813179 -0.175000
v 0.356045 0.813179 0.173800
v 0.356045 0.813179 0.175000
v 0.357259 0.813179 0.175000
v 0.372641 0.706680 -0.175000
v 0.373855 0.706687 -0.175000
v 0.387823 0.706680 0.175000
v 0.386607 0.706687 0.175000
v 0.387822 0.706680 -0.173800
v 0.372641 0.706680 0.173800
v 0.372641 0.706680 -0.173800
v 0.387822 0.706680 0.173800
v 0.387822 0.706680 -0.175000
v 0.386607 0.706687 -0.175000
v 0.372641 0.706680 0.175000
v 0.373855 0.706687 0.175000
v 0.380940 0.653430 -0.175000
v 0.382153 0.653441 -0.175000
v 0.396121 0.653430 0.175000
v 0.394905 0.653441 0.175000
v 0.396121 0.653430 -0.173800
v 0.380940 0.653430 0.173800
v 0.380940 0.653430 -0.173800
v 0.396121 0.653430 0.173800
v 0.396121 0.653430 -0.175000
v 0.394905 0.653441 -0.175000
v 0.380940 0.653430 0.175000
v 0.382152 0.653441 0.175000
v 0.385089 0.626806 -0.175000
v 0.386301 0.626818 -0.175000
v 0.400270 0.626805 0.175000
v 0.399053 0.626818 0.175000
v 0.400270 0.626806 -0.173800
v 0.385089 0.626806 0.173800
v 0.385089 0.626806 -0.173800
v 0.400270 0.626805 0.173800
v 0.400270 0.626805 -0.175000
v 0.399053 0.626818 -0.175000
v 0.385089 0.626805 0.175000
v 0.386301 0.626818 0.175000
v 0.387163 0.613493 -0.175000
v 0.388376 0.613507 -0.175000
v 0.402344 0.613493 0.175000
v 0.401128 0.613506 0.175000
v 0.402344 0.613493 -0.173800
v 0.387163 0.613493 0.173800
v 0.387163 0.613493 -0.173800
v 0.402344 0.613493 0.173800
v 0.402344 0.613493 -0.175000
v 0.401128 0.613507 -0.175000
v 0.387163 0.613493 0.175000
v 0.388376 0.613506 0.175000
v 0.339448 0.919679 -0.173800
v 0.354629 0.919679 0.173800
v 0.354629 0.919679 -0.175000
v 0.353416 0.919672 -0.175000
v 0.339448 0.919679 0.175000
v 0.340664 0.919671 0.175000
v 0.339448 0.919679 -0.175000
v 0.340664 0.919672 -0.175000
v 0.354629 0.919679 0.175000
v 0.353416 0.919671 0.175000
v 0.354629 0.919679 -0.173800
v 0.339448 0.919679 0.173800
v 0.331150 0.972928 -0.173800
v 0.346331 0.972928 0.173800
v 0.346331 0.972928 -0.175000
v 0.345118 0.972918 -0.175000
v 0.331150 0.972928 0.175000
v 0.332366 0.972918 0.175000
v 0.331150 0.972928 -0.175000
v 0.332366 0.972918 -0.175000
v 0.346331 0.972928 0.175000
v 0.345118 0.972918 0.175000
v 0.346331 0.972928 -0.173800
v 0.331150 0.972928 0.173800
v 0.327001 0.999553 -0.173800
v 0.342182 0.999553 0.173800
v 0.342182 0.999553 -0.175000
v 0.340969 0.999541 -0.175000
v 0.327001 0.999553 0.175000
v 0.328217 0.999541 0.175000
v 0.327001 0.999553 -0.175000
v 0.328217 0.999541 -0.175000
v 0.342182 0.999553 0.175000
v 0.340970 0.999541 0.175000
v 0.342182 0.999553 -0.173800
v 0.327001 0.999553 0.173800
v 0.324926 1.012866 -0.173800
v 0.340107 1.012866 0.173800
v 0.340107 1.012866 -0.175000
v 0.338895 1.012852 -0.175000
v 0.324926 1.012866 0.175000
v 0.326143 1.012852 0.175000
v 0.324926 1.012866 -0.175000
v 0.326143 1.012852 -0.175000
v 0.340108 1.012866 0.175000
v 0.338895 1.012852 0.175000
v 0.340107 1.012866 -0.173800
v 0.324926 1.012866 0.173800
v 0.286286 1.260878 -0.173800
v 0.286286 1.260878 -0.175000
v 0.287500 1.260878 -0.175000
v 0.301467 1.260878 0.173800
v 0.301467 1.260878 0.175000
v 0.300252 1.260878 0.175000
v 0.301467 1.260878 -0.173800
v 0.301467 1.260878 -0.175000
v 0.300252 1.260878 -0.175000
v 0.286286 1.260878 0.173800
v 0.286286 1.260878 0.175000
v 0.287500 1.260878 0.175000
v 0.303215 1.152214 -0.175000
v 0.304429 1.152221 -0.175000
v 0.318396 1.152214 0.175000
v 0.317181 1.152221 0.175000
v 0.318396 1.152214 -0.173800
v 0.303215 1.152214 0.173800
v 0.303215 1.152214 -0.173800
v 0.318396 1.152214 0.173800
v 0.318396 1.152214 -0.175000
v 0.317181 1.152221 -0.175000
v 0.303215 1.152214 0.175000
v 0.304429 1.152221 0.175000
v 0.311680 1.097882 -0.175000
v 0.312893 1.097892 -0.175000
v 0.326861 1.097882 0.175000
v 0.325645 1.097892 0.175000
v 0.326861 1.097882 -0.173800
v 0.311680 1.097882 0.173800
v 0.311680 1.097882 -0.173800
v 0.326861 1.097882 0.173800
v 0.326861 1.097882 -0.175000
v 0.325645 1.097892 -0.175000
v 0.311680 1.097882 0.175000
v 0.312893 1.097893 0.175000
v 0.315913 1.070716 -0.175000
v 0.317125 1.070728 -0.175000
v 0.331094 1.070716 0.175000
v 0.329878 1.070728 0.175000
v 0.331094 1.070716 -0.173800
v 0.315913 1.070716 0.173800
v 0.315913 1.070716 -0.173800
v 0.331094 1.070716 0.173800
v 0.331094 1.070716 -0.175000
v 0.329877 1.070728 -0.175000
v 0.315913 1.070716 0.175000
v 0.317125 1.070728 0.175000
v 0.318029 1.057132 -0.175000
v 0.319242 1.057146 -0.175000
v 0.333210 1.057132 0.175000
v 0.331994 1.057146 0.175000
v 0.333210 1.057132 -0.173800
v 0.318029 1.057132 0.173800
v 0.318029 1.057132 -0.173800
v 0.333210 1.057132 0.173800
v 0.333210 1.057132 -0.175000
v 0.331994 1.057146 -0.175000
v 0.318029 1.057132 0.175000
v 0.319242 1.057146 0.175000
v 0.269356 1.369543 -0.173800
v 0.284537 1.369543 0.173800
v 0.284537 1.369543 -0.175000
v 0.283323 1.369536 -0.175000
v 0.269356 1.369543 0.175000
v 0.270571 1.369536 0.175000
v 0.269356 1.369543 -0.175000
v 0.270571 1.369536 -0.175000
v 0.284537 1.369543 0.175000
v 0.283323 1.369536 0.175000
v 0.284537 1.369543 -0.173800
v 0.269356 1.369543 0.173800
v 0.260891 1.423875 -0.173800
v 0.276072 1.423875 0.173800
v 0.276072 1.423875 -0.175000
v 0.274859 1.423864 -0.175000
v 0.260891 1.423875 0.175000
v 0.262107 1.423864 0.175000
v 0.260891 1.423875 -0.175000
v 0.262107 1.423864 -0.175000
v 0.276072 1.423875 0.175000
v 0.274859 1.423864 0.175000
v 0.276072 1.423875 -0.173800
v 0.260891 1.423875 0.173800
v 0.256658 1.451041 -0.173800
v 0.271839 1.451041 0.173800
v 0.271839 1.451041 -0.175000
v 0.270627 1.451029 -0.175000
v 0.256658 1.451041 0.175000
v 0.257875 1.451029 0.175000
v 0.256658 1.451041 -0.175000
v 0.257875 1.451029 -0.175000
v 0.271839 1.451041 0.175000
v 0.270627 1.451029 0.175000
v 0.271839 1.451041 -0.173800
v 0.256658 1.451041 0.173800
v 0.254542 1.464624 -0.173800
v 0.269723 1.464624 0.173800
v 0.269723 1.464624 -0.175000
v 0.268511 1.464611 -0.175000
v 0.254542 1.464624 0.175000
v 0.255758 1.464611 0.175000
v 0.254542 1.464624 -0.175000
v 0.255758 1.464611 -0.175000
v 0.269723 1.464624 0.175000
v 0.268511 1.464611 0.175000
v 0.269723 1.464624 -0.173800
v 0.254542 1.464624 0.173800
v 0.256841 1.547197 -0.173800
v 0.256841 1.547197 -0.175000
v 0.255626 1.547197 -0.175000
v 0.241660 1.547196 0.173800
v 0.241660 1.547196 0.175000
v 0.242874 1.547196 0.175000
v 0.241660 1.547197 -0.173800
v 0.241660 1.547197 -0.175000
v 0.242874 1.547197 -0.175000
v 0.256841 1.547197 0.173800
v 0.256841 1.547197 0.175000
v 0.255626 1.547196 0.175000
v 0.260871 1.521388 -0.173800
v 0.245690 1.521388 0.173800
v 0.245690 1.521388 -0.175000
v 0.246903 1.521395 -0.175000
v 0.260871 1.521388 0.175000
v 0.259655 1.521395 0.175000
v 0.260871 1.521388 -0.175000
v 0.259655 1.521395 -0.175000
v 0.245690 1.521388 0.175000
v 0.246903 1.521395 0.175000
v 0.245690 1.521388 -0.173800
v 0.260871 1.521388 0.173800
v 0.262886 1.508483 -0.173800
v 0.247705 1.508483 0.173800
v 0.247705 1.508483 -0.175000
v 0.248917 1.508494 -0.175000
v 0.262886 1.508483 0.175000
v 0.261669 1.508494 0.175000
v 0.262886 1.508483 -0.175000
v 0.261669 1.508494 -0.175000
v 0.247705 1.508483 0.175000
v 0.248917 1.508494 0.175000
v 0.247705 1.508483 -0.173800
v 0.262886 1.508483 0.173800
v 0.252811 1.573005 -0.175000
v 0.251598 1.572998 -0.175000
v 0.237630 1.573005 0.175000
v 0.238846 1.572998 0.175000
v 0.237630 1.573005 -0.173800
v 0.252811 1.573005 0.173800
v 0.252811 1.573005 -0.173800
v 0.237630 1.573005 0.173800
v 0.237630 1.573005 -0.175000
v 0.238846 1.572998 -0.175000
v 0.252811 1.573005 0.175000
v 0.251598 1.572998 0.175000
v 0.250796 1.585910 -0.175000
v 0.249583 1.585899 -0.175000
v 0.235615 1.585910 0.175000
v 0.236831 1.585899 0.175000
v 0.235615 1.585910 -0.173800
v 0.250796 1.585910 0.173800
v 0.250796 1.585910 -0.173800
v 0.235615 1.585910 0.173800
v 0.235615 1.585910 -0.175000
v 0.236831 1.585899 -0.175000
v 0.250796 1.585910 0.175000
v 0.249583 1.585899 0.175000
v -0.100525 1.260878 -0.173800
v -0.100525 1.260878 -0.175000
v -0.099272 1.260878 -0.175000
v -0.084860 1.260878 0.173800
v -0.084860 1.260878 0.175000
v -0.086113 1.260878 0.175000
v -0.084860 1.260878 -0.173800
v -0.084860 1.260878 -0.175000
v -0.086113 1.260878 -0.175000
v -0.100525 1.260878 0.173800
v -0.100525 1.260878 0.175000
v -0.099272 1.260878 0.175000
v -0.067827 1.369561 -0.173800
v -0.052163 1.369561 0.173800
v -0.052163 1.369561 -0.175000
v -0.053423 1.369536 -0.175000
v -0.067827 1.369561 0.175000
v -0.066582 1.369536 0.175000
v -0.067827 1.369561 -0.175000
v -0.066582 1.369536 -0.175000
v -0.052163 1.369561 0.175000
v -0.053423 1.369536 0.175000
v -0.052163 1.369561 -0.173800
v -0.067827 1.369561 0.173800
v -0.051478 1.423902 -0.173800
v -0.035814 1.423903 0.173800
v -0.035814 1.423903 -0.175000
v -0.037078 1.423864 -0.175000
v -0.051478 1.423903 0.175000
v -0.050237 1.423864 0.175000
v -0.051478 1.423902 -0.175000
v -0.050237 1.423864 -0.175000
v -0.035814 1.423903 0.175000
v -0.037078 1.423864 0.175000
v -0.035814 1.423903 -0.173800
v -0.051478 1.423903 0.173800
v -0.043304 1.451073 -0.173800
v -0.027639 1.451073 0.173800
v -0.027639 1.451073 -0.175000
v -0.028906 1.451029 -0.175000
v -0.043304 1.451073 0.175000
v -0.042064 1.451029 0.175000
v -0.043304 1.451073 -0.175000
v -0.042064 1.451029 -0.175000
v -0.027639 1.451073 0.175000
v -0.028906 1.451029 0.175000
v -0.027639 1.451073 -0.173800
v -0.043304 1.451073 0.173800
v -0.039217 1.464658 -0.173800
v -0.023552 1.464658 0.173800
v -0.023552 1.464658 -0.175000
v -0.024820 1.464611 -0.175000
v -0.039217 1.464658 0.175000
v -0.037978 1.464611 0.175000
v -0.039217 1.464658 -0.175000
v -0.037978 1.464611 -0.175000
v -0.023552 1.464658 0.175000
v -0.024820 1.464611 0.175000
v -0.023552 1.464658 -0.173800
v -0.039217 1.464658 0.173800
v -0.133222 1.152196 -0.175000
v -0.131961 1.152221 -0.175000
v -0.117558 1.152196 0.175000
v -0.118803 1.152221 0.175000
v -0.117558 1.152196 -0.173800
v -0.133222 1.152196 0.173800
v -0.133222 1.152196 -0.173800
v -0.117558 1.152196 0.173800
v -0.117558 1.152196 -0.175000
v -0.118803 1.152221 -0.175000
v -0.133222 1.152196 0.175000
v -0.131961 1.152221 0.175000
v -0.149571 1.097854 -0.175000
v -0.148306 1.097892 -0.175000
v -0.133906 1.097854 0.175000
v -0.135148 1.097893 0.175000
v -0.133907 1.097854 -0.173800
v -0.149571 1.097854 0.173800
v -0.149571 1.097854 -0.173800
v -0.133906 1.097854 0.173800
v -0.133907 1.097854 -0.175000
v -0.135148 1.097893 -0.175000
v -0.149571 1.097854 0.175000
v -0.148306 1.097893 0.175000
v -0.157745 1.070684 -0.175000
v -0.156479 1.070728 -0.175000
v -0.142081 1.070684 0.175000
v -0.143321 1.070728 0.175000
v -0.142081 1.070684 -0.173800
v -0.157745 1.070684 0.173800
v -0.157745 1.070684 -0.173800
v -0.142081 1.070684 0.173800
v -0.142081 1.070684 -0.175000
v -0.143321 1.070728 -0.175000
v -0.157745 1.070684 0.175000
v -0.156479 1.070728 0.175000
v -0.161833 1.057098 -0.175000
v -0.160565 1.057146 -0.175000
v -0.146168 1.057098 0.175000
v -0.147407 1.057146 0.175000
v -0.146168 1.057098 -0.173800
v -0.161833 1.057098 0.173800
v -0.161833 1.057098 -0.173800
v -0.146168 1.057098 0.173800
v -0.146168 1.057098 -0.175000
v -0.147407 1.057146 -0.175000
v -0.161833 1.057098 0.175000
v -0.160565 1.057146 0.175000
v -0.354000 1.260878 -0.173800
v -0.354000 1.260878 -0.175000
v -0.352704 1.260878 -0.175000
v -0.337800 1.260878 0.173800
v -0.337800 1.260878 0.175000
v -0.339096 1.260878 0.175000
v -0.337800 1.260878 -0.173800
v -0.337800 1.260878 -0.175000
v -0.339096 1.260878 -0.175000
v -0.354000 1.260878 0.173800
v -0.354000 1.260878 0.175000
v -0.352704 1.260878 0.175000
v -0.309675 1.152177 -0.175000
v -0.308398 1.152221 -0.175000
v -0.293476 1.152177 0.175000
v -0.294790 1.152221 0.175000
v -0.293476 1.152177 -0.173800
v -0.309675 1.152177 0.173800
v -0.309675 1.152177 -0.173800
v -0.293476 1.152177 0.173800
v -0.293476 1.152177 -0.175000
v -0.294790 1.152221 -0.175000
v -0.309675 1.152177 0.175000
v -0.308398 1.152221 0.175000
v -0.287513 1.097826 -0.175000
v -0.286244 1.097893 -0.175000
v -0.271313 1.097826 0.175000
v -0.272636 1.097892 0.175000
v -0.271313 1.097826 -0.173800
v -0.287513 1.097826 0.173800
v -0.287513 1.097826 -0.173800
v -0.271313 1.097826 0.173800
v -0.271313 1.097826 -0.175000
v -0.272636 1.097893 -0.175000
v -0.287513 1.097826 0.175000
v -0.286244 1.097892 0.175000
v -0.276432 1.070650 -0.175000
v -0.275168 1.070728 -0.175000
v -0.260232 1.070650 0.175000
v -0.261560 1.070728 0.175000
v -0.260232 1.070650 -0.173800
v -0.276432 1.070650 0.173800
v -0.276432 1.070650 -0.173800
v -0.260232 1.070650 0.173800
v -0.260232 1.070650 -0.175000
v -0.261560 1.070728 -0.175000
v -0.276432 1.070650 0.175000
v -0.275168 1.070728 0.175000
v -0.270892 1.057063 -0.175000
v -0.269630 1.057146 -0.175000
v -0.254692 1.057063 0.175000
v -0.256022 1.057146 0.175000
v -0.254692 1.057063 -0.173800
v -0.270892 1.057063 0.173800
v -0.270892 1.057063 -0.173800
v -0.254692 1.057063 0.173800
v -0.254692 1.057063 -0.175000
v -0.256022 1.057146 -0.175000
v -0.270892 1.057063 0.175000
v -0.269630 1.057146 0.175000
v -0.442649 1.478282 0.000000
v -0.443102 1.479393 0.000000
v -0.441902 1.479393 0.000000
v -0.428102 1.479393 0.000000
v -0.426902 1.479393 0.000000
v -0.426449 1.478282 0.000000
v -0.263698 1.042364 0.000000
v -0.264898 1.042364 0.000000
v -0.265351 1.043475 0.000000
v -0.249151 1.043475 0.000000
v -0.248698 1.042364 0.000000
v -0.249898 1.042364 0.000000
v -0.337800 1.260878 0.000000
v -0.354000 1.260878 0.000000
v -0.293476 1.152177 0.000000
v -0.309675 1.152177 0.000000
v -0.271313 1.097826 0.000000
v -0.287513 1.097826 0.000000
v -0.260232 1.070650 0.000000
v -0.276432 1.070650 0.000000
v -0.254692 1.057063 0.000000
v -0.270892 1.057063 0.000000
v -0.398324 1.369580 -0.173800
v -0.382124 1.369580 0.173800
v -0.382124 1.369580 -0.175000
v -0.383402 1.369536 -0.175000
v -0.398324 1.369580 0.175000
v -0.397010 1.369536 0.175000
v -0.398324 1.369580 -0.175000
v -0.397010 1.369536 -0.175000
v -0.382124 1.369580 0.175000
v -0.383402 1.369536 0.175000
v -0.382124 1.369580 -0.173800
v -0.398324 1.369580 0.173800
v -0.398324 1.369580 0.000000
v -0.382124 1.369580 0.000000
v -0.420486 1.423931 -0.173800
v -0.404287 1.423931 0.173800
v -0.404287 1.423931 -0.175000
v -0.405555 1.423864 -0.175000
v -0.420486 1.423931 0.175000
v -0.419163 1.423864 0.175000
v -0.420486 1.423931 0.000000
v -0.420486 1.423931 -0.175000
v -0.419163 1.423864 -0.175000
v -0.404287 1.423931 0.175000
v -0.405555 1.423864 0.175000
v -0.404287 1.423931 -0.173800
v -0.420486 1.423931 0.173800
v -0.404287 1.423931 0.000000
v -0.431567 1.451106 -0.173800
v -0.415368 1.451106 0.173800
v -0.415368 1.451106 -0.175000
v -0.416632 1.451029 -0.175000
v -0.431567 1.451106 0.175000
v -0.430240 1.451029 0.175000
v -0.431567 1.451106 0.000000
v -0.431567 1.451106 -0.175000
v -0.430240 1.451029 -0.175000
v -0.415368 1.451106 0.175000
v -0.416632 1.451029 0.175000
v -0.415368 1.451106 -0.173800
v -0.431567 1.451106 0.173800
v -0.415368 1.451106 0.000000
v -0.437108 1.464694 -0.173800
v -0.420908 1.464694 0.173800
v -0.420908 1.464694 -0.175000
v -0.422170 1.464611 -0.175000
v -0.437108 1.464694 0.175000
v -0.435778 1.464611 0.175000
v -0.437108 1.464694 0.000000
v -0.437108 1.464694 -0.175000
v -0.435778 1.464611 -0.175000
v -0.420908 1.464694 0.175000
v -0.422170 1.464611 0.175000
v -0.420908 1.464694 -0.173800
v -0.437108 1.464694 0.173800
v -0.420908 1.464694 0.000000
v 0.252426 1.478207 0.000000
v 0.252241 1.479393 0.000000
v 0.253441 1.479393 0.000000
v 0.266222 1.479393 0.000000
v 0.267422 1.479393 0.000000
v 0.267607 1.478207 0.000000
v 0.321530 1.042364 0.000000
v 0.320330 1.042364 0.000000
v 0.320145 1.043550 0.000000
v 0.335326 1.043550 0.000000
v 0.335511 1.042364 0.000000
v 0.334311 1.042364 0.000000
v 0.301467 1.260878 0.000000
v 0.286286 1.260878 0.000000
v 0.318396 1.152214 0.000000
v 0.303215 1.152214 0.000000
v 0.326861 1.097882 0.000000
v 0.311680 1.097882 0.000000
v 0.331094 1.070716 0.000000
v 0.315913 1.070716 0.000000
v 0.333210 1.057132 0.000000
v 0.318029 1.057132 0.000000
v 0.269356 1.369543 0.000000
v 0.284537 1.369543 0.000000
v 0.260891 1.423875 0.000000
v 0.276072 1.423875 0.000000
v 0.256658 1.451041 0.000000
v 0.271839 1.451041 0.000000
v 0.254542 1.464624 0.000000
v 0.269723 1.464624 0.000000
v 0.252426 1.478207 0.089746
v 0.266222 1.479393 0.089746
v 0.321530 1.042364 0.089746
v 0.335326 1.043550 0.089746
v 0.301467 1.260878 0.089746
v 0.286286 1.260878 0.089746
v 0.318396 1.152214 0.089746
v 0.303215 1.152214 0.089746
v 0.326861 1.097882 0.089746
v 0.311680 1.097882 0.089746
v 0.331094 1.070716 0.089746
v 0.315913 1.070716 0.089746
v 0.333210 1.057132 0.089746
v 0.318029 1.057132 0.089746
v 0.269356 1.369543 0.089746
v 0.284537 1.369543 0.089746
v 0.260891 1.423875 0.089746
v 0.276072 1.423875 0.089746
v 0.256658 1.451041 0.089746
v 0.271839 1.451041 0.089746
v 0.254542 1.464624 0.089746
v 0.269723 1.464624 0.089746
v 0.252241 1.479393 0.089746
v 0.253441 1.479393 0.089746
v 0.267422 1.479393 0.089746
v 0.267607 1.478207 0.089746
v 0.320330 1.042364 0.089746
v 0.320145 1.043550 0.089746
v 0.335511 1.042364 0.089746
v 0.334311 1.042364 0.089746
v 0.252426 1.478207 0.131773
v 0.266222 1.479393 0.131773
v 0.321530 1.042364 0.131773
v 0.335326 1.043550 0.131773
v 0.301467 1.260878 0.131773
v 0.286286 1.260878 0.131773
v 0.318396 1.152214 0.131773
v 0.303215 1.152214 0.131773
v 0.326861 1.097882 0.131773
v 0.311680 1.097882 0.131773
v 0.331094 1.070716 0.131773
v 0.315913 1.070716 0.131773
v 0.333210 1.057132 0.131773
v 0.318029 1.057132 0.131773
v 0.269356 1.369543 0.131773
v 0.284537 1.369543 0.131773
v 0.260891 1.423875 0.131773
v 0.276072 1.423875 0.131773
v 0.256658 1.451041 0.131773
v 0.271839 1.451041 0.131773
v 0.254542 1.464624 0.131773
v 0.269723 1.464624 0.131773
v 0.252241 1.479393 0.131773
v 0.253441 1.479393 0.131773
v 0.267422 1.479393 0.131773
v 0.267607 1.478207 0.131773
v 0.320330 1.042364 0.131773
v 0.320145 1.043550 0.131773
v 0.335511 1.042364 0.131773
v 0.334311 1.042364 0.131773
v 0.252426 1.478207 0.152786
v 0.266222 1.479393 0.152786
v 0.321530 1.042364 0.152786
v 0.335326 1.043550 0.152786
v 0.301467 1.260878 0.152786
v 0.286286 1.260878 0.152786
v 0.318396 1.152214 0.152786
v 0.303215 1.152214 0.152786
v 0.326861 1.097882 0.152786
v 0.311680 1.097882 0.152786
v 0.331094 1.070716 0.152786
v 0.315913 1.070716 0.152786
v 0.333210 1.057132 0.152786
v 0.318029 1.057132 0.152786
v 0.269356 1.369543 0.152786
v 0.284537 1.369543 0.152786
v 0.260891 1.423875 0.152786
v 0.276072 1.423875 0.152786
v 0.256658 1.451041 0.152786
v 0.271839 1.451041 0.152786
v 0.254542 1.464624 0.152786
v 0.269723 1.464624 0.152786
v 0.252241 1.479393 0.152786
v 0.253441 1.479393 0.152786
v 0.267422 1.479393 0.152786
v 0.267607 1.478207 0.152786
v 0.320330 1.042364 0.152786
v 0.320145 1.043550 0.152786
v 0.335511 1.042364 0.152786
v 0.334311 1.042364 0.152786
v 0.252426 1.478207 0.163293
v 0.266222 1.479393 0.163293
v 0.321530 1.042364 0.163293
v 0.335326 1.043550 0.163293
v 0.301467 1.260878 0.163293
v 0.286286 1.260878 0.163293
v 0.318396 1.152214 0.163293
v 0.303215 1.152214 0.163293
v 0.326861 1.097882 0.163293
v 0.311680 1.097882 0.163293
v 0.331094 1.070716 0.163293
v 0.315913 1.070716 0.163293
v 0.333210 1.057132 0.163293
v 0.318029 1.057132 0.163293
v 0.269356 1.369543 0.163293
v 0.284537 1.369543 0.163293
v 0.260891 1.423875 0.163293
v 0.276072 1.423875 0.163293
v 0.256658 1.451041 0.163293
v 0.271839 1.451041 0.163293
v 0.254542 1.464624 0.163293
v 0.269723 1.464624 0.163293
v 0.252241 1.479393 0.163293
v 0.253441 1.479393 0.163293
v 0.267422 1.479393 0.163293
v 0.267607 1.478207 0.163293
v 0.320330 1.042364 0.163293
v 0.320145 1.043550 0.163293
v 0.335511 1.042364 0.163293
v 0.334311 1.042364 0.163293
v 0.252241 1.479393 -0.086900
v 0.253441 1.479393 -0.086900
v 0.267422 1.479393 -0.086900
v 0.267607 1.478207 -0.086900
v 0.320330 1.042364 -0.086900
v 0.320145 1.043550 -0.086900
v 0.335511 1.042364 -0.086900
v 0.334311 1.042364 -0.086900
v 0.252426 1.478207 -0.086900
v 0.266222 1.479393 -0.086900
v 0.321530 1.042364 -0.086900
v 0.335326 1.043550 -0.086900
v 0.301467 1.260878 -0.086900
v 0.286286 1.260878 -0.086900
v 0.318396 1.152214 -0.086900
v 0.303215 1.152214 -0.086900
v 0.326861 1.097882 -0.086900
v 0.311680 1.097882 -0.086900
v 0.331094 1.070716 -0.086900
v 0.315913 1.070716 -0.086900
v 0.333210 1.057132 -0.086900
v 0.318029 1.057132 -0.086900
v 0.269356 1.369543 -0.086900
v 0.284537 1.369543 -0.086900
v 0.260891 1.423875 -0.086900
v 0.276072 1.423875 -0.086900
v 0.256658 1.451041 -0.086900
v 0.271839 1.451041 -0.086900
v 0.254542 1.464624 -0.086900
v 0.269723 1.464624 -0.086900
v 0.252241 1.479393 -0.130350
v 0.253441 1.479393 -0.130350
v 0.267422 1.479393 -0.130350
v 0.267607 1.478207 -0.130350
v 0.320330 1.042364 -0.130350
v 0.320145 1.043550 -0.130350
v 0.335511 1.042364 -0.130350
v 0.334311 1.042364 -0.130350
v 0.252426 1.478207 -0.130350
v 0.266222 1.479393 -0.130350
v 0.321530 1.042364 -0.130350
v 0.335326 1.043550 -0.130350
v 0.301467 1.260878 -0.130350
v 0.286286 1.260878 -0.130350
v 0.318396 1.152214 -0.130350
v 0.303215 1.152214 -0.130350
v 0.326861 1.097882 -0.130350
v 0.311680 1.097882 -0.130350
v 0.331094 1.070716 -0.130350
v 0.315913 1.070716 -0.130350
v 0.333210 1.057132 -0.130350
v 0.318029 1.057132 -0.130350
v 0.269356 1.369543 -0.130350
v 0.284537 1.369543 -0.130350
v 0.260891 1.423875 -0.130350
v 0.276072 1.423875 -0.130350
v 0.256658 1.451041 -0.130350
v 0.271839 1.451041 -0.130350
v 0.254542 1.464624 -0.130350
v 0.269723 1.464624 -0.130350
v 0.252241 1.479393 -0.152075
v 0.253441 1.479393 -0.152075
v 0.267422 1.479393 -0.152075
v 0.267607 1.478207 -0.152075
v 0.320330 1.042364 -0.152075
v 0.320145 1.043550 -0.152075
v 0.335511 1.042364 -0.152075
v 0.334311 1.042364 -0.152075
v 0.252426 1.478207 -0.152075
v 0.266222 1.479393 -0.152075
v 0.321530 1.042364 -0.152075
v 0.335326 1.043550 -0.152075
v 0.301467 1.260878 -0.152075
v 0.286286 1.260878 -0.152075
v 0.318396 1.152214 -0.152075
v 0.303215 1.152214 -0.152075
v 0.326861 1.097882 -0.152075
v 0.311680 1.097882 -0.152075
v 0.331094 1.070716 -0.152075
v 0.315913 1.070716 -0.152075
v 0.333210 1.057132 -0.152075
v 0.318029 1.057132 -0.152075
v 0.269356 1.369543 -0.152075
v 0.284537 1.369543 -0.152075
v 0.260891 1.423875 -0.152075
v 0.276072 1.423875 -0.152075
v 0.256658 1.451041 -0.152075
v 0.271839 1.451041 -0.152075
v 0.254542 1.464624 -0.152075
v 0.269723 1.464624 -0.152075
v 0.252241 1.479393 -0.162937
v 0.253441 1.479393 -0.162937
v 0.267422 1.479393 -0.162937
v 0.267607 1.478207 -0.162937
v 0.320330 1.042364 -0.162937
v 0.320145 1.043550 -0.162937
v 0.335511 1.042364 -0.162937
v 0.334311 1.042364 -0.162937
v 0.252426 1.478207 -0.162937
v 0.266222 1.479393 -0.162937
v 0.321530 1.042364 -0.162937
v 0.335326 1.043550 -0.162937
v 0.301467 1.260878 -0.162937
v 0.286286 1.260878 -0.162937
v 0.318396 1.152214 -0.162937
v 0.303215 1.152214 -0.162937
v 0.326861 1.097882 -0.162937
v 0.311680 1.097882 -0.162937
v 0.331094 1.070716 -0.162937
v 0.315913 1.070716 -0.162937
v 0.333210 1.057132 -0.162937
v 0.318029 1.057132 -0.162937
v 0.269356 1.369543 -0.162937
v 0.284537 1.369543 -0.162937
v 0.260891 1.423875 -0.162937
v 0.276072 1.423875 -0.162937
v 0.256658 1.451041 -0.162937
v 0.271839 1.451041 -0.162937
v 0.254542 1.464624 -0.162937
v 0.269723 1.464624 -0.162937
v 0.251105 1.494393 0.000000
v 0.249905 1.494393 -0.000000
v 0.249720 1.495579 0.000000
v 0.264900 1.495579 0.000000
v 0.265086 1.494393 -0.000000
v 0.263886 1.494393 0.000000
v 0.247396 1.600000 0.000000
v 0.248596 1.600000 -0.000000
v 0.248781 1.598814 0.000000
v 0.233600 1.598814 0.000000
v 0.233415 1.600000 -0.000000
v 0.234615 1.600000 0.000000
v 0.256841 1.547197 0.000000
v 0.241660 1.547197 0.000000
v 0.260871 1.521388 0.000000
v 0.245690 1.521388 0.000000
v 0.262886 1.508483 0.000000
v 0.247705 1.508483 0.000000
v 0.237630 1.573005 0.000000
v 0.252811 1.573005 0.000000
v 0.235615 1.585910 0.000000
v 0.250796 1.585910 0.000000
v 0.251105 1.494393 0.086900
v 0.264900 1.495579 0.086900
v 0.247396 1.600000 0.086900
v 0.233600 1.598814 0.086900
v 0.256841 1.547197 0.086900
v 0.241660 1.547196 0.086900
v 0.260871 1.521388 0.086900
v 0.245690 1.521388 0.086900
v 0.262886 1.508483 0.086900
v 0.247705 1.508483 0.086900
v 0.237630 1.573005 0.086900
v 0.252811 1.573005 0.086900
v 0.235615 1.585910 0.086900
v 0.250796 1.585910 0.086900
v 0.249905 1.494393 0.086900
v 0.249720 1.495579 0.086900
v 0.265086 1.494393 0.086900
v 0.263886 1.494393 0.086900
v 0.248596 1.600000 0.086900
v 0.248781 1.598814 0.086900
v 0.233415 1.600000 0.086900
v 0.234615 1.600000 0.086900
v 0.251105 1.494393 0.131094
v 0.264900 1.495579 0.131094
v 0.247396 1.600000 0.131094
v 0.233600 1.598814 0.131094
v 0.256841 1.547197 0.131094
v 0.241660 1.547196 0.131094
v 0.260871 1.521388 0.131094
v 0.245690 1.521388 0.131094
v 0.262886 1.508483 0.131094
v 0.247705 1.508483 0.131094
v 0.237630 1.573005 0.131094
v 0.252811 1.573005 0.131094
v 0.235615 1.585910 0.131094
v 0.250796 1.585910 0.131094
v 0.249905 1.494393 0.131094
v 0.249720 1.495579 0.131094
v 0.265086 1.494393 0.131094
v 0.263886 1.494393 0.131094
v 0.248596 1.600000 0.131094
v 0.248781 1.598814 0.131094
v 0.233415 1.600000 0.131094
v 0.234615 1.600000 0.131094
v 0.251105 1.494393 0.152447
v 0.264900 1.495579 0.152447
v 0.247396 1.600000 0.152447
v 0.233600 1.598814 0.152447
v 0.256841 1.547197 0.152447
v 0.241660 1.547196 0.152447
v 0.260871 1.521388 0.152447
v 0.245690 1.521388 0.152447
v 0.262886 1.508483 0.152447
v 0.247705 1.508483 0.152447
v 0.237630 1.573005 0.152447
v 0.252811 1.573005 0.152447
v 0.235615 1.585910 0.152447
v 0.250796 1.585910 0.152447
v 0.249905 1.494393 0.152447
v 0.249720 1.495579 0.152447
v 0.265086 1.494393 0.152447
v 0.263886 1.494393 0.152447
v 0.248596 1.600000 0.152447
v 0.248781 1.598814 0.152447
v 0.233415 1.600000 0.152447
v 0.234615 1.600000 0.152447
v 0.251105 1.494393 0.163123
v 0.264900 1.495579 0.163123
v 0.247396 1.600000 0.163123
v 0.233600 1.598814 0.163123
v 0.256841 1.547197 0.163123
v 0.241660 1.547196 0.163123
v 0.260871 1.521388 0.163123
v 0.245690 1.521388 0.163123
v 0.262886 1.508483 0.163123
v 0.247705 1.508483 0.163123
v 0.237630 1.573005 0.163123
v 0.252811 1.573005 0.163123
v 0.235615 1.585910 0.163123
v 0.250796 1.585910 0.163123
v 0.249905 1.494393 0.163123
v 0.249720 1.495579 0.163123
v 0.265086 1.494393 0.163123
v 0.263886 1.494393 0.163123
v 0.248596 1.600000 0.163123
v 0.248781 1.598814 0.163123
v 0.233415 1.600000 0.163123
v 0.234615 1.600000 0.163123
v 0.249905 1.494393 -0.086900
v 0.249720 1.495579 -0.086900
v 0.265086 1.494393 -0.086900
v 0.263886 1.494393 -0.086900
v 0.248596 1.600000 -0.086900
v 0.248781 1.598814 -0.086900
v 0.233415 1.600000 -0.086900
v 0.234615 1.600000 -0.086900
v 0.251105 1.494393 -0.086900
v 0.264900 1.495579 -0.086900
v 0.247396 1.600000 -0.086900
v 0.233600 1.598814 -0.086900
v 0.256841 1.547197 -0.086900
v 0.241660 1.547197 -0.086900
v 0.260871 1.521388 -0.086900
v 0.245690 1.521388 -0.086900
v 0.262886 1.508483 -0.086900
v 0.247705 1.508483 -0.086900
v 0.237630 1.573005 -0.086900
v 0.252811 1.573005 -0.086900
v 0.235615 1.585910 -0.086900
v 0.250796 1.585910 -0.086900
v 0.249905 1.494393 -0.130350
v 0.249720 1.495579 -0.130350
v 0.265086 1.494393 -0.130350
v 0.263886 1.494393 -0.130350
v 0.248596 1.600000 -0.130350
v 0.248781 1.598814 -0.130350
v 0.233415 1.600000 -0.130350
v 0.234615 1.600000 -0.130350
v 0.251105 1.494393 -0.130350
v 0.264900 1.495579 -0.130350
v 0.247396 1.600000 -0.130350
v 0.233600 1.598814 -0.130350
v 0.256841 1.547197 -0.130350
v 0.241660 1.547197 -0.130350
v 0.260871 1.521388 -0.130350
v 0.245690 1.521388 -0.130350
v 0.262886 1.508483 -0.130350
v 0.247705 1.508483 -0.130350
v 0.237630 1.573005 -0.130350
v 0.252811 1.573005 -0.130350
v 0.235615 1.585910 -0.130350
v 0.250796 1.585910 -0.130350
v 0.249905 1.494393 -0.152075
v 0.249720 1.495579 -0.152075
v 0.265086 1.494393 -0.152075
v 0.263886 1.494393 -0.152075
v 0.248596 1.600000 -0.152075
v 0.248781 1.598814 -0.152075
v 0.233415 1.600000 -0.152075
v 0.234615 1.600000 -0.152075
v 0.251105 1.494393 -0.152075
v 0.264900 1.495579 -0.152075
v 0.247396 1.600000 -0.152075
v 0.233600 1.598814 -0.152075
v 0.256841 1.547197 -0.152075
v 0.241660 1.547197 -0.152075
v 0.260871 1.521388 -0.152075
v 0.245690 1.521388 -0.152075
v 0.262886 1.508483 -0.152075
v 0.247705 1.508483 -0.152075
v 0.237630 1.573005 -0.152075
v 0.252811 1.573005 -0.152075
v 0.235615 1.585910 -0.152075
v 0.250796 1.585910 -0.152075
v 0.249905 1.494393 -0.162937
v 0.249720 1.495579 -0.162937
v 0.265086 1.494393 -0.162937
v 0.263886 1.494393 -0.162937
v 0.248596 1.600000 -0.162937
v 0.248781 1.598814 -0.162937
v 0.233415 1.600000 -0.162937
v 0.234615 1.600000 -0.162937
v 0.251105 1.494393 -0.162937
v 0.264900 1.495579 -0.162937
v 0.247396 1.600000 -0.162937
v 0.233600 1.598814 -0.162937
v 0.256841 1.547197 -0.162937
v 0.241660 1.547197 -0.162937
v 0.260871 1.521388 -0.162937
v 0.245690 1.521388 -0.162937
v 0.262886 1.508483 -0.162937
v 0.247705 1.508483 -0.162937
v 0.237630 1.573005 -0.162937
v 0.252811 1.573005 -0.162937
v 0.235615 1.585910 -0.162937
v 0.250796 1.585910 -0.162937
v -0.035130 1.478244 0.000000
v -0.034784 1.479393 0.000000
v -0.033584 1.479393 0.000000
v -0.020319 1.479393 0.000000
v -0.019119 1.479393 0.000000
v -0.019465 1.478244 0.000000
v -0.165066 1.042364 0.000000
v -0.166266 1.042364 0.000000
v -0.165920 1.043513 0.000000
v -0.150255 1.043513 0.000000
v -0.150601 1.042364 0.000000
v -0.151801 1.042364 0.000000
v -0.084860 1.260878 0.000000
v -0.100525 1.260878 0.000000
v -0.067827 1.369561 0.000000
v -0.052163 1.369561 0.000000
v -0.051478 1.423903 0.000000
v -0.035814 1.423903 0.000000
v -0.043304 1.451073 0.000000
v -0.027639 1.451073 0.000000
v -0.039217 1.464658 0.000000
v -0.023552 1.464658 0.000000
v -0.117558 1.152196 0.000000
v -0.133222 1.152196 0.000000
v -0.133907 1.097854 0.000000
v -0.149571 1.097854 0.000000
v -0.142081 1.070684 0.000000
v -0.157745 1.070684 0.000000
v -0.146168 1.057098 0.000000
v -0.161833 1.057098 0.000000
v -0.035130 1.478244 0.086900
v -0.020319 1.479393 0.086900
v -0.165066 1.042364 0.086900
v -0.150255 1.043513 0.086900
v -0.084860 1.260878 0.086900
v -0.100525 1.260878 0.086900
v -0.067827 1.369561 0.086900
v -0.052163 1.369561 0.086900
v -0.051478 1.423903 0.086900
v -0.035814 1.423903 0.086900
v -0.043304 1.451073 0.086900
v -0.027639 1.451073 0.086900
v -0.039217 1.464658 0.086900
v -0.023552 1.464658 0.086900
v -0.117558 1.152196 0.086900
v -0.133222 1.152196 0.086900
v -0.133906 1.097854 0.086900
v -0.149571 1.097854 0.086900
v -0.142081 1.070684 0.086900
v -0.157745 1.070684 0.086900
v -0.146168 1.057098 0.086900
v -0.161833 1.057098 0.086900
v -0.034784 1.479393 0.086900
v -0.033584 1.479393 0.086900
v -0.019119 1.479393 0.086900
v -0.019465 1.478244 0.086900
v -0.166266 1.042364 0.086900
v -0.165920 1.043513 0.086900
v -0.150601 1.042364 0.086900
v -0.151801 1.042364 0.086900
v -0.035130 1.478244 0.130350
v -0.020319 1.479393 0.130350
v -0.165066 1.042364 0.130350
v -0.150255 1.043513 0.130350
v -0.084860 1.260878 0.130350
v -0.100525 1.260878 0.130350
v -0.067827 1.369561 0.130350
v -0.052163 1.369561 0.130350
v -0.051478 1.423903 0.130350
v -0.035814 1.423903 0.130350
v -0.043304 1.451073 0.130350
v -0.027639 1.451073 0.130350
v -0.039217 1.464658 0.130350
v -0.023552 1.464658 0.130350
v -0.117558 1.152196 0.130350
v -0.133222 1.152196 0.130350
v -0.133906 1.097854 0.130350
v -0.149571 1.097854 0.130350
v -0.142081 1.070684 0.130350
v -0.157745 1.070684 0.130350
v -0.146168 1.057098 0.130350
v -0.161833 1.057098 0.130350
v -0.034784 1.479393 0.130350
v -0.033584 1.479393 0.130350
v -0.019119 1.479393 0.130350
v -0.019465 1.478244 0.130350
v -0.166266 1.042364 0.130350
v -0.165920 1.043513 0.130350
v -0.150601 1.042364 0.130350
v -0.151801 1.042364 0.130350
v -0.035130 1.478244 0.152075
v -0.020319 1.479393 0.152075
v -0.165066 1.042364 0.152075
v -0.150255 1.043513 0.152075
v -0.084860 1.260878 0.152075
v -0.100525 1.260878 0.152075
v -0.067827 1.369561 0.152075
v -0.052163 1.369561 0.152075
v -0.051478 1.423903 0.152075
v -0.035814 1.423903 0.152075
v -0.043304 1.451073 0.152075
v -0.027639 1.451073 0.152075
v -0.039217 1.464658 0.152075
v -0.023552 1.464658 0.152075
v -0.117558 1.152196 0.152075
v -0.133222 1.152196 0.152075
v -0.133906 1.097854 0.152075
v -0.149571 1.097854 0.152075
v -0.142081 1.070684 0.152075
v -0.157745 1.070684 0.152075
v -0.146168 1.057098 0.152075
v -0.161833 1.057098 0.152075
v -0.034784 1.479393 0.152075
v -0.033584 1.479393 0.152075
v -0.019119 1.479393 0.152075
v -0.019465 1.478244 0.152075
v -0.166266 1.042364 0.152075
v -0.165920 1.043513 0.152075
v -0.150601 1.042364 0.152075
v -0.151801 1.042364 0.152075
v -0.035130 1.478244 0.162937
v -0.020319 1.479393 0.162937
v -0.165066 1.042364 0.162937
v -0.150255 1.043513 0.162937
v -0.084860 1.260878 0.162937
v -0.100525 1.260878 0.162937
v -0.067827 1.369561 0.162937
v -0.052163 1.369561 0.162937
v -0.051478 1.423903 0.162937
v -0.035814 1.423903 0.162937
v -0.043304 1.451073 0.162937
v -0.027639 1.451073 0.162937
v -0.039217 1.464658 0.162937
v -0.023552 1.464658 0.162937
v -0.117558 1.152196 0.162937
v -0.133222 1.152196 0.162937
v -0.133906 1.097854 0.162937
v -0.149571 1.097854 0.162937
v -0.142081 1.070684 0.162937
v -0.157745 1.070684 0.162937
v -0.146168 1.057098 0.162937
v -0.161833 1.057098 0.162937
v -0.034784 1.479393 0.162937
v -0.033584 1.479393 0.162937
v -0.019119 1.479393 0.162937
v -0.019465 1.478244 0.162937
v -0.166266 1.042364 0.162937
v -0.165920 1.043513 0.162937
v -0.150601 1.042364 0.162937
v -0.151801 1.042364 0.162937
v -0.034784 1.479393 -0.086900
v -0.033584 1.479393 -0.086900
v -0.019119 1.479393 -0.086900
v -0.019465 1.478244 -0.086900
v -0.166266 1.042364 -0.086900
v -0.165920 1.043513 -0.086900
v -0.150601 1.042364 -0.086900
v -0.151801 1.042364 -0.086900
v -0.035130 1.478244 -0.086900
v -0.020319 1.479393 -0.086900
v -0.165066 1.042364 -0.086900
v -0.150255 1.043513 -0.086900
v -0.084860 1.260878 -0.086900
v -0.100525 1.260878 -0.086900
v -0.067827 1.369561 -0.086900
v -0.052163 1.369561 -0.086900
v -0.051478 1.423902 -0.086900
v -0.035814 1.423903 -0.086900
v -0.043304 1.451073 -0.086900
v -0.027639 1.451073 -0.086900
v -0.039217 1.464658 -0.086900
v -0.023552 1.464658 -0.086900
v -0.117558 1.152196 -0.086900
v -0.133222 1.152196 -0.086900
v -0.133907 1.097854 -0.086900
v -0.149571 1.097854 -0.086900
v -0.142081 1.070684 -0.086900
v -0.157745 1.070684 -0.086900
v -0.146168 1.057098 -0.086900
v -0.161833 1.057098 -0.086900
v -0.034784 1.479393 -0.130350
v -0.033584 1.479393 -0.130350
v -0.019119 1.479393 -0.130350
v -0.019465 1.478244 -0.130350
v -0.166266 1.042364 -0.130350
v -0.165920 1.043513 -0.130350
v -0.150601 1.042364 -0.130350
v -0.151801 1.042364 -0.130350
v -0.035130 1.478244 -0.130350
v -0.020319 1.479393 -0.130350
v -0.165066 1.042364 -0.130350
v -0.150255 1.043513 -0.130350
v -0.084860 1.260878 -0.130350
v -0.100525 1.260878 -0.130350
v -0.067827 1.369561 -0.130350
v -0.052163 1.369561 -0.130350
v -0.051478 1.423902 -0.130350
v -0.035814 1.423903 -0.130350
v -0.043304 1.451073 -0.130350
v -0.027639 1.451073 -0.130350
v -0.039217 1.464658 -0.130350
v -0.023552 1.464658 -0.130350
v -0.117558 1.152196 -0.130350
v -0.133222 1.152196 -0.130350
v -0.133907 1.097854 -0.130350
v -0.149571 1.097854 -0.130350
v -0.142081 1.070684 -0.130350
v -0.157745 1.070684 -0.130350
v -0.146168 1.057098 -0.130350
v -0.161833 1.057098 -0.130350
v -0.034784 1.479393 -0.152075
v -0.033584 1.479393 -0.152075
v -0.019119 1.479393 -0.152075
v -0.019465 1.478244 -0.152075
v -0.166266 1.042364 -0.152075
v -0.165920 1.043513 -0.152075
v -0.150601 1.042364 -0.152075
v -0.151801 1.042364 -0.152075
v -0.035130 1.478244 -0.152075
v -0.020319 1.479393 -0.152075
v -0.165066 1.042364 -0.152075
v -0.150255 1.043513 -0.152075
v -0.084860 1.260878 -0.152075
v -0.100525 1.260878 -0.152075
v -0.067827 1.369561 -0.152075
v -0.052163 1.369561 -0.152075
v -0.051478 1.423902 -0.152075
v -0.035814 1.423903 -0.152075
v -0.043304 1.451073 -0.152075
v -0.027639 1.451073 -0.152075
v -0.039217 1.464658 -0.152075
v -0.023552 1.464658 -0.152075
v -0.117558 1.152196 -0.152075
v -0.133222 1.152196 -0.152075
v -0.133907 1.097854 -0.152075
v -0.149571 1.097854 -0.152075
v -0.142081 1.070684 -0.152075
v -0.157745 1.070684 -0.152075
v -0.146168 1.057098 -0.152075
v -0.161833 1.057098 -0.152075
v -0.034784 1.479393 -0.162937
v -0.033584 1.479393 -0.162937
v -0.019119 1.479393 -0.162937
v -0.019465 1.478244 -0.162937
v -0.166266 1.042364 -0.162937
v -0.165920 1.043513 -0.162937
v -0.150601 1.042364 -0.162937
v -0.151801 1.042364 -0.162937
v -0.035130 1.478244 -0.162937
v -0.020319 1.479393 -0.162937
v -0.165066 1.042364 -0.162937
v -0.150255 1.043513 -0.162937
v -0.084860 1.260878 -0.162937
v -0.100525 1.260878 -0.162937
v -0.067827 1.369561 -0.162937
v -0.052163 1.369561 -0.162937
v -0.051478 1.423902 -0.162937
v -0.035814 1.423903 -0.162937
v -0.043304 1.451073 -0.162937
v -0.027639 1.451073 -0.162937
v -0.039217 1.464658 -0.162937
v -0.023552 1.464658 -0.162937
v -0.117558 1.152196 -0.162937
v -0.133222 1.152196 -0.162937
v -0.133907 1.097854 -0.162937
v -0.149571 1.097854 -0.162937
v -0.142081 1.070684 -0.162937
v -0.157745 1.070684 -0.162937
v -0.146168 1.057098 -0.162937
v -0.161833 1.057098 -0.162937
v -0.443102 1.479393 -0.086900
v -0.441902 1.479393 -0.086900
v -0.426902 1.479393 -0.086900
v -0.426449 1.478282 -0.086900
v -0.264898 1.042364 -0.086900
v -0.265351 1.043475 -0.086900
v -0.248698 1.042364 -0.086900
v -0.249898 1.042364 -0.086900
v -0.442649 1.478282 -0.086900
v -0.428102 1.479393 -0.086900
v -0.263698 1.042364 -0.086900
v -0.249151 1.043475 -0.086900
v -0.337800 1.260878 -0.086900
v -0.354000 1.260878 -0.086900
v -0.293476 1.152177 -0.086900
v -0.309675 1.152177 -0.086900
v -0.271313 1.097826 -0.086900
v -0.287513 1.097826 -0.086900
v -0.260232 1.070650 -0.086900
v -0.276432 1.070650 -0.086900
v -0.254692 1.057063 -0.086900
v -0.270892 1.057063 -0.086900
v -0.382124 1.369580 -0.086900
v -0.398324 1.369580 -0.086900
v -0.420486 1.423931 -0.086900
v -0.404287 1.423931 -0.086900
v -0.431567 1.451106 -0.086900
v -0.415368 1.451106 -0.086900
v -0.437108 1.464694 -0.086900
v -0.420908 1.464694 -0.086900
v -0.443102 1.479393 -0.130395
v -0.441902 1.479393 -0.130395
v -0.426902 1.479393 -0.130395
v -0.426449 1.478282 -0.130395
v -0.264898 1.042364 -0.130395
v -0.265351 1.043475 -0.130395
v -0.248698 1.042364 -0.130395
v -0.249898 1.042364 -0.130395
v -0.442649 1.478282 -0.130395
v -0.428102 1.479393 -0.130395
v -0.263698 1.042364 -0.130395
v -0.249151 1.043475 -0.130395
v -0.337800 1.260878 -0.130395
v -0.354000 1.260878 -0.130395
v -0.293476 1.152177 -0.130395
v -0.309675 1.152177 -0.130395
v -0.271313 1.097826 -0.130395
v -0.287513 1.097826 -0.130395
v -0.260232 1.070650 -0.130395
v -0.276432 1.070650 -0.130395
v -0.254692 1.057063 -0.130395
v -0.270892 1.057063 -0.130395
v -0.382124 1.369580 -0.130395
v -0.398324 1.369580 -0.130395
v -0.420486 1.423931 -0.130395
v -0.404287 1.423931 -0.130395
v -0.431567 1.451106 -0.130395
v -0.415368 1.451106 -0.130395
v -0.437108 1.464694 -0.130395
v -0.420908 1.464694 -0.130395
v -0.443102 1.479393 -0.152098
v -0.441902 1.479393 -0.152098
v -0.426902 1.479393 -0.152098
v -0.426449 1.478282 -0.152098
v -0.264898 1.042364 -0.152098
v -0.265351 1.043475 -0.152098
v -0.248698 1.042364 -0.152098
v -0.249898 1.042364 -0.152098
v -0.442649 1.478282 -0.152098
v -0.428102 1.479393 -0.152098
v -0.263698 1.042364 -0.152098
v -0.249151 1.043475 -0.152098
v -0.337800 1.260878 -0.152098
v -0.354000 1.260878 -0.152098
v -0.293476 1.152177 -0.152098
v -0.309675 1.152177 -0.152098
v -0.271313 1.097826 -0.152098
v -0.287513 1.097826 -0.152098
v -0.260232 1.070650 -0.152098
v -0.276432 1.070650 -0.152098
v -0.254692 1.057063 -0.152098
v -0.270892 1.057063 -0.152098
v -0.382124 1.369580 -0.152098
v -0.398324 1.369580 -0.152098
v -0.420486 1.423931 -0.152098
v -0.404287 1.423931 -0.152098
v -0.431567 1.451106 -0.152098
v -0.415368 1.451106 -0.152098
v -0.437108 1.464694 -0.152098
v -0.420908 1.464694 -0.152098
v -0.443102 1.479393 -0.162949
v -0.441902 1.479393 -0.162949
v -0.426902 1.479393 -0.162949
v -0.426449 1.478282 -0.162949
v -0.264898 1.042364 -0.162949
v -0.265351 1.043475 -0.162949
v -0.248698 1.042364 -0.162949
v -0.249898 1.042364 -0.162949
v -0.442649 1.478282 -0.162949
v -0.428102 1.479393 -0.162949
v -0.263698 1.042364 -0.162949
v -0.249151 1.043475 -0.162949
v -0.337800 1.260878 -0.162949
v -0.354000 1.260878 -0.162949
v -0.293476 1.152177 -0.162949
v -0.309675 1.152177 -0.162949
v -0.271313 1.097826 -0.162949
v -0.287513 1.097826 -0.162949
v -0.260232 1.070650 -0.162949
v -0.276432 1.070650 -0.162949
v -0.254692 1.057063 -0.162949
v -0.270892 1.057063 -0.162949
v -0.382124 1.369580 -0.162949
v -0.398324 1.369580 -0.162949
v -0.420486 1.423931 -0.162949
v -0.404287 1.423931 -0.162949
v -0.431567 1.451106 -0.162949
v -0.415368 1.451106 -0.162949
v -0.437108 1.464694 -0.162949
v -0.420908 1.464694 -0.162949
v -0.442649 1.478282 0.086900
v -0.428102 1.479393 0.086900
v -0.263698 1.042364 0.086900
v -0.249151 1.043475 0.086900
v -0.337800 1.260878 0.086900
v -0.354000 1.260878 0.086900
v -0.293476 1.152177 0.086900
v -0.309675 1.152177 0.086900
v -0.271313 1.097826 0.086900
v -0.287513 1.097826 0.086900
v -0.260232 1.070650 0.086900
v -0.276432 1.070650 0.086900
v -0.254692 1.057063 0.086900
v -0.270892 1.057063 0.086900
v -0.443102 1.479393 0.086900
v -0.441902 1.479393 0.086900
v -0.426902 1.479393 0.086900
v -0.426449 1.478282 0.086900
v -0.264898 1.042364 0.086900
v -0.265351 1.043475 0.086900
v -0.248698 1.042364 0.086900
v -0.249898 1.042364 0.086900
v -0.398324 1.369580 0.086900
v -0.382124 1.369580 0.086900
v -0.420486 1.423931 0.086900
v -0.404287 1.423931 0.086900
v -0.431567 1.451106 0.086900
v -0.415368 1.451106 0.086900
v -0.437108 1.464694 0.086900
v -0.420908 1.464694 0.086900
v -0.442649 1.478282 0.130350
v -0.428102 1.479393 0.130350
v -0.263698 1.042364 0.130350
v -0.249151 1.043475 0.130350
v -0.337800 1.260878 0.130350
v -0.354000 1.260878 0.130350
v -0.293476 1.152177 0.130350
v -0.309675 1.152177 0.130350
v -0.271313 1.097826 0.130350
v -0.287513 1.097826 0.130350
v -0.260232 1.070650 0.130350
v -0.276432 1.070650 0.130350
v -0.254692 1.057063 0.130350
v -0.270892 1.057063 0.130350
v -0.398324 1.369580 0.130350
v -0.382124 1.369580 0.130350
v -0.420486 1.423931 0.130350
v -0.404287 1.423931 0.130350
v -0.431567 1.451106 0.130350
v -0.415368 1.451106 0.130350
v -0.437108 1.464694 0.130350
v -0.420908 1.464694 0.130350
v -0.443102 1.479393 0.130350
v -0.441902 1.479393 0.130350
v -0.426902 1.479393 0.130350
v -0.426449 1.478282 0.130350
v -0.264898 1.042364 0.130350
v -0.265351 1.043475 0.130350
v -0.248698 1.042364 0.130350
v -0.249898 1.042364 0.130350
v -0.442649 1.478282 0.152075
v -0.428102 1.479393 0.152075
v -0.263698 1.042364 0.152075
v -0.249151 1.043475 0.152075
v -0.337800 1.260878 0.152075
v -0.354000 1.260878 0.152075
v -0.293476 1.152177 0.152075
v -0.309675 1.152177 0.152075
v -0.271313 1.097826 0.152075
v -0.287513 1.097826 0.152075
v -0.260232 1.070650 0.152075
v -0.276432 1.070650 0.152075
v -0.254692 1.057063 0.152075
v -0.270892 1.057063 0.152075
v -0.398324 1.369580 0.152075
v -0.382124 1.369580 0.152075
v -0.420486 1.423931 0.152075
v -0.404287 1.423931 0.152075
v -0.431567 1.451106 0.152075
v -0.415368 1.451106 0.152075
v -0.437108 1.464694 0.152075
v -0.420908 1.464694 0.152075
v -0.443102 1.479393 0.152075
v -0.441902 1.479393 0.152075
v -0.426902 1.479393 0.152075
v -0.426449 1.478282 0.152075
v -0.264898 1.042364 0.152075
v -0.265351 1.043475 0.152075
v -0.248698 1.042364 0.152075
v -0.249898 1.042364 0.152075
v -0.442649 1.478282 0.162937
v -0.428102 1.479393 0.162937
v -0.263698 1.042364 0.162937
v -0.249151 1.043475 0.162937
v -0.337800 1.260878 0.162937
v -0.354000 1.260878 0.162937
v -0.293476 1.152177 0.162937
v -0.309675 1.152177 0.162937
v -0.271313 1.097826 0.162937
v -0.287513 1.097826 0.162937
v -0.260232 1.070650 0.162937
v -0.276432 1.070650 0.162937
v -0.254692 1.057063 0.162937
v -0.270892 1.057063 0.162937
v -0.398324 1.369580 0.162937
v -0.382124 1.369580 0.162937
v -0.420486 1.423931 0.162937
v -0.404287 1.423931 0.162937
v -0.431567 1.451106 0.162937
v -0.415368 1.451106 0.162937
v -0.437108 1.464694 0.162937
v -0.420908 1.464694 0.162937
v -0.443102 1.479393 0.162938
v -0.441902 1.479393 0.162937
v -0.426902 1.479393 0.162938
v -0.426449 1.478282 0.162937
v -0.264898 1.042364 0.162938
v -0.265351 1.043475 0.162937
v -0.248698 1.042364 0.162938
v -0.249898 1.042364 0.162937
v -0.243388 1.026164 -0.175000
v -0.243782 1.027364 -0.173800
v -0.242129 1.026253 -0.173800
v -0.243782 1.027364 -0.175000
v -0.242582 1.027364 -0.175000
v -0.242582 1.027364 -0.173800
v -0.242129 1.026253 -0.175000
v -0.256996 1.026164 0.175000
v -0.257582 1.027364 0.173800
v -0.258328 1.026253 0.173800
v -0.257582 1.027364 0.175000
v -0.258782 1.027364 0.175000
v -0.258782 1.027364 0.173800
v -0.258328 1.026253 0.175000
v -0.256996 1.026164 -0.175000
v -0.258328 1.026253 -0.173800
v -0.257582 1.027364 -0.173800
v -0.258328 1.026253 -0.175000
v -0.258782 1.027364 -0.175000
v -0.258782 1.027364 -0.173800
v -0.257582 1.027364 -0.175000
v -0.242129 1.026253 0.173800
v -0.243782 1.027364 0.173800
v -0.243388 1.026164 0.175000
v -0.242582 1.027364 0.173800
v -0.242582 1.027364 0.175000
v -0.243782 1.027364 0.175000
v -0.242129 1.026253 0.175000
v -0.068321 0.600106 -0.173800
v -0.069068 0.598995 -0.173800
v -0.069654 0.600195 -0.175000
v -0.067868 0.598995 -0.173800
v -0.067868 0.598995 -0.175000
v -0.069068 0.598995 -0.175000
v -0.068321 0.600106 -0.175000
v -0.084521 0.600106 0.173800
v -0.082868 0.598995 0.173800
v -0.083261 0.600195 0.175000
v -0.084068 0.598995 0.173800
v -0.084068 0.598995 0.175000
v -0.082868 0.598995 0.175000
v -0.084521 0.600106 0.175000
v -0.083261 0.600195 -0.175000
v -0.082868 0.598995 -0.173800
v -0.084521 0.600106 -0.173800
v -0.082868 0.598995 -0.175000
v -0.084068 0.598995 -0.175000
v -0.084068 0.598995 -0.173800
v -0.084521 0.600106 -0.175000
v -0.068321 0.600106 0.173800
v -0.069653 0.600195 0.175000
v -0.069068 0.598995 0.173800
v -0.068321 0.600106 0.175000
v -0.067868 0.598995 0.175000
v -0.069068 0.598995 0.175000
v -0.067868 0.598995 0.173800
v -0.208153 0.903231 -0.173800
v -0.208153 0.903231 -0.175000
v -0.207602 0.905057 -0.175000
v -0.201262 0.926056 0.173800
v -0.201262 0.926056 0.175000
v -0.201814 0.924230 0.175000
v -0.201262 0.926056 -0.173800
v -0.201262 0.926056 -0.175000
v -0.201814 0.924230 -0.175000
v -0.208153 0.903231 0.173800
v -0.208153 0.903231 0.175000
v -0.207602 0.905057 0.175000
v -0.199149 0.881154 -0.175000
v -0.198596 0.882977 -0.175000
v -0.192242 0.903939 0.175000
v -0.192795 0.902116 0.175000
v -0.192242 0.903939 -0.173800
v -0.199149 0.881154 0.173800
v -0.199149 0.881154 -0.173800
v -0.192242 0.903939 0.173800
v -0.192242 0.903939 -0.175000
v -0.192795 0.902116 -0.175000
v -0.199149 0.881154 0.175000
v -0.198596 0.882977 0.175000
v -0.207602 0.905057 0.173800
v -0.207602 0.905057 -0.173800
v -0.201814 0.924230 0.173800
v -0.201814 0.924230 -0.173800
v -0.192795 0.902116 0.173800
v -0.198596 0.882977 0.173800
v -0.192795 0.902116 -0.173800
v -0.198596 0.882977 -0.173800
v -0.209027 0.905374 -0.173800
v -0.201974 0.927801 0.173800
v -0.201974 0.927801 -0.175000
v -0.202538 0.926006 -0.175000
v -0.209027 0.905374 0.175000
v -0.208462 0.907167 0.175000
v -0.209027 0.905374 -0.175000
v -0.208462 0.907167 -0.175000
v -0.201974 0.927801 0.175000
v -0.202538 0.926006 0.175000
v -0.201974 0.927801 -0.173800
v -0.209027 0.905374 0.173800
v -0.198600 0.879809 -0.175000
v -0.198044 0.881624 -0.175000
v -0.191649 0.902485 0.175000
v -0.192205 0.900671 0.175000
v -0.191649 0.902485 -0.173800
v -0.198600 0.879809 0.173800
v -0.198600 0.879809 -0.173800
v -0.191649 0.902485 0.173800
v -0.191649 0.902485 -0.175000
v -0.192205 0.900671 -0.175000
v -0.198600 0.879809 0.175000
v -0.198044 0.881624 0.175000
v -0.233678 0.965814 -0.173800
v -0.222052 0.977027 0.173800
v -0.222052 0.977027 -0.175000
v -0.222963 0.976085 -0.175000
v -0.233678 0.965814 0.175000
v -0.232729 0.966665 0.175000
v -0.233678 0.965814 -0.175000
v -0.232729 0.966665 -0.175000
v -0.222052 0.977027 0.175000
v -0.222963 0.976085 0.175000
v -0.222052 0.977027 -0.173800
v -0.233678 0.965814 0.173800
v -0.246003 0.996033 -0.173800
v -0.232090 1.001640 0.173800
v -0.232090 1.001640 -0.175000
v -0.233176 1.001124 -0.175000
v -0.246003 0.996033 0.175000
v -0.244863 0.996415 0.175000
v -0.246003 0.996033 -0.175000
v -0.244863 0.996415 -0.175000
v -0.232090 1.001640 0.175000
v -0.233176 1.001124 0.175000
v -0.232090 1.001640 -0.173800
v -0.246003 0.996033 0.173800
v -0.252166 1.011143 -0.173800
v -0.237109 1.013946 0.173800
v -0.237109 1.013946 -0.175000
v -0.238282 1.013644 -0.175000
v -0.252166 1.011143 0.175000
v -0.250929 1.011289 0.175000
v -0.252166 1.011143 -0.175000
v -0.250929 1.011289 -0.175000
v -0.237109 1.013946 0.175000
v -0.238282 1.013644 0.175000
v -0.237109 1.013946 -0.173800
v -0.252166 1.011143 0.173800
v -0.221353 0.935594 -0.175000
v -0.220596 0.936916 -0.175000
v -0.212013 0.952414 0.175000
v -0.212751 0.951045 0.175000
v -0.212013 0.952414 -0.173800
v -0.221352 0.935594 0.173800
v -0.221353 0.935594 -0.173800
v -0.212013 0.952414 0.173800
v -0.212013 0.952414 -0.175000
v -0.212751 0.951045 -0.175000
v -0.221352 0.935594 0.175000
v -0.220596 0.936916 0.175000
v -0.215190 0.920484 -0.175000
v -0.214529 0.922042 -0.175000
v -0.206994 0.940108 0.175000
v -0.207644 0.938525 0.175000
v -0.206994 0.940108 -0.173800
v -0.215190 0.920484 0.173800
v -0.215190 0.920484 -0.173800
v -0.206994 0.940108 0.173800
v -0.206994 0.940108 -0.175000
v -0.207644 0.938526 -0.175000
v -0.215190 0.920484 0.175000
v -0.214529 0.922042 0.175000
v -0.141561 0.739958 -0.175000
v -0.140653 0.740909 -0.175000
v -0.129985 0.751295 0.175000
v -0.130929 0.750433 0.175000
v -0.129985 0.751296 -0.173800
v -0.141561 0.739958 0.173800
v -0.141561 0.739958 -0.173800
v -0.129985 0.751295 0.173800
v -0.129985 0.751295 -0.175000
v -0.130929 0.750433 -0.175000
v -0.141561 0.739958 0.175000
v -0.140653 0.740909 0.175000
v -0.170081 0.809884 -0.173800
v -0.160817 0.826890 0.173800
v -0.160817 0.826890 -0.175000
v -0.161567 0.825552 -0.175000
v -0.170081 0.809884 0.175000
v -0.169349 0.811267 0.175000
v -0.170081 0.809884 -0.175000
v -0.169349 0.811267 -0.175000
v -0.160817 0.826890 0.175000
v -0.161567 0.825552 0.175000
v -0.160817 0.826890 -0.173800
v -0.170081 0.809884 0.173800
v -0.184340 0.844846 -0.173800
v -0.176233 0.864687 0.173800
v -0.176233 0.864687 -0.175000
v -0.176886 0.863112 -0.175000
v -0.184340 0.844846 0.175000
v -0.183697 0.846445 0.175000
v -0.184340 0.844846 -0.175000
v -0.183697 0.846445 -0.175000
v -0.176233 0.864687 0.175000
v -0.176886 0.863112 0.175000
v -0.176233 0.864687 -0.173800
v -0.184340 0.844846 0.173800
v -0.191470 0.862328 -0.173800
v -0.183941 0.883586 0.173800
v -0.183941 0.883586 -0.175000
v -0.184546 0.881891 -0.175000
v -0.191470 0.862328 0.175000
v -0.190870 0.864035 0.175000
v -0.191470 0.862328 -0.175000
v -0.190870 0.864035 -0.175000
v -0.183941 0.883586 0.175000
v -0.184546 0.881891 0.175000
v -0.183941 0.883586 -0.173800
v -0.191470 0.862328 0.173800
v -0.113041 0.670032 -0.175000
v -0.111957 0.670552 -0.175000
v -0.099153 0.675701 0.175000
v -0.100291 0.675314 0.175000
v -0.099153 0.675701 -0.173800
v -0.113041 0.670032 0.173800
v -0.113041 0.670032 -0.173800
v -0.099153 0.675701 0.173800
v -0.099153 0.675701 -0.175000
v -0.100291 0.675314 -0.175000
v -0.113041 0.670032 0.175000
v -0.111957 0.670552 0.175000
v -0.098289 0.633863 -0.175000
v -0.097114 0.634161 -0.175000
v -0.083206 0.636600 0.175000
v -0.084444 0.636459 0.175000
v -0.083206 0.636600 -0.173800
v -0.098289 0.633863 0.173800
v -0.098289 0.633863 -0.173800
v -0.083206 0.636600 0.173800
v -0.083206 0.636600 -0.175000
v -0.084444 0.636459 -0.175000
v -0.098289 0.633863 0.175000
v -0.097114 0.634161 0.175000
v -0.091405 0.616985 -0.175000
v -0.090188 0.617178 -0.175000
v -0.075763 0.618353 0.175000
v -0.077049 0.618327 0.175000
v -0.075763 0.618353 -0.173800
v -0.091405 0.616985 0.173800
v -0.091405 0.616985 -0.173800
v -0.075763 0.618353 0.173800
v -0.075763 0.618353 -0.175000
v -0.077049 0.618327 -0.175000
v -0.091405 0.616985 0.175000
v -0.090188 0.617178 0.175000
v -0.082868 0.598995 0.000000
v -0.084068 0.598995 0.000000
v -0.084521 0.600106 0.000000
v -0.068321 0.600106 0.000000
v -0.067868 0.598995 0.000000
v -0.069068 0.598995 0.000000
v -0.199149 0.881154 0.000000
v -0.192242 0.903939 0.000000
v -0.192795 0.902116 -0.000000
v -0.198596 0.882977 -0.000000
v -0.191649 0.902485 0.000000
v -0.198600 0.879809 0.000000
v -0.129985 0.751295 0.000000
v -0.141561 0.739958 0.000000
v -0.170081 0.809884 0.000000
v -0.160817 0.826890 0.000000
v -0.184340 0.844846 0.000000
v -0.176233 0.864687 0.000000
v -0.191470 0.862328 0.000000
v -0.183941 0.883586 0.000000
v -0.099153 0.675701 0.000000
v -0.113041 0.670032 0.000000
v -0.083206 0.636600 0.000000
v -0.098289 0.633863 0.000000
v -0.075763 0.618353 0.000000
v -0.091405 0.616985 0.000000
v -0.082868 0.598995 0.086900
v -0.068321 0.600106 0.086900
v -0.199149 0.881154 0.086900
v -0.192242 0.903939 0.086900
v -0.192795 0.902116 0.086900
v -0.198596 0.882977 0.086900
v -0.191649 0.902485 0.086900
v -0.198600 0.879809 0.086900
v -0.129985 0.751295 0.086900
v -0.141561 0.739958 0.086900
v -0.170081 0.809884 0.086900
v -0.160817 0.826890 0.086900
v -0.184340 0.844846 0.086900
v -0.176233 0.864687 0.086900
v -0.191470 0.862328 0.086900
v -0.183941 0.883586 0.086900
v -0.099153 0.675701 0.086900
v -0.113041 0.670032 0.086900
v -0.083206 0.636600 0.086900
v -0.098289 0.633863 0.086900
v -0.075763 0.618353 0.086900
v -0.091405 0.616985 0.086900
v -0.084068 0.598995 0.086900
v -0.084521 0.600106 0.086900
v -0.067868 0.598995 0.086900
v -0.069068 0.598995 0.086900
v -0.082868 0.598995 0.130350
v -0.068321 0.600106 0.130350
v -0.199149 0.881154 0.130350
v -0.192242 0.903939 0.130350
v -0.192795 0.902116 0.130350
v -0.198596 0.882977 0.130350
v -0.191649 0.902485 0.130350
v -0.198600 0.879809 0.130350
v -0.129985 0.751295 0.130350
v -0.141561 0.739958 0.130350
v -0.170081 0.809884 0.130350
v -0.160817 0.826890 0.130350
v -0.184340 0.844846 0.130350
v -0.176233 0.864687 0.130350
v -0.191470 0.862328 0.130350
v -0.183941 0.883586 0.130350
v -0.099153 0.675701 0.130350
v -0.113041 0.670032 0.130350
v -0.083206 0.636600 0.130350
v -0.098289 0.633863 0.130350
v -0.075763 0.618353 0.130350
v -0.091405 0.616985 0.130350
v -0.084068 0.598995 0.130350
v -0.084521 0.600106 0.130350
v -0.067868 0.598995 0.130350
v -0.069068 0.598995 0.130350
v -0.082868 0.598995 0.152075
v -0.068321 0.600106 0.152075
v -0.199149 0.881154 0.152075
v -0.192242 0.903939 0.152075
v -0.192795 0.902116 0.152075
v -0.198596 0.882977 0.152075
v -0.191649 0.902485 0.152075
v -0.198600 0.879809 0.152075
v -0.129985 0.751295 0.152075
v -0.141561 0.739958 0.152075
v -0.170081 0.809884 0.152075
v -0.160817 0.826890 0.152075
v -0.184340 0.844846 0.152075
v -0.176233 0.864687 0.152075
v -0.191470 0.862328 0.152075
v -0.183941 0.883586 0.152075
v -0.099153 0.675701 0.152075
v -0.113041 0.670032 0.152075
v -0.083206 0.636600 0.152075
v -0.098289 0.633863 0.152075
v -0.075763 0.618353 0.152075
v -0.091405 0.616985 0.152075
v -0.084068 0.598995 0.152075
v -0.084521 0.600106 0.152075
v -0.067868 0.598995 0.152075
v -0.069068 0.598995 0.152075
v -0.082868 0.598995 0.162937
v -0.068321 0.600106 0.162937
v -0.199149 0.881154 0.162937
v -0.192242 0.903939 0.162937
v -0.192795 0.902116 0.162937
v -0.198596 0.882977 0.162937
v -0.191649 0.902485 0.162937
v -0.198600 0.879809 0.162937
v -0.129985 0.751295 0.162937
v -0.141561 0.739958 0.162937
v -0.170081 0.809884 0.162937
v -0.160817 0.826890 0.162937
v -0.184340 0.844846 0.162937
v -0.176233 0.864687 0.162937
v -0.191470 0.862328 0.162937
v -0.183941 0.883586 0.162937
v -0.099153 0.675701 0.162937
v -0.113041 0.670032 0.162937
v -0.083206 0.636600 0.162937
v -0.098289 0.633863 0.162937
v -0.075763 0.618353 0.162937
v -0.091405 0.616985 0.162937
v -0.084068 0.598995 0.162938
v -0.084521 0.600106 0.162937
v -0.067868 0.598995 0.162938
v -0.069068 0.598995 0.162937
v -0.084068 0.598995 -0.086900
v -0.084521 0.600106 -0.086900
v -0.067868 0.598995 -0.086900
v -0.069068 0.598995 -0.086900
v -0.082868 0.598995 -0.086900
v -0.068321 0.600106 -0.086900
v -0.199149 0.881154 -0.086900
v -0.192242 0.903939 -0.086900
v -0.192795 0.902116 -0.086900
v -0.198596 0.882977 -0.086900
v -0.191649 0.902485 -0.086900
v -0.198600 0.879809 -0.086900
v -0.129985 0.751295 -0.086900
v -0.141561 0.739958 -0.086900
v -0.170081 0.809884 -0.086900
v -0.160817 0.826890 -0.086900
v -0.184340 0.844846 -0.086900
v -0.176233 0.864687 -0.086900
v -0.191470 0.862328 -0.086900
v -0.183941 0.883586 -0.086900
v -0.099153 0.675701 -0.086900
v -0.113041 0.670032 -0.086900
v -0.083206 0.636600 -0.086900
v -0.098289 0.633863 -0.086900
v -0.075763 0.618353 -0.086900
v -0.091405 0.616985 -0.086900
v -0.084068 0.598995 -0.130350
v -0.084521 0.600106 -0.130350
v -0.067868 0.598995 -0.130350
v -0.069068 0.598995 -0.130350
v -0.082868 0.598995 -0.130350
v -0.068321 0.600106 -0.130350
v -0.199149 0.881154 -0.130350
v -0.192242 0.903939 -0.130350
v -0.192795 0.902116 -0.130350
v -0.198596 0.882977 -0.130350
v -0.191649 0.902485 -0.130350
v -0.198600 0.879809 -0.130350
v -0.129985 0.751295 -0.130350
v -0.141561 0.739958 -0.130350
v -0.170081 0.809884 -0.130350
v -0.160817 0.826890 -0.130350
v -0.184340 0.844846 -0.130350
v -0.176233 0.864687 -0.130350
v -0.191470 0.862328 -0.130350
v -0.183941 0.883586 -0.130350
v -0.099153 0.675701 -0.130350
v -0.113041 0.670032 -0.130350
v -0.083206 0.636600 -0.130350
v -0.098289 0.633863 -0.130350
v -0.075763 0.618353 -0.130350
v -0.091405 0.616985 -0.130350
v -0.084068 0.598995 -0.153082
v -0.084521 0.600106 -0.153082
v -0.067868 0.598995 -0.153082
v -0.069068 0.598995 -0.153082
v -0.082868 0.598995 -0.153082
v -0.068321 0.600106 -0.153082
v -0.199149 0.881154 -0.153082
v -0.192242 0.903939 -0.153082
v -0.192795 0.902116 -0.153082
v -0.198596 0.882977 -0.153082
v -0.191649 0.902485 -0.153082
v -0.198600 0.879809 -0.153082
v -0.129985 0.751295 -0.153082
v -0.141561 0.739958 -0.153082
v -0.170081 0.809884 -0.153082
v -0.160817 0.826890 -0.153082
v -0.184340 0.844846 -0.153082
v -0.176233 0.864687 -0.153082
v -0.191470 0.862328 -0.153082
v -0.183941 0.883586 -0.153082
v -0.099153 0.675701 -0.153082
v -0.113041 0.670032 -0.153082
v -0.083206 0.636600 -0.153082
v -0.098289 0.633863 -0.153082
v -0.075763 0.618353 -0.153082
v -0.091405 0.616985 -0.153082
v -0.084068 0.598995 -0.163441
v -0.084521 0.600106 -0.163441
v -0.067868 0.598995 -0.163441
v -0.069068 0.598995 -0.163441
v -0.082868 0.598995 -0.163441
v -0.068321 0.600106 -0.163441
v -0.199149 0.881154 -0.163441
v -0.192242 0.903939 -0.163441
v -0.192795 0.902116 -0.163441
v -0.198596 0.882977 -0.163441
v -0.191649 0.902485 -0.163441
v -0.198600 0.879809 -0.163441
v -0.129985 0.751295 -0.163441
v -0.141561 0.739958 -0.163441
v -0.170081 0.809884 -0.163441
v -0.160817 0.826890 -0.163441
v -0.184340 0.844846 -0.163441
v -0.176233 0.864687 -0.163441
v -0.191470 0.862328 -0.163441
v -0.183941 0.883586 -0.163441
v -0.099153 0.675701 -0.163441
v -0.113041 0.670032 -0.163441
v -0.083206 0.636600 -0.163441
v -0.098289 0.633863 -0.163441
v -0.075763 0.618353 -0.163441
v -0.091405 0.616985 -0.163441
v -0.235232 0.813179 -0.173800
v -0.235232 0.813179 -0.175000
v -0.233978 0.813179 -0.175000
v -0.219567 0.813179 0.173800
v -0.219567 0.813179 0.175000
v -0.220820 0.813179 0.175000
v -0.219567 0.813179 -0.173800
v -0.219567 0.813179 -0.175000
v -0.220820 0.813179 -0.175000
v -0.235232 0.813179 0.173800
v -0.235232 0.813179 0.175000
v -0.233978 0.813179 0.175000
v -0.267285 0.706662 -0.175000
v -0.266024 0.706687 -0.175000
v -0.251621 0.706662 0.175000
v -0.252866 0.706687 0.175000
v -0.251621 0.706662 -0.173800
v -0.267285 0.706662 0.173800
v -0.267285 0.706662 -0.173800
v -0.251621 0.706662 0.173800
v -0.251621 0.706662 -0.175000
v -0.252866 0.706687 -0.175000
v -0.267285 0.706662 0.175000
v -0.266025 0.706687 0.175000
v -0.203178 0.919697 -0.173800
v -0.187513 0.919697 0.173800
v -0.187513 0.919697 -0.175000
v -0.188774 0.919672 -0.175000
v -0.203178 0.919697 0.175000
v -0.201932 0.919672 0.175000
v -0.203178 0.919697 -0.175000
v -0.201932 0.919672 -0.175000
v -0.187513 0.919697 0.175000
v -0.188774 0.919671 0.175000
v -0.187513 0.919697 -0.173800
v -0.203178 0.919697 0.173800
v -0.171124 1.026215 0.000000
v -0.170778 1.027364 0.000000
v -0.169578 1.027364 0.000000
v -0.156314 1.027364 0.000000
v -0.155114 1.027364 0.000000
v -0.155460 1.026215 0.000000
v -0.298485 0.598995 0.000000
v -0.299685 0.598995 0.000000
v -0.299339 0.600144 0.000000
v -0.283674 0.600144 0.000000
v -0.284020 0.598995 0.000000
v -0.285220 0.598995 0.000000
v -0.219567 0.813179 0.000000
v -0.235232 0.813179 0.000000
v -0.251621 0.706662 0.000000
v -0.267285 0.706662 0.000000
v -0.203178 0.919697 0.000000
v -0.187513 0.919697 0.000000
v -0.170778 1.027364 -0.086900
v -0.169578 1.027364 -0.086900
v -0.155114 1.027364 -0.086900
v -0.155460 1.026215 -0.086900
v -0.299685 0.598995 -0.086900
v -0.299339 0.600144 -0.086900
v -0.284020 0.598995 -0.086900
v -0.285220 0.598995 -0.086900
v -0.171124 1.026215 -0.086900
v -0.156314 1.027364 -0.086900
v -0.298485 0.598995 -0.086900
v -0.283674 0.600144 -0.086900
v -0.219567 0.813179 -0.086900
v -0.235232 0.813179 -0.086900
v -0.251621 0.706662 -0.086900
v -0.267285 0.706662 -0.086900
v -0.203178 0.919697 -0.086900
v -0.187513 0.919697 -0.086900
v -0.170778 1.027364 -0.130350
v -0.169578 1.027364 -0.130350
v -0.155114 1.027364 -0.130350
v -0.155460 1.026215 -0.130350
v -0.299685 0.598995 -0.130350
v -0.299339 0.600144 -0.130350
v -0.284020 0.598995 -0.130350
v -0.285220 0.598995 -0.130350
v -0.171124 1.026215 -0.130350
v -0.156314 1.027364 -0.130350
v -0.298485 0.598995 -0.130350
v -0.283674 0.600144 -0.130350
v -0.219567 0.813179 -0.130350
v -0.235232 0.813179 -0.130350
v -0.251621 0.706662 -0.130350
v -0.267285 0.706662 -0.130350
v -0.203178 0.919697 -0.130350
v -0.187513 0.919697 -0.130350
v -0.170778 1.027364 -0.152075
v -0.169578 1.027364 -0.152075
v -0.155114 1.027364 -0.152075
v -0.155460 1.026215 -0.152075
v -0.299685 0.598995 -0.152075
v -0.299339 0.600144 -0.152075
v -0.284020 0.598995 -0.152075
v -0.285220 0.598995 -0.152075
v -0.171124 1.026215 -0.152075
v -0.156314 1.027364 -0.152075
v -0.298485 0.598995 -0.152075
v -0.283674 0.600144 -0.152075
v -0.219567 0.813179 -0.152075
v -0.235232 0.813179 -0.152075
v -0.251621 0.706662 -0.152075
v -0.267285 0.706662 -0.152075
v -0.203178 0.919697 -0.152075
v -0.187513 0.919697 -0.152075
v -0.170778 1.027364 -0.162937
v -0.169578 1.027364 -0.162937
v -0.155114 1.027364 -0.162937
v -0.155460 1.026215 -0.162937
v -0.299685 0.598995 -0.162937
v -0.299339 0.600144 -0.162937
v -0.284020 0.598995 -0.162937
v -0.285220 0.598995 -0.162937
v -0.171124 1.026215 -0.162937
v -0.156314 1.027364 -0.162937
v -0.298485 0.598995 -0.162937
v -0.283674 0.600144 -0.162937
v -0.219567 0.813179 -0.162937
v -0.235232 0.813179 -0.162937
v -0.251621 0.706662 -0.162937
v -0.267285 0.706662 -0.162937
v -0.203178 0.919697 -0.162937
v -0.187513 0.919697 -0.162937
v -0.171124 1.026215 0.086900
v -0.156314 1.027364 0.086900
v -0.298485 0.598995 0.086900
v -0.283674 0.600144 0.086900
v -0.219567 0.813179 0.086900
v -0.235232 0.813179 0.086900
v -0.251621 0.706662 0.086900
v -0.267285 0.706662 0.086900
v -0.203178 0.919697 0.086900
v -0.187513 0.919697 0.086900
v -0.170778 1.027364 0.086900
v -0.169578 1.027364 0.086900
v -0.155114 1.027364 0.086900
v -0.155460 1.026215 0.086900
v -0.299685 0.598995 0.086900
v -0.299339 0.600144 0.086900
v -0.284020 0.598995 0.086900
v -0.285220 0.598995 0.086900
v -0.171124 1.026215 0.129742
v -0.156314 1.027364 0.129742
v -0.298485 0.598995 0.129742
v -0.283674 0.600144 0.129742
v -0.219567 0.813179 0.129742
v -0.235232 0.813179 0.129742
v -0.251621 0.706662 0.129742
v -0.267285 0.706662 0.129742
v -0.203178 0.919697 0.129742
v -0.187513 0.919697 0.129742
v -0.170778 1.027364 0.129742
v -0.169578 1.027364 0.129742
v -0.155114 1.027364 0.129742
v -0.155460 1.026215 0.129742
v -0.299685 0.598995 0.129742
v -0.299339 0.600144 0.129742
v -0.284020 0.598995 0.129742
v -0.285220 0.598995 0.129742
v -0.171124 1.026215 0.151771
v -0.156314 1.027364 0.151771
v -0.298485 0.598995 0.151771
v -0.283674 0.600144 0.151771
v -0.219567 0.813179 0.151771
v -0.235232 0.813179 0.151771
v -0.251621 0.706662 0.151771
v -0.267285 0.706662 0.151771
v -0.203178 0.919697 0.151771
v -0.187513 0.919697 0.151771
v -0.170778 1.027364 0.151771
v -0.169578 1.027364 0.151771
v -0.155114 1.027364 0.151771
v -0.155460 1.026215 0.151771
v -0.299685 0.598995 0.151771
v -0.299339 0.600144 0.151771
v -0.284020 0.598995 0.151771
v -0.285220 0.598995 0.151771
v -0.171124 1.026215 0.162785
v -0.156314 1.027364 0.162785
v -0.298485 0.598995 0.162785
v -0.283674 0.600144 0.162785
v -0.219567 0.813179 0.162785
v -0.235232 0.813179 0.162785
v -0.251621 0.706662 0.162785
v -0.267285 0.706662 0.162785
v -0.203178 0.919697 0.162785
v -0.187513 0.919697 0.162785
v -0.170778 1.027364 0.162785
v -0.169578 1.027364 0.162785
v -0.155114 1.027364 0.162785
v -0.155460 1.026215 0.162785
v -0.299685 0.598995 0.162785
v -0.299339 0.600144 0.162785
v -0.284020 0.598995 0.162785
v -0.285220 0.598995 0.162785
v -0.283312 0.653403 -0.175000
v -0.282048 0.653441 -0.175000
v -0.267648 0.653403 0.175000
v -0.268889 0.653441 0.175000
v -0.267648 0.653403 -0.173800
v -0.283312 0.653403 0.173800
v -0.283312 0.653403 -0.173800
v -0.267648 0.653403 0.173800
v -0.267648 0.653403 -0.175000
v -0.268889 0.653441 -0.175000
v -0.283312 0.653403 0.175000
v -0.282048 0.653441 0.175000
v -0.267648 0.653403 0.000000
v -0.283312 0.653403 0.000000
v -0.283312 0.653403 -0.086900
v -0.267648 0.653403 -0.086900
v -0.267648 0.653403 -0.130350
v -0.283312 0.653403 -0.130350
v -0.283312 0.653403 -0.152075
v -0.267648 0.653403 -0.152075
v -0.267648 0.653403 -0.162937
v -0.283312 0.653403 -0.162937
v -0.267648 0.653403 0.086900
v -0.283312 0.653403 0.086900
v -0.267648 0.653403 0.129742
v -0.283312 0.653403 0.129742
v -0.267648 0.653403 0.151771
v -0.283312 0.653403 0.151771
v -0.267648 0.653403 0.162785
v -0.283312 0.653403 0.162785
v -0.291326 0.626773 -0.175000
v -0.290059 0.626818 -0.175000
v -0.275661 0.626773 0.175000
v -0.276901 0.626818 0.175000
v -0.275661 0.626773 -0.173800
v -0.291326 0.626773 0.173800
v -0.275661 0.626773 0.000000
v -0.275661 0.626773 -0.086900
v -0.275661 0.626773 -0.130350
v -0.275661 0.626773 -0.152075
v -0.275661 0.626773 -0.162937
v -0.275661 0.626773 0.086900
v -0.275661 0.626773 0.129742
v -0.275661 0.626773 0.151771
v -0.275661 0.626773 0.162785
v -0.291326 0.626773 -0.173800
v -0.275661 0.626773 0.173800
v -0.275661 0.626773 -0.175000
v -0.276901 0.626818 -0.175000
v -0.291326 0.626773 0.175000
v -0.290059 0.626818 0.175000
v -0.291326 0.626773 0.000000
v -0.291326 0.626773 -0.086900
v -0.291326 0.626773 -0.130350
v -0.291326 0.626773 -0.152075
v -0.291326 0.626773 -0.162937
v -0.291326 0.626773 0.086900
v -0.291326 0.626773 0.129742
v -0.291326 0.626773 0.151771
v -0.291326 0.626773 0.162785
v -0.295332 0.613459 -0.175000
v -0.294065 0.613506 -0.175000
v -0.279668 0.613459 0.175000
v -0.280907 0.613506 0.175000
v -0.279668 0.613459 -0.173800
v -0.295332 0.613459 0.173800
v -0.279668 0.613459 0.000000
v -0.279668 0.613459 -0.086900
v -0.279668 0.613459 -0.130350
v -0.279668 0.613459 -0.152075
v -0.279668 0.613459 -0.162937
v -0.279668 0.613459 0.086900
v -0.279668 0.613459 0.129742
v -0.279668 0.613459 0.151771
v -0.279668 0.613459 0.162785
v -0.295332 0.613459 -0.173800
v -0.279668 0.613459 0.173800
v -0.279668 0.613459 -0.175000
v -0.280907 0.613506 -0.175000
v -0.295332 0.613459 0.175000
v -0.294065 0.613507 0.175000
v -0.295332 0.613459 0.000000
v -0.295332 0.613459 -0.086900
v -0.295332 0.613459 -0.130350
v -0.295332 0.613459 -0.152075
v -0.295332 0.613459 -0.162937
v -0.295332 0.613459 0.086900
v -0.295332 0.613459 0.129742
v -0.295332 0.613459 0.151771
v -0.295332 0.613459 0.162785
v -0.186629 0.974691 -0.173800
v -0.170964 0.974691 0.173800
v -0.170964 0.974691 -0.175000
v -0.172229 0.974653 -0.175000
v -0.186629 0.974691 0.175000
v -0.185387 0.974653 0.175000
v -0.186629 0.974691 -0.175000
v -0.185387 0.974653 -0.175000
v -0.170964 0.974691 0.175000
v -0.172229 0.974652 0.175000
v -0.170964 0.974691 -0.173800
v -0.186629 0.974691 0.173800
v -0.186629 0.974691 0.000000
v -0.170964 0.974691 0.000000
v -0.170964 0.974691 -0.086900
v -0.186629 0.974691 -0.086900
v -0.186629 0.974691 -0.130350
v -0.170964 0.974691 -0.130350
v -0.170964 0.974691 -0.152075
v -0.186629 0.974691 -0.152075
v -0.186629 0.974691 -0.162937
v -0.170964 0.974691 -0.162937
v -0.186629 0.974691 0.086900
v -0.170964 0.974691 0.086900
v -0.186629 0.974691 0.129742
v -0.170964 0.974691 0.129742
v -0.186629 0.974691 0.151771
v -0.170964 0.974691 0.151771
v -0.186629 0.974691 0.162785
v -0.170964 0.974691 0.162785
v -0.178876 1.000453 -0.173800
v -0.163212 1.000453 0.173800
v -0.163212 1.000453 -0.175000
v -0.164478 1.000408 -0.175000
v -0.178876 1.000453 0.175000
v -0.177637 1.000408 0.175000
v -0.178876 1.000453 0.000000
v -0.178876 1.000453 -0.086900
v -0.178876 1.000453 -0.130350
v -0.178876 1.000453 -0.152075
v -0.178876 1.000453 -0.162937
v -0.178876 1.000453 0.086900
v -0.178876 1.000453 0.129742
v -0.178876 1.000453 0.151771
v -0.178876 1.000453 0.162785
v -0.178876 1.000453 -0.175000
v -0.177637 1.000408 -0.175000
v -0.163212 1.000453 0.175000
v -0.164478 1.000408 0.175000
v -0.163212 1.000453 -0.173800
v -0.178876 1.000453 0.173800
v -0.163212 1.000453 0.000000
v -0.163212 1.000453 -0.086900
v -0.163212 1.000453 -0.130350
v -0.163212 1.000453 -0.152075
v -0.163212 1.000453 -0.162937
v -0.163212 1.000453 0.086900
v -0.163212 1.000453 0.129742
v -0.163212 1.000453 0.151771
v -0.163212 1.000453 0.162785
v -0.175000 1.013334 -0.173800
v -0.159336 1.013334 0.173800
v -0.159336 1.013334 -0.175000
v -0.160603 1.013286 -0.175000
v -0.175000 1.013334 0.175000
v -0.173761 1.013286 0.175000
v -0.175000 1.013334 0.000000
v -0.175000 1.013334 -0.086900
v -0.175000 1.013334 -0.130350
v -0.175000 1.013334 -0.152075
v -0.175000 1.013334 -0.162937
v -0.175000 1.013334 0.086900
v -0.175000 1.013334 0.129742
v -0.175000 1.013334 0.151771
v -0.175000 1.013334 0.162785
v -0.175000 1.013334 -0.175000
v -0.173761 1.013286 -0.175000
v -0.159336 1.013334 0.175000
v -0.160603 1.013286 0.175000
v -0.159336 1.013334 -0.173800
v -0.175000 1.013334 0.173800
v -0.159336 1.013334 0.000000
v -0.159336 1.013334 -0.086900
v -0.159336 1.013334 -0.130350
v -0.159336 1.013334 -0.152075
v -0.159336 1.013334 -0.162937
v -0.159336 1.013334 0.086900
v -0.159336 1.013334 0.129742
v -0.159336 1.013334 0.151771
v -0.159336 1.013334 0.162785
v -0.258328 1.026253 0.000000
v -0.258782 1.027364 0.000000
v -0.257582 1.027364 0.000000
v -0.243782 1.027364 0.000000
v -0.242582 1.027364 0.000000
v -0.242129 1.026253 0.000000
v -0.201262 0.926056 0.000000
v -0.208153 0.903231 0.000000
v -0.207602 0.905057 0.000000
v -0.201814 0.924230 0.000000
v -0.209027 0.905374 0.000000
v -0.201974 0.927801 0.000000
v -0.233678 0.965814 0.000000
v -0.222052 0.977027 0.000000
v -0.246003 0.996033 0.000000
v -0.232090 1.001640 0.000000
v -0.252166 1.011143 0.000000
v -0.237109 1.013946 0.000000
v -0.212013 0.952414 0.000000
v -0.221353 0.935594 0.000000
v -0.206994 0.940108 0.000000
v -0.215190 0.920484 0.000000
v -0.258782 1.027364 -0.086900
v -0.257582 1.027364 -0.086900
v -0.242582 1.027364 -0.086900
v -0.242129 1.026253 -0.086900
v -0.258328 1.026253 -0.086900
v -0.243782 1.027364 -0.086900
v -0.201262 0.926056 -0.086900
v -0.208153 0.903231 -0.086900
v -0.207602 0.905057 -0.086900
v -0.201814 0.924230 -0.086900
v -0.209027 0.905374 -0.086900
v -0.201974 0.927801 -0.086900
v -0.233678 0.965814 -0.086900
v -0.222052 0.977027 -0.086900
v -0.246003 0.996033 -0.086900
v -0.232090 1.001640 -0.086900
v -0.252166 1.011143 -0.086900
v -0.237109 1.013946 -0.086900
v -0.212013 0.952414 -0.086900
v -0.221353 0.935594 -0.086900
v -0.206994 0.940108 -0.086900
v -0.215190 0.920484 -0.086900
v -0.258782 1.027364 -0.130350
v -0.257582 1.027364 -0.130350
v -0.242582 1.027364 -0.130350
v -0.242129 1.026253 -0.130350
v -0.258328 1.026253 -0.130350
v -0.243782 1.027364 -0.130350
v -0.201262 0.926056 -0.130350
v -0.208153 0.903231 -0.130350
v -0.207602 0.905057 -0.130350
v -0.201814 0.924230 -0.130350
v -0.209027 0.905374 -0.130350
v -0.201974 0.927801 -0.130350
v -0.233678 0.965814 -0.130350
v -0.222052 0.977027 -0.130350
v -0.246003 0.996033 -0.130350
v -0.232090 1.001640 -0.130350
v -0.252166 1.011143 -0.130350
v -0.237109 1.013946 -0.130350
v -0.212013 0.952414 -0.130350
v -0.221353 0.935594 -0.130350
v -0.206994 0.940108 -0.130350
v -0.215190 0.920484 -0.130350
v -0.258782 1.027364 -0.152075
v -0.257582 1.027364 -0.152075
v -0.242582 1.027364 -0.152075
v -0.242129 1.026253 -0.152075
v -0.258328 1.026253 -0.152075
v -0.243782 1.027364 -0.152075
v -0.201262 0.926056 -0.152075
v -0.208153 0.903231 -0.152075
v -0.207602 0.905057 -0.152075
v -0.201814 0.924230 -0.152075
v -0.209027 0.905374 -0.152075
v -0.201974 0.927801 -0.152075
v -0.233678 0.965814 -0.152075
v -0.222052 0.977027 -0.152075
v -0.246003 0.996033 -0.152075
v -0.232090 1.001640 -0.152075
v -0.252166 1.011143 -0.152075
v -0.237109 1.013946 -0.152075
v -0.212013 0.952414 -0.152075
v -0.221353 0.935594 -0.152075
v -0.206994 0.940108 -0.152075
v -0.215190 0.920484 -0.152075
v -0.258782 1.027364 -0.162937
v -0.257582 1.027364 -0.162937
v -0.242582 1.027364 -0.162937
v -0.242129 1.026253 -0.162937
v -0.258328 1.026253 -0.162937
v -0.243782 1.027364 -0.162937
v -0.201262 0.926056 -0.162937
v -0.208153 0.903231 -0.162937
v -0.207602 0.905057 -0.162937
v -0.201814 0.924230 -0.162938
v -0.209027 0.905374 -0.162937
v -0.201974 0.927801 -0.162937
v -0.233678 0.965814 -0.162937
v -0.222052 0.977027 -0.162937
v -0.246003 0.996033 -0.162937
v -0.232090 1.001640 -0.162937
v -0.252166 1.011143 -0.162937
v -0.237109 1.013946 -0.162937
v -0.212013 0.952414 -0.162937
v -0.221353 0.935594 -0.162937
v -0.206994 0.940108 -0.162937
v -0.215190 0.920484 -0.162937
v -0.258328 1.026253 0.086900
v -0.243782 1.027364 0.086900
v -0.201262 0.926056 0.086900
v -0.208153 0.903231 0.086900
v -0.207602 0.905057 0.086900
v -0.201814 0.924230 0.086900
v -0.209027 0.905374 0.086900
v -0.201974 0.927801 0.086900
v -0.233678 0.965814 0.086900
v -0.222052 0.977027 0.086900
v -0.246003 0.996033 0.086900
v -0.232090 1.001640 0.086900
v -0.252166 1.011143 0.086900
v -0.237109 1.013946 0.086900
v -0.212013 0.952414 0.086900
v -0.221352 0.935594 0.086900
v -0.206994 0.940108 0.086900
v -0.215190 0.920484 0.086900
v -0.258782 1.027364 0.086900
v -0.257582 1.027364 0.086900
v -0.242582 1.027364 0.086900
v -0.242129 1.026253 0.086900
v -0.258328 1.026253 0.130350
v -0.243782 1.027364 0.130350
v -0.201262 0.926056 0.130350
v -0.208153 0.903231 0.130350
v -0.207602 0.905057 0.130350
v -0.201814 0.924230 0.130350
v -0.209027 0.905374 0.130350
v -0.201974 0.927801 0.130350
v -0.233678 0.965814 0.130350
v -0.222052 0.977027 0.130350
v -0.246003 0.996033 0.130350
v -0.232090 1.001640 0.130350
v -0.252166 1.011143 0.130350
v -0.237109 1.013946 0.130350
v -0.212013 0.952414 0.130350
v -0.221352 0.935594 0.130350
v -0.206994 0.940108 0.130350
v -0.215190 0.920484 0.130350
v -0.258782 1.027364 0.130350
v -0.257582 1.027364 0.130350
v -0.242582 1.027364 0.130350
v -0.242129 1.026253 0.130350
v -0.258328 1.026253 0.152075
v -0.243782 1.027364 0.152075
v -0.201262 0.926056 0.152075
v -0.208153 0.903231 0.152075
v -0.207602 0.905057 0.152075
v -0.201814 0.924230 0.152075
v -0.209027 0.905374 0.152075
v -0.201974 0.927801 0.152075
v -0.233678 0.965814 0.152075
v -0.222052 0.977027 0.152075
v -0.246003 0.996033 0.152075
v -0.232090 1.001640 0.152075
v -0.252166 1.011143 0.152075
v -0.237109 1.013946 0.152075
v -0.212013 0.952414 0.152075
v -0.221352 0.935594 0.152075
v -0.206994 0.940108 0.152075
v -0.215190 0.920484 0.152075
v -0.258782 1.027364 0.152075
v -0.257582 1.027364 0.152075
v -0.242582 1.027364 0.152075
v -0.242129 1.026253 0.152075
v -0.258328 1.026253 0.162937
v -0.243782 1.027364 0.162937
v -0.201262 0.926056 0.162937
v -0.208153 0.903231 0.162937
v -0.207602 0.905057 0.162937
v -0.201814 0.924230 0.162938
v -0.209027 0.905374 0.162937
v -0.201974 0.927801 0.162937
v -0.233678 0.965814 0.162937
v -0.222052 0.977027 0.162937
v -0.246003 0.996033 0.162937
v -0.232090 1.001640 0.162937
v -0.252166 1.011143 0.162937
v -0.237109 1.013946 0.162937
v -0.212013 0.952414 0.162937
v -0.221352 0.935594 0.162937
v -0.206994 0.940108 0.162937
v -0.215190 0.920484 0.162937
v -0.258782 1.027364 0.162938
v -0.257582 1.027364 0.162937
v -0.242582 1.027364 0.162938
v -0.242129 1.026253 0.162937
v 0.322852 1.026178 0.000000
v 0.322667 1.027364 0.000000
v 0.323867 1.027364 0.000000
v 0.336648 1.027364 0.000000
v 0.337848 1.027364 0.000000
v 0.338033 1.026178 0.000000
v 0.390623 0.598995 0.000000
v 0.389423 0.598995 0.000000
v 0.389238 0.600181 0.000000
v 0.404419 0.600181 0.000000
v 0.404604 0.598995 0.000000
v 0.403404 0.598995 0.000000
v 0.371226 0.813179 0.000000
v 0.356045 0.813179 0.000000
v 0.387822 0.706680 0.000000
v 0.372641 0.706680 0.000000
v 0.396121 0.653430 0.000000
v 0.380940 0.653430 0.000000
v 0.400270 0.626806 0.000000
v 0.385089 0.626806 0.000000
v 0.402344 0.613493 0.000000
v 0.387163 0.613493 0.000000
v 0.339448 0.919679 0.000000
v 0.354629 0.919679 0.000000
v 0.331150 0.972928 0.000000
v 0.346331 0.972928 0.000000
v 0.327001 0.999553 0.000000
v 0.342182 0.999553 0.000000
v 0.324926 1.012866 0.000000
v 0.340107 1.012866 0.000000
v 0.322852 1.026178 0.086900
v 0.336648 1.027364 0.086900
v 0.390623 0.598995 0.086900
v 0.404419 0.600181 0.086900
v 0.371226 0.813179 0.086900
v 0.356045 0.813179 0.086900
v 0.387822 0.706680 0.086900
v 0.372641 0.706680 0.086900
v 0.396121 0.653430 0.086900
v 0.380940 0.653430 0.086900
v 0.400270 0.626805 0.086900
v 0.385089 0.626806 0.086900
v 0.402344 0.613493 0.086900
v 0.387163 0.613493 0.086900
v 0.339448 0.919679 0.086900
v 0.354629 0.919679 0.086900
v 0.331150 0.972928 0.086900
v 0.346331 0.972928 0.086900
v 0.327001 0.999553 0.086900
v 0.342182 0.999553 0.086900
v 0.324926 1.012866 0.086900
v 0.340107 1.012866 0.086900
v 0.322667 1.027364 0.086900
v 0.323867 1.027364 0.086900
v 0.337848 1.027364 0.086900
v 0.338033 1.026178 0.086900
v 0.389423 0.598995 0.086900
v 0.389238 0.600181 0.086900
v 0.404604 0.598995 0.086900
v 0.403404 0.598995 0.086900
v 0.322852 1.026178 0.130350
v 0.336648 1.027364 0.130350
v 0.390623 0.598995 0.130350
v 0.404419 0.600181 0.130350
v 0.371226 0.813179 0.130350
v 0.356045 0.813179 0.130350
v 0.387822 0.706680 0.130350
v 0.372641 0.706680 0.130350
v 0.396121 0.653430 0.130350
v 0.380940 0.653430 0.130350
v 0.400270 0.626805 0.130350
v 0.385089 0.626806 0.130350
v 0.402344 0.613493 0.130350
v 0.387163 0.613493 0.130350
v 0.339448 0.919679 0.130350
v 0.354629 0.919679 0.130350
v 0.331150 0.972928 0.130350
v 0.346331 0.972928 0.130350
v 0.327001 0.999553 0.130350
v 0.342182 0.999553 0.130350
v 0.324926 1.012866 0.130350
v 0.340107 1.012866 0.130350
v 0.322667 1.027364 0.130350
v 0.323867 1.027364 0.130350
v 0.337848 1.027364 0.130350
v 0.338033 1.026178 0.130350
v 0.389423 0.598995 0.130350
v 0.389238 0.600181 0.130350
v 0.404604 0.598995 0.130350
v 0.403404 0.598995 0.130350
v 0.322852 1.026178 0.152075
v 0.336648 1.027364 0.152075
v 0.390623 0.598995 0.152075
v 0.404419 0.600181 0.152075
v 0.371226 0.813179 0.152075
v 0.356045 0.813179 0.152075
v 0.387822 0.706680 0.152075
v 0.372641 0.706680 0.152075
v 0.396121 0.653430 0.152075
v 0.380940 0.653430 0.152075
v 0.400270 0.626805 0.152075
v 0.385089 0.626806 0.152075
v 0.402344 0.613493 0.152075
v 0.387163 0.613493 0.152075
v 0.339448 0.919679 0.152075
v 0.354629 0.919679 0.152075
v 0.331150 0.972928 0.152075
v 0.346331 0.972928 0.152075
v 0.327001 0.999553 0.152075
v 0.342182 0.999553 0.152075
v 0.324926 1.012866 0.152075
v 0.340107 1.012866 0.152075
v 0.322667 1.027364 0.152075
v 0.323867 1.027364 0.152075
v 0.337848 1.027364 0.152075
v 0.338033 1.026178 0.152075
v 0.389423 0.598995 0.152075
v 0.389238 0.600181 0.152075
v 0.404604 0.598995 0.152075
v 0.403404 0.598995 0.152075
v 0.322852 1.026178 0.162453
v 0.336648 1.027364 0.162453
v 0.390623 0.598995 0.162453
v 0.404419 0.600181 0.162453
v 0.371226 0.813179 0.162453
v 0.356045 0.813179 0.162453
v 0.387822 0.706680 0.162453
v 0.372641 0.706680 0.162453
v 0.396121 0.653430 0.162453
v 0.380940 0.653430 0.162453
v 0.400270 0.626805 0.162453
v 0.385089 0.626806 0.162453
v 0.402344 0.613493 0.162453
v 0.387163 0.613493 0.162453
v 0.339448 0.919679 0.162453
v 0.354629 0.919679 0.162453
v 0.331150 0.972928 0.162453
v 0.346331 0.972928 0.162453
v 0.327001 0.999553 0.162453
v 0.342182 0.999553 0.162453
v 0.324926 1.012866 0.162453
v 0.340107 1.012866 0.162453
v 0.322667 1.027364 0.162453
v 0.323867 1.027364 0.162453
v 0.337848 1.027364 0.162453
v 0.338033 1.026178 0.162453
v 0.389423 0.598995 0.162453
v 0.389238 0.600181 0.162453
v 0.404604 0.598995 0.162453
v 0.403404 0.598995 0.162453
v 0.322667 1.027364 -0.086900
v 0.323867 1.027364 -0.086900
v 0.337848 1.027364 -0.086900
v 0.338033 1.026178 -0.086900
v 0.389423 0.598995 -0.086900
v 0.389238 0.600181 -0.086900
v 0.404604 0.598995 -0.086900
v 0.403404 0.598995 -0.086900
v 0.322852 1.026178 -0.086900
v 0.336648 1.027364 -0.086900
v 0.390623 0.598995 -0.086900
v 0.404419 0.600181 -0.086900
v 0.371226 0.813179 -0.086900
v 0.356045 0.813179 -0.086900
v 0.387822 0.706680 -0.086900
v 0.372641 0.706680 -0.086900
v 0.396121 0.653430 -0.086900
v 0.380940 0.653430 -0.086900
v 0.400270 0.626806 -0.086900
v 0.385089 0.626806 -0.086900
v 0.402344 0.613493 -0.086900
v 0.387163 0.613493 -0.086900
v 0.339448 0.919679 -0.086900
v 0.354629 0.919679 -0.086900
v 0.331150 0.972928 -0.086900
v 0.346331 0.972928 -0.086900
v 0.327001 0.999553 -0.086900
v 0.342182 0.999553 -0.086900
v 0.324926 1.012866 -0.086900
v 0.340107 1.012866 -0.086900
v 0.322667 1.027364 -0.130350
v 0.323867 1.027364 -0.130350
v 0.337848 1.027364 -0.130350
v 0.338033 1.026178 -0.130350
v 0.389423 0.598995 -0.130350
v 0.389238 0.600181 -0.130350
v 0.404604 0.598995 -0.130350
v 0.403404 0.598995 -0.130350
v 0.322852 1.026178 -0.130350
v 0.336648 1.027364 -0.130350
v 0.390623 0.598995 -0.130350
v 0.404419 0.600181 -0.130350
v 0.371226 0.813179 -0.130350
v 0.356045 0.813179 -0.130350
v 0.387822 0.706680 -0.130350
v 0.372641 0.706680 -0.130350
v 0.396121 0.653430 -0.130350
v 0.380940 0.653430 -0.130350
v 0.400270 0.626806 -0.130350
v 0.385089 0.626806 -0.130350
v 0.402344 0.613493 -0.130350
v 0.387163 0.613493 -0.130350
v 0.339448 0.919679 -0.130350
v 0.354629 0.919679 -0.130350
v 0.331150 0.972928 -0.130350
v 0.346331 0.972928 -0.130350
v 0.327001 0.999553 -0.130350
v 0.342182 0.999553 -0.130350
v 0.324926 1.012866 -0.130350
v 0.340107 1.012866 -0.130350
v 0.322667 1.027364 -0.152075
v 0.323867 1.027364 -0.152075
v 0.337848 1.027364 -0.152075
v 0.338033 1.026178 -0.152075
v 0.389423 0.598995 -0.152075
v 0.389238 0.600181 -0.152075
v 0.404604 0.598995 -0.152075
v 0.403404 0.598995 -0.152075
v 0.322852 1.026178 -0.152075
v 0.336648 1.027364 -0.152075
v 0.390623 0.598995 -0.152075
v 0.404419 0.600181 -0.152075
v 0.371226 0.813179 -0.152075
v 0.356045 0.813179 -0.152075
v 0.387822 0.706680 -0.152075
v 0.372641 0.706680 -0.152075
v 0.396121 0.653430 -0.152075
v 0.380940 0.653430 -0.152075
v 0.400270 0.626806 -0.152075
v 0.385089 0.626806 -0.152075
v 0.402344 0.613493 -0.152075
v 0.387163 0.613493 -0.152075
v 0.339448 0.919679 -0.152075
v 0.354629 0.919679 -0.152075
v 0.331150 0.972928 -0.152075
v 0.346331 0.972928 -0.152075
v 0.327001 0.999553 -0.152075
v 0.342182 0.999553 -0.152075
v 0.324926 1.012866 -0.152075
v 0.340107 1.012866 -0.152075
v 0.322667 1.027364 -0.162937
v 0.323867 1.027364 -0.162937
v 0.337848 1.027364 -0.162937
v 0.338033 1.026178 -0.162937
v 0.389423 0.598995 -0.162937
v 0.389238 0.600181 -0.162937
v 0.404604 0.598995 -0.162937
v 0.403404 0.598995 -0.162937
v 0.322852 1.026178 -0.162937
v 0.336648 1.027364 -0.162937
v 0.390623 0.598995 -0.162937
v 0.404419 0.600181 -0.162937
v 0.371226 0.813179 -0.162937
v 0.356045 0.813179 -0.162937
v 0.387822 0.706680 -0.162937
v 0.372641 0.706680 -0.162937
v 0.396121 0.653430 -0.162937
v 0.380940 0.653430 -0.162937
v 0.400270 0.626806 -0.162937
v 0.385089 0.626806 -0.162937
v 0.402344 0.613493 -0.162937
v 0.387163 0.613493 -0.162937
v 0.339448 0.919679 -0.162937
v 0.354629 0.919679 -0.162937
v 0.331150 0.972928 -0.162937
v 0.346331 0.972928 -0.162937
v 0.327001 0.999553 -0.162937
v 0.342182 0.999553 -0.162937
v 0.324926 1.012866 -0.162937
v 0.340107 1.012866 -0.162937
v 0.427802 0.352741 -0.173800
v 0.427802 0.352741 -0.175000
v 0.429016 0.352741 -0.175000
v 0.442983 0.352741 0.173800
v 0.442983 0.352741 0.175000
v 0.441768 0.352740 0.175000
v 0.442983 0.352741 -0.173800
v 0.442983 0.352741 -0.175000
v 0.441768 0.352740 -0.175000
v 0.427802 0.352741 0.173800
v 0.427802 0.352741 0.175000
v 0.429016 0.352741 0.175000
v 0.409875 0.467775 -0.173800
v 0.425056 0.467775 0.173800
v 0.425056 0.467775 -0.175000
v 0.423842 0.467768 -0.175000
v 0.409875 0.467775 0.175000
v 0.411090 0.467768 0.175000
v 0.409875 0.467775 -0.175000
v 0.411090 0.467768 -0.175000
v 0.425056 0.467775 0.175000
v 0.423842 0.467768 0.175000
v 0.425056 0.467775 -0.173800
v 0.409875 0.467775 0.173800
v 0.400911 0.525292 -0.173800
v 0.416092 0.525292 0.173800
v 0.416092 0.525292 -0.175000
v 0.414879 0.525281 -0.175000
v 0.400911 0.525292 0.175000
v 0.402127 0.525281 0.175000
v 0.400911 0.525292 -0.175000
v 0.402127 0.525281 -0.175000
v 0.416092 0.525292 0.175000
v 0.414879 0.525281 0.175000
v 0.416092 0.525292 -0.173800
v 0.400911 0.525292 0.173800
v 0.396429 0.554051 -0.173800
v 0.411610 0.554051 0.173800
v 0.411610 0.554051 -0.175000
v 0.410398 0.554038 -0.175000
v 0.396429 0.554051 0.175000
v 0.397646 0.554038 0.175000
v 0.396429 0.554051 -0.175000
v 0.397646 0.554038 -0.175000
v 0.411610 0.554051 0.175000
v 0.410398 0.554038 0.175000
v 0.411610 0.554051 -0.173800
v 0.396429 0.554051 0.173800
v 0.394189 0.568430 -0.173800
v 0.409370 0.568430 0.173800
v 0.409369 0.568430 -0.175000
v 0.408157 0.568417 -0.175000
v 0.394188 0.568430 0.175000
v 0.395405 0.568417 0.175000
v 0.394189 0.568430 -0.175000
v 0.395405 0.568417 -0.175000
v 0.409370 0.568430 0.175000
v 0.408157 0.568417 0.175000
v 0.409369 0.568430 -0.173800
v 0.394188 0.568430 0.173800
v 0.445729 0.237706 -0.175000
v 0.446942 0.237713 -0.175000
v 0.460910 0.237706 0.175000
v 0.459694 0.237713 0.175000
v 0.460910 0.237706 -0.173800
v 0.445729 0.237706 0.173800
v 0.445729 0.237706 -0.173800
v 0.460910 0.237706 0.173800
v 0.460910 0.237706 -0.175000
v 0.459694 0.237713 -0.175000
v 0.445729 0.237706 0.175000
v 0.446942 0.237713 0.175000
v 0.454692 0.180189 -0.175000
v 0.455905 0.180200 -0.175000
v 0.469873 0.180189 0.175000
v 0.468657 0.180200 0.175000
v 0.469873 0.180189 -0.173800
v 0.454692 0.180189 0.173800
v 0.454692 0.180189 -0.173800
v 0.469873 0.180189 0.173800
v 0.469873 0.180189 -0.175000
v 0.468657 0.180200 -0.175000
v 0.454692 0.180189 0.175000
v 0.455905 0.180200 0.175000
v 0.459174 0.151430 -0.175000
v 0.460387 0.151443 -0.175000
v 0.474355 0.151430 0.175000
v 0.473139 0.151443 0.175000
v 0.474355 0.151430 -0.173800
v 0.459174 0.151430 0.173800
v 0.459174 0.151430 -0.173800
v 0.474355 0.151430 0.173800
v 0.474355 0.151430 -0.175000
v 0.473139 0.151443 -0.175000
v 0.459174 0.151430 0.175000
v 0.460387 0.151443 0.175000
v 0.461415 0.137051 -0.175000
v 0.462627 0.137065 -0.175000
v 0.476596 0.137051 0.175000
v 0.475379 0.137065 0.175000
v 0.476596 0.137051 -0.173800
v 0.461415 0.137051 0.173800
v 0.461415 0.137051 -0.173800
v 0.476596 0.137051 0.173800
v 0.476596 0.137051 -0.175000
v 0.475379 0.137065 -0.175000
v 0.461415 0.137051 0.175000
v 0.462627 0.137065 0.175000
v 0.391948 0.582809 0.000000
v 0.391763 0.583995 0.000000
v 0.392963 0.583995 0.000000
v 0.405744 0.583995 0.000000
v 0.406944 0.583995 0.000000
v 0.407129 0.582809 0.000000
v 0.465041 0.121486 0.000000
v 0.463841 0.121486 0.000000
v 0.463656 0.122672 0.000000
v 0.478837 0.122672 0.000000
v 0.479022 0.121486 0.000000
v 0.477822 0.121486 0.000000
v 0.442983 0.352741 0.000000
v 0.427802 0.352741 0.000000
v 0.409875 0.467775 0.000000
v 0.425056 0.467775 0.000000
v 0.400911 0.525292 0.000000
v 0.416092 0.525292 0.000000
v 0.396429 0.554051 0.000000
v 0.411610 0.554051 0.000000
v 0.394189 0.568430 0.000000
v 0.409369 0.568430 0.000000
v 0.460910 0.237706 0.000000
v 0.445729 0.237706 0.000000
v 0.469873 0.180189 0.000000
v 0.454692 0.180189 0.000000
v 0.474355 0.151430 0.000000
v 0.459174 0.151430 0.000000
v 0.476596 0.137051 0.000000
v 0.461415 0.137051 0.000000
v 0.391948 0.582809 0.086900
v 0.405744 0.583995 0.086900
v 0.465041 0.121486 0.086900
v 0.478837 0.122672 0.086900
v 0.442983 0.352741 0.086900
v 0.427802 0.352741 0.086900
v 0.409875 0.467775 0.086900
v 0.425056 0.467775 0.086900
v 0.400911 0.525292 0.086900
v 0.416092 0.525292 0.086900
v 0.396429 0.554051 0.086900
v 0.411610 0.554051 0.086900
v 0.394188 0.568430 0.086900
v 0.409370 0.568430 0.086900
v 0.460910 0.237706 0.086900
v 0.445729 0.237706 0.086900
v 0.469873 0.180189 0.086900
v 0.454692 0.180189 0.086900
v 0.474355 0.151430 0.086900
v 0.459174 0.151430 0.086900
v 0.476596 0.137051 0.086900
v 0.461415 0.137051 0.086900
v 0.391763 0.583995 0.086900
v 0.392963 0.583995 0.086900
v 0.406944 0.583995 0.086900
v 0.407129 0.582809 0.086900
v 0.463841 0.121486 0.086900
v 0.463656 0.122672 0.086900
v 0.479022 0.121486 0.086900
v 0.477822 0.121486 0.086900
v 0.391948 0.582809 0.130350
v 0.405744 0.583995 0.130350
v 0.465041 0.121486 0.130350
v 0.478837 0.122672 0.130350
v 0.442983 0.352741 0.130350
v 0.427802 0.352741 0.130350
v 0.409875 0.467775 0.130350
v 0.425056 0.467775 0.130350
v 0.400911 0.525292 0.130350
v 0.416092 0.525292 0.130350
v 0.396429 0.554051 0.130350
v 0.411610 0.554051 0.130350
v 0.394188 0.568430 0.130350
v 0.409370 0.568430 0.130350
v 0.460910 0.237706 0.130350
v 0.445729 0.237706 0.130350
v 0.469873 0.180189 0.130350
v 0.454692 0.180189 0.130350
v 0.474355 0.151430 0.130350
v 0.459174 0.151430 0.130350
v 0.476596 0.137051 0.130350
v 0.461415 0.137051 0.130350
v 0.391763 0.583995 0.130350
v 0.392963 0.583995 0.130350
v 0.406944 0.583995 0.130350
v 0.407129 0.582809 0.130350
v 0.463841 0.121486 0.130350
v 0.463656 0.122672 0.130350
v 0.479022 0.121486 0.130350
v 0.477822 0.121486 0.130350
v 0.391948 0.582809 0.152075
v 0.405744 0.583995 0.152075
v 0.465041 0.121486 0.152075
v 0.478837 0.122672 0.152075
v 0.442983 0.352741 0.152075
v 0.427802 0.352741 0.152075
v 0.409875 0.467775 0.152075
v 0.425056 0.467775 0.152075
v 0.400911 0.525292 0.152075
v 0.416092 0.525292 0.152075
v 0.396429 0.554051 0.152075
v 0.411610 0.554051 0.152075
v 0.394188 0.568430 0.152075
v 0.409370 0.568430 0.152075
v 0.460910 0.237706 0.152075
v 0.445729 0.237706 0.152075
v 0.469873 0.180189 0.152075
v 0.454692 0.180189 0.152075
v 0.474355 0.151430 0.152075
v 0.459174 0.151430 0.152075
v 0.476596 0.137051 0.152075
v 0.461415 0.137051 0.152075
v 0.391763 0.583995 0.152075
v 0.392963 0.583995 0.152075
v 0.406944 0.583995 0.152075
v 0.407129 0.582809 0.152075
v 0.463841 0.121486 0.152075
v 0.463656 0.122672 0.152075
v 0.479022 0.121486 0.152075
v 0.477822 0.121486 0.152075
v 0.391948 0.582809 0.162937
v 0.405744 0.583995 0.162937
v 0.465041 0.121486 0.162937
v 0.478837 0.122672 0.162937
v 0.442983 0.352741 0.162937
v 0.427802 0.352741 0.162937
v 0.409875 0.467775 0.162937
v 0.425056 0.467775 0.162937
v 0.400911 0.525292 0.162937
v 0.416092 0.525292 0.162937
v 0.396429 0.554051 0.162937
v 0.411610 0.554051 0.162937
v 0.394188 0.568430 0.162937
v 0.409370 0.568430 0.162937
v 0.460910 0.237706 0.162937
v 0.445729 0.237706 0.162937
v 0.469873 0.180189 0.162937
v 0.454692 0.180189 0.162937
v 0.474355 0.151430 0.162937
v 0.459174 0.151430 0.162937
v 0.476596 0.137051 0.162937
v 0.461415 0.137051 0.162937
v 0.391763 0.583995 0.162938
v 0.392963 0.583995 0.162937
v 0.406944 0.583995 0.162938
v 0.407129 0.582809 0.162937
v 0.463841 0.121486 0.162937
v 0.463656 0.122672 0.162937
v 0.479022 0.121486 0.162937
v 0.477822 0.121486 0.162937
v 0.391763 0.583995 -0.086900
v 0.392963 0.583995 -0.086900
v 0.406944 0.583995 -0.086900
v 0.407129 0.582809 -0.086900
v 0.463841 0.121486 -0.086900
v 0.463656 0.122672 -0.086900
v 0.479022 0.121486 -0.086900
v 0.477822 0.121486 -0.086900
v 0.391948 0.582809 -0.086900
v 0.405744 0.583995 -0.086900
v 0.465041 0.121486 -0.086900
v 0.478837 0.122672 -0.086900
v 0.442983 0.352741 -0.086900
v 0.427802 0.352741 -0.086900
v 0.409875 0.467775 -0.086900
v 0.425056 0.467775 -0.086900
v 0.400911 0.525292 -0.086900
v 0.416092 0.525292 -0.086900
v 0.396429 0.554051 -0.086900
v 0.411610 0.554051 -0.086900
v 0.394189 0.568430 -0.086900
v 0.409369 0.568430 -0.086900
v 0.460910 0.237706 -0.086900
v 0.445729 0.237706 -0.086900
v 0.469873 0.180189 -0.086900
v 0.454692 0.180189 -0.086900
v 0.474355 0.151430 -0.086900
v 0.459174 0.151430 -0.086900
v 0.476596 0.137051 -0.086900
v 0.461415 0.137051 -0.086900
v 0.391763 0.583995 -0.130350
v 0.392963 0.583995 -0.130350
v 0.406944 0.583995 -0.130350
v 0.407129 0.582809 -0.130350
v 0.463841 0.121486 -0.130350
v 0.463656 0.122672 -0.130350
v 0.479022 0.121486 -0.130350
v 0.477822 0.121486 -0.130350
v 0.391948 0.582809 -0.130350
v 0.405744 0.583995 -0.130350
v 0.465041 0.121486 -0.130350
v 0.478837 0.122672 -0.130350
v 0.442983 0.352741 -0.130350
v 0.427802 0.352741 -0.130350
v 0.409875 0.467775 -0.130350
v 0.425056 0.467775 -0.130350
v 0.400911 0.525292 -0.130350
v 0.416092 0.525292 -0.130350
v 0.396429 0.554051 -0.130350
v 0.411610 0.554051 -0.130350
v 0.394189 0.568430 -0.130350
v 0.409369 0.568430 -0.130350
v 0.460910 0.237706 -0.130350
v 0.445729 0.237706 -0.130350
v 0.469873 0.180189 -0.130350
v 0.454692 0.180189 -0.130350
v 0.474355 0.151430 -0.130350
v 0.459174 0.151430 -0.130350
v 0.476596 0.137051 -0.130350
v 0.461415 0.137051 -0.130350
v 0.391763 0.583995 -0.152075
v 0.392963 0.583995 -0.152075
v 0.406944 0.583995 -0.152075
v 0.407129 0.582809 -0.152075
v 0.463841 0.121486 -0.152075
v 0.463656 0.122672 -0.152075
v 0.479022 0.121486 -0.152075
v 0.477822 0.121486 -0.152075
v 0.391948 0.582809 -0.152075
v 0.405744 0.583995 -0.152075
v 0.465041 0.121486 -0.152075
v 0.478837 0.122672 -0.152075
v 0.442983 0.352741 -0.152075
v 0.427802 0.352741 -0.152075
v 0.409875 0.467775 -0.152075
v 0.425056 0.467775 -0.152075
v 0.400911 0.525292 -0.152075
v 0.416092 0.525292 -0.152075
v 0.396429 0.554051 -0.152075
v 0.411610 0.554051 -0.152075
v 0.394189 0.568430 -0.152075
v 0.409369 0.568430 -0.152075
v 0.460910 0.237706 -0.152075
v 0.445729 0.237706 -0.152075
v 0.469873 0.180189 -0.152075
v 0.454692 0.180189 -0.152075
v 0.474355 0.151430 -0.152075
v 0.459174 0.151430 -0.152075
v 0.476596 0.137051 -0.152075
v 0.461415 0.137051 -0.152075
v 0.391763 0.583995 -0.162937
v 0.392963 0.583995 -0.162937
v 0.406944 0.583995 -0.162937
v 0.407129 0.582809 -0.162937
v 0.463841 0.121486 -0.162937
v 0.463656 0.122672 -0.162937
v 0.479022 0.121486 -0.162937
v 0.477822 0.121486 -0.162937
v 0.391948 0.582809 -0.162937
v 0.405744 0.583995 -0.162937
v 0.465041 0.121486 -0.162937
v 0.478837 0.122672 -0.162937
v 0.442983 0.352741 -0.162937
v 0.427802 0.352741 -0.162937
v 0.409875 0.467775 -0.162937
v 0.425056 0.467775 -0.162937
v 0.400911 0.525292 -0.162937
v 0.416092 0.525292 -0.162937
v 0.396429 0.554051 -0.162937
v 0.411610 0.554051 -0.162937
v 0.394189 0.568430 -0.162937
v 0.409369 0.568430 -0.162937
v 0.460910 0.237706 -0.162937
v 0.445729 0.237706 -0.162937
v 0.469873 0.180189 -0.162937
v 0.454692 0.180189 -0.162937
v 0.474355 0.151430 -0.162937
v 0.459174 0.151430 -0.162937
v 0.476596 0.137051 -0.162937
v 0.461415 0.137051 -0.162937
v 0.016378 0.352741 -0.173800
v 0.016378 0.352741 -0.175000
v 0.017674 0.352741 -0.175000
v 0.032578 0.352741 0.173800
v 0.032578 0.352741 0.175000
v 0.031282 0.352741 0.175000
v 0.032578 0.352741 -0.173800
v 0.032578 0.352741 -0.175000
v 0.031282 0.352741 -0.175000
v 0.016378 0.352741 0.173800
v 0.016378 0.352741 0.175000
v 0.017674 0.352741 0.175000
v -0.030556 0.467812 -0.173800
v -0.014356 0.467812 0.173800
v -0.014356 0.467812 -0.175000
v -0.015634 0.467768 -0.175000
v -0.030556 0.467812 0.175000
v -0.029242 0.467768 0.175000
v -0.030556 0.467812 -0.175000
v -0.029242 0.467768 -0.175000
v -0.014356 0.467812 0.175000
v -0.015634 0.467768 0.175000
v -0.014356 0.467812 -0.173800
v -0.030556 0.467812 0.173800
v -0.054023 0.525348 -0.173800
v -0.037823 0.525348 0.173800
v -0.037823 0.525348 -0.175000
v -0.039092 0.525281 -0.175000
v -0.054023 0.525348 0.175000
v -0.052700 0.525281 0.175000
v -0.054023 0.525348 -0.175000
v -0.052700 0.525281 -0.175000
v -0.037823 0.525348 0.175000
v -0.039092 0.525281 0.175000
v -0.037823 0.525348 -0.173800
v -0.054023 0.525348 0.173800
v -0.065757 0.554116 -0.173800
v -0.049557 0.554116 0.173800
v -0.049557 0.554116 -0.175000
v -0.050821 0.554038 -0.175000
v -0.065757 0.554116 0.175000
v -0.064429 0.554038 0.175000
v -0.065757 0.554116 -0.175000
v -0.064429 0.554038 -0.175000
v -0.049557 0.554116 0.175000
v -0.050821 0.554038 0.175000
v -0.049557 0.554116 -0.173800
v -0.065757 0.554116 0.173800
v -0.071623 0.568500 -0.173800
v -0.055424 0.568500 0.173800
v -0.055424 0.568500 -0.175000
v -0.056686 0.568417 -0.175000
v -0.071623 0.568500 0.175000
v -0.070293 0.568417 0.175000
v -0.071623 0.568500 -0.175000
v -0.070293 0.568417 -0.175000
v -0.055424 0.568500 0.175000
v -0.056686 0.568417 0.175000
v -0.055424 0.568500 -0.173800
v -0.071623 0.568500 0.173800
v 0.063312 0.237669 -0.175000
v 0.064590 0.237713 -0.175000
v 0.079512 0.237669 0.175000
v 0.078198 0.237713 0.175000
v 0.079512 0.237669 -0.173800
v 0.063312 0.237669 0.173800
v 0.063312 0.237669 -0.173800
v 0.079512 0.237669 0.173800
v 0.079512 0.237669 -0.175000
v 0.078198 0.237713 -0.175000
v 0.063312 0.237669 0.175000
v 0.064590 0.237714 0.175000
v 0.089864 0.172571 -0.175000
v 0.091131 0.172641 -0.175000
v 0.106063 0.172571 0.175000
v 0.104739 0.172641 0.175000
v 0.106063 0.172571 -0.173800
v 0.089864 0.172571 0.173800
v 0.089864 0.172571 -0.173800
v 0.106063 0.172571 0.173800
v 0.106063 0.172571 -0.175000
v 0.104739 0.172641 -0.175000
v 0.089864 0.172571 0.175000
v 0.091131 0.172641 0.175000
v 0.100412 0.146708 -0.175000
v 0.101676 0.146788 -0.175000
v 0.116612 0.146708 0.175000
v 0.115284 0.146788 0.175000
v 0.116612 0.146708 -0.173800
v 0.100412 0.146708 0.173800
v 0.100412 0.146708 -0.173800
v 0.116612 0.146708 0.173800
v 0.116612 0.146708 -0.175000
v 0.115284 0.146788 -0.175000
v 0.100412 0.146708 0.175000
v 0.101676 0.146788 0.175000
v 0.105329 0.134653 -0.175000
v 0.106591 0.134737 -0.175000
v 0.121529 0.134653 0.175000
v 0.120199 0.134737 0.175000
v 0.121529 0.134653 -0.173800
v 0.105329 0.134653 0.173800
v 0.105329 0.134653 -0.173800
v 0.121529 0.134653 0.173800
v 0.121529 0.134653 -0.175000
v 0.120199 0.134737 -0.175000
v 0.105329 0.134653 0.175000
v 0.106591 0.134737 0.175000
v -0.077490 0.582884 0.000000
v -0.077943 0.583995 0.000000
v -0.076743 0.583995 0.000000
v -0.062943 0.583995 0.000000
v -0.061743 0.583995 0.000000
v -0.061290 0.582884 0.000000
v 0.111899 0.121486 0.000000
v 0.110699 0.121486 0.000000
v 0.110246 0.122597 0.000000
v 0.126446 0.122597 0.000000
v 0.126899 0.121486 0.000000
v 0.125699 0.121486 0.000000
v 0.032578 0.352741 0.000000
v 0.016378 0.352741 0.000000
v -0.030556 0.467812 0.000000
v -0.014356 0.467812 0.000000
v -0.054023 0.525348 0.000000
v -0.037823 0.525348 0.000000
v -0.065757 0.554116 0.000000
v -0.049557 0.554116 0.000000
v -0.071623 0.568500 0.000000
v -0.055424 0.568500 0.000000
v 0.079512 0.237669 0.000000
v 0.063312 0.237669 0.000000
v 0.106063 0.172571 0.000000
v 0.089864 0.172571 0.000000
v 0.116612 0.146708 0.000000
v 0.100412 0.146708 0.000000
v 0.121529 0.134653 0.000000
v 0.105329 0.134653 0.000000
v -0.077490 0.582884 0.086900
v -0.062943 0.583995 0.086900
v 0.111899 0.121486 0.086900
v 0.126446 0.122597 0.086900
v 0.032578 0.352741 0.086900
v 0.016378 0.352741 0.086900
v -0.030556 0.467812 0.086900
v -0.014356 0.467812 0.086900
v -0.054023 0.525348 0.086900
v -0.037823 0.525348 0.086900
v -0.065757 0.554116 0.086900
v -0.049557 0.554116 0.086900
v -0.071623 0.568500 0.086900
v -0.055424 0.568500 0.086900
v 0.079512 0.237669 0.086900
v 0.063312 0.237669 0.086900
v 0.106063 0.172571 0.086900
v 0.089864 0.172571 0.086900
v 0.116612 0.146708 0.086900
v 0.100412 0.146708 0.086900
v 0.121529 0.134653 0.086900
v 0.105329 0.134653 0.086900
v -0.077943 0.583995 0.086900
v -0.076743 0.583995 0.086900
v -0.061743 0.583995 0.086900
v -0.061290 0.582884 0.086900
v 0.110699 0.121486 0.086900
v 0.110246 0.122597 0.086900
v 0.126899 0.121486 0.086900
v 0.125699 0.121486 0.086900
v -0.077490 0.582884 0.130350
v -0.062943 0.583995 0.130350
v 0.111899 0.121486 0.130350
v 0.126446 0.122597 0.130350
v 0.032578 0.352741 0.130350
v 0.016378 0.352741 0.130350
v -0.030556 0.467812 0.130350
v -0.014356 0.467812 0.130350
v -0.054023 0.525348 0.130350
v -0.037823 0.525348 0.130350
v -0.065757 0.554116 0.130350
v -0.049557 0.554116 0.130350
v -0.071623 0.568500 0.130350
v -0.055424 0.568500 0.130350
v 0.079512 0.237669 0.130350
v 0.063312 0.237669 0.130350
v 0.106063 0.172571 0.130350
v 0.089864 0.172571 0.130350
v 0.116612 0.146708 0.130350
v 0.100412 0.146708 0.130350
v 0.121529 0.134653 0.130350
v 0.105329 0.134653 0.130350
v -0.077943 0.583995 0.130350
v -0.076743 0.583995 0.130350
v -0.061743 0.583995 0.130350
v -0.061290 0.582884 0.130350
v 0.110699 0.121486 0.130350
v 0.110246 0.122597 0.130350
v 0.126899 0.121486 0.130350
v 0.125699 0.121486 0.130350
v -0.077490 0.582884 0.152075
v -0.062943 0.583995 0.152075
v 0.111899 0.121486 0.152075
v 0.126446 0.122597 0.152075
v 0.032578 0.352741 0.152075
v 0.016378 0.352741 0.152075
v -0.030556 0.467812 0.152075
v -0.014356 0.467812 0.152075
v -0.054023 0.525348 0.152075
v -0.037823 0.525348 0.152075
v -0.065757 0.554116 0.152075
v -0.049557 0.554116 0.152075
v -0.071623 0.568500 0.152075
v -0.055424 0.568500 0.152075
v 0.079512 0.237669 0.152075
v 0.063312 0.237669 0.152075
v 0.106063 0.172571 0.152075
v 0.089864 0.172571 0.152075
v 0.116612 0.146708 0.152075
v 0.100412 0.146708 0.152075
v 0.121529 0.134653 0.152075
v 0.105329 0.134653 0.152075
v -0.077943 0.583995 0.152075
v -0.076743 0.583995 0.152075
v -0.061743 0.583995 0.152075
v -0.061290 0.582884 0.152075
v 0.110699 0.121486 0.152075
v 0.110246 0.122597 0.152075
v 0.126899 0.121486 0.152075
v 0.125699 0.121486 0.152075
v -0.077490 0.582884 0.162937
v -0.062943 0.583995 0.162937
v 0.111899 0.121486 0.162937
v 0.126446 0.122597 0.162937
v 0.032578 0.352741 0.162937
v 0.016378 0.352741 0.162937
v -0.030556 0.467812 0.162937
v -0.014356 0.467812 0.162937
v -0.054023 0.525348 0.162937
v -0.037823 0.525348 0.162937
v -0.065757 0.554116 0.162937
v -0.049557 0.554116 0.162937
v -0.071623 0.568500 0.162937
v -0.055424 0.568500 0.162937
v 0.079512 0.237669 0.162937
v 0.063312 0.237669 0.162937
v 0.106063 0.172571 0.162937
v 0.089864 0.172571 0.162937
v 0.116612 0.146708 0.162937
v 0.100412 0.146708 0.162937
v 0.121529 0.134653 0.162937
v 0.105329 0.134653 0.162937
v -0.077943 0.583995 0.162938
v -0.076743 0.583995 0.162937
v -0.061743 0.583995 0.162938
v -0.061290 0.582884 0.162937
v 0.110699 0.121486 0.162938
v 0.110246 0.122597 0.162937
v 0.126899 0.121486 0.162938
v 0.125699 0.121486 0.162937
v -0.077943 0.583995 -0.086900
v -0.076743 0.583995 -0.086900
v -0.061743 0.583995 -0.086900
v -0.061290 0.582884 -0.086900
v 0.110699 0.121486 -0.086900
v 0.110246 0.122597 -0.086900
v 0.126899 0.121486 -0.086900
v 0.125699 0.121486 -0.086900
v -0.077490 0.582884 -0.086900
v -0.062943 0.583995 -0.086900
v 0.111899 0.121486 -0.086900
v 0.126446 0.122597 -0.086900
v 0.032578 0.352741 -0.086900
v 0.016378 0.352741 -0.086900
v -0.030556 0.467812 -0.086900
v -0.014356 0.467812 -0.086900
v -0.054023 0.525348 -0.086900
v -0.037823 0.525348 -0.086900
v -0.065757 0.554116 -0.086900
v -0.049557 0.554116 -0.086900
v -0.071623 0.568500 -0.086900
v -0.055424 0.568500 -0.086900
v 0.079512 0.237669 -0.086900
v 0.063312 0.237669 -0.086900
v 0.106063 0.172571 -0.086900
v 0.089864 0.172571 -0.086900
v 0.116612 0.146708 -0.086900
v 0.100412 0.146708 -0.086900
v 0.121529 0.134653 -0.086900
v 0.105329 0.134653 -0.086900
v -0.077943 0.583995 -0.130350
v -0.076743 0.583995 -0.130350
v -0.061743 0.583995 -0.130350
v -0.061290 0.582884 -0.130350
v 0.110699 0.121486 -0.130350
v 0.110246 0.122597 -0.130350
v 0.126899 0.121486 -0.130350
v 0.125699 0.121486 -0.130350
v -0.077490 0.582884 -0.130350
v -0.062943 0.583995 -0.130350
v 0.111899 0.121486 -0.130350
v 0.126446 0.122597 -0.130350
v 0.032578 0.352741 -0.130350
v 0.016378 0.352741 -0.130350
v -0.030556 0.467812 -0.130350
v -0.014356 0.467812 -0.130350
v -0.054023 0.525348 -0.130350
v -0.037823 0.525348 -0.130350
v -0.065757 0.554116 -0.130350
v -0.049557 0.554116 -0.130350
v -0.071623 0.568500 -0.130350
v -0.055424 0.568500 -0.130350
v 0.079512 0.237669 -0.130350
v 0.063312 0.237669 -0.130350
v 0.106063 0.172571 -0.130350
v 0.089864 0.172571 -0.130350
v 0.116612 0.146708 -0.130350
v 0.100412 0.146708 -0.130350
v 0.121529 0.134653 -0.130350
v 0.105329 0.134653 -0.130350
v -0.077943 0.583995 -0.152075
v -0.076743 0.583995 -0.152075
v -0.061743 0.583995 -0.152075
v -0.061290 0.582884 -0.152075
v 0.110699 0.121486 -0.152075
v 0.110246 0.122597 -0.152075
v 0.126899 0.121486 -0.152075
v 0.125699 0.121486 -0.152075
v -0.077490 0.582884 -0.152075
v -0.062943 0.583995 -0.152075
v 0.111899 0.121486 -0.152075
v 0.126446 0.122597 -0.152075
v 0.032578 0.352741 -0.152075
v 0.016378 0.352741 -0.152075
v -0.030556 0.467812 -0.152075
v -0.014356 0.467812 -0.152075
v -0.054023 0.525348 -0.152075
v -0.037823 0.525348 -0.152075
v -0.065757 0.554116 -0.152075
v -0.049557 0.554116 -0.152075
v -0.071623 0.568500 -0.152075
v -0.055424 0.568500 -0.152075
v 0.079512 0.237669 -0.152075
v 0.063312 0.237669 -0.152075
v 0.106063 0.172571 -0.152075
v 0.089864 0.172571 -0.152075
v 0.116612 0.146708 -0.152075
v 0.100412 0.146708 -0.152075
v 0.121529 0.134653 -0.152075
v 0.105329 0.134653 -0.152075
v -0.077943 0.583995 -0.162937
v -0.076743 0.583995 -0.162937
v -0.061743 0.583995 -0.162937
v -0.061290 0.582884 -0.162937
v 0.110699 0.121486 -0.162937
v 0.110246 0.122597 -0.162937
v 0.126899 0.121486 -0.162937
v 0.125699 0.121486 -0.162937
v -0.077490 0.582884 -0.162937
v -0.062943 0.583995 -0.162937
v 0.111899 0.121486 -0.162937
v 0.126446 0.122597 -0.162937
v 0.032578 0.352741 -0.162937
v 0.016378 0.352741 -0.162937
v -0.030556 0.467812 -0.162937
v -0.014356 0.467812 -0.162937
v -0.054023 0.525348 -0.162937
v -0.037823 0.525348 -0.162937
v -0.065757 0.554116 -0.162937
v -0.049557 0.554116 -0.162937
v -0.071623 0.568500 -0.162937
v -0.055424 0.568500 -0.162937
v 0.079512 0.237669 -0.162937
v 0.063312 0.237669 -0.162937
v 0.106063 0.172571 -0.162937
v 0.089864 0.172571 -0.162937
v 0.116612 0.146708 -0.162937
v 0.100412 0.146708 -0.162937
v 0.121529 0.134653 -0.162937
v 0.105329 0.134653 -0.162937
v -0.373795 0.352741 -0.173800
v -0.373795 0.352741 -0.175000
v -0.372542 0.352741 -0.175000
v -0.358131 0.352741 0.173800
v -0.358131 0.352741 0.175000
v -0.359384 0.352741 0.175000
v -0.358131 0.352741 -0.173800
v -0.358131 0.352741 -0.175000
v -0.359384 0.352741 -0.175000
v -0.373796 0.352741 0.173800
v -0.373796 0.352741 0.175000
v -0.372542 0.352741 0.175000
v -0.339172 0.467793 -0.173800
v -0.323508 0.467793 0.173800
v -0.323508 0.467793 -0.175000
v -0.324769 0.467768 -0.175000
v -0.339173 0.467793 0.175000
v -0.337927 0.467768 0.175000
v -0.339172 0.467793 -0.175000
v -0.337927 0.467768 -0.175000
v -0.323508 0.467793 0.175000
v -0.324769 0.467768 0.175000
v -0.323508 0.467793 -0.173800
v -0.339173 0.467793 0.173800
v -0.321861 0.525320 -0.173800
v -0.306196 0.525320 0.173800
v -0.306196 0.525319 -0.175000
v -0.307461 0.525281 -0.175000
v -0.321861 0.525320 0.175000
v -0.320619 0.525281 0.175000
v -0.321861 0.525320 -0.175000
v -0.320619 0.525281 -0.175000
v -0.306196 0.525320 0.175000
v -0.307461 0.525281 0.175000
v -0.306196 0.525319 -0.173800
v -0.321861 0.525320 0.173800
v -0.313205 0.554083 -0.173800
v -0.297541 0.554083 0.173800
v -0.297541 0.554083 -0.175000
v -0.298807 0.554038 -0.175000
v -0.313205 0.554083 0.175000
v -0.311966 0.554038 0.175000
v -0.313205 0.554083 -0.175000
v -0.311965 0.554038 -0.175000
v -0.297541 0.554083 0.175000
v -0.298807 0.554038 0.175000
v -0.297541 0.554083 -0.173800
v -0.313205 0.554083 0.173800
v -0.308877 0.568464 -0.173800
v -0.293213 0.568464 0.173800
v -0.293213 0.568464 -0.175000
v -0.294480 0.568417 -0.175000
v -0.308877 0.568464 0.175000
v -0.307639 0.568417 0.175000
v -0.308877 0.568464 -0.175000
v -0.307639 0.568417 -0.175000
v -0.293213 0.568464 0.175000
v -0.294480 0.568417 0.175000
v -0.293213 0.568464 -0.173800
v -0.308877 0.568464 0.173800
v -0.408418 0.237688 -0.175000
v -0.407158 0.237713 -0.175000
v -0.392754 0.237688 0.175000
v -0.393999 0.237713 0.175000
v -0.392754 0.237688 -0.173800
v -0.408419 0.237688 0.173800
v -0.408418 0.237688 -0.173800
v -0.392754 0.237688 0.173800
v -0.392754 0.237688 -0.175000
v -0.394000 0.237713 -0.175000
v -0.408419 0.237688 0.175000
v -0.407158 0.237714 0.175000
v -0.425730 0.180162 -0.175000
v -0.424465 0.180200 -0.175000
v -0.410066 0.180162 0.175000
v -0.411307 0.180200 0.175000
v -0.410066 0.180162 -0.173800
v -0.425730 0.180162 0.173800
v -0.425730 0.180162 -0.173800
v -0.410066 0.180162 0.173800
v -0.410065 0.180162 -0.175000
v -0.411307 0.180200 -0.175000
v -0.425730 0.180162 0.175000
v -0.424465 0.180200 0.175000
v -0.434386 0.151398 -0.175000
v -0.433119 0.151443 -0.175000
v -0.418721 0.151399 0.175000
v -0.419961 0.151443 0.175000
v -0.418721 0.151399 -0.173800
v -0.434386 0.151399 0.173800
v -0.434386 0.151398 -0.173800
v -0.418721 0.151399 0.173800
v -0.418721 0.151399 -0.175000
v -0.419961 0.151443 -0.175000
v -0.434386 0.151399 0.175000
v -0.433119 0.151443 0.175000
v -0.438714 0.137017 -0.175000
v -0.437446 0.137065 -0.175000
v -0.423049 0.137017 0.175000
v -0.424288 0.137065 0.175000
v -0.423049 0.137017 -0.173800
v -0.438714 0.137017 0.173800
v -0.438714 0.137017 -0.173800
v -0.423049 0.137017 0.173800
v -0.423049 0.137017 -0.175000
v -0.424288 0.137065 -0.175000
v -0.438714 0.137017 0.175000
v -0.437446 0.137065 0.175000
v -0.304549 0.582846 0.000000
v -0.304204 0.583995 0.000000
v -0.303004 0.583995 0.000000
v -0.289739 0.583995 0.000000
v -0.288539 0.583995 0.000000
v -0.288885 0.582846 0.000000
v -0.442187 0.121486 0.000000
v -0.443387 0.121486 0.000000
v -0.443042 0.122635 0.000000
v -0.427377 0.122635 0.000000
v -0.427723 0.121486 0.000000
v -0.428923 0.121486 0.000000
v -0.358131 0.352741 0.000000
v -0.373795 0.352741 0.000000
v -0.339172 0.467793 0.000000
v -0.323508 0.467793 0.000000
v -0.321861 0.525320 0.000000
v -0.306196 0.525319 0.000000
v -0.313205 0.554083 0.000000
v -0.297541 0.554083 0.000000
v -0.308877 0.568464 0.000000
v -0.293213 0.568464 0.000000
v -0.392754 0.237688 0.000000
v -0.408419 0.237688 0.000000
v -0.410066 0.180162 0.000000
v -0.425730 0.180162 0.000000
v -0.418721 0.151399 0.000000
v -0.434386 0.151399 0.000000
v -0.423049 0.137017 0.000000
v -0.438714 0.137017 0.000000
v -0.304550 0.582846 0.086900
v -0.289739 0.583995 0.086900
v -0.442187 0.121486 0.086900
v -0.427377 0.122635 0.086900
v -0.358131 0.352741 0.086900
v -0.373795 0.352741 0.086900
v -0.339173 0.467793 0.086900
v -0.323508 0.467793 0.086900
v -0.321861 0.525320 0.086900
v -0.306196 0.525320 0.086900
v -0.313205 0.554083 0.086900
v -0.297541 0.554083 0.086900
v -0.308877 0.568464 0.086900
v -0.293213 0.568464 0.086900
v -0.392754 0.237688 0.086900
v -0.408419 0.237688 0.086900
v -0.410066 0.180162 0.086900
v -0.425730 0.180162 0.086900
v -0.418721 0.151399 0.086900
v -0.434386 0.151399 0.086900
v -0.423049 0.137017 0.086900
v -0.438714 0.137017 0.086900
v -0.304204 0.583995 0.086900
v -0.303004 0.583995 0.086900
v -0.288539 0.583995 0.086900
v -0.288885 0.582846 0.086900
v -0.443387 0.121486 0.086900
v -0.443042 0.122635 0.086900
v -0.427723 0.121486 0.086900
v -0.428923 0.121486 0.086900
v -0.304550 0.582846 0.130350
v -0.289739 0.583995 0.130350
v -0.442187 0.121486 0.130350
v -0.427377 0.122635 0.130350
v -0.358131 0.352741 0.130350
v -0.373795 0.352741 0.130350
v -0.339173 0.467793 0.130350
v -0.323508 0.467793 0.130350
v -0.321861 0.525320 0.130350
v -0.306196 0.525320 0.130350
v -0.313205 0.554083 0.130350
v -0.297541 0.554083 0.130350
v -0.308877 0.568464 0.130350
v -0.293213 0.568464 0.130350
v -0.392754 0.237688 0.130350
v -0.408419 0.237688 0.130350
v -0.410066 0.180162 0.130350
v -0.425730 0.180162 0.130350
v -0.418721 0.151399 0.130350
v -0.434386 0.151399 0.130350
v -0.423049 0.137017 0.130350
v -0.438714 0.137017 0.130350
v -0.304204 0.583995 0.130350
v -0.303004 0.583995 0.130350
v -0.288539 0.583995 0.130350
v -0.288885 0.582846 0.130350
v -0.443387 0.121486 0.130350
v -0.443042 0.122635 0.130350
v -0.427723 0.121486 0.130350
v -0.428923 0.121486 0.130350
v -0.304550 0.582846 0.152075
v -0.289739 0.583995 0.152075
v -0.442187 0.121486 0.152075
v -0.427377 0.122635 0.152075
v -0.358131 0.352741 0.152075
v -0.373795 0.352741 0.152075
v -0.339173 0.467793 0.152075
v -0.323508 0.467793 0.152075
v -0.321861 0.525320 0.152075
v -0.306196 0.525320 0.152075
v -0.313205 0.554083 0.152075
v -0.297541 0.554083 0.152075
v -0.308877 0.568464 0.152075
v -0.293213 0.568464 0.152075
v -0.392754 0.237688 0.152075
v -0.408419 0.237688 0.152075
v -0.410066 0.180162 0.152075
v -0.425730 0.180162 0.152075
v -0.418721 0.151399 0.152075
v -0.434386 0.151399 0.152075
v -0.423049 0.137017 0.152075
v -0.438714 0.137017 0.152075
v -0.304204 0.583995 0.152075
v -0.303004 0.583995 0.152075
v -0.288539 0.583995 0.152075
v -0.288885 0.582846 0.152075
v -0.443387 0.121486 0.152075
v -0.443042 0.122635 0.152075
v -0.427723 0.121486 0.152075
v -0.428923 0.121486 0.152075
v -0.304550 0.582846 0.162937
v -0.289739 0.583995 0.162937
v -0.442187 0.121486 0.162937
v -0.427377 0.122635 0.162937
v -0.358131 0.352741 0.162937
v -0.373795 0.352741 0.162937
v -0.339173 0.467793 0.162937
v -0.323508 0.467793 0.162937
v -0.321861 0.525320 0.162937
v -0.306196 0.525320 0.162937
v -0.313205 0.554083 0.162937
v -0.297541 0.554083 0.162937
v -0.308877 0.568464 0.162937
v -0.293213 0.568464 0.162937
v -0.392754 0.237688 0.162937
v -0.408419 0.237688 0.162937
v -0.410066 0.180162 0.162937
v -0.425730 0.180162 0.162937
v -0.418721 0.151399 0.162937
v -0.434386 0.151399 0.162937
v -0.423049 0.137017 0.162937
v -0.438714 0.137017 0.162937
v -0.304204 0.583995 0.162937
v -0.303004 0.583995 0.162937
v -0.288539 0.583995 0.162937
v -0.288885 0.582846 0.162937
v -0.443387 0.121486 0.162937
v -0.443042 0.122635 0.162937
v -0.427723 0.121486 0.162937
v -0.428923 0.121486 0.162937
v -0.304204 0.583995 -0.086900
v -0.303004 0.583995 -0.086900
v -0.288539 0.583995 -0.086900
v -0.288885 0.582846 -0.086900
v -0.443387 0.121486 -0.086900
v -0.443042 0.122635 -0.086900
v -0.427723 0.121486 -0.086900
v -0.428923 0.121486 -0.086900
v -0.304549 0.582846 -0.086900
v -0.289739 0.583995 -0.086900
v -0.442187 0.121486 -0.086900
v -0.427377 0.122635 -0.086900
v -0.358131 0.352741 -0.086900
v -0.373795 0.352741 -0.086900
v -0.339172 0.467793 -0.086900
v -0.323508 0.467793 -0.086900
v -0.321861 0.525320 -0.086900
v -0.306196 0.525319 -0.086900
v -0.313205 0.554083 -0.086900
v -0.297541 0.554083 -0.086900
v -0.308877 0.568464 -0.086900
v -0.293213 0.568464 -0.086900
v -0.392754 0.237688 -0.086900
v -0.408419 0.237688 -0.086900
v -0.410066 0.180162 -0.086900
v -0.425730 0.180162 -0.086900
v -0.418721 0.151399 -0.086900
v -0.434386 0.151399 -0.086900
v -0.423049 0.137017 -0.086900
v -0.438714 0.137017 -0.086900
v -0.304204 0.583995 -0.130350
v -0.303004 0.583995 -0.130350
v -0.288539 0.583995 -0.130350
v -0.288885 0.582846 -0.130350
v -0.443387 0.121486 -0.130350
v -0.443042 0.122635 -0.130350
v -0.427723 0.121486 -0.130350
v -0.428923 0.121486 -0.130350
v -0.304549 0.582846 -0.130350
v -0.289739 0.583995 -0.130350
v -0.442187 0.121486 -0.130350
v -0.427377 0.122635 -0.130350
v -0.358131 0.352741 -0.130350
v -0.373795 0.352741 -0.130350
v -0.339172 0.467793 -0.130350
v -0.323508 0.467793 -0.130350
v -0.321861 0.525320 -0.130350
v -0.306196 0.525319 -0.130350
v -0.313205 0.554083 -0.130350
v -0.297541 0.554083 -0.130350
v -0.308877 0.568464 -0.130350
v -0.293213 0.568464 -0.130350
v -0.392754 0.237688 -0.130350
v -0.408419 0.237688 -0.130350
v -0.410066 0.180162 -0.130350
v -0.425730 0.180162 -0.130350
v -0.418721 0.151399 -0.130350
v -0.434386 0.151399 -0.130350
v -0.423049 0.137017 -0.130350
v -0.438714 0.137017 -0.130350
v -0.304204 0.583995 -0.152075
v -0.303004 0.583995 -0.152075
v -0.288539 0.583995 -0.152075
v -0.288885 0.582846 -0.152075
v -0.443387 0.121486 -0.152075
v -0.443042 0.122635 -0.152075
v -0.427723 0.121486 -0.152075
v -0.428923 0.121486 -0.152075
v -0.304549 0.582846 -0.152075
v -0.289739 0.583995 -0.152075
v -0.442187 0.121486 -0.152075
v -0.427377 0.122635 -0.152075
v -0.358131 0.352741 -0.152075
v -0.373795 0.352741 -0.152075
v -0.339172 0.467793 -0.152075
v -0.323508 0.467793 -0.152075
v -0.321861 0.525320 -0.152075
v -0.306196 0.525319 -0.152075
v -0.313205 0.554083 -0.152075
v -0.297541 0.554083 -0.152075
v -0.308877 0.568464 -0.152075
v -0.293213 0.568464 -0.152075
v -0.392754 0.237688 -0.152075
v -0.408419 0.237688 -0.152075
v -0.410066 0.180162 -0.152075
v -0.425730 0.180162 -0.152075
v -0.418721 0.151399 -0.152075
v -0.434386 0.151399 -0.152075
v -0.423049 0.137017 -0.152075
v -0.438714 0.137017 -0.152075
v -0.304204 0.583995 -0.162937
v -0.303004 0.583995 -0.162937
v -0.288539 0.583995 -0.162937
v -0.288885 0.582846 -0.162937
v -0.443387 0.121486 -0.162937
v -0.443042 0.122635 -0.162937
v -0.427723 0.121486 -0.162937
v -0.428923 0.121486 -0.162937
v -0.304549 0.582846 -0.162937
v -0.289739 0.583995 -0.162937
v -0.442187 0.121486 -0.162937
v -0.427377 0.122635 -0.162937
v -0.358131 0.352741 -0.162937
v -0.373795 0.352741 -0.162937
v -0.339172 0.467793 -0.162937
v -0.323508 0.467793 -0.162937
v -0.321861 0.525320 -0.162937
v -0.306196 0.525319 -0.162937
v -0.313205 0.554083 -0.162937
v -0.297541 0.554083 -0.162937
v -0.308877 0.568464 -0.162937
v -0.293213 0.568464 -0.162937
v -0.392754 0.237688 -0.162937
v -0.408419 0.237688 -0.162937
v -0.410066 0.180162 -0.162937
v -0.425730 0.180162 -0.162937
v -0.418721 0.151399 -0.162937
v -0.434386 0.151399 -0.162937
v -0.423049 0.137017 -0.162937
v -0.438714 0.137017 -0.162937
v -0.463928 0.053243 -0.173800
v -0.463928 0.053243 -0.175000
v -0.462675 0.053243 -0.175000
v -0.448264 0.053243 0.173800
v -0.448264 0.053243 0.175000
v -0.449517 0.053243 0.175000
v -0.448264 0.053243 -0.173800
v -0.448264 0.053243 -0.175000
v -0.449517 0.053243 -0.175000
v -0.463929 0.053243 0.173800
v -0.463929 0.053243 0.175000
v -0.462675 0.053243 0.175000
v -0.456090 0.079290 -0.173800
v -0.440425 0.079290 0.173800
v -0.440425 0.079290 -0.175000
v -0.441686 0.079265 -0.175000
v -0.456090 0.079290 0.175000
v -0.454844 0.079265 0.175000
v -0.456090 0.079290 -0.175000
v -0.454844 0.079265 -0.175000
v -0.440425 0.079290 0.175000
v -0.441686 0.079265 0.175000
v -0.440425 0.079290 -0.173800
v -0.456090 0.079290 0.173800
v -0.452170 0.092314 -0.173800
v -0.436506 0.092314 0.173800
v -0.436506 0.092314 -0.175000
v -0.437771 0.092276 -0.175000
v -0.452170 0.092314 0.175000
v -0.450929 0.092275 0.175000
v -0.452170 0.092314 -0.175000
v -0.450929 0.092275 -0.175000
v -0.436506 0.092314 0.175000
v -0.437770 0.092276 0.175000
v -0.436506 0.092314 -0.173800
v -0.452170 0.092314 0.173800
v -0.471767 0.027196 -0.175000
v -0.470507 0.027222 -0.175000
v -0.456103 0.027196 0.175000
v -0.457348 0.027222 0.175000
v -0.456103 0.027196 -0.173800
v -0.471767 0.027196 0.173800
v -0.471767 0.027196 -0.173800
v -0.456103 0.027196 0.173800
v -0.456103 0.027196 -0.175000
v -0.457348 0.027222 -0.175000
v -0.471767 0.027196 0.175000
v -0.470507 0.027222 0.175000
v -0.475687 0.014173 -0.175000
v -0.474422 0.014211 -0.175000
v -0.460022 0.014173 0.175000
v -0.461264 0.014211 0.175000
v -0.460022 0.014173 -0.173800
v -0.475687 0.014173 0.173800
v -0.475687 0.014173 -0.173800
v -0.460022 0.014173 0.173800
v -0.460022 0.014173 -0.175000
v -0.461264 0.014211 -0.175000
v -0.475687 0.014173 0.175000
v -0.474422 0.014211 0.175000
v -0.448251 0.105337 0.000000
v -0.447905 0.106486 0.000000
v -0.446705 0.106486 0.000000
v -0.433441 0.106486 0.000000
v -0.432240 0.106486 0.000000
v -0.432586 0.105337 0.000000
v -0.478752 0.000000 0.000000
v -0.479952 0.000000 0.000000
v -0.479606 0.001149 0.000000
v -0.463942 0.001149 0.000000
v -0.464288 0.000000 0.000000
v -0.465488 0.000000 0.000000
v -0.448264 0.053243 0.000000
v -0.463929 0.053243 0.000000
v -0.456090 0.079290 0.000000
v -0.440425 0.079290 0.000000
v -0.452170 0.092314 0.000000
v -0.436506 0.092314 0.000000
v -0.456103 0.027196 0.000000
v -0.471767 0.027196 0.000000
v -0.460022 0.014173 0.000000
v -0.475687 0.014173 0.000000
v -0.448251 0.105337 0.086900
v -0.433441 0.106486 0.086900
v -0.478752 0.000000 0.086900
v -0.463942 0.001149 0.086900
v -0.448264 0.053243 0.086900
v -0.463929 0.053243 0.086900
v -0.456090 0.079290 0.086900
v -0.440425 0.079290 0.086900
v -0.452170 0.092314 0.086900
v -0.436506 0.092314 0.086900
v -0.456103 0.027196 0.086900
v -0.471767 0.027196 0.086900
v -0.460022 0.014173 0.086900
v -0.475687 0.014173 0.086900
v -0.447905 0.106486 0.086900
v -0.446705 0.106486 0.086900
v -0.432240 0.106486 0.086900
v -0.432586 0.105337 0.086900
v -0.479952 0.000000 0.086900
v -0.479606 0.001149 0.086900
v -0.464288 0.000000 0.086900
v -0.465488 0.000000 0.086900
v -0.448251 0.105337 0.130350
v -0.433441 0.106486 0.130350
v -0.478752 0.000000 0.130350
v -0.463942 0.001149 0.130350
v -0.448264 0.053243 0.130350
v -0.463929 0.053243 0.130350
v -0.456090 0.079290 0.130350
v -0.440425 0.079290 0.130350
v -0.452170 0.092314 0.130350
v -0.436506 0.092314 0.130350
v -0.456103 0.027196 0.130350
v -0.471767 0.027196 0.130350
v -0.460022 0.014173 0.130350
v -0.475687 0.014173 0.130350
v -0.447905 0.106486 0.130350
v -0.446705 0.106486 0.130350
v -0.432240 0.106486 0.130350
v -0.432586 0.105337 0.130350
v -0.479952 0.000000 0.130350
v -0.479606 0.001149 0.130350
v -0.464288 0.000000 0.130350
v -0.465488 0.000000 0.130350
v -0.448251 0.105337 0.152075
v -0.433441 0.106486 0.152075
v -0.478752 0.000000 0.152075
v -0.463942 0.001149 0.152075
v -0.448264 0.053243 0.152075
v -0.463929 0.053243 0.152075
v -0.456090 0.079290 0.152075
v -0.440425 0.079290 0.152075
v -0.452170 0.092314 0.152075
v -0.436506 0.092314 0.152075
v -0.456103 0.027196 0.152075
v -0.471767 0.027196 0.152075
v -0.460022 0.014173 0.152075
v -0.475687 0.014173 0.152075
v -0.447905 0.106486 0.152075
v -0.446705 0.106486 0.152075
v -0.432240 0.106486 0.152075
v -0.432586 0.105337 0.152075
v -0.479952 0.000000 0.152075
v -0.479606 0.001149 0.152075
v -0.464288 0.000000 0.152075
v -0.465488 0.000000 0.152075
v -0.448251 0.105337 0.162937
v -0.433441 0.106486 0.162937
v -0.478752 0.000000 0.162937
v -0.463942 0.001149 0.162937
v -0.448264 0.053243 0.162937
v -0.463929 0.053243 0.162937
v -0.456090 0.079290 0.162937
v -0.440425 0.079290 0.162937
v -0.452170 0.092314 0.162937
v -0.436506 0.092314 0.162937
v -0.456103 0.027196 0.162937
v -0.471767 0.027196 0.162937
v -0.460022 0.014173 0.162937
v -0.475687 0.014173 0.162937
v -0.447905 0.106486 0.162937
v -0.446705 0.106486 0.162937
v -0.432240 0.106486 0.162937
v -0.432586 0.105337 0.162937
v -0.479952 0.000000 0.162938
v -0.479606 0.001149 0.162937
v -0.464288 0.000000 0.162938
v -0.465488 0.000000 0.162937
v -0.447905 0.106486 -0.086900
v -0.446705 0.106486 -0.086900
v -0.432240 0.106486 -0.086900
v -0.432586 0.105337 -0.086900
v -0.479952 0.000000 -0.086900
v -0.479606 0.001149 -0.086900
v -0.464288 0.000000 -0.086900
v -0.465488 0.000000 -0.086900
v -0.448251 0.105337 -0.086900
v -0.433441 0.106486 -0.086900
v -0.478752 0.000000 -0.086900
v -0.463942 0.001149 -0.086900
v -0.448264 0.053243 -0.086900
v -0.463929 0.053243 -0.086900
v -0.456090 0.079290 -0.086900
v -0.440425 0.079290 -0.086900
v -0.452170 0.092314 -0.086900
v -0.436506 0.092314 -0.086900
v -0.456103 0.027196 -0.086900
v -0.471767 0.027196 -0.086900
v -0.460022 0.014173 -0.086900
v -0.475687 0.014173 -0.086900
v -0.447905 0.106486 -0.130350
v -0.446705 0.106486 -0.130350
v -0.432240 0.106486 -0.130350
v -0.432586 0.105337 -0.130350
v -0.479952 0.000000 -0.130350
v -0.479606 0.001149 -0.130350
v -0.464288 0.000000 -0.130350
v -0.465488 0.000000 -0.130350
v -0.448251 0.105337 -0.130350
v -0.433441 0.106486 -0.130350
v -0.478752 0.000000 -0.130350
v -0.463942 0.001149 -0.130350
v -0.448264 0.053243 -0.130350
v -0.463929 0.053243 -0.130350
v -0.456090 0.079290 -0.130350
v -0.440425 0.079290 -0.130350
v -0.452170 0.092314 -0.130350
v -0.436506 0.092314 -0.130350
v -0.456103 0.027196 -0.130350
v -0.471767 0.027196 -0.130350
v -0.460022 0.014173 -0.130350
v -0.475687 0.014173 -0.130350
v -0.447905 0.106486 -0.152075
v -0.446705 0.106486 -0.152075
v -0.432240 0.106486 -0.152075
v -0.432586 0.105337 -0.152075
v -0.479952 0.000000 -0.152075
v -0.479606 0.001149 -0.152075
v -0.464288 0.000000 -0.152075
v -0.465488 0.000000 -0.152075
v -0.448251 0.105337 -0.152075
v -0.433441 0.106486 -0.152075
v -0.478752 0.000000 -0.152075
v -0.463942 0.001149 -0.152075
v -0.448264 0.053243 -0.152075
v -0.463929 0.053243 -0.152075
v -0.456090 0.079290 -0.152075
v -0.440425 0.079290 -0.152075
v -0.452170 0.092314 -0.152075
v -0.436506 0.092314 -0.152075
v -0.456103 0.027196 -0.152075
v -0.471767 0.027196 -0.152075
v -0.460022 0.014173 -0.152075
v -0.475687 0.014173 -0.152075
v -0.447905 0.106486 -0.162937
v -0.446705 0.106486 -0.162937
v -0.432240 0.106486 -0.162937
v -0.432586 0.105337 -0.162937
v -0.479952 0.000000 -0.162937
v -0.479606 0.001149 -0.162937
v -0.464288 0.000000 -0.162937
v -0.465488 0.000000 -0.162937
v -0.448251 0.105337 -0.162937
v -0.433441 0.106486 -0.162937
v -0.478752 0.000000 -0.162937
v -0.463942 0.001149 -0.162937
v -0.448264 0.053243 -0.162937
v -0.463929 0.053243 -0.162937
v -0.456090 0.079290 -0.162937
v -0.440425 0.079290 -0.162937
v -0.452170 0.092314 -0.162937
v -0.436506 0.092314 -0.162937
v -0.456103 0.027196 -0.162937
v -0.471767 0.027196 -0.162937
v -0.460022 0.014173 -0.162937
v -0.475687 0.014173 -0.162937
v 0.138540 0.053243 -0.173800
v 0.138540 0.053243 -0.175000
v 0.139836 0.053243 -0.175000
v 0.154740 0.053243 0.173800
v 0.154740 0.053243 0.175000
v 0.153444 0.053243 0.175000
v 0.154740 0.053243 -0.173800
v 0.154740 0.053243 -0.175000
v 0.153444 0.053243 -0.175000
v 0.138540 0.053243 0.173800
v 0.138540 0.053243 0.175000
v 0.139836 0.053243 0.175000
v 0.127908 0.079309 -0.173800
v 0.144108 0.079309 0.173800
v 0.144108 0.079309 -0.175000
v 0.142830 0.079265 -0.175000
v 0.127908 0.079309 0.175000
v 0.129222 0.079265 0.175000
v 0.127908 0.079309 -0.175000
v 0.129222 0.079265 -0.175000
v 0.144108 0.079309 0.175000
v 0.142830 0.079265 0.175000
v 0.144108 0.079309 -0.173800
v 0.127908 0.079309 0.173800
v 0.122592 0.092342 -0.173800
v 0.138792 0.092342 0.173800
v 0.138792 0.092342 -0.175000
v 0.137523 0.092275 -0.175000
v 0.122592 0.092342 0.175000
v 0.123915 0.092275 0.175000
v 0.122592 0.092342 -0.175000
v 0.123915 0.092275 -0.175000
v 0.138792 0.092342 0.175000
v 0.137523 0.092275 0.175000
v 0.138792 0.092342 -0.173800
v 0.122592 0.092342 0.173800
v 0.149172 0.027177 -0.175000
v 0.150450 0.027222 -0.175000
v 0.165372 0.027177 0.175000
v 0.164058 0.027222 0.175000
v 0.165372 0.027177 -0.173800
v 0.149172 0.027177 0.173800
v 0.149172 0.027177 -0.173800
v 0.165372 0.027177 0.173800
v 0.165372 0.027177 -0.175000
v 0.164058 0.027222 -0.175000
v 0.149172 0.027177 0.175000
v 0.150450 0.027222 0.175000
v 0.154488 0.014144 -0.175000
v 0.155757 0.014211 -0.175000
v 0.170688 0.014144 0.175000
v 0.169365 0.014211 0.175000
v 0.170688 0.014144 -0.173800
v 0.154488 0.014144 0.173800
v 0.154488 0.014144 -0.173800
v 0.170688 0.014144 0.173800
v 0.170688 0.014144 -0.175000
v 0.169365 0.014211 -0.175000
v 0.154488 0.014144 0.175000
v 0.155757 0.014211 0.175000
v 0.117276 0.105375 0.000000
v 0.116822 0.106486 0.000000
v 0.118022 0.106486 0.000000
v 0.131822 0.106486 0.000000
v 0.133022 0.106486 0.000000
v 0.133476 0.105375 0.000000
v 0.161458 0.000000 0.000000
v 0.160257 0.000000 0.000000
v 0.159804 0.001111 0.000000
v 0.176004 0.001111 0.000000
v 0.176457 0.000000 0.000000
v 0.175257 0.000000 0.000000
v 0.154740 0.053243 0.000000
v 0.138540 0.053243 0.000000
v 0.127908 0.079309 0.000000
v 0.144108 0.079309 0.000000
v 0.122592 0.092342 0.000000
v 0.138792 0.092342 0.000000
v 0.165372 0.027177 0.000000
v 0.149172 0.027177 0.000000
v 0.170688 0.014144 0.000000
v 0.154488 0.014144 0.000000
v 0.117276 0.105375 0.087834
v 0.131822 0.106486 0.087834
v 0.161458 0.000000 0.087834
v 0.176004 0.001111 0.087834
v 0.154740 0.053243 0.087834
v 0.138540 0.053243 0.087834
v 0.127908 0.079309 0.087834
v 0.144108 0.079309 0.087834
v 0.122592 0.092342 0.087834
v 0.138792 0.092342 0.087834
v 0.165372 0.027177 0.087834
v 0.149172 0.027177 0.087834
v 0.170688 0.014144 0.087834
v 0.154488 0.014144 0.087834
v 0.116822 0.106486 0.087834
v 0.118022 0.106486 0.087834
v 0.133022 0.106486 0.087834
v 0.133476 0.105375 0.087834
v 0.160257 0.000000 0.087834
v 0.159804 0.001111 0.087834
v 0.176457 0.000000 0.087834
v 0.175257 0.000000 0.087834
v 0.117276 0.105375 0.130817
v 0.131822 0.106486 0.130817
v 0.161458 0.000000 0.130817
v 0.176004 0.001111 0.130817
v 0.154740 0.053243 0.130817
v 0.138540 0.053243 0.130817
v 0.127908 0.079309 0.130817
v 0.144108 0.079309 0.130817
v 0.122592 0.092342 0.130817
v 0.138792 0.092342 0.130817
v 0.165372 0.027177 0.130817
v 0.149172 0.027177 0.130817
v 0.170688 0.014144 0.130817
v 0.154488 0.014144 0.130817
v 0.116822 0.106486 0.130817
v 0.118022 0.106486 0.130817
v 0.133022 0.106486 0.130817
v 0.133476 0.105375 0.130817
v 0.160257 0.000000 0.130817
v 0.159804 0.001111 0.130817
v 0.176457 0.000000 0.130817
v 0.175257 0.000000 0.130817
v 0.117276 0.105375 0.152309
v 0.131822 0.106486 0.152309
v 0.161458 0.000000 0.152309
v 0.176004 0.001111 0.152309
v 0.154740 0.053243 0.152309
v 0.138540 0.053243 0.152309
v 0.127908 0.079309 0.152309
v 0.144108 0.079309 0.152309
v 0.122592 0.092342 0.152309
v 0.138792 0.092342 0.152309
v 0.165372 0.027177 0.152309
v 0.149172 0.027177 0.152309
v 0.170688 0.014144 0.152309
v 0.154488 0.014144 0.152309
v 0.116822 0.106486 0.152309
v 0.118022 0.106486 0.152309
v 0.133022 0.106486 0.152309
v 0.133476 0.105375 0.152309
v 0.160257 0.000000 0.152309
v 0.159804 0.001111 0.152309
v 0.176457 0.000000 0.152309
v 0.175257 0.000000 0.152309
v 0.117276 0.105375 0.163054
v 0.131822 0.106486 0.163054
v 0.161458 0.000000 0.163054
v 0.176004 0.001111 0.163054
v 0.154740 0.053243 0.163054
v 0.138540 0.053243 0.163054
v 0.127908 0.079309 0.163054
v 0.144108 0.079309 0.163054
v 0.122592 0.092342 0.163054
v 0.138792 0.092342 0.163054
v 0.165372 0.027177 0.163054
v 0.149172 0.027177 0.163054
v 0.170688 0.014144 0.163054
v 0.154488 0.014144 0.163054
v 0.116822 0.106486 0.163054
v 0.118022 0.106486 0.163054
v 0.133022 0.106486 0.163054
v 0.133476 0.105375 0.163054
v 0.160257 0.000000 0.163054
v 0.159804 0.001111 0.163054
v 0.176457 0.000000 0.163054
v 0.175257 0.000000 0.163054
v 0.116822 0.106486 -0.086900
v 0.118022 0.106486 -0.086900
v 0.133022 0.106486 -0.086900
v 0.133476 0.105375 -0.086900
v 0.160257 0.000000 -0.086900
v 0.159804 0.001111 -0.086900
v 0.176457 0.000000 -0.086900
v 0.175257 0.000000 -0.086900
v 0.117276 0.105375 -0.086900
v 0.131822 0.106486 -0.086900
v 0.161458 0.000000 -0.086900
v 0.176004 0.001111 -0.086900
v 0.154740 0.053243 -0.086900
v 0.138540 0.053243 -0.086900
v 0.127908 0.079309 -0.086900
v 0.144108 0.079309 -0.086900
v 0.122592 0.092342 -0.086900
v 0.138792 0.092342 -0.086900
v 0.165372 0.027177 -0.086900
v 0.149172 0.027177 -0.086900
v 0.170688 0.014144 -0.086900
v 0.154488 0.014144 -0.086900
v 0.116822 0.106486 -0.130350
v 0.118022 0.106486 -0.130350
v 0.133022 0.106486 -0.130350
v 0.133476 0.105375 -0.130350
v 0.160257 0.000000 -0.130350
v 0.159804 0.001111 -0.130350
v 0.176457 0.000000 -0.130350
v 0.175257 0.000000 -0.130350
v 0.117276 0.105375 -0.130350
v 0.131822 0.106486 -0.130350
v 0.161458 0.000000 -0.130350
v 0.176004 0.001111 -0.130350
v 0.154740 0.053243 -0.130350
v 0.138540 0.053243 -0.130350
v 0.127908 0.079309 -0.130350
v 0.144108 0.079309 -0.130350
v 0.122592 0.092342 -0.130350
v 0.138792 0.092342 -0.130350
v 0.165372 0.027177 -0.130350
v 0.149172 0.027177 -0.130350
v 0.170688 0.014144 -0.130350
v 0.154488 0.014144 -0.130350
v 0.116822 0.106486 -0.152075
v 0.118022 0.106486 -0.152075
v 0.133022 0.106486 -0.152075
v 0.133476 0.105375 -0.152075
v 0.160257 0.000000 -0.152075
v 0.159804 0.001111 -0.152075
v 0.176457 0.000000 -0.152075
v 0.175257 0.000000 -0.152075
v 0.117276 0.105375 -0.152075
v 0.131822 0.106486 -0.152075
v 0.161458 0.000000 -0.152075
v 0.176004 0.001111 -0.152075
v 0.154740 0.053243 -0.152075
v 0.138540 0.053243 -0.152075
v 0.127908 0.079309 -0.152075
v 0.144108 0.079309 -0.152075
v 0.122592 0.092342 -0.152075
v 0.138792 0.092342 -0.152075
v 0.165372 0.027177 -0.152075
v 0.149172 0.027177 -0.152075
v 0.170688 0.014144 -0.152075
v 0.154488 0.014144 -0.152075
v 0.116822 0.106486 -0.162937
v 0.118022 0.106486 -0.162937
v 0.133022 0.106486 -0.162937
v 0.133476 0.105375 -0.162937
v 0.160257 0.000000 -0.162937
v 0.159804 0.001111 -0.162937
v 0.176457 0.000000 -0.162937
v 0.175257 0.000000 -0.162937
v 0.117276 0.105375 -0.162937
v 0.131822 0.106486 -0.162937
v 0.161458 0.000000 -0.162937
v 0.176004 0.001111 -0.162937
v 0.154740 0.053243 -0.162937
v 0.138540 0.053243 -0.162937
v 0.127908 0.079309 -0.162937
v 0.144108 0.079309 -0.162937
v 0.122592 0.092342 -0.162937
v 0.138792 0.092342 -0.162937
v 0.165372 0.027177 -0.162937
v 0.149172 0.027177 -0.162937
v 0.170688 0.014144 -0.162937
v 0.154488 0.014144 -0.162937
v 0.474478 0.053243 -0.173800
v 0.474478 0.053243 -0.175000
v 0.475693 0.053243 -0.175000
v 0.489659 0.053243 0.173800
v 0.489659 0.053243 0.175000
v 0.488445 0.053243 0.175000
v 0.489659 0.053243 -0.173800
v 0.489659 0.053243 -0.175000
v 0.488445 0.053243 -0.175000
v 0.474478 0.053243 0.173800
v 0.474478 0.053243 0.175000
v 0.475693 0.053243 0.175000
v 0.470421 0.079272 -0.173800
v 0.485603 0.079272 0.173800
v 0.485602 0.079272 -0.175000
v 0.484389 0.079265 -0.175000
v 0.470421 0.079272 0.175000
v 0.471637 0.079265 0.175000
v 0.470421 0.079272 -0.175000
v 0.471637 0.079265 -0.175000
v 0.485603 0.079272 0.175000
v 0.484389 0.079265 0.175000
v 0.485602 0.079272 -0.173800
v 0.470421 0.079272 0.173800
v 0.468393 0.092286 -0.173800
v 0.483574 0.092286 0.173800
v 0.483574 0.092286 -0.175000
v 0.482361 0.092275 -0.175000
v 0.468393 0.092286 0.175000
v 0.469609 0.092275 0.175000
v 0.468393 0.092286 -0.175000
v 0.469609 0.092275 -0.175000
v 0.483574 0.092286 0.175000
v 0.482361 0.092275 0.175000
v 0.483574 0.092286 -0.173800
v 0.468393 0.092286 0.173800
v 0.478535 0.027214 -0.175000
v 0.479748 0.027222 -0.175000
v 0.493716 0.027214 0.175000
v 0.492500 0.027222 0.175000
v 0.493716 0.027214 -0.173800
v 0.478535 0.027214 0.173800
v 0.478535 0.027214 -0.173800
v 0.493716 0.027214 0.173800
v 0.493716 0.027214 -0.175000
v 0.492500 0.027222 -0.175000
v 0.478535 0.027214 0.175000
v 0.479748 0.027222 0.175000
v 0.480563 0.014200 -0.175000
v 0.481776 0.014211 -0.175000
v 0.495744 0.014200 0.175000
v 0.494528 0.014211 0.175000
v 0.495744 0.014200 -0.173800
v 0.480563 0.014200 0.173800
v 0.480563 0.014200 -0.173800
v 0.495744 0.014200 0.173800
v 0.495744 0.014200 -0.175000
v 0.494528 0.014211 -0.175000
v 0.480563 0.014200 0.175000
v 0.481776 0.014211 0.175000
v 0.466365 0.105300 0.000000
v 0.466180 0.106486 0.000000
v 0.467380 0.106486 0.000000
v 0.480161 0.106486 0.000000
v 0.481361 0.106486 0.000000
v 0.481546 0.105300 0.000000
v 0.483976 0.000000 0.000000
v 0.482776 0.000000 0.000000
v 0.482591 0.001186 0.000000
v 0.497772 0.001186 0.000000
v 0.497957 0.000000 0.000000
v 0.496757 0.000000 0.000000
v 0.489659 0.053243 0.000000
v 0.474478 0.053243 0.000000
v 0.470421 0.079272 0.000000
v 0.485603 0.079272 0.000000
v 0.468393 0.092286 0.000000
v 0.483574 0.092286 0.000000
v 0.493716 0.027214 0.000000
v 0.478535 0.027214 0.000000
v 0.495744 0.014200 0.000000
v 0.480563 0.014200 0.000000
v 0.466365 0.105300 0.086900
v 0.480161 0.106486 0.086900
v 0.483976 0.000000 0.086900
v 0.497772 0.001186 0.086900
v 0.489659 0.053243 0.086900
v 0.474478 0.053243 0.086900
v 0.470421 0.079272 0.086900
v 0.485603 0.079272 0.086900
v 0.468393 0.092286 0.086900
v 0.483574 0.092286 0.086900
v 0.493716 0.027214 0.086900
v 0.478535 0.027214 0.086900
v 0.495744 0.014200 0.086900
v 0.480563 0.014200 0.086900
v 0.466180 0.106486 0.086900
v 0.467380 0.106486 0.086900
v 0.481361 0.106486 0.086900
v 0.481546 0.105300 0.086900
v 0.482776 0.000000 0.086900
v 0.482591 0.001186 0.086900
v 0.497957 0.000000 0.086900
v 0.496757 0.000000 0.086900
v 0.466365 0.105300 0.130350
v 0.480161 0.106486 0.130350
v 0.483976 0.000000 0.130350
v 0.497772 0.001186 0.130350
v 0.489659 0.053243 0.130350
v 0.474478 0.053243 0.130350
v 0.470421 0.079272 0.130350
v 0.485603 0.079272 0.130350
v 0.468393 0.092286 0.130350
v 0.483574 0.092286 0.130350
v 0.493716 0.027214 0.130350
v 0.478535 0.027214 0.130350
v 0.495744 0.014200 0.130350
v 0.480563 0.014200 0.130350
v 0.466180 0.106486 0.130350
v 0.467380 0.106486 0.130350
v 0.481361 0.106486 0.130350
v 0.481546 0.105300 0.130350
v 0.482776 0.000000 0.130350
v 0.482591 0.001186 0.130350
v 0.497957 0.000000 0.130350
v 0.496757 0.000000 0.130350
v 0.466365 0.105300 0.152075
v 0.480161 0.106486 0.152075
v 0.483976 0.000000 0.152075
v 0.497772 0.001186 0.152075
v 0.489659 0.053243 0.152075
v 0.474478 0.053243 0.152075
v 0.470421 0.079272 0.152075
v 0.485603 0.079272 0.152075
v 0.468393 0.092286 0.152075
v 0.483574 0.092286 0.152075
v 0.493716 0.027214 0.152075
v 0.478535 0.027214 0.152075
v 0.495744 0.014200 0.152075
v 0.480563 0.014200 0.152075
v 0.466180 0.106486 0.152075
v 0.467380 0.106486 0.152075
v 0.481361 0.106486 0.152075
v 0.481546 0.105300 0.152075
v 0.482776 0.000000 0.152075
v 0.482591 0.001186 0.152075
v 0.497957 0.000000 0.152075
v 0.496757 0.000000 0.152075
v 0.466365 0.105300 0.162937
v 0.480161 0.106486 0.162937
v 0.483976 0.000000 0.162937
v 0.497772 0.001186 0.162937
v 0.489659 0.053243 0.162937
v 0.474478 0.053243 0.162937
v 0.470421 0.079272 0.162937
v 0.485603 0.079272 0.162937
v 0.468393 0.092286 0.162937
v 0.483574 0.092286 0.162937
v 0.493716 0.027214 0.162937
v 0.478535 0.027214 0.162937
v 0.495744 0.014200 0.162937
v 0.480563 0.014200 0.162937
v 0.466180 0.106486 0.162937
v 0.467380 0.106486 0.162937
v 0.481361 0.106486 0.162937
v 0.481546 0.105300 0.162937
v 0.482776 0.000000 0.162937
v 0.482591 0.001186 0.162937
v 0.497957 0.000000 0.162937
v 0.496757 0.000000 0.162937
v 0.466180 0.106486 -0.086900
v 0.467380 0.106486 -0.086900
v 0.481361 0.106486 -0.086900
v 0.481546 0.105300 -0.086900
v 0.482776 0.000000 -0.086900
v 0.482591 0.001186 -0.086900
v 0.497957 0.000000 -0.086900
v 0.496757 0.000000 -0.086900
v 0.466365 0.105300 -0.086900
v 0.480161 0.106486 -0.086900
v 0.483976 0.000000 -0.086900
v 0.497772 0.001186 -0.086900
v 0.489659 0.053243 -0.086900
v 0.474478 0.053243 -0.086900
v 0.470421 0.079272 -0.086900
v 0.485603 0.079272 -0.086900
v 0.468393 0.092286 -0.086900
v 0.483574 0.092286 -0.086900
v 0.493716 0.027214 -0.086900
v 0.478535 0.027214 -0.086900
v 0.495744 0.014200 -0.086900
v 0.480563 0.014200 -0.086900
v 0.466180 0.106486 -0.130350
v 0.467380 0.106486 -0.130350
v 0.481361 0.106486 -0.130350
v 0.481546 0.105300 -0.130350
v 0.482776 0.000000 -0.130350
v 0.482591 0.001186 -0.130350
v 0.497957 0.000000 -0.130350
v 0.496757 0.000000 -0.130350
v 0.466365 0.105300 -0.130350
v 0.480161 0.106486 -0.130350
v 0.483976 0.000000 -0.130350
v 0.497772 0.001186 -0.130350
v 0.489659 0.053243 -0.130350
v 0.474478 0.053243 -0.130350
v 0.470421 0.079272 -0.130350
v 0.485603 0.079272 -0.130350
v 0.468393 0.092286 -0.130350
v 0.483574 0.092286 -0.130350
v 0.493716 0.027214 -0.130350
v 0.478535 0.027214 -0.130350
v 0.495744 0.014200 -0.130350
v 0.480563 0.014200 -0.130350
v 0.466180 0.106486 -0.152075
v 0.467380 0.106486 -0.152075
v 0.481361 0.106486 -0.152075
v 0.481546 0.105300 -0.152075
v 0.482776 0.000000 -0.152075
v 0.482591 0.001186 -0.152075
v 0.497957 0.000000 -0.152075
v 0.496757 0.000000 -0.152075
v 0.466365 0.105300 -0.152075
v 0.480161 0.106486 -0.152075
v 0.483976 0.000000 -0.152075
v 0.497772 0.001186 -0.152075
v 0.489659 0.053243 -0.152075
v 0.474478 0.053243 -0.152075
v 0.470421 0.079272 -0.152075
v 0.485603 0.079272 -0.152075
v 0.468393 0.092286 -0.152075
v 0.483574 0.092286 -0.152075
v 0.493716 0.027214 -0.152075
v 0.478535 0.027214 -0.152075
v 0.495744 0.014200 -0.152075
v 0.480563 0.014200 -0.152075
v 0.466180 0.106486 -0.162937
v 0.467380 0.106486 -0.162937
v 0.481361 0.106486 -0.162937
v 0.481546 0.105300 -0.162937
v 0.482776 0.000000 -0.162937
v 0.482591 0.001186 -0.162937
v 0.497957 0.000000 -0.162937
v 0.496757 0.000000 -0.162937
v 0.466365 0.105300 -0.162937
v 0.480161 0.106486 -0.162937
v 0.483976 0.000000 -0.162937
v 0.497772 0.001186 -0.162937
v 0.489659 0.053243 -0.162937
v 0.474478 0.053243 -0.162937
v 0.470421 0.079272 -0.162937
v 0.485603 0.079272 -0.162937
v 0.468393 0.092286 -0.162937
v 0.483574 0.092286 -0.162937
v 0.493716 0.027214 -0.162937
v 0.478535 0.027214 -0.162937
v 0.495744 0.014200 -0.162937
v 0.480563 0.014200 -0.162937
v 0.000000 1.479393 0.175000
v 0.000000 1.479393 0.173800
v 0.000000 1.493193 -0.175000
v 0.000000 1.494393 -0.175000
v 0.000000 1.494393 -0.173800
v 0.000000 1.480593 -0.175000
v 0.000000 1.479393 -0.175000
v 0.000000 1.479393 -0.173800
v -0.547611 1.479393 0.173800
v -0.547611 1.480593 0.175000
v -0.548811 1.480593 0.173800
v -0.547611 1.479393 0.175000
v -0.548811 1.479393 0.175000
v -0.548811 1.480593 0.175000
v -0.548811 1.479393 0.173800
v -0.547611 1.493193 0.175000
v -0.547611 1.494393 0.173800
v -0.548811 1.493193 0.173800
v -0.547611 1.494393 0.175000
v -0.548811 1.494393 0.175000
v -0.548811 1.494393 0.173800
v -0.548811 1.493193 0.175000
v -0.547611 1.479393 -0.173800
v -0.548811 1.480593 -0.173800
v -0.547611 1.480593 -0.175000
v -0.548811 1.479393 -0.173800
v -0.548811 1.479393 -0.175000
v -0.548811 1.480593 -0.175000
v -0.547611 1.479393 -0.175000
v -0.547611 1.494393 -0.173800
v -0.547611 1.493193 -0.175000
v -0.548811 1.493193 -0.173800
v -0.547611 1.494393 -0.175000
v -0.548811 1.494393 -0.175000
v -0.548811 1.493193 -0.175000
v -0.548811 1.494393 -0.173800
v 0.547611 1.479393 0.173800
v 0.548811 1.480593 0.173800
v 0.547611 1.480593 0.175000
v 0.548811 1.479393 0.173800
v 0.548811 1.479393 0.175000
v 0.548811 1.480593 0.175000
v 0.547611 1.479393 0.175000
v 0.547611 1.494393 0.173800
v 0.547611 1.493193 0.175000
v 0.548811 1.493193 0.173800
v 0.547611 1.494393 0.175000
v 0.548811 1.494393 0.175000
v 0.548811 1.493193 0.175000
v 0.548811 1.494393 0.173800
v 0.547611 1.479393 -0.173800
v 0.547611 1.480593 -0.175000
v 0.548811 1.480593 -0.173800
v 0.547611 1.479393 -0.175000
v 0.548811 1.479393 -0.175000
v 0.548811 1.480593 -0.175000
v 0.548811 1.479393 -0.173800
v 0.547611 1.494393 -0.173800
v 0.548811 1.493193 -0.173800
v 0.547611 1.493193 -0.175000
v 0.548811 1.494393 -0.173800
v 0.548811 1.494393 -0.175000
v 0.548811 1.493193 -0.175000
v 0.547611 1.494393 -0.175000
v 0.000000 1.480593 0.175000
v 0.000000 1.494393 0.173800
v 0.000000 1.494393 0.175000
v 0.000000 1.493193 0.175000
v 0.273806 1.480593 0.175000
v 0.273806 1.493193 -0.175000
v 0.273806 1.494393 -0.175000
v 0.273806 1.479393 -0.173800
v 0.273806 1.494393 0.173800
v 0.273806 1.479393 0.175000
v 0.273806 1.479393 -0.175000
v 0.273806 1.480593 -0.175000
v 0.273806 1.494393 -0.173800
v 0.273806 1.479393 0.173800
v 0.273806 1.494393 0.175000
v 0.273806 1.493193 0.175000
v 0.410709 1.479393 -0.175000
v 0.410709 1.480593 -0.175000
v 0.410709 1.494393 -0.173800
v 0.410709 1.479393 0.173800
v 0.410709 1.494393 0.175000
v 0.410709 1.493193 0.175000
v 0.410709 1.480593 0.175000
v 0.410709 1.493193 -0.175000
v 0.410709 1.494393 -0.175000
v 0.410709 1.479393 -0.173800
v 0.410709 1.494393 0.173800
v 0.410709 1.479393 0.175000
v -0.547611 1.479393 0.000000
v -0.548811 1.479393 -0.000000
v -0.548811 1.480593 0.000000
v -0.547611 1.494393 0.000000
v -0.548811 1.494393 0.000000
v -0.548811 1.493193 0.000000
v 0.547611 1.479393 0.000000
v 0.548811 1.479393 -0.000000
v 0.548811 1.480593 0.000000
v 0.547611 1.494393 0.000000
v 0.548811 1.494393 0.000000
v 0.548811 1.493193 0.000000
v 0.000000 1.479393 0.000000
v 0.000000 1.494393 0.000000
v 0.273806 1.494393 0.000000
v 0.273806 1.479393 0.000000
v 0.410709 1.494393 0.000000
v 0.410709 1.479393 0.000000
v 0.479160 1.479393 -0.175000
v 0.479160 1.480593 -0.175000
v 0.479160 1.494393 -0.173800
v 0.479160 1.479393 0.173800
v 0.479160 1.494393 0.175000
v 0.479160 1.493193 0.175000
v 0.479160 1.480593 0.175000
v 0.479160 1.493193 -0.175000
v 0.479160 1.494393 -0.175000
v 0.479160 1.479393 -0.173800
v 0.479160 1.494393 0.173800
v 0.479160 1.479393 0.175000
v 0.479160 1.494393 0.000000
v 0.479160 1.479393 0.000000
v 0.513386 1.479393 -0.175000
v 0.513386 1.480593 -0.175000
v 0.513386 1.494393 -0.173800
v 0.513386 1.479393 0.173800
v 0.513386 1.494393 0.175000
v 0.513386 1.493193 0.175000
v 0.513386 1.494393 0.000000
v 0.513386 1.480593 0.175000
v 0.513386 1.493193 -0.175000
v 0.513386 1.494393 -0.175000
v 0.513386 1.479393 -0.173800
v 0.513386 1.494393 0.173800
v 0.513386 1.479393 0.175000
v 0.513386 1.479393 0.000000
v 0.530499 1.479393 -0.175000
v 0.530499 1.480593 -0.175000
v 0.530499 1.494393 -0.173800
v 0.530499 1.479393 0.173800
v 0.530499 1.494393 0.175000
v 0.530499 1.493193 0.175000
v 0.530499 1.494393 0.000000
v 0.530499 1.480593 0.175000
v 0.530499 1.493193 -0.175000
v 0.530499 1.494393 -0.175000
v 0.530499 1.479393 -0.173800
v 0.530499 1.494393 0.173800
v 0.530499 1.479393 0.175000
v 0.530499 1.479393 0.000000
v 0.539055 1.479393 -0.175000
v 0.539055 1.480593 -0.175000
v 0.539055 1.494393 -0.173800
v 0.539055 1.479393 0.173800
v 0.539055 1.494393 0.175000
v 0.539055 1.493193 0.175000
v 0.539055 1.494393 0.000000
v 0.539055 1.480593 0.175000
v 0.539055 1.493193 -0.175000
v 0.539055 1.494393 -0.175000
v 0.539055 1.479393 -0.173800
v 0.539055 1.494393 0.173800
v 0.539055 1.479393 0.175000
v 0.539055 1.479393 0.000000
v -0.547611 1.479393 0.086900
v -0.548811 1.494393 0.086900
v -0.548811 1.493193 0.086900
v 0.548811 1.479393 0.086900
v 0.548811 1.480593 0.086900
v 0.547611 1.494393 0.086900
v 0.000000 1.479393 0.086900
v 0.000000 1.494393 0.086900
v 0.273806 1.494393 0.086900
v 0.273806 1.479393 0.086900
v 0.410709 1.494393 0.086900
v 0.410709 1.479393 0.086900
v -0.548811 1.479393 0.086900
v -0.548811 1.480593 0.086900
v -0.547611 1.494393 0.086900
v 0.547611 1.479393 0.086900
v 0.548811 1.494393 0.086900
v 0.548811 1.493193 0.086900
v 0.479160 1.494393 0.086900
v 0.479160 1.479393 0.086900
v 0.513386 1.494393 0.086900
v 0.513386 1.479393 0.086900
v 0.530499 1.494393 0.086900
v 0.530499 1.479393 0.086900
v 0.539055 1.494393 0.086900
v 0.539055 1.479393 0.086900
v -0.547611 1.479393 0.130350
v -0.548811 1.494393 0.130350
v -0.548811 1.493193 0.130350
v 0.548811 1.479393 0.130350
v 0.548811 1.480593 0.130350
v 0.547611 1.494393 0.130350
v 0.000000 1.479393 0.130350
v 0.000000 1.494393 0.130350
v 0.273806 1.494393 0.130350
v 0.273806 1.479393 0.130350
v 0.410709 1.494393 0.130350
v 0.410709 1.479393 0.130350
v 0.479160 1.494393 0.130350
v 0.479160 1.479393 0.130350
v 0.513386 1.494393 0.130350
v 0.513386 1.479393 0.130350
v 0.530499 1.494393 0.130350
v 0.530499 1.479393 0.130350
v 0.539055 1.494393 0.130350
v 0.539055 1.479393 0.130350
v -0.548811 1.479393 0.130350
v -0.548811 1.480593 0.130350
v -0.547611 1.494393 0.130350
v 0.547611 1.479393 0.130350
v 0.548811 1.494393 0.130350
v 0.548811 1.493193 0.130350
v -0.547611 1.479393 0.152075
v -0.548811 1.494393 0.152075
v -0.548811 1.493193 0.152075
v 0.548811 1.479393 0.152075
v 0.548811 1.480593 0.152075
v 0.547611 1.494393 0.152075
v 0.000000 1.479393 0.152075
v 0.000000 1.494393 0.152075
v 0.273806 1.494393 0.152075
v 0.273806 1.479393 0.152075
v 0.410709 1.494393 0.152075
v 0.410709 1.479393 0.152075
v 0.479160 1.494393 0.152075
v 0.479160 1.479393 0.152075
v 0.513386 1.494393 0.152075
v 0.513386 1.479393 0.152075
v 0.530499 1.494393 0.152075
v 0.530499 1.479393 0.152075
v 0.539055 1.494393 0.152075
v 0.539055 1.479393 0.152075
v -0.548811 1.479393 0.152075
v -0.548811 1.480593 0.152075
v -0.547611 1.494393 0.152075
v 0.547611 1.479393 0.152075
v 0.548811 1.494393 0.152075
v 0.548811 1.493193 0.152075
v -0.547611 1.479393 0.162937
v -0.548811 1.494393 0.162938
v -0.548811 1.493193 0.162937
v 0.548811 1.479393 0.162937
v 0.548811 1.480593 0.162937
v 0.547611 1.494393 0.162937
v 0.000000 1.479393 0.162937
v 0.000000 1.494393 0.162937
v 0.273806 1.494393 0.162937
v 0.273806 1.479393 0.162937
v 0.410709 1.494393 0.162937
v 0.410709 1.479393 0.162937
v 0.479160 1.494393 0.162937
v 0.479160 1.479393 0.162937
v 0.513386 1.494393 0.162937
v 0.513386 1.479393 0.162937
v 0.530499 1.494393 0.162937
v 0.530499 1.479393 0.162937
v 0.539055 1.494393 0.162937
v 0.539055 1.479393 0.162937
v -0.548811 1.479393 0.162937
v -0.548811 1.480593 0.162937
v -0.547611 1.494393 0.162937
v 0.547611 1.479393 0.162937
v 0.548811 1.494393 0.162938
v 0.548811 1.493193 0.162937
v -0.548811 1.479393 -0.086900
v -0.548811 1.480593 -0.086900
v -0.547611 1.494393 -0.086900
v 0.547611 1.479393 -0.086900
v 0.548811 1.494393 -0.086900
v 0.548811 1.493193 -0.086900
v -0.547611 1.479393 -0.086900
v -0.548811 1.494393 -0.086900
v -0.548811 1.493193 -0.086900
v 0.548811 1.479393 -0.086900
v 0.548811 1.480593 -0.086900
v 0.547611 1.494393 -0.086900
v 0.000000 1.479393 -0.086900
v 0.000000 1.494393 -0.086900
v 0.273806 1.494393 -0.086900
v 0.273806 1.479393 -0.086900
v 0.410709 1.494393 -0.086900
v 0.410709 1.479393 -0.086900
v 0.479160 1.479393 -0.086900
v 0.479160 1.494393 -0.086900
v 0.513386 1.494393 -0.086900
v 0.513386 1.479393 -0.086900
v 0.530499 1.494393 -0.086900
v 0.530499 1.479393 -0.086900
v 0.539055 1.494393 -0.086900
v 0.539055 1.479393 -0.086900
v -0.548811 1.479393 -0.130350
v -0.548811 1.480593 -0.130350
v -0.547611 1.494393 -0.130350
v 0.547611 1.479393 -0.130350
v 0.548811 1.494393 -0.130350
v 0.548811 1.493193 -0.130350
v -0.547611 1.479393 -0.130350
v -0.548811 1.494393 -0.130350
v -0.548811 1.493193 -0.130350
v 0.548811 1.479393 -0.130350
v 0.548811 1.480593 -0.130350
v 0.547611 1.494393 -0.130350
v 0.000000 1.479393 -0.130350
v 0.000000 1.494393 -0.130350
v 0.273806 1.494393 -0.130350
v 0.273806 1.479393 -0.130350
v 0.410709 1.494393 -0.130350
v 0.410709 1.479393 -0.130350
v 0.479160 1.479393 -0.130350
v 0.479160 1.494393 -0.130350
v 0.513386 1.494393 -0.130350
v 0.513386 1.479393 -0.130350
v 0.530499 1.494393 -0.130350
v 0.530499 1.479393 -0.130350
v 0.539055 1.494393 -0.130350
v 0.539055 1.479393 -0.130350
v -0.548811 1.479393 -0.152075
v -0.548811 1.480593 -0.152075
v -0.547611 1.494393 -0.152075
v 0.547611 1.479393 -0.152075
v 0.548811 1.494393 -0.152075
v 0.548811 1.493193 -0.152075
v -0.547611 1.479393 -0.152075
v -0.548811 1.494393 -0.152075
v -0.548811 1.493193 -0.152075
v 0.548811 1.479393 -0.152075
v 0.548811 1.480593 -0.152075
v 0.547611 1.494393 -0.152075
v 0.000000 1.479393 -0.152075
v 0.000000 1.494393 -0.152075
v 0.273806 1.494393 -0.152075
v 0.273806 1.479393 -0.152075
v 0.410709 1.494393 -0.152075
v 0.410709 1.479393 -0.152075
v 0.479160 1.479393 -0.152075
v 0.479160 1.494393 -0.152075
v 0.513386 1.494393 -0.152075
v 0.513386 1.479393 -0.152075
v 0.530499 1.494393 -0.152075
v 0.530499 1.479393 -0.152075
v 0.539055 1.494393 -0.152075
v 0.539055 1.479393 -0.152075
v -0.548811 1.479393 -0.162938
v -0.548811 1.480593 -0.162937
v -0.547611 1.494393 -0.162937
v 0.547611 1.479393 -0.162937
v 0.548811 1.494393 -0.162937
v 0.548811 1.493193 -0.162937
v -0.547611 1.479393 -0.162937
v -0.548811 1.494393 -0.162937
v -0.548811 1.493193 -0.162937
v 0.548811 1.479393 -0.162938
v 0.548811 1.480593 -0.162937
v 0.547611 1.494393 -0.162937
v 0.000000 1.479393 -0.162937
v 0.000000 1.494393 -0.162937
v 0.273806 1.494393 -0.162937
v 0.273806 1.479393 -0.162937
v 0.410709 1.494393 -0.162937
v 0.410709 1.479393 -0.162937
v 0.479160 1.479393 -0.162937
v 0.479160 1.494393 -0.162937
v 0.513386 1.494393 -0.162937
v 0.513386 1.479393 -0.162937
v 0.530499 1.494393 -0.162937
v 0.530499 1.479393 -0.162937
v 0.539055 1.494393 -0.162937
v 0.539055 1.479393 -0.162937
v -0.273806 1.493193 0.175000
v -0.273806 1.494393 0.175000
v -0.273806 1.479393 0.173800
v -0.273806 1.494393 -0.173800
v -0.273806 1.479393 -0.175000
v -0.273806 1.480593 -0.175000
v -0.273806 1.479393 -0.173800
v -0.273806 1.494393 -0.175000
v -0.273806 1.493193 -0.175000
v -0.273806 1.479393 0.175000
v -0.273806 1.480593 0.175000
v -0.273806 1.494393 0.173800
v -0.273806 1.494393 0.000000
v -0.273806 1.479393 0.000000
v -0.273806 1.494393 0.086900
v -0.273806 1.479393 0.086900
v -0.273806 1.494393 0.130350
v -0.273806 1.479393 0.130350
v -0.273806 1.494393 0.152075
v -0.273806 1.479393 0.152075
v -0.273806 1.494393 0.162937
v -0.273806 1.479393 0.162937
v -0.273806 1.479393 -0.086900
v -0.273806 1.494393 -0.086900
v -0.273806 1.494393 -0.130350
v -0.273806 1.479393 -0.130350
v -0.273806 1.479393 -0.152075
v -0.273806 1.494393 -0.152075
v -0.273806 1.494393 -0.162937
v -0.273806 1.479393 -0.162937
v -0.410709 1.479393 -0.173800
v -0.410709 1.494393 -0.175000
v -0.410709 1.493193 -0.175000
v -0.410709 1.479393 0.175000
v -0.410709 1.480593 0.175000
v -0.410709 1.494393 0.173800
v -0.410709 1.479393 0.000000
v -0.410709 1.479393 0.086900
v -0.410709 1.479393 0.130350
v -0.410709 1.479393 0.152075
v -0.410709 1.479393 0.162937
v -0.410709 1.479393 -0.086900
v -0.410709 1.479393 -0.130350
v -0.410709 1.479393 -0.152075
v -0.410709 1.479393 -0.162937
v -0.410709 1.493193 0.175000
v -0.410709 1.494393 0.175000
v -0.410709 1.479393 0.173800
v -0.410709 1.494393 -0.173800
v -0.410709 1.479393 -0.175000
v -0.410709 1.480593 -0.175000
v -0.410709 1.494393 0.000000
v -0.410709 1.494393 0.086900
v -0.410709 1.494393 0.130350
v -0.410709 1.494393 0.152075
v -0.410709 1.494393 0.162937
v -0.410709 1.494393 -0.086900
v -0.410709 1.494393 -0.130350
v -0.410709 1.494393 -0.152075
v -0.410709 1.494393 -0.162937
v -0.479160 1.479393 -0.173800
v -0.479160 1.494393 -0.175000
v -0.479160 1.493193 -0.175000
v -0.479160 1.479393 0.175000
v -0.479160 1.480593 0.175000
v -0.479160 1.494393 0.173800
v -0.479160 1.479393 0.000000
v -0.479160 1.479393 0.086900
v -0.479160 1.479393 0.130350
v -0.479160 1.479393 0.152075
v -0.479160 1.479393 0.162937
v -0.479160 1.479393 -0.086900
v -0.479160 1.479393 -0.130350
v -0.479160 1.479393 -0.152075
v -0.479160 1.479393 -0.162937
v -0.479160 1.493193 0.175000
v -0.479160 1.494393 0.175000
v -0.479160 1.479393 0.173800
v -0.479160 1.494393 -0.173800
v -0.479160 1.479393 -0.175000
v -0.479160 1.480593 -0.175000
v -0.479160 1.494393 0.000000
v -0.479160 1.494393 0.086900
v -0.479160 1.494393 0.130350
v -0.479160 1.494393 0.152075
v -0.479160 1.494393 0.162937
v -0.479160 1.494393 -0.086900
v -0.479160 1.494393 -0.130350
v -0.479160 1.494393 -0.152075
v -0.479160 1.494393 -0.162937
v -0.513386 1.479393 -0.173800
v -0.513386 1.494393 -0.175000
v -0.513386 1.493193 -0.175000
v -0.513386 1.479393 0.175000
v -0.513386 1.480593 0.175000
v -0.513386 1.494393 0.173800
v -0.513386 1.479393 0.000000
v -0.513386 1.479393 0.086900
v -0.513386 1.479393 0.130350
v -0.513386 1.479393 0.152075
v -0.513386 1.479393 0.162937
v -0.513386 1.479393 -0.086900
v -0.513386 1.479393 -0.130350
v -0.513386 1.479393 -0.152075
v -0.513386 1.479393 -0.162937
v -0.513386 1.493193 0.175000
v -0.513386 1.494393 0.175000
v -0.513386 1.479393 0.173800
v -0.513386 1.494393 -0.173800
v -0.513386 1.479393 -0.175000
v -0.513386 1.480593 -0.175000
v -0.513386 1.494393 0.000000
v -0.513386 1.494393 0.086900
v -0.513386 1.494393 0.130350
v -0.513386 1.494393 0.152075
v -0.513386 1.494393 0.162937
v -0.513386 1.494393 -0.086900
v -0.513386 1.494393 -0.130350
v -0.513386 1.494393 -0.152075
v -0.513386 1.494393 -0.162937
v -0.530499 1.479393 -0.173800
v -0.530499 1.494393 -0.175000
v -0.530499 1.493193 -0.175000
v -0.530499 1.479393 0.175000
v -0.530499 1.480593 0.175000
v -0.530499 1.494393 0.173800
v -0.530499 1.479393 0.000000
v -0.530499 1.479393 0.086900
v -0.530499 1.479393 0.130350
v -0.530499 1.479393 0.152075
v -0.530499 1.479393 0.162937
v -0.530499 1.479393 -0.086900
v -0.530499 1.479393 -0.130350
v -0.530499 1.479393 -0.152075
v -0.530499 1.479393 -0.162937
v -0.530499 1.493193 0.175000
v -0.530499 1.494393 0.175000
v -0.530499 1.479393 0.173800
v -0.530499 1.494393 -0.173800
v -0.530499 1.479393 -0.175000
v -0.530499 1.480593 -0.175000
v -0.530499 1.494393 0.000000
v -0.530499 1.494393 0.086900
v -0.530499 1.494393 0.130350
v -0.530499 1.494393 0.152075
v -0.530499 1.494393 0.162937
v -0.530499 1.494393 -0.086900
v -0.530499 1.494393 -0.130350
v -0.530499 1.494393 -0.152075
v -0.530499 1.494393 -0.162937
v -0.539055 1.479393 -0.173800
v -0.539055 1.494393 -0.175000
v -0.539055 1.493193 -0.175000
v -0.539055 1.479393 0.175000
v -0.539055 1.480593 0.175000
v -0.539055 1.494393 0.173800
v -0.539055 1.479393 0.000000
v -0.539055 1.479393 0.086900
v -0.539055 1.479393 0.130350
v -0.539055 1.479393 0.152075
v -0.539055 1.479393 0.162937
v -0.539055 1.479393 -0.086900
v -0.539055 1.479393 -0.130350
v -0.539055 1.479393 -0.152075
v -0.539055 1.479393 -0.162937
v -0.539055 1.493193 0.175000
v -0.539055 1.494393 0.175000
v -0.539055 1.479393 0.173800
v -0.539055 1.494393 -0.173800
v -0.539055 1.479393 -0.175000
v -0.539055 1.480593 -0.175000
v -0.539055 1.494393 0.000000
v -0.539055 1.494393 0.086900
v -0.539055 1.494393 0.130350
v -0.539055 1.494393 0.152075
v -0.539055 1.494393 0.162937
v -0.539055 1.494393 -0.086900
v -0.539055 1.494393 -0.130350
v -0.539055 1.494393 -0.152075
v -0.539055 1.494393 -0.162937
v -0.136903 1.493193 0.175000
v -0.136903 1.494393 0.175000
v -0.136903 1.479393 0.173800
v -0.136903 1.494393 -0.173800
v -0.136903 1.479393 -0.175000
v -0.136903 1.480593 -0.175000
v -0.136903 1.494393 0.000000
v -0.136903 1.494393 0.086900
v -0.136903 1.494393 0.130350
v -0.136903 1.494393 0.152075
v -0.136903 1.494393 0.162937
v -0.136903 1.494393 -0.086900
v -0.136903 1.494393 -0.130350
v -0.136903 1.494393 -0.152075
v -0.136903 1.494393 -0.162937
v -0.136903 1.479393 -0.173800
v -0.136903 1.494393 -0.175000
v -0.136903 1.493193 -0.175000
v -0.136903 1.479393 0.175000
v -0.136903 1.480593 0.175000
v -0.136903 1.494393 0.173800
v -0.136903 1.479393 0.000000
v -0.136903 1.479393 0.086900
v -0.136903 1.479393 0.130350
v -0.136903 1.479393 0.152075
v -0.136903 1.479393 0.162937
v -0.136903 1.479393 -0.086900
v -0.136903 1.479393 -0.130350
v -0.136903 1.479393 -0.152075
v -0.136903 1.479393 -0.162937
v 0.136903 1.480593 0.175000
v 0.136903 1.493193 -0.175000
v 0.136903 1.494393 -0.175000
v 0.136903 1.479393 -0.173800
v 0.136903 1.494393 0.173800
v 0.136903 1.479393 0.175000
v 0.136903 1.479393 -0.175000
v 0.136903 1.480593 -0.175000
v 0.136903 1.494393 -0.173800
v 0.136903 1.479393 0.173800
v 0.136903 1.494393 0.175000
v 0.136903 1.493193 0.175000
v 0.136903 1.479393 0.000000
v 0.136903 1.494393 0.000000
v 0.136903 1.479393 0.086900
v 0.136903 1.494393 0.086900
v 0.136903 1.479393 0.130350
v 0.136903 1.494393 0.130350
v 0.136903 1.479393 0.152075
v 0.136903 1.494393 0.152075
v 0.136903 1.479393 0.162937
v 0.136903 1.494393 0.162937
v 0.136903 1.494393 -0.086900
v 0.136903 1.479393 -0.086900
v 0.136903 1.479393 -0.130350
v 0.136903 1.494393 -0.130350
v 0.136903 1.494393 -0.152075
v 0.136903 1.479393 -0.152075
v 0.136903 1.479393 -0.162937
v 0.136903 1.494393 -0.162937
v 0.000000 1.027364 0.175000
v 0.000000 1.027364 0.173800
v 0.000000 1.041164 -0.175000
v 0.000000 1.042364 -0.175000
v 0.000000 1.042364 -0.173800
v 0.000000 1.028564 -0.175000
v 0.000000 1.027364 -0.175000
v 0.000000 1.027364 -0.173800
v -0.547611 1.027364 0.173800
v -0.547611 1.028564 0.175000
v -0.548811 1.028564 0.173800
v -0.547611 1.027364 0.175000
v -0.548811 1.027364 0.175000
v -0.548811 1.028564 0.175000
v -0.548811 1.027364 0.173800
v -0.547611 1.041164 0.175000
v -0.547611 1.042364 0.173800
v -0.548811 1.041164 0.173800
v -0.547611 1.042364 0.175000
v -0.548811 1.042364 0.175000
v -0.548811 1.042364 0.173800
v -0.548811 1.041164 0.175000
v -0.547611 1.027364 -0.173800
v -0.548811 1.028564 -0.173800
v -0.547611 1.028564 -0.175000
v -0.548811 1.027364 -0.173800
v -0.548811 1.027364 -0.175000
v -0.548811 1.028564 -0.175000
v -0.547611 1.027364 -0.175000
v -0.547611 1.042364 -0.173800
v -0.547611 1.041164 -0.175000
v -0.548811 1.041164 -0.173800
v -0.547611 1.042364 -0.175000
v -0.548811 1.042364 -0.175000
v -0.548811 1.041164 -0.175000
v -0.548811 1.042364 -0.173800
v 0.547611 1.027364 0.173800
v 0.548811 1.028564 0.173800
v 0.547611 1.028564 0.175000
v 0.548811 1.027364 0.173800
v 0.548811 1.027364 0.175000
v 0.548811 1.028564 0.175000
v 0.547612 1.027364 0.175000
v 0.547611 1.042364 0.173800
v 0.547611 1.041164 0.175000
v 0.548811 1.041164 0.173800
v 0.547611 1.042364 0.175000
v 0.548812 1.042364 0.175000
v 0.548811 1.041164 0.175000
v 0.548812 1.042364 0.173800
v 0.547611 1.027364 -0.173800
v 0.547611 1.028564 -0.175000
v 0.548811 1.028564 -0.173800
v 0.547611 1.027364 -0.175000
v 0.548811 1.027364 -0.175000
v 0.548811 1.028564 -0.175000
v 0.548811 1.027364 -0.173800
v 0.547611 1.042364 -0.173800
v 0.548811 1.041164 -0.173800
v 0.547611 1.041164 -0.175000
v 0.548812 1.042364 -0.173800
v 0.548812 1.042364 -0.175000
v 0.548811 1.041164 -0.175000
v 0.547611 1.042364 -0.175000
v 0.000000 1.028564 0.175000
v 0.000000 1.042364 0.173800
v 0.000000 1.042364 0.175000
v 0.000000 1.041164 0.175000
v 0.273806 1.028564 0.175000
v 0.273806 1.041164 -0.175000
v 0.273806 1.042364 -0.175000
v 0.273806 1.027364 -0.173800
v 0.273806 1.042364 0.173800
v 0.273806 1.027364 0.175000
v 0.273806 1.027364 -0.175000
v 0.273806 1.028564 -0.175000
v 0.273806 1.042364 -0.173800
v 0.273806 1.027364 0.173800
v 0.273806 1.042364 0.175000
v 0.273806 1.041164 0.175000
v 0.410709 1.027364 -0.175000
v 0.410709 1.028564 -0.175000
v 0.410709 1.042364 -0.173800
v 0.410709 1.027364 0.173800
v 0.410709 1.042364 0.175000
v 0.410709 1.041164 0.175000
v 0.410709 1.028564 0.175000
v 0.410709 1.041164 -0.175000
v 0.410709 1.042364 -0.175000
v 0.410709 1.027364 -0.173800
v 0.410709 1.042364 0.173800
v 0.410709 1.027364 0.175000
v -0.547611 1.027364 0.000000
v -0.548811 1.027364 -0.000000
v -0.548811 1.028564 0.000000
v -0.547611 1.042364 0.000000
v -0.548811 1.042364 0.000000
v -0.548811 1.041164 0.000000
v 0.547611 1.027364 0.000000
v 0.548811 1.027364 -0.000000
v 0.548811 1.028564 0.000000
v 0.547611 1.042364 0.000000
v 0.548812 1.042364 0.000000
v 0.548811 1.041164 0.000000
v 0.000000 1.027364 0.000000
v 0.000000 1.042364 0.000000
v 0.273806 1.042364 0.000000
v 0.273806 1.027364 0.000000
v 0.410709 1.042364 0.000000
v 0.410709 1.027364 0.000000
v 0.479160 1.027364 -0.175000
v 0.479160 1.028564 -0.175000
v 0.479160 1.042364 -0.173800
v 0.479160 1.027364 0.173800
v 0.479160 1.042364 0.175000
v 0.479160 1.041164 0.175000
v 0.479160 1.028564 0.175000
v 0.479160 1.041164 -0.175000
v 0.479160 1.042364 -0.175000
v 0.479160 1.027364 -0.173800
v 0.479160 1.042364 0.173800
v 0.479160 1.027364 0.175000
v 0.479160 1.042364 0.000000
v 0.479160 1.027364 0.000000
v 0.513386 1.027364 -0.175000
v 0.513386 1.028564 -0.175000
v 0.513386 1.042364 -0.173800
v 0.513386 1.027364 0.173800
v 0.513386 1.042364 0.175000
v 0.513386 1.041164 0.175000
v 0.513386 1.042364 0.000000
v 0.513386 1.028564 0.175000
v 0.513386 1.041164 -0.175000
v 0.513386 1.042364 -0.175000
v 0.513386 1.027364 -0.173800
v 0.513386 1.042364 0.173800
v 0.513386 1.027364 0.175000
v 0.513386 1.027364 0.000000
v 0.530499 1.027364 -0.175000
v 0.530499 1.028563 -0.175000
v 0.530499 1.042364 -0.173800
v 0.530499 1.027364 0.173800
v 0.530499 1.042364 0.175000
v 0.530499 1.041164 0.175000
v 0.530499 1.042364 0.000000
v 0.530499 1.028563 0.175000
v 0.530499 1.041164 -0.175000
v 0.530499 1.042364 -0.175000
v 0.530499 1.027364 -0.173800
v 0.530499 1.042364 0.173800
v 0.530499 1.027364 0.175000
v 0.530499 1.027364 0.000000
v 0.539055 1.027364 -0.175000
v 0.539055 1.028564 -0.175000
v 0.539055 1.042364 -0.173800
v 0.539055 1.027364 0.173800
v 0.539055 1.042364 0.175000
v 0.539055 1.041164 0.175000
v 0.539055 1.042364 0.000000
v 0.539055 1.028564 0.175000
v 0.539055 1.041164 -0.175000
v 0.539055 1.042364 -0.175000
v 0.539055 1.027364 -0.173800
v 0.539055 1.042364 0.173800
v 0.539055 1.027364 0.175000
v 0.539055 1.027364 0.000000
v -0.547611 1.027364 0.086900
v -0.548811 1.042364 0.086900
v -0.548811 1.041164 0.086900
v 0.548811 1.027364 0.086900
v 0.548811 1.028564 0.086900
v 0.547611 1.042364 0.086900
v 0.000000 1.027364 0.086900
v 0.000000 1.042364 0.086900
v 0.273806 1.042364 0.086900
v 0.273806 1.027364 0.086900
v 0.410709 1.042364 0.086900
v 0.410709 1.027364 0.086900
v -0.548811 1.027364 0.086900
v -0.548811 1.028564 0.086900
v -0.547611 1.042364 0.086900
v 0.547611 1.027364 0.086900
v 0.548812 1.042364 0.086900
v 0.548811 1.041164 0.086900
v 0.479160 1.042364 0.086900
v 0.479160 1.027364 0.086900
v 0.513386 1.042364 0.086900
v 0.513386 1.027364 0.086900
v 0.530499 1.042364 0.086900
v 0.530499 1.027364 0.086900
v 0.539055 1.042364 0.086900
v 0.539055 1.027364 0.086900
v -0.547611 1.027364 0.130350
v -0.548811 1.042364 0.130350
v -0.548811 1.041164 0.130350
v 0.548811 1.027364 0.130350
v 0.548811 1.028564 0.130350
v 0.547611 1.042364 0.130350
v 0.000000 1.027364 0.130350
v 0.000000 1.042364 0.130350
v 0.273806 1.042364 0.130350
v 0.273806 1.027364 0.130350
v 0.410709 1.042364 0.130350
v 0.410709 1.027364 0.130350
v 0.479160 1.042364 0.130350
v 0.479160 1.027364 0.130350
v 0.513386 1.042364 0.130350
v 0.513386 1.027364 0.130350
v 0.530499 1.042364 0.130350
v 0.530499 1.027364 0.130350
v 0.539055 1.042364 0.130350
v 0.539055 1.027364 0.130350
v -0.548811 1.027364 0.130350
v -0.548811 1.028564 0.130350
v -0.547611 1.042364 0.130350
v 0.547611 1.027364 0.130350
v 0.548812 1.042364 0.130350
v 0.548811 1.041164 0.130350
v -0.547611 1.027364 0.152075
v -0.548811 1.042364 0.152075
v -0.548811 1.041164 0.152075
v 0.548811 1.027364 0.152075
v 0.548811 1.028564 0.152075
v 0.547611 1.042364 0.152075
v 0.000000 1.027364 0.152075
v 0.000000 1.042364 0.152075
v 0.273806 1.042364 0.152075
v 0.273806 1.027364 0.152075
v 0.410709 1.042364 0.152075
v 0.410709 1.027364 0.152075
v 0.479160 1.042364 0.152075
v 0.479160 1.027364 0.152075
v 0.513386 1.042364 0.152075
v 0.513386 1.027364 0.152075
v 0.530499 1.042364 0.152075
v 0.530499 1.027364 0.152075
v 0.539055 1.042364 0.152075
v 0.539055 1.027364 0.152075
v -0.548811 1.027364 0.152075
v -0.548811 1.028564 0.152075
v -0.547611 1.042364 0.152075
v 0.547611 1.027364 0.152075
v 0.548812 1.042364 0.152075
v 0.548811 1.041164 0.152075
v -0.547611 1.027364 0.162937
v -0.548811 1.042364 0.162938
v -0.548811 1.041164 0.162937
v 0.548811 1.027364 0.162937
v 0.548811 1.028564 0.162937
v 0.547611 1.042364 0.162937
v 0.000000 1.027364 0.162937
v 0.000000 1.042364 0.162937
v 0.273806 1.042364 0.162937
v 0.273806 1.027364 0.162937
v 0.410709 1.042364 0.162937
v 0.410709 1.027364 0.162937
v 0.479160 1.042364 0.162937
v 0.479160 1.027364 0.162937
v 0.513386 1.042364 0.162937
v 0.513386 1.027364 0.162937
v 0.530499 1.042364 0.162937
v 0.530499 1.027364 0.162937
v 0.539055 1.042364 0.162937
v 0.539055 1.027364 0.162937
v -0.548811 1.027364 0.162937
v -0.548811 1.028564 0.162937
v -0.547611 1.042364 0.162937
v 0.547611 1.027364 0.162937
v 0.548812 1.042364 0.162938
v 0.548811 1.041164 0.162937
v -0.548811 1.027364 -0.086900
v -0.548811 1.028564 -0.086900
v -0.547611 1.042364 -0.086900
v 0.547611 1.027364 -0.086900
v 0.548812 1.042364 -0.086900
v 0.548811 1.041164 -0.086900
v -0.547611 1.027364 -0.086900
v -0.548811 1.042364 -0.086900
v -0.548811 1.041164 -0.086900
v 0.548811 1.027364 -0.086900
v 0.548811 1.028564 -0.086900
v 0.547611 1.042364 -0.086900
v 0.000000 1.027364 -0.086900
v 0.000000 1.042364 -0.086900
v 0.273806 1.042364 -0.086900
v 0.273806 1.027364 -0.086900
v 0.410709 1.042364 -0.086900
v 0.410709 1.027364 -0.086900
v 0.479160 1.027364 -0.086900
v 0.479160 1.042364 -0.086900
v 0.513386 1.042364 -0.086900
v 0.513386 1.027364 -0.086900
v 0.530499 1.042364 -0.086900
v 0.530499 1.027364 -0.086900
v 0.539055 1.042364 -0.086900
v 0.539055 1.027364 -0.086900
v -0.548811 1.027364 -0.130350
v -0.548811 1.028564 -0.130350
v -0.547611 1.042364 -0.130350
v 0.547611 1.027364 -0.130350
v 0.548812 1.042364 -0.130350
v 0.548811 1.041164 -0.130350
v -0.547611 1.027364 -0.130350
v -0.548811 1.042364 -0.130350
v -0.548811 1.041164 -0.130350
v 0.548811 1.027364 -0.130350
v 0.548811 1.028564 -0.130350
v 0.547611 1.042364 -0.130350
v 0.000000 1.027364 -0.130350
v 0.000000 1.042364 -0.130350
v 0.273806 1.042364 -0.130350
v 0.273806 1.027364 -0.130350
v 0.410709 1.042364 -0.130350
v 0.410709 1.027364 -0.130350
v 0.479160 1.027364 -0.130350
v 0.479160 1.042364 -0.130350
v 0.513386 1.042364 -0.130350
v 0.513386 1.027364 -0.130350
v 0.530499 1.042364 -0.130350
v 0.530499 1.027364 -0.130350
v 0.539055 1.042364 -0.130350
v 0.539055 1.027364 -0.130350
v -0.548811 1.027364 -0.152075
v -0.548811 1.028564 -0.152075
v -0.547611 1.042364 -0.152075
v 0.547611 1.027364 -0.152075
v 0.548812 1.042364 -0.152075
v 0.548811 1.041164 -0.152075
v -0.547611 1.027364 -0.152075
v -0.548811 1.042364 -0.152075
v -0.548811 1.041164 -0.152075
v 0.548811 1.027364 -0.152075
v 0.548811 1.028564 -0.152075
v 0.547611 1.042364 -0.152075
v 0.000000 1.027364 -0.152075
v 0.000000 1.042364 -0.152075
v 0.273806 1.042364 -0.152075
v 0.273806 1.027364 -0.152075
v 0.410709 1.042364 -0.152075
v 0.410709 1.027364 -0.152075
v 0.479160 1.027364 -0.152075
v 0.479160 1.042364 -0.152075
v 0.513386 1.042364 -0.152075
v 0.513386 1.027364 -0.152075
v 0.530499 1.042364 -0.152075
v 0.530499 1.027364 -0.152075
v 0.539055 1.042364 -0.152075
v 0.539055 1.027364 -0.152075
v -0.548811 1.027364 -0.162938
v -0.548811 1.028564 -0.162937
v -0.547611 1.042364 -0.162937
v 0.547611 1.027364 -0.162937
v 0.548812 1.042364 -0.162937
v 0.548811 1.041164 -0.162937
v -0.547611 1.027364 -0.162937
v -0.548811 1.042364 -0.162937
v -0.548811 1.041164 -0.162937
v 0.548811 1.027364 -0.162938
v 0.548811 1.028564 -0.162937
v 0.547611 1.042364 -0.162937
v 0.000000 1.027364 -0.162937
v 0.000000 1.042364 -0.162937
v 0.273806 1.042364 -0.162937
v 0.273806 1.027364 -0.162937
v 0.410709 1.042364 -0.162937
v 0.410709 1.027364 -0.162937
v 0.479160 1.027364 -0.162937
v 0.479160 1.042364 -0.162937
v 0.513386 1.042364 -0.162937
v 0.513386 1.027364 -0.162937
v 0.530499 1.042364 -0.162937
v 0.530499 1.027364 -0.162937
v 0.539055 1.042364 -0.162937
v 0.539055 1.027364 -0.162937
v -0.273806 1.041164 0.175000
v -0.273806 1.042364 0.175000
v -0.273806 1.027364 0.173800
v -0.273806 1.042364 -0.173800
v -0.273806 1.027364 -0.175000
v -0.273806 1.028564 -0.175000
v -0.273806 1.027364 -0.173800
v -0.273806 1.042364 -0.175000
v -0.273806 1.041164 -0.175000
v -0.273806 1.027364 0.175000
v -0.273806 1.028564 0.175000
v -0.273806 1.042364 0.173800
v -0.273806 1.042364 0.000000
v -0.273806 1.027364 0.000000
v -0.273806 1.042364 0.086900
v -0.273806 1.027364 0.086900
v -0.273806 1.042364 0.130350
v -0.273806 1.027364 0.130350
v -0.273806 1.042364 0.152075
v -0.273806 1.027364 0.152075
v -0.273806 1.042364 0.162937
v -0.273806 1.027364 0.162937
v -0.273806 1.027364 -0.086900
v -0.273806 1.042364 -0.086900
v -0.273806 1.042364 -0.130350
v -0.273806 1.027364 -0.130350
v -0.273806 1.027364 -0.152075
v -0.273806 1.042364 -0.152075
v -0.273806 1.042364 -0.162937
v -0.273806 1.027364 -0.162937
v -0.410709 1.027364 -0.173800
v -0.410709 1.042364 -0.175000
v -0.410709 1.041164 -0.175000
v -0.410709 1.027364 0.175000
v -0.410709 1.028564 0.175000
v -0.410709 1.042364 0.173800
v -0.410709 1.027364 0.000000
v -0.410709 1.027364 0.086900
v -0.410709 1.027364 0.130350
v -0.410709 1.027364 0.152075
v -0.410709 1.027364 0.162937
v -0.410709 1.027364 -0.086900
v -0.410709 1.027364 -0.130350
v -0.410709 1.027364 -0.152075
v -0.410709 1.027364 -0.162937
v -0.410709 1.041164 0.175000
v -0.410709 1.042364 0.175000
v -0.410709 1.027364 0.173800
v -0.410709 1.042364 -0.173800
v -0.410709 1.027364 -0.175000
v -0.410709 1.028564 -0.175000
v -0.410709 1.042364 0.000000
v -0.410709 1.042364 0.086900
v -0.410709 1.042364 0.130350
v -0.410709 1.042364 0.152075
v -0.410709 1.042364 0.162937
v -0.410709 1.042364 -0.086900
v -0.410709 1.042364 -0.130350
v -0.410709 1.042364 -0.152075
v -0.410709 1.042364 -0.162937
v -0.479160 1.027364 -0.173800
v -0.479160 1.042364 -0.175000
v -0.479160 1.041164 -0.175000
v -0.479160 1.027364 0.175000
v -0.479160 1.028564 0.175000
v -0.479160 1.042364 0.173800
v -0.479160 1.027364 0.000000
v -0.479160 1.027364 0.086900
v -0.479160 1.027364 0.130350
v -0.479160 1.027364 0.152075
v -0.479160 1.027364 0.162937
v -0.479160 1.027364 -0.086900
v -0.479160 1.027364 -0.130350
v -0.479160 1.027364 -0.152075
v -0.479160 1.027364 -0.162937
v -0.479160 1.041164 0.175000
v -0.479160 1.042364 0.175000
v -0.479160 1.027364 0.173800
v -0.479160 1.042364 -0.173800
v -0.479160 1.027364 -0.175000
v -0.479160 1.028564 -0.175000
v -0.479160 1.042364 0.000000
v -0.479160 1.042364 0.086900
v -0.479160 1.042364 0.130350
v -0.479160 1.042364 0.152075
v -0.479160 1.042364 0.162937
v -0.479160 1.042364 -0.086900
v -0.479160 1.042364 -0.130350
v -0.479160 1.042364 -0.152075
v -0.479160 1.042364 -0.162937
v -0.513386 1.027364 -0.173800
v -0.513386 1.042364 -0.175000
v -0.513386 1.041164 -0.175000
v -0.513386 1.027364 0.175000
v -0.513386 1.028564 0.175000
v -0.513386 1.042364 0.173800
v -0.513386 1.027364 0.000000
v -0.513386 1.027364 0.086900
v -0.513386 1.027364 0.130350
v -0.513386 1.027364 0.152075
v -0.513386 1.027364 0.162937
v -0.513386 1.027364 -0.086900
v -0.513386 1.027364 -0.130350
v -0.513386 1.027364 -0.152075
v -0.513386 1.027364 -0.162937
v -0.513386 1.041164 0.175000
v -0.513386 1.042364 0.175000
v -0.513386 1.027364 0.173800
v -0.513386 1.042364 -0.173800
v -0.513386 1.027364 -0.175000
v -0.513386 1.028564 -0.175000
v -0.513386 1.042364 0.000000
v -0.513386 1.042364 0.086900
v -0.513386 1.042364 0.130350
v -0.513386 1.042364 0.152075
v -0.513386 1.042364 0.162937
v -0.513386 1.042364 -0.086900
v -0.513386 1.042364 -0.130350
v -0.513386 1.042364 -0.152075
v -0.513386 1.042364 -0.162937
v -0.530499 1.027364 -0.173800
v -0.530499 1.042364 -0.175000
v -0.530499 1.041164 -0.175000
v -0.530499 1.027364 0.175000
v -0.530499 1.028564 0.175000
v -0.530499 1.042364 0.173800
v -0.530499 1.027364 0.000000
v -0.530499 1.027364 0.086900
v -0.530499 1.027364 0.130350
v -0.530499 1.027364 0.152075
v -0.530499 1.027364 0.162937
v -0.530499 1.027364 -0.086900
v -0.530499 1.027364 -0.130350
v -0.530499 1.027364 -0.152075
v -0.530499 1.027364 -0.162937
v -0.530499 1.041164 0.175000
v -0.530499 1.042364 0.175000
v -0.530499 1.027364 0.173800
v -0.530499 1.042364 -0.173800
v -0.530499 1.027364 -0.175000
v -0.530499 1.028564 -0.175000
v -0.530499 1.042364 0.000000
v -0.530499 1.042364 0.086900
v -0.530499 1.042364 0.130350
v -0.530499 1.042364 0.152075
v -0.530499 1.042364 0.162937
v -0.530499 1.042364 -0.086900
v -0.530499 1.042364 -0.130350
v -0.530499 1.042364 -0.152075
v -0.530499 1.042364 -0.162937
v -0.539055 1.027364 -0.173800
v -0.539055 1.042364 -0.175000
v -0.539055 1.041164 -0.175000
v -0.539055 1.027364 0.175000
v -0.539055 1.028564 0.175000
v -0.539055 1.042364 0.173800
v -0.539055 1.027364 0.000000
v -0.539055 1.027364 0.086900
v -0.539055 1.027364 0.130350
v -0.539055 1.027364 0.152075
v -0.539055 1.027364 0.162937
v -0.539055 1.027364 -0.086900
v -0.539055 1.027364 -0.130350
v -0.539055 1.027364 -0.152075
v -0.539055 1.027364 -0.162937
v -0.539055 1.041164 0.175000
v -0.539055 1.042364 0.175000
v -0.539055 1.027364 0.173800
v -0.539055 1.042364 -0.173800
v -0.539055 1.027364 -0.175000
v -0.539055 1.028564 -0.175000
v -0.539055 1.042364 0.000000
v -0.539055 1.042364 0.086900
v -0.539055 1.042364 0.130350
v -0.539055 1.042364 0.152075
v -0.539055 1.042364 0.162937
v -0.539055 1.042364 -0.086900
v -0.539055 1.042364 -0.130350
v -0.539055 1.042364 -0.152075
v -0.539055 1.042364 -0.162937
v -0.136903 1.041164 0.175000
v -0.136903 1.042364 0.175000
v -0.136903 1.027364 0.173800
v -0.136903 1.042364 -0.173800
v -0.136903 1.027364 -0.175000
v -0.136903 1.028564 -0.175000
v -0.136903 1.042364 0.000000
v -0.136903 1.042364 0.086900
v -0.136903 1.042364 0.130350
v -0.136903 1.042364 0.152075
v -0.136903 1.042364 0.162937
v -0.136903 1.042364 -0.086900
v -0.136903 1.042364 -0.130350
v -0.136903 1.042364 -0.152075
v -0.136903 1.042364 -0.162937
v -0.136903 1.027364 -0.173800
v -0.136903 1.042364 -0.175000
v -0.136903 1.041164 -0.175000
v -0.136903 1.027364 0.175000
v -0.136903 1.028564 0.175000
v -0.136903 1.042364 0.173800
v -0.136903 1.027364 0.000000
v -0.136903 1.027364 0.086900
v -0.136903 1.027364 0.130350
v -0.136903 1.027364 0.152075
v -0.136903 1.027364 0.162937
v -0.136903 1.027364 -0.086900
v -0.136903 1.027364 -0.130350
v -0.136903 1.027364 -0.152075
v -0.136903 1.027364 -0.162937
v 0.136903 1.028564 0.175000
v 0.136903 1.041164 -0.175000
v 0.136903 1.042364 -0.175000
v 0.136903 1.027364 -0.173800
v 0.136903 1.042364 0.173800
v 0.136903 1.027364 0.175000
v 0.136903 1.027364 -0.175000
v 0.136903 1.028564 -0.175000
v 0.136903 1.042364 -0.173800
v 0.136903 1.027364 0.173800
v 0.136903 1.042364 0.175000
v 0.136903 1.041164 0.175000
v 0.136903 1.027364 0.000000
v 0.136903 1.042364 0.000000
v 0.136903 1.027364 0.086900
v 0.136903 1.042364 0.086900
v 0.136903 1.027364 0.130350
v 0.136903 1.042364 0.130350
v 0.136903 1.027364 0.152075
v 0.136903 1.042364 0.152075
v 0.136903 1.027364 0.162937
v 0.136903 1.042364 0.162937
v 0.136903 1.042364 -0.086900
v 0.136903 1.027364 -0.086900
v 0.136903 1.027364 -0.130350
v 0.136903 1.042364 -0.130350
v 0.136903 1.042364 -0.152075
v 0.136903 1.027364 -0.152075
v 0.136903 1.027364 -0.162937
v 0.136903 1.042364 -0.162937
v 0.000000 0.583995 0.175000
v 0.000000 0.583995 0.173800
v 0.000000 0.597795 -0.175000
v 0.000000 0.598995 -0.175000
v 0.000000 0.598995 -0.173800
v 0.000000 0.585195 -0.175000
v 0.000000 0.583995 -0.175000
v 0.000000 0.583995 -0.173800
v -0.547611 0.583995 0.173800
v -0.547611 0.585195 0.175000
v -0.548811 0.585195 0.173800
v -0.547611 0.583995 0.175000
v -0.548811 0.583995 0.175000
v -0.548811 0.585195 0.175000
v -0.548811 0.583995 0.173800
v -0.547611 0.597795 0.175000
v -0.547611 0.598995 0.173800
v -0.548811 0.597795 0.173800
v -0.547611 0.598995 0.175000
v -0.548811 0.598995 0.175000
v -0.548811 0.598995 0.173800
v -0.548811 0.597795 0.175000
v -0.547611 0.583995 -0.173800
v -0.548811 0.585195 -0.173800
v -0.547611 0.585195 -0.175000
v -0.548811 0.583995 -0.173800
v -0.548811 0.583995 -0.175000
v -0.548811 0.585195 -0.175000
v -0.547611 0.583995 -0.175000
v -0.547611 0.598995 -0.173800
v -0.547611 0.597795 -0.175000
v -0.548811 0.597795 -0.173800
v -0.547611 0.598995 -0.175000
v -0.548811 0.598995 -0.175000
v -0.548811 0.597795 -0.175000
v -0.548811 0.598995 -0.173800
v 0.547611 0.583995 0.173800
v 0.548812 0.585195 0.173800
v 0.547611 0.585195 0.175000
v 0.548811 0.583995 0.173800
v 0.548811 0.583995 0.175000
v 0.548812 0.585195 0.175000
v 0.547612 0.583995 0.175000
v 0.547611 0.598995 0.173800
v 0.547611 0.597795 0.175000
v 0.548812 0.597795 0.173800
v 0.547611 0.598995 0.175000
v 0.548811 0.598995 0.175000
v 0.548812 0.597795 0.175000
v 0.548811 0.598995 0.173800
v 0.547611 0.583995 -0.173800
v 0.547611 0.585195 -0.175000
v 0.548812 0.585195 -0.173800
v 0.547611 0.583995 -0.175000
v 0.548811 0.583995 -0.175000
v 0.548812 0.585195 -0.175000
v 0.548811 0.583995 -0.173800
v 0.547611 0.598995 -0.173800
v 0.548812 0.597795 -0.173800
v 0.547611 0.597795 -0.175000
v 0.548811 0.598995 -0.173800
v 0.548811 0.598995 -0.175000
v 0.548812 0.597795 -0.175000
v 0.547611 0.598995 -0.175000
v 0.000000 0.585195 0.175000
v 0.000000 0.598995 0.173800
v 0.000000 0.598995 0.175000
v 0.000000 0.597795 0.175000
v 0.273806 0.585195 0.175000
v 0.273806 0.597795 -0.175000
v 0.273806 0.598995 -0.175000
v 0.273806 0.583995 -0.173800
v 0.273806 0.598995 0.173800
v 0.273806 0.583995 0.175000
v 0.273806 0.583995 -0.175000
v 0.273806 0.585195 -0.175000
v 0.273806 0.598995 -0.173800
v 0.273806 0.583995 0.173800
v 0.273806 0.598995 0.175000
v 0.273806 0.597795 0.175000
v 0.410709 0.583995 -0.175000
v 0.410709 0.585195 -0.175000
v 0.410709 0.598995 -0.173800
v 0.410709 0.583995 0.173800
v 0.410709 0.598995 0.175000
v 0.410709 0.597795 0.175000
v 0.410709 0.585195 0.175000
v 0.410709 0.597795 -0.175000
v 0.410709 0.598995 -0.175000
v 0.410709 0.583995 -0.173800
v 0.410709 0.598995 0.173800
v 0.410709 0.583995 0.175000
v -0.547611 0.583995 0.000000
v -0.548811 0.583995 -0.000000
v -0.548811 0.585195 0.000000
v -0.547611 0.598995 0.000000
v -0.548811 0.598995 0.000000
v -0.548811 0.597795 0.000000
v 0.547611 0.583995 0.000000
v 0.548811 0.583995 -0.000000
v 0.548812 0.585195 0.000000
v 0.547611 0.598995 0.000000
v 0.548811 0.598995 0.000000
v 0.548812 0.597795 0.000000
v 0.000000 0.583995 0.000000
v 0.000000 0.598995 0.000000
v 0.273806 0.598995 0.000000
v 0.273806 0.583995 0.000000
v 0.410709 0.598995 0.000000
v 0.410709 0.583995 0.000000
v 0.479160 0.583995 -0.175000
v 0.479160 0.585195 -0.175000
v 0.479160 0.598995 -0.173800
v 0.479160 0.583995 0.173800
v 0.479160 0.598995 0.175000
v 0.479160 0.597795 0.175000
v 0.479160 0.585195 0.175000
v 0.479160 0.597795 -0.175000
v 0.479160 0.598995 -0.175000
v 0.479160 0.583995 -0.173800
v 0.479160 0.598995 0.173800
v 0.479160 0.583995 0.175000
v 0.479160 0.598995 0.000000
v 0.479160 0.583995 0.000000
v 0.513386 0.583995 -0.175000
v 0.513386 0.585195 -0.175000
v 0.513386 0.598995 -0.173800
v 0.513386 0.583995 0.173800
v 0.513386 0.598995 0.175000
v 0.513386 0.597795 0.175000
v 0.513386 0.598995 0.000000
v 0.513386 0.585195 0.175000
v 0.513386 0.597795 -0.175000
v 0.513386 0.598995 -0.175000
v 0.513386 0.583995 -0.173800
v 0.513386 0.598995 0.173800
v 0.513386 0.583995 0.175000
v 0.513386 0.583995 0.000000
v 0.530499 0.583995 -0.175000
v 0.530499 0.585195 -0.175000
v 0.530499 0.598995 -0.173800
v 0.530499 0.583995 0.173800
v 0.530499 0.598995 0.175000
v 0.530499 0.597795 0.175000
v 0.530499 0.598995 0.000000
v 0.530499 0.585195 0.175000
v 0.530499 0.597795 -0.175000
v 0.530499 0.598995 -0.175000
v 0.530499 0.583995 -0.173800
v 0.530499 0.598995 0.173800
v 0.530499 0.583995 0.175000
v 0.530499 0.583995 0.000000
v 0.539055 0.583995 -0.175000
v 0.539055 0.585195 -0.175000
v 0.539055 0.598995 -0.173800
v 0.539055 0.583995 0.173800
v 0.539055 0.598995 0.175000
v 0.539055 0.597795 0.175000
v 0.539055 0.598995 0.000000
v 0.539055 0.585195 0.175000
v 0.539055 0.597795 -0.175000
v 0.539055 0.598995 -0.175000
v 0.539055 0.583995 -0.173800
v 0.539055 0.598995 0.173800
v 0.539055 0.583995 0.175000
v 0.539055 0.583995 0.000000
v -0.547611 0.583995 0.086900
v -0.548811 0.598995 0.086900
v -0.548811 0.597795 0.086900
v 0.548811 0.583995 0.086900
v 0.548812 0.585195 0.086900
v 0.547611 0.598995 0.086900
v 0.000000 0.583995 0.086900
v 0.000000 0.598995 0.086900
v 0.273806 0.598995 0.086900
v 0.273806 0.583995 0.086900
v 0.410709 0.598995 0.086900
v 0.410709 0.583995 0.086900
v -0.548811 0.583995 0.086900
v -0.548811 0.585195 0.086900
v -0.547611 0.598995 0.086900
v 0.547611 0.583995 0.086900
v 0.548811 0.598995 0.086900
v 0.548812 0.597795 0.086900
v 0.479160 0.598995 0.086900
v 0.479160 0.583995 0.086900
v 0.513386 0.598995 0.086900
v 0.513386 0.583995 0.086900
v 0.530499 0.598995 0.086900
v 0.530499 0.583995 0.086900
v 0.539055 0.598995 0.086900
v 0.539055 0.583995 0.086900
v -0.547611 0.583995 0.130350
v -0.548811 0.598995 0.130350
v -0.548811 0.597795 0.130350
v 0.548811 0.583995 0.130350
v 0.548812 0.585195 0.130350
v 0.547611 0.598995 0.130350
v 0.000000 0.583995 0.130350
v 0.000000 0.598995 0.130350
v 0.273806 0.598995 0.130350
v 0.273806 0.583995 0.130350
v 0.410709 0.598995 0.130350
v 0.410709 0.583995 0.130350
v 0.479160 0.598995 0.130350
v 0.479160 0.583995 0.130350
v 0.513386 0.598995 0.130350
v 0.513386 0.583995 0.130350
v 0.530499 0.598995 0.130350
v 0.530499 0.583995 0.130350
v 0.539055 0.598995 0.130350
v 0.539055 0.583995 0.130350
v -0.548811 0.583995 0.130350
v -0.548811 0.585195 0.130350
v -0.547611 0.598995 0.130350
v 0.547611 0.583995 0.130350
v 0.548811 0.598995 0.130350
v 0.548812 0.597795 0.130350
v -0.547611 0.583995 0.152075
v -0.548811 0.598995 0.152075
v -0.548811 0.597795 0.152075
v 0.548811 0.583995 0.152075
v 0.548812 0.585195 0.152075
v 0.547611 0.598995 0.152075
v 0.000000 0.583995 0.152075
v 0.000000 0.598995 0.152075
v 0.273806 0.598995 0.152075
v 0.273806 0.583995 0.152075
v 0.410709 0.598995 0.152075
v 0.410709 0.583995 0.152075
v 0.479160 0.598995 0.152075
v 0.479160 0.583995 0.152075
v 0.513386 0.598995 0.152075
v 0.513386 0.583995 0.152075
v 0.530499 0.598995 0.152075
v 0.530499 0.583995 0.152075
v 0.539055 0.598995 0.152075
v 0.539055 0.583995 0.152075
v -0.548811 0.583995 0.152075
v -0.548811 0.585195 0.152075
v -0.547611 0.598995 0.152075
v 0.547611 0.583995 0.152075
v 0.548811 0.598995 0.152075
v 0.548812 0.597795 0.152075
v -0.547611 0.583995 0.162937
v -0.548811 0.598995 0.162938
v -0.548811 0.597795 0.162937
v 0.548811 0.583995 0.162937
v 0.548812 0.585195 0.162937
v 0.547611 0.598995 0.162937
v 0.000000 0.583995 0.162937
v 0.000000 0.598995 0.162937
v 0.273806 0.598995 0.162937
v 0.273806 0.583995 0.162937
v 0.410709 0.598995 0.162937
v 0.410709 0.583995 0.162937
v 0.479160 0.598995 0.162937
v 0.479160 0.583995 0.162937
v 0.513386 0.598995 0.162937
v 0.513386 0.583995 0.162937
v 0.530499 0.598995 0.162937
v 0.530499 0.583995 0.162937
v 0.539055 0.598995 0.162937
v 0.539055 0.583995 0.162937
v -0.548811 0.583995 0.162937
v -0.548811 0.585195 0.162937
v -0.547611 0.598995 0.162937
v 0.547611 0.583995 0.162937
v 0.548811 0.598995 0.162938
v 0.548812 0.597795 0.162937
v -0.548811 0.583995 -0.086900
v -0.548811 0.585195 -0.086900
v -0.547611 0.598995 -0.086900
v 0.547611 0.583995 -0.086900
v 0.548811 0.598995 -0.086900
v 0.548812 0.597795 -0.086900
v -0.547611 0.583995 -0.086900
v -0.548811 0.598995 -0.086900
v -0.548811 0.597795 -0.086900
v 0.548811 0.583995 -0.086900
v 0.548812 0.585195 -0.086900
v 0.547611 0.598995 -0.086900
v 0.000000 0.583995 -0.086900
v 0.000000 0.598995 -0.086900
v 0.273806 0.598995 -0.086900
v 0.273806 0.583995 -0.086900
v 0.410709 0.598995 -0.086900
v 0.410709 0.583995 -0.086900
v 0.479160 0.583995 -0.086900
v 0.479160 0.598995 -0.086900
v 0.513386 0.598995 -0.086900
v 0.513386 0.583995 -0.086900
v 0.530499 0.598995 -0.086900
v 0.530499 0.583995 -0.086900
v 0.539055 0.598995 -0.086900
v 0.539055 0.583995 -0.086900
v -0.548811 0.583995 -0.130350
v -0.548811 0.585195 -0.130350
v -0.547611 0.598995 -0.130350
v 0.547611 0.583995 -0.130350
v 0.548811 0.598995 -0.130350
v 0.548812 0.597795 -0.130350
v -0.547611 0.583995 -0.130350
v -0.548811 0.598995 -0.130350
v -0.548811 0.597795 -0.130350
v 0.548811 0.583995 -0.130350
v 0.548812 0.585195 -0.130350
v 0.547611 0.598995 -0.130350
v 0.000000 0.583995 -0.130350
v 0.000000 0.598995 -0.130350
v 0.273806 0.598995 -0.130350
v 0.273806 0.583995 -0.130350
v 0.410709 0.598995 -0.130350
v 0.410709 0.583995 -0.130350
v 0.479160 0.583995 -0.130350
v 0.479160 0.598995 -0.130350
v 0.513386 0.598995 -0.130350
v 0.513386 0.583995 -0.130350
v 0.530499 0.598995 -0.130350
v 0.530499 0.583995 -0.130350
v 0.539055 0.598995 -0.130350
v 0.539055 0.583995 -0.130350
v -0.548811 0.583995 -0.152075
v -0.548811 0.585195 -0.152075
v -0.547611 0.598995 -0.152075
v 0.547611 0.583995 -0.152075
v 0.548811 0.598995 -0.152075
v 0.548812 0.597795 -0.152075
v -0.547611 0.583995 -0.152075
v -0.548811 0.598995 -0.152075
v -0.548811 0.597795 -0.152075
v 0.548811 0.583995 -0.152075
v 0.548812 0.585195 -0.152075
v 0.547611 0.598995 -0.152075
v 0.000000 0.583995 -0.152075
v 0.000000 0.598995 -0.152075
v 0.273806 0.598995 -0.152075
v 0.273806 0.583995 -0.152075
v 0.410709 0.598995 -0.152075
v 0.410709 0.583995 -0.152075
v 0.479160 0.583995 -0.152075
v 0.479160 0.598995 -0.152075
v 0.513386 0.598995 -0.152075
v 0.513386 0.583995 -0.152075
v 0.530499 0.598995 -0.152075
v 0.530499 0.583995 -0.152075
v 0.539055 0.598995 -0.152075
v 0.539055 0.583995 -0.152075
v -0.548811 0.583995 -0.162938
v -0.548811 0.585195 -0.162937
v -0.547611 0.598995 -0.162937
v 0.547611 0.583995 -0.162937
v 0.548811 0.598995 -0.162937
v 0.548812 0.597795 -0.162937
v -0.547611 0.583995 -0.162937
v -0.548811 0.598995 -0.162937
v -0.548811 0.597795 -0.162937
v 0.548811 0.583995 -0.162938
v 0.548812 0.585195 -0.162937
v 0.547611 0.598995 -0.162937
v 0.000000 0.583995 -0.162937
v 0.000000 0.598995 -0.162937
v 0.273806 0.598995 -0.162937
v 0.273806 0.583995 -0.162937
v 0.410709 0.598995 -0.162937
v 0.410709 0.583995 -0.162937
v 0.479160 0.583995 -0.162937
v 0.479160 0.598995 -0.162937
v 0.513386 0.598995 -0.162937
v 0.513386 0.583995 -0.162937
v 0.530499 0.598995 -0.162937
v 0.530499 0.583995 -0.162937
v 0.539055 0.598995 -0.162937
v 0.539055 0.583995 -0.162937
v -0.273806 0.597795 0.175000
v -0.273806 0.598995 0.175000
v -0.273806 0.583995 0.173800
v -0.273806 0.598995 -0.173800
v -0.273806 0.583995 -0.175000
v -0.273806 0.585195 -0.175000
v -0.273806 0.583995 -0.173800
v -0.273806 0.598995 -0.175000
v -0.273806 0.597795 -0.175000
v -0.273806 0.583995 0.175000
v -0.273806 0.585195 0.175000
v -0.273806 0.598995 0.173800
v -0.273806 0.598995 0.000000
v -0.273806 0.583995 0.000000
v -0.273806 0.598995 0.086900
v -0.273806 0.583995 0.086900
v -0.273806 0.598995 0.130350
v -0.273806 0.583995 0.130350
v -0.273806 0.598995 0.152075
v -0.273806 0.583995 0.152075
v -0.273806 0.598995 0.162937
v -0.273806 0.583995 0.162937
v -0.273806 0.583995 -0.086900
v -0.273806 0.598995 -0.086900
v -0.273806 0.598995 -0.130350
v -0.273806 0.583995 -0.130350
v -0.273806 0.583995 -0.152075
v -0.273806 0.598995 -0.152075
v -0.273806 0.598995 -0.162937
v -0.273806 0.583995 -0.162937
v -0.410709 0.583995 -0.173800
v -0.410709 0.598995 -0.175000
v -0.410709 0.597795 -0.175000
v -0.410709 0.583995 0.175000
v -0.410709 0.585195 0.175000
v -0.410709 0.598995 0.173800
v -0.410709 0.583995 0.000000
v -0.410709 0.583995 0.086900
v -0.410709 0.583995 0.130350
v -0.410709 0.583995 0.152075
v -0.410709 0.583995 0.162937
v -0.410709 0.583995 -0.086900
v -0.410709 0.583995 -0.130350
v -0.410709 0.583995 -0.152075
v -0.410709 0.583995 -0.162937
v -0.410709 0.597795 0.175000
v -0.410709 0.598995 0.175000
v -0.410709 0.583995 0.173800
v -0.410709 0.598995 -0.173800
v -0.410709 0.583995 -0.175000
v -0.410709 0.585195 -0.175000
v -0.410709 0.598995 0.000000
v -0.410709 0.598995 0.086900
v -0.410709 0.598995 0.130350
v -0.410709 0.598995 0.152075
v -0.410709 0.598995 0.162937
v -0.410709 0.598995 -0.086900
v -0.410709 0.598995 -0.130350
v -0.410709 0.598995 -0.152075
v -0.410709 0.598995 -0.162937
v -0.479160 0.583995 -0.173800
v -0.479160 0.598995 -0.175000
v -0.479160 0.597795 -0.175000
v -0.479160 0.583995 0.175000
v -0.479160 0.585195 0.175000
v -0.479160 0.598995 0.173800
v -0.479160 0.583995 0.000000
v -0.479160 0.583995 0.086900
v -0.479160 0.583995 0.130350
v -0.479160 0.583995 0.152075
v -0.479160 0.583995 0.162937
v -0.479160 0.583995 -0.086900
v -0.479160 0.583995 -0.130350
v -0.479160 0.583995 -0.152075
v -0.479160 0.583995 -0.162937
v -0.479160 0.597795 0.175000
v -0.479160 0.598995 0.175000
v -0.479160 0.583995 0.173800
v -0.479160 0.598995 -0.173800
v -0.479160 0.583995 -0.175000
v -0.479160 0.585195 -0.175000
v -0.479160 0.598995 0.000000
v -0.479160 0.598995 0.086900
v -0.479160 0.598995 0.130350
v -0.479160 0.598995 0.152075
v -0.479160 0.598995 0.162937
v -0.479160 0.598995 -0.086900
v -0.479160 0.598995 -0.130350
v -0.479160 0.598995 -0.152075
v -0.479160 0.598995 -0.162937
v -0.513386 0.583995 -0.173800
v -0.513386 0.598995 -0.175000
v -0.513386 0.597795 -0.175000
v -0.513386 0.583995 0.175000
v -0.513386 0.585195 0.175000
v -0.513386 0.598995 0.173800
v -0.513386 0.583995 0.000000
v -0.513386 0.583995 0.086900
v -0.513386 0.583995 0.130350
v -0.513386 0.583995 0.152075
v -0.513386 0.583995 0.162937
v -0.513386 0.583995 -0.086900
v -0.513386 0.583995 -0.130350
v -0.513386 0.583995 -0.152075
v -0.513386 0.583995 -0.162937
v -0.513386 0.597795 0.175000
v -0.513386 0.598995 0.175000
v -0.513386 0.583995 0.173800
v -0.513386 0.598995 -0.173800
v -0.513386 0.583995 -0.175000
v -0.513386 0.585195 -0.175000
v -0.513386 0.598995 0.000000
v -0.513386 0.598995 0.086900
v -0.513386 0.598995 0.130350
v -0.513386 0.598995 0.152075
v -0.513386 0.598995 0.162937
v -0.513386 0.598995 -0.086900
v -0.513386 0.598995 -0.130350
v -0.513386 0.598995 -0.152075
v -0.513386 0.598995 -0.162937
v -0.530499 0.583995 -0.173800
v -0.530499 0.598995 -0.175000
v -0.530499 0.597795 -0.175000
v -0.530499 0.583995 0.175000
v -0.530499 0.585195 0.175000
v -0.530499 0.598995 0.173800
v -0.530499 0.583995 0.000000
v -0.530499 0.583995 0.086900
v -0.530499 0.583995 0.130350
v -0.530499 0.583995 0.152075
v -0.530499 0.583995 0.162937
v -0.530499 0.583995 -0.086900
v -0.530499 0.583995 -0.130350
v -0.530499 0.583995 -0.152075
v -0.530499 0.583995 -0.162937
v -0.530499 0.597795 0.175000
v -0.530499 0.598995 0.175000
v -0.530499 0.583995 0.173800
v -0.530499 0.598995 -0.173800
v -0.530499 0.583995 -0.175000
v -0.530499 0.585195 -0.175000
v -0.530499 0.598995 0.000000
v -0.530499 0.598995 0.086900
v -0.530499 0.598995 0.130350
v -0.530499 0.598995 0.152075
v -0.530499 0.598995 0.162937
v -0.530499 0.598995 -0.086900
v -0.530499 0.598995 -0.130350
v -0.530499 0.598995 -0.152075
v -0.530499 0.598995 -0.162937
v -0.539055 0.583995 -0.173800
v -0.539055 0.598995 -0.175000
v -0.539055 0.597795 -0.175000
v -0.539055 0.583995 0.175000
v -0.539055 0.585195 0.175000
v -0.539055 0.598995 0.173800
v -0.539055 0.583995 0.000000
v -0.539055 0.583995 0.086900
v -0.539055 0.583995 0.130350
v -0.539055 0.583995 0.152075
v -0.539055 0.583995 0.162937
v -0.539055 0.583995 -0.086900
v -0.539055 0.583995 -0.130350
v -0.539055 0.583995 -0.152075
v -0.539055 0.583995 -0.162937
v -0.539055 0.597795 0.175000
v -0.539055 0.598995 0.175000
v -0.539055 0.583995 0.173800
v -0.539055 0.598995 -0.173800
v -0.539055 0.583995 -0.175000
v -0.539055 0.585195 -0.175000
v -0.539055 0.598995 0.000000
v -0.539055 0.598995 0.086900
v -0.539055 0.598995 0.130350
v -0.539055 0.598995 0.152075
v -0.539055 0.598995 0.162937
v -0.539055 0.598995 -0.086900
v -0.539055 0.598995 -0.130350
v -0.539055 0.598995 -0.152075
v -0.539055 0.598995 -0.162937
v -0.136903 0.597795 0.175000
v -0.136903 0.598995 0.175000
v -0.136903 0.583995 0.173800
v -0.136903 0.598995 -0.173800
v -0.136903 0.583995 -0.175000
v -0.136903 0.585195 -0.175000
v -0.136903 0.598995 0.000000
v -0.136903 0.598995 0.086900
v -0.136903 0.598995 0.130350
v -0.136903 0.598995 0.152075
v -0.136903 0.598995 0.162937
v -0.136903 0.598995 -0.086900
v -0.136903 0.598995 -0.130350
v -0.136903 0.598995 -0.152075
v -0.136903 0.598995 -0.162937
v -0.136903 0.583995 -0.173800
v -0.136903 0.598995 -0.175000
v -0.136903 0.597795 -0.175000
v -0.136903 0.583995 0.175000
v -0.136903 0.585195 0.175000
v -0.136903 0.598995 0.173800
v -0.136903 0.583995 0.000000
v -0.136903 0.583995 0.086900
v -0.136903 0.583995 0.130350
v -0.136903 0.583995 0.152075
v -0.136903 0.583995 0.162937
v -0.136903 0.583995 -0.086900
v -0.136903 0.583995 -0.130350
v -0.136903 0.583995 -0.152075
v -0.136903 0.583995 -0.162937
v 0.136903 0.585195 0.175000
v 0.136903 0.597795 -0.175000
v 0.136903 0.598995 -0.175000
v 0.136903 0.583995 -0.173800
v 0.136903 0.598995 0.173800
v 0.136903 0.583995 0.175000
v 0.136903 0.583995 -0.175000
v 0.136903 0.585195 -0.175000
v 0.136903 0.598995 -0.173800
v 0.136903 0.583995 0.173800
v 0.136903 0.598995 0.175000
v 0.136903 0.597795 0.175000
v 0.136903 0.583995 0.000000
v 0.136903 0.598995 0.000000
v 0.136903 0.583995 0.086900
v 0.136903 0.598995 0.086900
v 0.136903 0.583995 0.130350
v 0.136903 0.598995 0.130350
v 0.136903 0.583995 0.152075
v 0.136903 0.598995 0.152075
v 0.136903 0.583995 0.162937
v 0.136903 0.598995 0.162937
v 0.136903 0.598995 -0.086900
v 0.136903 0.583995 -0.086900
v 0.136903 0.583995 -0.130350
v 0.136903 0.598995 -0.130350
v 0.136903 0.598995 -0.152075
v 0.136903 0.583995 -0.152075
v 0.136903 0.583995 -0.162937
v 0.136903 0.598995 -0.162937
v 0.000000 0.106486 0.175000
v 0.000000 0.106486 0.173800
v 0.000000 0.120286 -0.175000
v 0.000000 0.121486 -0.175000
v 0.000000 0.121486 -0.173800
v 0.000000 0.107686 -0.175000
v 0.000000 0.106486 -0.175000
v 0.000000 0.106486 -0.173800
v -0.547611 0.106486 0.173800
v -0.547611 0.107686 0.175000
v -0.548811 0.107686 0.173800
v -0.547611 0.106486 0.175000
v -0.548811 0.106486 0.175000
v -0.548811 0.107686 0.175000
v -0.548811 0.106486 0.173800
v -0.547611 0.120286 0.175000
v -0.547611 0.121486 0.173800
v -0.548811 0.120286 0.173800
v -0.547612 0.121486 0.175000
v -0.548811 0.121486 0.175000
v -0.548811 0.121486 0.173800
v -0.548811 0.120286 0.175000
v -0.547611 0.106486 -0.173800
v -0.548811 0.107686 -0.173800
v -0.547611 0.107686 -0.175000
v -0.548811 0.106486 -0.173800
v -0.548811 0.106486 -0.175000
v -0.548811 0.107686 -0.175000
v -0.547611 0.106486 -0.175000
v -0.547611 0.121486 -0.173800
v -0.547611 0.120286 -0.175000
v -0.548811 0.120286 -0.173800
v -0.547611 0.121486 -0.175000
v -0.548811 0.121486 -0.175000
v -0.548811 0.120286 -0.175000
v -0.548811 0.121486 -0.173800
v 0.547611 0.106486 0.173800
v 0.548811 0.107686 0.173800
v 0.547611 0.107686 0.175000
v 0.548811 0.106486 0.173800
v 0.548811 0.106486 0.175000
v 0.548811 0.107686 0.175000
v 0.547611 0.106486 0.175000
v 0.547611 0.121486 0.173800
v 0.547611 0.120286 0.175000
v 0.548811 0.120286 0.173800
v 0.547611 0.121486 0.175000
v 0.548811 0.121486 0.175000
v 0.548811 0.120286 0.175000
v 0.548811 0.121486 0.173800
v 0.547611 0.106486 -0.173800
v 0.547611 0.107686 -0.175000
v 0.548811 0.107686 -0.173800
v 0.547611 0.106486 -0.175000
v 0.548811 0.106486 -0.175000
v 0.548811 0.107686 -0.175000
v 0.548811 0.106486 -0.173800
v 0.547611 0.121486 -0.173800
v 0.548811 0.120286 -0.173800
v 0.547611 0.120286 -0.175000
v 0.548811 0.121486 -0.173800
v 0.548811 0.121486 -0.175000
v 0.548811 0.120286 -0.175000
v 0.547611 0.121486 -0.175000
v 0.000000 0.107686 0.175000
v 0.000000 0.121486 0.173800
v 0.000000 0.121486 0.175000
v 0.000000 0.120286 0.175000
v 0.273806 0.107686 0.175000
v 0.273806 0.120286 -0.175000
v 0.273806 0.121486 -0.175000
v 0.273806 0.106486 -0.173800
v 0.273806 0.121486 0.173800
v 0.273806 0.106486 0.175000
v 0.273806 0.106486 -0.175000
v 0.273806 0.107686 -0.175000
v 0.273806 0.121486 -0.173800
v 0.273806 0.106486 0.173800
v 0.273806 0.121486 0.175000
v 0.273806 0.120286 0.175000
v 0.410709 0.106486 -0.175000
v 0.410709 0.107686 -0.175000
v 0.410709 0.121486 -0.173800
v 0.410709 0.106486 0.173800
v 0.410709 0.121486 0.175000
v 0.410709 0.120286 0.175000
v 0.410709 0.107686 0.175000
v 0.410709 0.120286 -0.175000
v 0.410709 0.121486 -0.175000
v 0.410709 0.106486 -0.173800
v 0.410709 0.121486 0.173800
v 0.410709 0.106486 0.175000
v -0.547611 0.106486 0.000000
v -0.548811 0.106486 -0.000000
v -0.548811 0.107686 0.000000
v -0.547611 0.121486 0.000000
v -0.548811 0.121486 0.000000
v -0.548811 0.120286 0.000000
v 0.547611 0.106486 0.000000
v 0.548811 0.106486 -0.000000
v 0.548811 0.107686 0.000000
v 0.547611 0.121486 0.000000
v 0.548811 0.121486 0.000000
v 0.548811 0.120286 0.000000
v 0.000000 0.106486 0.000000
v 0.000000 0.121486 0.000000
v 0.273806 0.121486 0.000000
v 0.273806 0.106486 0.000000
v 0.410709 0.121486 0.000000
v 0.410709 0.106486 0.000000
v 0.479160 0.106486 -0.175000
v 0.479160 0.107686 -0.175000
v 0.479160 0.121486 -0.173800
v 0.479160 0.106486 0.173800
v 0.479160 0.121486 0.175000
v 0.479160 0.120286 0.175000
v 0.479160 0.107686 0.175000
v 0.479160 0.120286 -0.175000
v 0.479160 0.121486 -0.175000
v 0.479160 0.106486 -0.173800
v 0.479160 0.121486 0.173800
v 0.479160 0.106486 0.175000
v 0.479160 0.121486 0.000000
v 0.479160 0.106486 0.000000
v 0.513386 0.106486 -0.175000
v 0.513386 0.107686 -0.175000
v 0.513386 0.121486 -0.173800
v 0.513386 0.106486 0.173800
v 0.513386 0.121486 0.175000
v 0.513386 0.120286 0.175000
v 0.513386 0.121486 0.000000
v 0.513386 0.107686 0.175000
v 0.513386 0.120286 -0.175000
v 0.513386 0.121486 -0.175000
v 0.513386 0.106486 -0.173800
v 0.513386 0.121486 0.173800
v 0.513386 0.106486 0.175000
v 0.513386 0.106486 0.000000
v 0.530499 0.106486 -0.175000
v 0.530499 0.107686 -0.175000
v 0.530499 0.121486 -0.173800
v 0.530499 0.106486 0.173800
v 0.530499 0.121486 0.175000
v 0.530499 0.120286 0.175000
v 0.530499 0.121486 0.000000
v 0.530499 0.107686 0.175000
v 0.530499 0.120286 -0.175000
v 0.530499 0.121486 -0.175000
v 0.530499 0.106486 -0.173800
v 0.530499 0.121486 0.173800
v 0.530499 0.106486 0.175000
v 0.530499 0.106486 0.000000
v 0.539055 0.106486 -0.175000
v 0.539055 0.107686 -0.175000
v 0.539055 0.121486 -0.173800
v 0.539055 0.106486 0.173800
v 0.539055 0.121486 0.175000
v 0.539055 0.120286 0.175000
v 0.539055 0.121486 0.000000
v 0.539055 0.107686 0.175000
v 0.539055 0.120286 -0.175000
v 0.539055 0.121486 -0.175000
v 0.539055 0.106486 -0.173800
v 0.539055 0.121486 0.173800
v 0.539055 0.106486 0.175000
v 0.539055 0.106486 0.000000
v -0.547611 0.106486 0.086900
v -0.548811 0.121486 0.086900
v -0.548811 0.120286 0.086900
v 0.548811 0.106486 0.086900
v 0.548811 0.107686 0.086900
v 0.547611 0.121486 0.086900
v 0.000000 0.106486 0.086900
v 0.000000 0.121486 0.086900
v 0.273806 0.121486 0.086900
v 0.273806 0.106486 0.086900
v 0.410709 0.121486 0.086900
v 0.410709 0.106486 0.086900
v -0.548811 0.106486 0.086900
v -0.548811 0.107686 0.086900
v -0.547611 0.121486 0.086900
v 0.547611 0.106486 0.086900
v 0.548811 0.121486 0.086900
v 0.548811 0.120286 0.086900
v 0.479160 0.121486 0.086900
v 0.479160 0.106486 0.086900
v 0.513386 0.121486 0.086900
v 0.513386 0.106486 0.086900
v 0.530499 0.121486 0.086900
v 0.530499 0.106486 0.086900
v 0.539055 0.121486 0.086900
v 0.539055 0.106486 0.086900
v -0.547611 0.106486 0.130350
v -0.548811 0.121486 0.130350
v -0.548811 0.120286 0.130350
v 0.548811 0.106486 0.130350
v 0.548811 0.107686 0.130350
v 0.547611 0.121486 0.130350
v 0.000000 0.106486 0.130350
v 0.000000 0.121486 0.130350
v 0.273806 0.121486 0.130350
v 0.273806 0.106486 0.130350
v 0.410709 0.121486 0.130350
v 0.410709 0.106486 0.130350
v 0.479160 0.121486 0.130350
v 0.479160 0.106486 0.130350
v 0.513386 0.121486 0.130350
v 0.513386 0.106486 0.130350
v 0.530499 0.121486 0.130350
v 0.530499 0.106486 0.130350
v 0.539055 0.121486 0.130350
v 0.539055 0.106486 0.130350
v -0.548811 0.106486 0.130350
v -0.548811 0.107686 0.130350
v -0.547611 0.121486 0.130350
v 0.547611 0.106486 0.130350
v 0.548811 0.121486 0.130350
v 0.548811 0.120286 0.130350
v -0.547611 0.106486 0.152075
v -0.548811 0.121486 0.152075
v -0.548811 0.120286 0.152075
v 0.548811 0.106486 0.152075
v 0.548811 0.107686 0.152075
v 0.547611 0.121486 0.152075
v 0.000000 0.106486 0.152075
v 0.000000 0.121486 0.152075
v 0.273806 0.121486 0.152075
v 0.273806 0.106486 0.152075
v 0.410709 0.121486 0.152075
v 0.410709 0.106486 0.152075
v 0.479160 0.121486 0.152075
v 0.479160 0.106486 0.152075
v 0.513386 0.121486 0.152075
v 0.513386 0.106486 0.152075
v 0.530499 0.121486 0.152075
v 0.530499 0.106486 0.152075
v 0.539055 0.121486 0.152075
v 0.539055 0.106486 0.152075
v -0.548811 0.106486 0.152075
v -0.548811 0.107686 0.152075
v -0.547611 0.121486 0.152075
v 0.547611 0.106486 0.152075
v 0.548811 0.121486 0.152075
v 0.548811 0.120286 0.152075
v -0.547611 0.106486 0.162937
v -0.548811 0.121486 0.162938
v -0.548811 0.120286 0.162937
v 0.548811 0.106486 0.162937
v 0.548811 0.107686 0.162937
v 0.547611 0.121486 0.162937
v 0.000000 0.106486 0.162937
v 0.000000 0.121486 0.162937
v 0.273806 0.121486 0.162937
v 0.273806 0.106486 0.162937
v 0.410709 0.121486 0.162937
v 0.410709 0.106486 0.162937
v 0.479160 0.121486 0.162937
v 0.479160 0.106486 0.162937
v 0.513386 0.121486 0.162937
v 0.513386 0.106486 0.162937
v 0.530499 0.121486 0.162937
v 0.530499 0.106486 0.162937
v 0.539055 0.121486 0.162937
v 0.539055 0.106486 0.162937
v -0.548811 0.106486 0.162937
v -0.548811 0.107686 0.162937
v -0.547611 0.121486 0.162937
v 0.547611 0.106486 0.162937
v 0.548811 0.121486 0.162938
v 0.548811 0.120286 0.162937
v -0.548811 0.106486 -0.086900
v -0.548811 0.107686 -0.086900
v -0.547611 0.121486 -0.086900
v 0.547611 0.106486 -0.086900
v 0.548811 0.121486 -0.086900
v 0.548811 0.120286 -0.086900
v -0.547611 0.106486 -0.086900
v -0.548811 0.121486 -0.086900
v -0.548811 0.120286 -0.086900
v 0.548811 0.106486 -0.086900
v 0.548811 0.107686 -0.086900
v 0.547611 0.121486 -0.086900
v 0.000000 0.106486 -0.086900
v 0.000000 0.121486 -0.086900
v 0.273806 0.121486 -0.086900
v 0.273806 0.106486 -0.086900
v 0.410709 0.121486 -0.086900
v 0.410709 0.106486 -0.086900
v 0.479160 0.106486 -0.086900
v 0.479160 0.121486 -0.086900
v 0.513386 0.121486 -0.086900
v 0.513386 0.106486 -0.086900
v 0.530499 0.121486 -0.086900
v 0.530499 0.106486 -0.086900
v 0.539055 0.121486 -0.086900
v 0.539055 0.106486 -0.086900
v -0.548811 0.106486 -0.130350
v -0.548811 0.107686 -0.130350
v -0.547611 0.121486 -0.130350
v 0.547611 0.106486 -0.130350
v 0.548811 0.121486 -0.130350
v 0.548811 0.120286 -0.130350
v -0.547611 0.106486 -0.130350
v -0.548811 0.121486 -0.130350
v -0.548811 0.120286 -0.130350
v 0.548811 0.106486 -0.130350
v 0.548811 0.107686 -0.130350
v 0.547611 0.121486 -0.130350
v 0.000000 0.106486 -0.130350
v 0.000000 0.121486 -0.130350
v 0.273806 0.121486 -0.130350
v 0.273806 0.106486 -0.130350
v 0.410709 0.121486 -0.130350
v 0.410709 0.106486 -0.130350
v 0.479160 0.106486 -0.130350
v 0.479160 0.121486 -0.130350
v 0.513386 0.121486 -0.130350
v 0.513386 0.106486 -0.130350
v 0.530499 0.121486 -0.130350
v 0.530499 0.106486 -0.130350
v 0.539055 0.121486 -0.130350
v 0.539055 0.106486 -0.130350
v -0.548811 0.106486 -0.152075
v -0.548811 0.107686 -0.152075
v -0.547611 0.121486 -0.152075
v 0.547611 0.106486 -0.152075
v 0.548811 0.121486 -0.152075
v 0.548811 0.120286 -0.152075
v -0.547611 0.106486 -0.152075
v -0.548811 0.121486 -0.152075
v -0.548811 0.120286 -0.152075
v 0.548811 0.106486 -0.152075
v 0.548811 0.107686 -0.152075
v 0.547611 0.121486 -0.152075
v 0.000000 0.106486 -0.152075
v 0.000000 0.121486 -0.152075
v 0.273806 0.121486 -0.152075
v 0.273806 0.106486 -0.152075
v 0.410709 0.121486 -0.152075
v 0.410709 0.106486 -0.152075
v 0.479160 0.106486 -0.152075
v 0.479160 0.121486 -0.152075
v 0.513386 0.121486 -0.152075
v 0.513386 0.106486 -0.152075
v 0.530499 0.121486 -0.152075
v 0.530499 0.106486 -0.152075
v 0.539055 0.121486 -0.152075
v 0.539055 0.106486 -0.152075
v -0.548811 0.106486 -0.162938
v -0.548811 0.107686 -0.162937
v -0.547611 0.121486 -0.162937
v 0.547611 0.106486 -0.162937
v 0.548811 0.121486 -0.162937
v 0.548811 0.120286 -0.162937
v -0.547611 0.106486 -0.162937
v -0.548811 0.121486 -0.162937
v -0.548811 0.120286 -0.162937
v 0.548811 0.106486 -0.162938
v 0.548811 0.107686 -0.162937
v 0.547611 0.121486 -0.162937
v 0.000000 0.106486 -0.162937
v 0.000000 0.121486 -0.162937
v 0.273806 0.121486 -0.162937
v 0.273806 0.106486 -0.162937
v 0.410709 0.121486 -0.162937
v 0.410709 0.106486 -0.162937
v 0.479160 0.106486 -0.162937
v 0.479160 0.121486 -0.162937
v 0.513386 0.121486 -0.162937
v 0.513386 0.106486 -0.162937
v 0.530499 0.121486 -0.162937
v 0.530499 0.106486 -0.162937
v 0.539055 0.121486 -0.162937
v 0.539055 0.106486 -0.162937
v -0.273806 0.120286 0.175000
v -0.273806 0.121486 0.175000
v -0.273806 0.106486 0.173800
v -0.273806 0.121486 -0.173800
v -0.273806 0.106486 -0.175000
v -0.273806 0.107686 -0.175000
v -0.273806 0.106486 -0.173800
v -0.273806 0.121486 -0.175000
v -0.273806 0.120286 -0.175000
v -0.273806 0.106486 0.175000
v -0.273806 0.107686 0.175000
v -0.273806 0.121486 0.173800
v -0.273806 0.121486 0.000000
v -0.273806 0.106486 0.000000
v -0.273806 0.121486 0.086900
v -0.273806 0.106486 0.086900
v -0.273806 0.121486 0.130350
v -0.273806 0.106486 0.130350
v -0.273806 0.121486 0.152075
v -0.273806 0.106486 0.152075
v -0.273806 0.121486 0.162937
v -0.273806 0.106486 0.162937
v -0.273806 0.106486 -0.086900
v -0.273806 0.121486 -0.086900
v -0.273806 0.121486 -0.130350
v -0.273806 0.106486 -0.130350
v -0.273806 0.106486 -0.152075
v -0.273806 0.121486 -0.152075
v -0.273806 0.121486 -0.162937
v -0.273806 0.106486 -0.162937
v -0.410709 0.106486 -0.173800
v -0.410709 0.121486 -0.175000
v -0.410709 0.120286 -0.175000
v -0.410709 0.106486 0.175000
v -0.410709 0.107686 0.175000
v -0.410709 0.121486 0.173800
v -0.410709 0.106486 0.000000
v -0.410709 0.106486 0.086900
v -0.410709 0.106486 0.130350
v -0.410709 0.106486 0.152075
v -0.410709 0.106486 0.162937
v -0.410709 0.106486 -0.086900
v -0.410709 0.106486 -0.130350
v -0.410709 0.106486 -0.152075
v -0.410709 0.106486 -0.162937
v -0.410709 0.120286 0.175000
v -0.410709 0.121486 0.175000
v -0.410709 0.106486 0.173800
v -0.410709 0.121486 -0.173800
v -0.410709 0.106486 -0.175000
v -0.410709 0.107686 -0.175000
v -0.410709 0.121486 0.000000
v -0.410709 0.121486 0.086900
v -0.410709 0.121486 0.130350
v -0.410709 0.121486 0.152075
v -0.410709 0.121486 0.162937
v -0.410709 0.121486 -0.086900
v -0.410709 0.121486 -0.130350
v -0.410709 0.121486 -0.152075
v -0.410709 0.121486 -0.162937
v -0.479160 0.106486 -0.173800
v -0.479160 0.121486 -0.175000
v -0.479160 0.120286 -0.175000
v -0.479160 0.106486 0.175000
v -0.479160 0.107686 0.175000
v -0.479160 0.121486 0.173800
v -0.479160 0.106486 0.000000
v -0.479160 0.106486 0.086900
v -0.479160 0.106486 0.130350
v -0.479160 0.106486 0.152075
v -0.479160 0.106486 0.162937
v -0.479160 0.106486 -0.086900
v -0.479160 0.106486 -0.130350
v -0.479160 0.106486 -0.152075
v -0.479160 0.106486 -0.162937
v -0.479160 0.120286 0.175000
v -0.479160 0.121486 0.175000
v -0.479160 0.106486 0.173800
v -0.479160 0.121486 -0.173800
v -0.479160 0.106486 -0.175000
v -0.479160 0.107686 -0.175000
v -0.479160 0.121486 0.000000
v -0.479160 0.121486 0.086900
v -0.479160 0.121486 0.130350
v -0.479160 0.121486 0.152075
v -0.479160 0.121486 0.162937
v -0.479160 0.121486 -0.086900
v -0.479160 0.121486 -0.130350
v -0.479160 0.121486 -0.152075
v -0.479160 0.121486 -0.162937
v -0.513386 0.106486 -0.173800
v -0.513386 0.121486 -0.175000
v -0.513386 0.120286 -0.175000
v -0.513386 0.106486 0.175000
v -0.513386 0.107686 0.175000
v -0.513386 0.121486 0.173800
v -0.513386 0.106486 0.000000
v -0.513386 0.106486 0.086900
v -0.513386 0.106486 0.130350
v -0.513386 0.106486 0.152075
v -0.513386 0.106486 0.162937
v -0.513386 0.106486 -0.086900
v -0.513386 0.106486 -0.130350
v -0.513386 0.106486 -0.152075
v -0.513386 0.106486 -0.162937
v -0.513386 0.120286 0.175000
v -0.513386 0.121486 0.175000
v -0.513386 0.106486 0.173800
v -0.513386 0.121486 -0.173800
v -0.513386 0.106486 -0.175000
v -0.513386 0.107686 -0.175000
v -0.513386 0.121486 0.000000
v -0.513386 0.121486 0.086900
v -0.513386 0.121486 0.130350
v -0.513386 0.121486 0.152075
v -0.513386 0.121486 0.162937
v -0.513386 0.121486 -0.086900
v -0.513386 0.121486 -0.130350
v -0.513386 0.121486 -0.152075
v -0.513386 0.121486 -0.162937
v -0.530499 0.106486 -0.173800
v -0.530499 0.121486 -0.175000
v -0.530499 0.120286 -0.175000
v -0.530499 0.106486 0.175000
v -0.530499 0.107686 0.175000
v -0.530499 0.121486 0.173800
v -0.530499 0.106486 0.000000
v -0.530499 0.106486 0.086900
v -0.530499 0.106486 0.130350
v -0.530499 0.106486 0.152075
v -0.530499 0.106486 0.162937
v -0.530499 0.106486 -0.086900
v -0.530499 0.106486 -0.130350
v -0.530499 0.106486 -0.152075
v -0.530499 0.106486 -0.162937
v -0.530499 0.120286 0.175000
v -0.530499 0.121486 0.175000
v -0.530499 0.106486 0.173800
v -0.530499 0.121486 -0.173800
v -0.530499 0.106486 -0.175000
v -0.530499 0.107686 -0.175000
v -0.530499 0.121486 0.000000
v -0.530499 0.121486 0.086900
v -0.530499 0.121486 0.130350
v -0.530499 0.121486 0.152075
v -0.530499 0.121486 0.162937
v -0.530499 0.121486 -0.086900
v -0.530499 0.121486 -0.130350
v -0.530499 0.121486 -0.152075
v -0.530499 0.121486 -0.162937
v -0.539055 0.106486 -0.173800
v -0.539055 0.121486 -0.175000
v -0.539055 0.120286 -0.175000
v -0.539055 0.106486 0.175000
v -0.539055 0.107686 0.175000
v -0.539055 0.121486 0.173800
v -0.539055 0.106486 0.000000
v -0.539055 0.106486 0.086900
v -0.539055 0.106486 0.130350
v -0.539055 0.106486 0.152075
v -0.539055 0.106486 0.162937
v -0.539055 0.106486 -0.086900
v -0.539055 0.106486 -0.130350
v -0.539055 0.106486 -0.152075
v -0.539055 0.106486 -0.162937
v -0.539055 0.120286 0.175000
v -0.539055 0.121486 0.175000
v -0.539055 0.106486 0.173800
v -0.539055 0.121486 -0.173800
v -0.539055 0.106486 -0.175000
v -0.539055 0.107686 -0.175000
v -0.539055 0.121486 0.000000
v -0.539055 0.121486 0.086900
v -0.539055 0.121486 0.130350
v -0.539055 0.121486 0.152075
v -0.539055 0.121486 0.162937
v -0.539055 0.121486 -0.086900
v -0.539055 0.121486 -0.130350
v -0.539055 0.121486 -0.152075
v -0.539055 0.121486 -0.162937
v -0.136903 0.120286 0.175000
v -0.136903 0.121486 0.175000
v -0.136903 0.106486 0.173800
v -0.136903 0.121486 -0.173800
v -0.136903 0.106486 -0.175000
v -0.136903 0.107686 -0.175000
v -0.136903 0.121486 0.000000
v -0.136903 0.121486 0.086900
v -0.136903 0.121486 0.130350
v -0.136903 0.121486 0.152075
v -0.136903 0.121486 0.162937
v -0.136903 0.121486 -0.086900
v -0.136903 0.121486 -0.130350
v -0.136903 0.121486 -0.152075
v -0.136903 0.121486 -0.162937
v -0.136903 0.106486 -0.173800
v -0.136903 0.121486 -0.175000
v -0.136903 0.120286 -0.175000
v -0.136903 0.106486 0.175000
v -0.136903 0.107686 0.175000
v -0.136903 0.121486 0.173800
v -0.136903 0.106486 0.000000
v -0.136903 0.106486 0.086900
v -0.136903 0.106486 0.130350
v -0.136903 0.106486 0.152075
v -0.136903 0.106486 0.162937
v -0.136903 0.106486 -0.086900
v -0.136903 0.106486 -0.130350
v -0.136903 0.106486 -0.152075
v -0.136903 0.106486 -0.162937
v 0.136903 0.107686 0.175000
v 0.136903 0.120286 -0.175000
v 0.136903 0.121486 -0.175000
v 0.136903 0.106486 -0.173800
v 0.136903 0.121486 0.173800
v 0.136903 0.106486 0.175000
v 0.136903 0.106486 -0.175000
v 0.136903 0.107686 -0.175000
v 0.136903 0.121486 -0.173800
v 0.136903 0.106486 0.173800
v 0.136903 0.121486 0.175000
v 0.136903 0.120286 0.175000
v 0.136903 0.106486 0.000000
v 0.136903 0.121486 0.000000
v 0.136903 0.106486 0.086900
v 0.136903 0.121486 0.086900
v 0.136903 0.106486 0.130350
v 0.136903 0.121486 0.130350
v 0.136903 0.106486 0.152075
v 0.136903 0.121486 0.152075
v 0.136903 0.106486 0.162937
v 0.136903 0.121486 0.162937
v 0.136903 0.121486 -0.086900
v 0.136903 0.106486 -0.086900
v 0.136903 0.106486 -0.130350
v 0.136903 0.121486 -0.130350
v 0.136903 0.121486 -0.152075
v 0.136903 0.106486 -0.152075
v 0.136903 0.106486 -0.162937
v 0.136903 0.121486 -0.162937
v -0.433471 1.495504 -0.173800
v -0.434217 1.494393 -0.173800
v -0.434803 1.495593 -0.175000
v -0.433017 1.494393 -0.173800
v -0.433017 1.494393 -0.175000
v -0.434217 1.494393 -0.175000
v -0.433471 1.495504 -0.175000
v -0.449670 1.495504 -0.173800
v -0.448411 1.495593 -0.175000
v -0.448017 1.494393 -0.173800
v -0.449670 1.495504 -0.175000
v -0.449217 1.494393 -0.175000
v -0.448017 1.494393 -0.175000
v -0.449217 1.494393 -0.173800
v -0.434803 1.495593 0.175000
v -0.434217 1.494393 0.173800
v -0.433471 1.495504 0.173800
v -0.434217 1.494393 0.175000
v -0.433017 1.494393 0.175000
v -0.433017 1.494393 0.173800
v -0.433471 1.495504 0.175000
v -0.449670 1.495504 0.173800
v -0.448017 1.494393 0.173800
v -0.448411 1.495593 0.175000
v -0.449217 1.494393 0.173800
v -0.449217 1.494393 0.175000
v -0.448017 1.494393 0.175000
v -0.449670 1.495504 0.175000
v -0.491919 1.598889 -0.173800
v -0.491173 1.600000 -0.173800
v -0.490586 1.598800 -0.175000
v -0.492373 1.600000 -0.173800
v -0.492373 1.600000 -0.175000
v -0.491173 1.600000 -0.175000
v -0.491919 1.598889 -0.175000
v -0.476979 1.598800 0.175000
v -0.475719 1.598889 0.173800
v -0.477373 1.600000 0.173800
v -0.475719 1.598889 0.175000
v -0.476173 1.600000 0.175000
v -0.476173 1.600000 0.173800
v -0.477373 1.600000 0.175000
v -0.476979 1.598800 -0.175000
v -0.477373 1.600000 -0.173800
v -0.475719 1.598889 -0.173800
v -0.477373 1.600000 -0.175000
v -0.476173 1.600000 -0.175000
v -0.476173 1.600000 -0.173800
v -0.475719 1.598889 -0.175000
v -0.491919 1.598889 0.173800
v -0.490586 1.598800 0.175000
v -0.491173 1.600000 0.173800
v -0.491919 1.598889 0.175000
v -0.492373 1.600000 0.175000
v -0.491173 1.600000 0.175000
v -0.492373 1.600000 0.173800
v -0.454595 1.547197 -0.173800
v -0.454595 1.547197 -0.175000
v -0.455891 1.547197 -0.175000
v -0.470795 1.547196 0.173800
v -0.470795 1.547196 0.175000
v -0.469498 1.547197 0.175000
v -0.470795 1.547196 -0.173800
v -0.470795 1.547196 -0.175000
v -0.469498 1.547196 -0.175000
v -0.454595 1.547196 0.173800
v -0.454595 1.547196 0.175000
v -0.455891 1.547196 0.175000
v -0.465157 1.573043 -0.175000
v -0.466435 1.572998 -0.175000
v -0.481357 1.573043 0.175000
v -0.480042 1.572998 0.175000
v -0.481357 1.573043 -0.173800
v -0.465157 1.573043 0.173800
v -0.465157 1.573043 -0.173800
v -0.481357 1.573043 0.173800
v -0.481357 1.573043 -0.175000
v -0.480042 1.572998 -0.175000
v -0.465157 1.573043 0.175000
v -0.466435 1.572998 0.175000
v -0.470438 1.585966 -0.175000
v -0.471707 1.585899 -0.175000
v -0.486638 1.585966 0.175000
v -0.485314 1.585899 0.175000
v -0.486638 1.585966 -0.173800
v -0.470438 1.585966 0.173800
v -0.470438 1.585966 -0.173800
v -0.486638 1.585966 0.173800
v -0.486638 1.585966 -0.175000
v -0.485314 1.585899 -0.175000
v -0.470438 1.585966 0.175000
v -0.471707 1.585899 0.175000
v -0.444033 1.521350 -0.173800
v -0.460233 1.521350 0.173800
v -0.460233 1.521350 -0.175000
v -0.458955 1.521395 -0.175000
v -0.444033 1.521350 0.175000
v -0.445347 1.521395 0.175000
v -0.444033 1.521350 -0.175000
v -0.445347 1.521395 -0.175000
v -0.460233 1.521350 0.175000
v -0.458955 1.521395 0.175000
v -0.460233 1.521350 -0.173800
v -0.444033 1.521350 0.173800
v -0.438752 1.508427 -0.173800
v -0.454952 1.508427 0.173800
v -0.454952 1.508427 -0.175000
v -0.453683 1.508494 -0.175000
v -0.438752 1.508427 0.175000
v -0.440075 1.508494 0.175000
v -0.438752 1.508427 -0.175000
v -0.440075 1.508494 -0.175000
v -0.454952 1.508427 0.175000
v -0.453683 1.508494 0.175000
v -0.454952 1.508427 -0.173800
v -0.438752 1.508427 0.173800
v -0.448017 1.494393 0.000000
v -0.449217 1.494393 0.000000
v -0.449670 1.495504 0.000000
v -0.433471 1.495504 0.000000
v -0.433017 1.494393 0.000000
v -0.434217 1.494393 0.000000
v -0.477373 1.600000 0.000000
v -0.476173 1.600000 0.000000
v -0.475719 1.598889 0.000000
v -0.491919 1.598889 0.000000
v -0.492373 1.600000 0.000000
v -0.491173 1.600000 0.000000
v -0.454595 1.547197 0.000000
v -0.470795 1.547196 0.000000
v -0.481357 1.573043 0.000000
v -0.465157 1.573043 0.000000
v -0.486638 1.585966 0.000000
v -0.470438 1.585966 0.000000
v -0.444033 1.521350 0.000000
v -0.460233 1.521350 0.000000
v -0.438752 1.508427 0.000000
v -0.454952 1.508427 0.000000
v -0.448017 1.494393 0.086900
v -0.433471 1.495504 0.086900
v -0.477373 1.600000 0.086900
v -0.491919 1.598889 0.086900
v -0.454595 1.547196 0.086900
v -0.470795 1.547196 0.086900
v -0.481357 1.573043 0.086900
v -0.465157 1.573043 0.086900
v -0.486638 1.585966 0.086900
v -0.470438 1.585966 0.086900
v -0.444033 1.521350 0.086900
v -0.460233 1.521350 0.086900
v -0.438752 1.508427 0.086900
v -0.454952 1.508427 0.086900
v -0.449217 1.494393 0.086900
v -0.449670 1.495504 0.086900
v -0.433017 1.494393 0.086900
v -0.434217 1.494393 0.086900
v -0.476173 1.600000 0.086900
v -0.475719 1.598889 0.086900
v -0.492373 1.600000 0.086900
v -0.491173 1.600000 0.086900
v -0.448017 1.494393 0.130350
v -0.433471 1.495504 0.130350
v -0.477373 1.600000 0.130350
v -0.491919 1.598889 0.130350
v -0.454595 1.547196 0.130350
v -0.470795 1.547196 0.130350
v -0.481357 1.573043 0.130350
v -0.465157 1.573043 0.130350
v -0.486638 1.585966 0.130350
v -0.470438 1.585966 0.130350
v -0.444033 1.521350 0.130350
v -0.460233 1.521350 0.130350
v -0.438752 1.508427 0.130350
v -0.454952 1.508427 0.130350
v -0.449217 1.494393 0.130350
v -0.449670 1.495504 0.130350
v -0.433017 1.494393 0.130350
v -0.434217 1.494393 0.130350
v -0.476173 1.600000 0.130350
v -0.475719 1.598889 0.130350
v -0.492373 1.600000 0.130350
v -0.491173 1.600000 0.130350
v -0.448017 1.494393 0.152075
v -0.433471 1.495504 0.152075
v -0.477373 1.600000 0.152075
v -0.491919 1.598889 0.152075
v -0.454595 1.547196 0.152075
v -0.470795 1.547196 0.152075
v -0.481357 1.573043 0.152075
v -0.465157 1.573043 0.152075
v -0.486638 1.585966 0.152075
v -0.470438 1.585966 0.152075
v -0.444033 1.521350 0.152075
v -0.460233 1.521350 0.152075
v -0.438752 1.508427 0.152075
v -0.454952 1.508427 0.152075
v -0.449217 1.494393 0.152075
v -0.449670 1.495504 0.152075
v -0.433017 1.494393 0.152075
v -0.434217 1.494393 0.152075
v -0.476173 1.600000 0.152075
v -0.475719 1.598889 0.152075
v -0.492373 1.600000 0.152075
v -0.491173 1.600000 0.152075
v -0.448017 1.494393 0.162937
v -0.433471 1.495504 0.162937
v -0.477373 1.600000 0.162937
v -0.491919 1.598889 0.162937
v -0.454595 1.547196 0.162937
v -0.470795 1.547196 0.162937
v -0.481357 1.573043 0.162937
v -0.465157 1.573043 0.162937
v -0.486638 1.585966 0.162937
v -0.470438 1.585966 0.162937
v -0.444033 1.521350 0.162937
v -0.460233 1.521350 0.162937
v -0.438752 1.508427 0.162937
v -0.454952 1.508427 0.162937
v -0.449217 1.494393 0.162938
v -0.449670 1.495504 0.162937
v -0.433017 1.494393 0.162938
v -0.434217 1.494393 0.162937
v -0.476173 1.600000 0.162938
v -0.475719 1.598889 0.162937
v -0.492373 1.600000 0.162938
v -0.491173 1.600000 0.162937
v -0.449217 1.494393 -0.086900
v -0.449670 1.495504 -0.086900
v -0.433017 1.494393 -0.086900
v -0.434217 1.494393 -0.086900
v -0.476173 1.600000 -0.086900
v -0.475719 1.598889 -0.086900
v -0.492373 1.600000 -0.086900
v -0.491173 1.600000 -0.086900
v -0.448017 1.494393 -0.086900
v -0.433471 1.495504 -0.086900
v -0.477373 1.600000 -0.086900
v -0.491919 1.598889 -0.086900
v -0.454595 1.547197 -0.086900
v -0.470795 1.547196 -0.086900
v -0.481357 1.573043 -0.086900
v -0.465157 1.573043 -0.086900
v -0.486638 1.585966 -0.086900
v -0.470438 1.585966 -0.086900
v -0.444033 1.521350 -0.086900
v -0.460233 1.521350 -0.086900
v -0.438752 1.508427 -0.086900
v -0.454952 1.508427 -0.086900
v -0.449217 1.494393 -0.130350
v -0.449670 1.495504 -0.130350
v -0.433017 1.494393 -0.130350
v -0.434217 1.494393 -0.130350
v -0.476173 1.600000 -0.130350
v -0.475719 1.598889 -0.130350
v -0.492373 1.600000 -0.130350
v -0.491173 1.600000 -0.130350
v -0.448017 1.494393 -0.130350
v -0.433471 1.495504 -0.130350
v -0.477373 1.600000 -0.130350
v -0.491919 1.598889 -0.130350
v -0.454595 1.547197 -0.130350
v -0.470795 1.547196 -0.130350
v -0.481357 1.573043 -0.130350
v -0.465157 1.573043 -0.130350
v -0.486638 1.585966 -0.130350
v -0.470438 1.585966 -0.130350
v -0.444033 1.521350 -0.130350
v -0.460233 1.521350 -0.130350
v -0.438752 1.508427 -0.130350
v -0.454952 1.508427 -0.130350
v -0.449217 1.494393 -0.152075
v -0.449670 1.495504 -0.152075
v -0.433017 1.494393 -0.152075
v -0.434217 1.494393 -0.152075
v -0.476173 1.600000 -0.152075
v -0.475719 1.598889 -0.152075
v -0.492373 1.600000 -0.152075
v -0.491173 1.600000 -0.152075
v -0.448017 1.494393 -0.152075
v -0.433471 1.495504 -0.152075
v -0.477373 1.600000 -0.152075
v -0.491919 1.598889 -0.152075
v -0.454595 1.547197 -0.152075
v -0.470795 1.547196 -0.152075
v -0.481357 1.573043 -0.152075
v -0.465157 1.573043 -0.152075
v -0.486638 1.585966 -0.152075
v -0.470438 1.585966 -0.152075
v -0.444033 1.521350 -0.152075
v -0.460233 1.521350 -0.152075
v -0.438752 1.508427 -0.152075
v -0.454952 1.508427 -0.152075
v -0.449217 1.494393 -0.162937
v -0.449670 1.495504 -0.162937
v -0.433017 1.494393 -0.162937
v -0.434217 1.494393 -0.162937
v -0.476173 1.600000 -0.162937
v -0.475719 1.598889 -0.162937
v -0.492373 1.600000 -0.162937
v -0.491173 1.600000 -0.162937
v -0.448017 1.494393 -0.162937
v -0.433471 1.495504 -0.162937
v -0.477373 1.600000 -0.162937
v -0.491919 1.598889 -0.162937
v -0.454595 1.547197 -0.162937
v -0.470795 1.547196 -0.162937
v -0.481357 1.573043 -0.162937
v -0.465157 1.573043 -0.162937
v -0.486638 1.585966 -0.162937
v -0.470438 1.585966 -0.162937
v -0.444033 1.521350 -0.162937
v -0.460233 1.521350 -0.162937
v -0.438752 1.508427 -0.162937
v -0.454952 1.508427 -0.162937
v -0.014261 1.495542 -0.173800
v -0.015808 1.494393 -0.173800
v -0.015499 1.495593 -0.175000
v -0.014608 1.494393 -0.173800
v -0.014608 1.494393 -0.175000
v -0.015808 1.494393 -0.175000
v -0.014261 1.495542 -0.175000
v -0.029926 1.495542 -0.173800
v -0.028657 1.495593 -0.175000
v -0.029072 1.494393 -0.173800
v -0.029926 1.495542 -0.175000
v -0.030272 1.494393 -0.175000
v -0.029072 1.494393 -0.175000
v -0.030272 1.494393 -0.173800
v -0.015499 1.495593 0.175000
v -0.015808 1.494393 0.173800
v -0.014261 1.495542 0.173800
v -0.015808 1.494393 0.175000
v -0.014608 1.494393 0.175000
v -0.014608 1.494393 0.173800
v -0.014261 1.495542 0.175000
v -0.029926 1.495542 0.173800
v -0.029072 1.494393 0.173800
v -0.028657 1.495593 0.175000
v -0.030272 1.494393 0.173800
v -0.030272 1.494393 0.175000
v -0.029072 1.494393 0.175000
v -0.029926 1.495542 0.175000
v 0.001223 1.598851 -0.173800
v 0.002769 1.600000 -0.173800
v 0.002461 1.598800 -0.175000
v 0.001569 1.600000 -0.173800
v 0.001569 1.600000 -0.175000
v 0.002769 1.600000 -0.175000
v 0.001223 1.598851 -0.175000
v 0.015619 1.598800 0.175000
v 0.016887 1.598851 0.173800
v 0.016034 1.600000 0.173800
v 0.016887 1.598851 0.175000
v 0.017234 1.600000 0.175000
v 0.017234 1.600000 0.173800
v 0.016034 1.600000 0.175000
v 0.015619 1.598800 -0.175000
v 0.016034 1.600000 -0.173800
v 0.016887 1.598851 -0.173800
v 0.016034 1.600000 -0.175000
v 0.017234 1.600000 -0.175000
v 0.017234 1.600000 -0.173800
v 0.016887 1.598851 -0.175000
v 0.001223 1.598851 0.173800
v 0.002461 1.598800 0.175000
v 0.002769 1.600000 0.173800
v 0.001223 1.598851 0.175000
v 0.001569 1.600000 0.175000
v 0.002769 1.600000 0.175000
v 0.001569 1.600000 0.173800
v 0.001313 1.547197 -0.173800
v 0.001313 1.547197 -0.175000
v 0.000060 1.547197 -0.175000
v -0.014351 1.547196 0.173800
v -0.014351 1.547196 0.175000
v -0.013098 1.547196 0.175000
v -0.014351 1.547197 -0.173800
v -0.014351 1.547197 -0.175000
v -0.013098 1.547197 -0.175000
v 0.001313 1.547196 0.173800
v 0.001313 1.547196 0.175000
v 0.000060 1.547196 0.175000
v 0.009100 1.573024 -0.175000
v 0.007839 1.572998 -0.175000
v -0.006564 1.573024 0.175000
v -0.005319 1.572998 0.175000
v -0.006564 1.573024 -0.173800
v 0.009100 1.573024 0.173800
v 0.009100 1.573024 -0.173800
v -0.006564 1.573024 0.173800
v -0.006564 1.573024 -0.175000
v -0.005319 1.572998 -0.175000
v 0.009100 1.573024 0.175000
v 0.007839 1.572998 0.175000
v 0.012994 1.585937 -0.175000
v 0.011729 1.585899 -0.175000
v -0.002671 1.585937 0.175000
v -0.001429 1.585899 0.175000
v -0.002671 1.585937 -0.173800
v 0.012994 1.585937 0.173800
v 0.012994 1.585937 -0.173800
v -0.002671 1.585937 0.173800
v -0.002671 1.585937 -0.175000
v -0.001429 1.585899 -0.175000
v 0.012994 1.585937 0.175000
v 0.011729 1.585899 0.175000
v -0.006474 1.521369 -0.173800
v -0.022139 1.521369 0.173800
v -0.022139 1.521369 -0.175000
v -0.020878 1.521395 -0.175000
v -0.006474 1.521369 0.175000
v -0.007720 1.521395 0.175000
v -0.006474 1.521369 -0.175000
v -0.007720 1.521395 -0.175000
v -0.022139 1.521369 0.175000
v -0.020878 1.521395 0.175000
v -0.022139 1.521369 -0.173800
v -0.006474 1.521369 0.173800
v -0.010368 1.508456 -0.173800
v -0.026032 1.508456 0.173800
v -0.026032 1.508456 -0.175000
v -0.024767 1.508494 -0.175000
v -0.010368 1.508456 0.175000
v -0.011609 1.508494 0.175000
v -0.010368 1.508456 -0.175000
v -0.011610 1.508494 -0.175000
v -0.026032 1.508456 0.175000
v -0.024767 1.508494 0.175000
v -0.026032 1.508456 -0.173800
v -0.010368 1.508456 0.173800
v -0.029072 1.494393 0.000000
v -0.030272 1.494393 0.000000
v -0.029926 1.495542 0.000000
v -0.014261 1.495542 0.000000
v -0.014608 1.494393 0.000000
v -0.015808 1.494393 0.000000
v 0.016034 1.600000 0.000000
v 0.017234 1.600000 0.000000
v 0.016887 1.598851 0.000000
v 0.001223 1.598851 0.000000
v 0.001569 1.600000 0.000000
v 0.002769 1.600000 0.000000
v 0.001313 1.547196 0.000000
v -0.014351 1.547196 0.000000
v -0.006564 1.573024 0.000000
v 0.009100 1.573024 0.000000
v -0.002671 1.585937 0.000000
v 0.012994 1.585937 0.000000
v -0.006474 1.521369 0.000000
v -0.022139 1.521369 0.000000
v -0.010368 1.508456 0.000000
v -0.026032 1.508456 0.000000
v -0.029072 1.494393 0.086900
v -0.014261 1.495542 0.086900
v 0.016034 1.600000 0.086900
v 0.001223 1.598851 0.086900
v 0.001313 1.547197 0.086900
v -0.014352 1.547196 0.086900
v -0.006564 1.573024 0.086900
v 0.009100 1.573024 0.086900
v -0.002671 1.585937 0.086900
v 0.012994 1.585937 0.086900
v -0.006474 1.521369 0.086900
v -0.022139 1.521369 0.086900
v -0.010368 1.508456 0.086900
v -0.026032 1.508456 0.086900
v -0.030272 1.494393 0.086900
v -0.029926 1.495542 0.086900
v -0.014608 1.494393 0.086900
v -0.015808 1.494393 0.086900
v 0.017234 1.600000 0.086900
v 0.016887 1.598851 0.086900
v 0.001569 1.600000 0.086900
v 0.002769 1.600000 0.086900
v -0.029072 1.494393 0.130350
v -0.014261 1.495542 0.130350
v 0.016034 1.600000 0.130350
v 0.001223 1.598851 0.130350
v 0.001313 1.547197 0.130350
v -0.014351 1.547196 0.130350
v -0.006564 1.573024 0.130350
v 0.009100 1.573024 0.130350
v -0.002671 1.585937 0.130350
v 0.012994 1.585937 0.130350
v -0.006474 1.521369 0.130350
v -0.022139 1.521369 0.130350
v -0.010368 1.508456 0.130350
v -0.026032 1.508456 0.130350
v -0.030272 1.494393 0.130350
v -0.029926 1.495542 0.130350
v -0.014608 1.494393 0.130350
v -0.015808 1.494393 0.130350
v 0.017234 1.600000 0.130350
v 0.016887 1.598851 0.130350
v 0.001569 1.600000 0.130350
v 0.002769 1.600000 0.130350
v -0.029072 1.494393 0.152075
v -0.014261 1.495542 0.152075
v 0.016034 1.600000 0.152075
v 0.001223 1.598851 0.152075
v 0.001313 1.547196 0.152075
v -0.014351 1.547196 0.152075
v -0.006564 1.573024 0.152075
v 0.009100 1.573024 0.152075
v -0.002671 1.585937 0.152075
v 0.012994 1.585937 0.152075
v -0.006474 1.521369 0.152075
v -0.022139 1.521369 0.152075
v -0.010368 1.508456 0.152075
v -0.026032 1.508456 0.152075
v -0.030272 1.494393 0.152075
v -0.029926 1.495542 0.152075
v -0.014608 1.494393 0.152075
v -0.015808 1.494393 0.152075
v 0.017234 1.600000 0.152075
v 0.016887 1.598851 0.152075
v 0.001569 1.600000 0.152075
v 0.002769 1.600000 0.152075
v -0.029072 1.494393 0.162937
v -0.014261 1.495542 0.162937
v 0.016034 1.600000 0.162937
v 0.001223 1.598851 0.162937
v 0.001313 1.547196 0.162937
v -0.014351 1.547196 0.162937
v -0.006564 1.573024 0.162937
v 0.009100 1.573024 0.162937
v -0.002671 1.585937 0.162937
v 0.012994 1.585937 0.162937
v -0.006474 1.521369 0.162937
v -0.022139 1.521369 0.162937
v -0.010368 1.508456 0.162937
v -0.026032 1.508456 0.162937
v -0.030272 1.494393 0.162937
v -0.029926 1.495542 0.162937
v -0.014608 1.494393 0.162937
v -0.015808 1.494393 0.162937
v 0.017234 1.600000 0.162937
v 0.016887 1.598851 0.162937
v 0.001569 1.600000 0.162937
v 0.002769 1.600000 0.162937
v -0.030272 1.494393 -0.086900
v -0.029926 1.495542 -0.086900
v -0.014608 1.494393 -0.086900
v -0.015808 1.494393 -0.086900
v 0.017234 1.600000 -0.086900
v 0.016887 1.598851 -0.086900
v 0.001569 1.600000 -0.086900
v 0.002769 1.600000 -0.086900
v -0.029072 1.494393 -0.086900
v -0.014261 1.495542 -0.086900
v 0.016034 1.600000 -0.086900
v 0.001223 1.598851 -0.086900
v 0.001313 1.547196 -0.086900
v -0.014351 1.547196 -0.086900
v -0.006564 1.573024 -0.086900
v 0.009100 1.573024 -0.086900
v -0.002671 1.585937 -0.086900
v 0.012994 1.585937 -0.086900
v -0.006474 1.521369 -0.086900
v -0.022139 1.521369 -0.086900
v -0.010368 1.508456 -0.086900
v -0.026032 1.508456 -0.086900
v -0.030272 1.494393 -0.130350
v -0.029926 1.495542 -0.130350
v -0.014608 1.494393 -0.130350
v -0.015808 1.494393 -0.130350
v 0.017234 1.600000 -0.130350
v 0.016887 1.598851 -0.130350
v 0.001569 1.600000 -0.130350
v 0.002769 1.600000 -0.130350
v -0.029072 1.494393 -0.130350
v -0.014261 1.495542 -0.130350
v 0.016034 1.600000 -0.130350
v 0.001223 1.598851 -0.130350
v 0.001313 1.547196 -0.130350
v -0.014351 1.547197 -0.130350
v -0.006564 1.573024 -0.130350
v 0.009100 1.573024 -0.130350
v -0.002671 1.585937 -0.130350
v 0.012994 1.585937 -0.130350
v -0.006474 1.521369 -0.130350
v -0.022139 1.521369 -0.130350
v -0.010368 1.508456 -0.130350
v -0.026032 1.508456 -0.130350
v -0.030272 1.494393 -0.152075
v -0.029926 1.495542 -0.152075
v -0.014608 1.494393 -0.152075
v -0.015808 1.494393 -0.152075
v 0.017234 1.600000 -0.152075
v 0.016887 1.598851 -0.152075
v 0.001569 1.600000 -0.152075
v 0.002769 1.600000 -0.152075
v -0.029072 1.494393 -0.152075
v -0.014261 1.495542 -0.152075
v 0.016034 1.600000 -0.152075
v 0.001223 1.598851 -0.152075
v 0.001313 1.547197 -0.152075
v -0.014351 1.547197 -0.152075
v -0.006564 1.573024 -0.152075
v 0.009100 1.573024 -0.152075
v -0.002671 1.585937 -0.152075
v 0.012994 1.585937 -0.152075
v -0.006474 1.521369 -0.152075
v -0.022139 1.521369 -0.152075
v -0.010368 1.508456 -0.152075
v -0.026032 1.508456 -0.152075
v -0.030272 1.494393 -0.162937
v -0.029926 1.495542 -0.162937
v -0.014608 1.494393 -0.162937
v -0.015808 1.494393 -0.162937
v 0.017234 1.600000 -0.162937
v 0.016887 1.598851 -0.162937
v 0.001569 1.600000 -0.162937
v 0.002769 1.600000 -0.162937
v -0.029072 1.494393 -0.162937
v -0.014261 1.495542 -0.162937
v 0.016034 1.600000 -0.162937
v 0.001223 1.598851 -0.162937
v 0.001313 1.547197 -0.162937
v -0.014351 1.547197 -0.162937
v -0.006564 1.573024 -0.162937
v 0.009100 1.573024 -0.162937
v -0.002671 1.585937 -0.162937
v 0.012994 1.585937 -0.162937
v -0.006474 1.521369 -0.162937
v -0.022139 1.521369 -0.162937
v -0.010368 1.508456 -0.162937
v -0.026032 1.508456 -0.162937
vt 0.626566 0.904293
vt 0.629758 0.904293
vt 0.629758 0.908181
vt 0.626566 0.908181
vt 0.765933 0.137478
vt 0.765411 0.133751
vt 0.769265 0.133812
vt 0.769786 0.137539
vt 0.765947 0.174179
vt 0.766552 0.170465
vt 0.770406 0.170491
vt 0.769801 0.174205
vt 0.387976 0.937912
vt 0.387976 0.934146
vt 0.392009 0.934146
vt 0.392009 0.937912
vt 0.125928 0.931958
vt 0.125928 0.935703
vt 0.121873 0.935703
vt 0.121873 0.931958
vt 0.627292 0.919515
vt 0.627292 0.923329
vt 0.623114 0.923329
vt 0.623114 0.919515
vt 0.435897 0.892526
vt 0.435897 0.889045
vt 0.440475 0.889045
vt 0.440475 0.892526
vt 0.165139 0.890411
vt 0.165139 0.886860
vt 0.169864 0.886860
vt 0.169864 0.890411
vt 0.634783 0.904293
vt 0.634783 0.908181
vt 0.630467 0.908181
vt 0.630467 0.904293
vt 0.658246 0.600160
vt 0.654322 0.600219
vt 0.654322 0.597175
vt 0.658246 0.597113
vt 0.279076 0.890411
vt 0.279076 0.886860
vt 0.282570 0.886860
vt 0.282570 0.890411
vt 0.654454 0.482184
vt 0.650357 0.482184
vt 0.650357 0.478908
vt 0.654454 0.478908
vt 0.117961 0.931958
vt 0.121165 0.931958
vt 0.121165 0.935703
vt 0.117961 0.935703
vt 0.509850 0.484033
vt 0.505683 0.484033
vt 0.505683 0.480701
vt 0.509850 0.480701
vt 0.444758 0.892526
vt 0.441252 0.892526
vt 0.441252 0.889045
vt 0.444758 0.889045
vt 0.139580 0.950861
vt 0.139580 0.947046
vt 0.143482 0.947046
vt 0.143482 0.950861
vt 0.613475 0.934664
vt 0.613475 0.938401
vt 0.609492 0.938401
vt 0.609492 0.934664
vt 0.794090 0.859065
vt 0.794090 0.862911
vt 0.790028 0.862911
vt 0.790028 0.859065
vt 0.814894 0.847726
vt 0.814894 0.843911
vt 0.818856 0.843911
vt 0.818856 0.847726
vt 0.655238 0.714208
vt 0.651285 0.714208
vt 0.651285 0.710839
vt 0.655238 0.710839
vt 0.659827 0.249852
vt 0.655811 0.249852
vt 0.655811 0.246530
vt 0.659827 0.246530
vt 0.605571 0.934664
vt 0.608782 0.934664
vt 0.608782 0.938401
vt 0.605571 0.938401
vt 0.822765 0.847726
vt 0.819565 0.847726
vt 0.819565 0.843911
vt 0.822765 0.843911
vt 0.401901 0.922806
vt 0.401901 0.919035
vt 0.406164 0.919035
vt 0.406164 0.922806
vt 0.125799 0.916864
vt 0.125799 0.920621
vt 0.121520 0.920621
vt 0.121520 0.916864
vt 0.126114 0.901714
vt 0.126114 0.905528
vt 0.121692 0.905528
vt 0.121692 0.901714
vt 0.409984 0.907694
vt 0.409984 0.903834
vt 0.414354 0.903834
vt 0.414354 0.907694
vt 0.918568 0.922684
vt 0.917037 0.918971
vt 0.920878 0.918956
vt 0.922409 0.922669
vt 0.672267 0.889075
vt 0.672267 0.892960
vt 0.667700 0.892960
vt 0.667700 0.889075
vt 0.507600 0.601891
vt 0.503331 0.601891
vt 0.503331 0.598666
vt 0.507600 0.598666
vt 0.765921 0.953828
vt 0.765921 0.949855
vt 0.769186 0.949855
vt 0.769186 0.953828
vt 0.510026 0.249806
vt 0.505689 0.249806
vt 0.505689 0.246530
vt 0.510026 0.246530
vt 0.117621 0.916864
vt 0.120814 0.916864
vt 0.120814 0.920621
vt 0.117621 0.920621
vt 0.356894 0.367846
vt 0.353197 0.367846
vt 0.353197 0.364514
vt 0.356894 0.364514
vt 0.418214 0.907694
vt 0.415054 0.907694
vt 0.415054 0.903834
vt 0.418214 0.903834
vt 0.405888 0.949736
vt 0.405888 0.953494
vt 0.401999 0.953494
vt 0.401999 0.949736
vt 0.386772 0.953006
vt 0.386772 0.949250
vt 0.390662 0.949250
vt 0.390662 0.953006
vt 0.694811 0.209959
vt 0.693717 0.213685
vt 0.689707 0.213712
vt 0.690801 0.209986
vt 0.737270 0.224772
vt 0.738400 0.228488
vt 0.734390 0.228499
vt 0.733260 0.224784
vt 0.694822 0.133923
vt 0.696418 0.137608
vt 0.692272 0.137698
vt 0.690675 0.134013
vt 0.361392 0.828346
vt 0.359972 0.832103
vt 0.355826 0.832211
vt 0.357246 0.828454
vt 0.901956 0.696548
vt 0.905788 0.696548
vt 0.905788 0.699718
vt 0.901956 0.699718
vt 0.819045 0.965191
vt 0.819045 0.968963
vt 0.815839 0.968963
vt 0.815839 0.965191
vt 0.865674 0.467393
vt 0.869539 0.467393
vt 0.869539 0.470618
vt 0.865674 0.470618
vt 0.860958 0.816442
vt 0.864886 0.816442
vt 0.864886 0.819718
vt 0.860958 0.819718
vt 0.533229 0.949736
vt 0.536436 0.949736
vt 0.536436 0.953494
vt 0.533229 0.953494
vt 0.817073 0.814212
vt 0.821070 0.814212
vt 0.821070 0.817507
vt 0.817073 0.817507
vt 0.705119 0.965191
vt 0.701912 0.965191
vt 0.701912 0.969106
vt 0.705119 0.969106
vt 0.842457 0.485128
vt 0.838625 0.485128
vt 0.838625 0.481958
vt 0.842457 0.481958
vt 0.283478 0.802317
vt 0.287511 0.802317
vt 0.287511 0.805437
vt 0.283478 0.805437
vt 0.777375 0.464280
vt 0.781473 0.464280
vt 0.781473 0.467556
vt 0.777375 0.467556
vt 0.634874 0.466006
vt 0.639042 0.466006
vt 0.639042 0.469338
vt 0.634874 0.469338
vt 0.491496 0.937912
vt 0.491496 0.934146
vt 0.494683 0.934146
vt 0.494683 0.937912
vt 0.523217 0.919515
vt 0.523217 0.923329
vt 0.520017 0.923329
vt 0.520017 0.919515
vt 0.810320 0.118510
vt 0.814272 0.118510
vt 0.814272 0.121879
vt 0.810320 0.121879
vt 0.143244 0.803751
vt 0.147129 0.803751
vt 0.147129 0.807073
vt 0.143244 0.807073
vt 0.663797 0.889075
vt 0.666990 0.889075
vt 0.666990 0.892960
vt 0.663797 0.892960
vt 0.241696 0.950861
vt 0.241696 0.947046
vt 0.244842 0.947046
vt 0.244842 0.950861
vt 0.690955 0.859065
vt 0.690955 0.862911
vt 0.687781 0.862911
vt 0.687781 0.859065
vt 0.485560 0.698652
vt 0.489830 0.698652
vt 0.489830 0.701877
vt 0.485560 0.701877
vt 0.487667 0.584047
vt 0.492004 0.584047
vt 0.492004 0.587324
vt 0.487667 0.587324
vt 0.489962 0.349819
vt 0.494374 0.349819
vt 0.494374 0.353150
vt 0.489962 0.353150
vt 0.249679 0.968417
vt 0.246482 0.968417
vt 0.246482 0.964353
vt 0.249679 0.964353
vt 0.505503 0.922806
vt 0.505503 0.919035
vt 0.508684 0.919035
vt 0.508684 0.922806
vt 0.021829 0.901714
vt 0.021829 0.905528
vt 0.018630 0.905528
vt 0.018630 0.901714
vt 0.842530 0.138095
vt 0.838666 0.138095
vt 0.838666 0.134870
vt 0.842530 0.134870
vt 0.836313 0.601967
vt 0.832385 0.601967
vt 0.832385 0.598690
vt 0.836313 0.598690
vt 0.796785 0.366021
vt 0.792788 0.366021
vt 0.792788 0.362726
vt 0.796785 0.362726
vt 0.881319 0.953850
vt 0.881319 0.949854
vt 0.884571 0.949854
vt 0.884571 0.953850
vt 0.975598 0.711057
vt 0.978804 0.711057
vt 0.978804 0.714829
vt 0.975598 0.714829
vt 0.355625 0.953006
vt 0.355625 0.949250
vt 0.358833 0.949250
vt 0.358833 0.953006
vt 0.459517 0.964830
vt 0.459517 0.968745
vt 0.462723 0.968745
vt 0.462723 0.964830
vt 0.869278 0.585168
vt 0.869630 0.585168
vt 0.869630 0.585524
vt 0.869278 0.585524
vt 0.815485 0.965191
vt 0.815485 0.964837
vt 0.815839 0.964837
vt 0.738972 0.173999
vt 0.738910 0.174353
vt 0.738556 0.174351
vt 0.738613 0.174001
vt 0.905788 0.596508
vt 0.905788 0.596152
vt 0.906140 0.596152
vt 0.906140 0.596508
vt 0.739577 0.170285
vt 0.739220 0.170278
vt 0.739277 0.169929
vt 0.739631 0.169931
vt 0.815839 0.969317
vt 0.815485 0.969317
vt 0.815485 0.968963
vt 0.770145 0.137549
vt 0.770194 0.137900
vt 0.769840 0.137894
vt 0.918430 0.965191
vt 0.918430 0.964837
vt 0.918784 0.964837
vt 0.918784 0.965191
vt 0.869278 0.481958
vt 0.869278 0.481602
vt 0.869630 0.481602
vt 0.869630 0.481958
vt 0.906140 0.699718
vt 0.906140 0.700075
vt 0.905788 0.700075
vt 0.918430 0.968963
vt 0.918784 0.968963
vt 0.918784 0.969317
vt 0.918430 0.969317
vt 0.769219 0.133457
vt 0.769573 0.133463
vt 0.769622 0.133814
vt 0.630111 0.904293
vt 0.630111 0.903940
vt 0.630467 0.903940
vt 0.629758 0.903940
vt 0.639042 0.362726
vt 0.639042 0.362358
vt 0.639383 0.362358
vt 0.639383 0.362726
vt 0.018668 0.886860
vt 0.018277 0.886860
vt 0.018277 0.886538
vt 0.018668 0.886538
vt 0.527513 0.908181
vt 0.527513 0.908534
vt 0.527160 0.908534
vt 0.527160 0.908181
vt 0.639042 0.480701
vt 0.639042 0.480333
vt 0.639383 0.480333
vt 0.639383 0.480701
vt 0.440865 0.892526
vt 0.440865 0.892849
vt 0.440475 0.892849
vt 0.441252 0.892849
vt 0.781473 0.362720
vt 0.781473 0.362358
vt 0.781819 0.362358
vt 0.781819 0.362720
vt 0.756832 0.923329
vt 0.757187 0.923329
vt 0.757187 0.923683
vt 0.756832 0.923683
vt 0.553428 0.889045
vt 0.553428 0.888722
vt 0.553815 0.888722
vt 0.553815 0.889045
vt 0.781473 0.478908
vt 0.781473 0.478546
vt 0.781819 0.478546
vt 0.781819 0.478908
vt 0.121519 0.931958
vt 0.121519 0.931604
vt 0.121873 0.931604
vt 0.121165 0.931604
vt 0.287511 0.702230
vt 0.287511 0.701873
vt 0.287863 0.701873
vt 0.287863 0.702230
vt 0.262968 0.934146
vt 0.262616 0.934146
vt 0.262616 0.933790
vt 0.262968 0.933790
vt 0.018631 0.935703
vt 0.018631 0.936057
vt 0.018277 0.936057
vt 0.018277 0.935703
vt 0.784255 0.595141
vt 0.784255 0.594781
vt 0.784622 0.594775
vt 0.784622 0.595136
vt 0.630467 0.908534
vt 0.630111 0.908534
vt 0.630111 0.908181
vt 0.639042 0.587314
vt 0.639383 0.587314
vt 0.639383 0.587682
vt 0.639042 0.587682
vt 0.629758 0.908534
vt 0.639383 0.469338
vt 0.639383 0.469706
vt 0.639042 0.469706
vt 0.527513 0.904293
vt 0.527160 0.904293
vt 0.527160 0.903940
vt 0.527513 0.903940
vt 0.018668 0.890411
vt 0.018668 0.890733
vt 0.018277 0.890733
vt 0.018277 0.890411
vt 0.440475 0.888722
vt 0.440865 0.888722
vt 0.440865 0.889045
vt 0.781473 0.583745
vt 0.781819 0.583745
vt 0.781819 0.584107
vt 0.781473 0.584107
vt 0.441252 0.888722
vt 0.781819 0.467556
vt 0.781819 0.467918
vt 0.781473 0.467918
vt 0.553428 0.892526
vt 0.553815 0.892526
vt 0.553815 0.892849
vt 0.553428 0.892849
vt 0.756832 0.919515
vt 0.756832 0.919162
vt 0.757187 0.919162
vt 0.757187 0.919515
vt 0.121873 0.936057
vt 0.121519 0.936057
vt 0.121519 0.935703
vt 0.784255 0.699466
vt 0.784622 0.699470
vt 0.784622 0.699830
vt 0.784255 0.699826
vt 0.121165 0.936057
vt 0.287863 0.805437
vt 0.287863 0.805793
vt 0.287511 0.805793
vt 0.018631 0.931958
vt 0.018277 0.931958
vt 0.018277 0.931604
vt 0.018631 0.931604
vt 0.262968 0.937912
vt 0.262968 0.938268
vt 0.262616 0.938268
vt 0.262616 0.937912
vt 0.505683 0.362726
vt 0.505342 0.362726
vt 0.505342 0.362358
vt 0.505683 0.362358
vt 0.282956 0.890411
vt 0.282956 0.890733
vt 0.282570 0.890733
vt 0.768580 0.904293
vt 0.768580 0.903940
vt 0.768937 0.903940
vt 0.768937 0.904293
vt 0.505342 0.480701
vt 0.505342 0.480333
vt 0.505683 0.480333
vt 0.170641 0.886860
vt 0.170254 0.886860
vt 0.170254 0.886538
vt 0.170641 0.886538
vt 0.169864 0.886538
vt 0.650357 0.362720
vt 0.650010 0.362720
vt 0.650010 0.362358
vt 0.650357 0.362358
vt 0.519664 0.919515
vt 0.519664 0.919162
vt 0.520017 0.919162
vt 0.293973 0.892526
vt 0.293973 0.892849
vt 0.293584 0.892849
vt 0.293584 0.892526
vt 0.650010 0.478908
vt 0.650010 0.478546
vt 0.650357 0.478546
vt 0.622404 0.923329
vt 0.622758 0.923329
vt 0.622758 0.923683
vt 0.622404 0.923683
vt 0.623114 0.923683
vt 0.158455 0.702230
vt 0.158103 0.702230
vt 0.158103 0.701873
vt 0.158455 0.701873
vt 0.495035 0.937912
vt 0.495035 0.938268
vt 0.494683 0.938268
vt 0.251633 0.931958
vt 0.251633 0.931604
vt 0.251988 0.931604
vt 0.251988 0.931958
vt 0.653980 0.597180
vt 0.653980 0.596833
vt 0.654322 0.596827
vt 0.392713 0.934146
vt 0.392361 0.934146
vt 0.392361 0.933790
vt 0.392713 0.933790
vt 0.392009 0.933790
vt 0.768580 0.908181
vt 0.768937 0.908181
vt 0.768937 0.908534
vt 0.768580 0.908534
vt 0.282570 0.886537
vt 0.282956 0.886537
vt 0.282956 0.886860
vt 0.505683 0.587314
vt 0.505683 0.587682
vt 0.505342 0.587682
vt 0.505342 0.587314
vt 0.505683 0.469338
vt 0.505683 0.469706
vt 0.505342 0.469706
vt 0.505342 0.469338
vt 0.170254 0.890411
vt 0.170254 0.890733
vt 0.169864 0.890733
vt 0.170641 0.890411
vt 0.170641 0.890733
vt 0.293973 0.889045
vt 0.293584 0.889045
vt 0.293584 0.888722
vt 0.293973 0.888722
vt 0.520017 0.923683
vt 0.519664 0.923683
vt 0.519664 0.923329
vt 0.650357 0.583745
vt 0.650357 0.584107
vt 0.650010 0.584107
vt 0.650010 0.583745
vt 0.650357 0.467556
vt 0.650357 0.467918
vt 0.650010 0.467918
vt 0.650010 0.467556
vt 0.622758 0.919515
vt 0.622758 0.919162
vt 0.623114 0.919162
vt 0.622404 0.919515
vt 0.622404 0.919162
vt 0.251633 0.935703
vt 0.251988 0.935703
vt 0.251988 0.936057
vt 0.251633 0.936057
vt 0.494683 0.933790
vt 0.495035 0.933790
vt 0.495035 0.934146
vt 0.654322 0.697871
vt 0.654322 0.698219
vt 0.653980 0.698215
vt 0.653980 0.697867
vt 0.158455 0.805437
vt 0.158455 0.805793
vt 0.158103 0.805793
vt 0.158103 0.805437
vt 0.392361 0.937912
vt 0.392361 0.938268
vt 0.392009 0.938268
vt 0.392713 0.937912
vt 0.392713 0.938268
vt 0.819211 0.847726
vt 0.819211 0.848080
vt 0.818856 0.848080
vt 0.819565 0.848080
vt 0.147129 0.702235
vt 0.147129 0.701873
vt 0.147475 0.701873
vt 0.147475 0.702235
vt 0.920003 0.862911
vt 0.920356 0.862911
vt 0.920356 0.863268
vt 0.920003 0.863268
vt 0.921958 0.843911
vt 0.921958 0.843558
vt 0.922311 0.843558
vt 0.922311 0.843911
vt 0.784316 0.246530
vt 0.784316 0.246168
vt 0.784663 0.246168
vt 0.784663 0.246530
vt 0.609137 0.934664
vt 0.609137 0.934310
vt 0.609492 0.934310
vt 0.608782 0.934310
vt 0.814272 0.018672
vt 0.814272 0.018315
vt 0.814624 0.018315
vt 0.814624 0.018672
vt 0.018625 0.947046
vt 0.018277 0.947046
vt 0.018277 0.946685
vt 0.018625 0.946685
vt 0.506017 0.938401
vt 0.506017 0.938754
vt 0.505662 0.938754
vt 0.505662 0.938401
vt 0.777770 0.710839
vt 0.777770 0.710482
vt 0.778122 0.710482
vt 0.778122 0.710839
vt 0.818856 0.843558
vt 0.819211 0.843558
vt 0.819211 0.843911
vt 0.784316 0.351368
vt 0.784663 0.351368
vt 0.784663 0.351730
vt 0.784316 0.351730
vt 0.819565 0.843558
vt 0.147475 0.807073
vt 0.147475 0.807435
vt 0.147129 0.807435
vt 0.921958 0.847726
vt 0.922311 0.847726
vt 0.922311 0.848080
vt 0.921958 0.848080
vt 0.920003 0.859065
vt 0.920003 0.858708
vt 0.920356 0.858708
vt 0.920356 0.859065
vt 0.609492 0.938754
vt 0.609137 0.938754
vt 0.609137 0.938401
vt 0.777770 0.814046
vt 0.778122 0.814046
vt 0.778122 0.814402
vt 0.777770 0.814402
vt 0.608782 0.938754
vt 0.814624 0.121879
vt 0.814624 0.122236
vt 0.814272 0.122236
vt 0.506017 0.934664
vt 0.505662 0.934664
vt 0.505662 0.934310
vt 0.506017 0.934310
vt 0.018625 0.950861
vt 0.018625 0.951221
vt 0.018277 0.951221
vt 0.018277 0.950861
vt 0.018624 0.702235
vt 0.018277 0.702235
vt 0.018277 0.701873
vt 0.018624 0.701873
vt 0.687431 0.859065
vt 0.687431 0.858708
vt 0.687781 0.858708
vt 0.687791 0.847726
vt 0.687791 0.848080
vt 0.687435 0.848080
vt 0.687435 0.847726
vt 0.655465 0.246530
vt 0.655465 0.246168
vt 0.655811 0.246168
vt 0.789325 0.862911
vt 0.789675 0.862911
vt 0.789675 0.863268
vt 0.789325 0.863268
vt 0.790028 0.863268
vt 0.687787 0.018672
vt 0.687435 0.018672
vt 0.687435 0.018315
vt 0.687787 0.018315
vt 0.245189 0.950861
vt 0.245189 0.951221
vt 0.244842 0.951221
vt 0.736954 0.934664
vt 0.736954 0.934310
vt 0.737309 0.934310
vt 0.737309 0.934664
vt 0.650933 0.710839
vt 0.650933 0.710482
vt 0.651285 0.710482
vt 0.144178 0.947046
vt 0.143830 0.947046
vt 0.143830 0.946685
vt 0.144178 0.946685
vt 0.143482 0.946685
vt 0.687791 0.843911
vt 0.687435 0.843911
vt 0.687435 0.843558
vt 0.687791 0.843558
vt 0.687781 0.863268
vt 0.687431 0.863268
vt 0.687431 0.862911
vt 0.655811 0.351368
vt 0.655811 0.351730
vt 0.655465 0.351730
vt 0.655465 0.351368
vt 0.018624 0.807073
vt 0.018624 0.807435
vt 0.018277 0.807435
vt 0.018277 0.807073
vt 0.789675 0.859065
vt 0.789675 0.858708
vt 0.790028 0.858708
vt 0.789325 0.859065
vt 0.789325 0.858708
vt 0.736954 0.938401
vt 0.737309 0.938401
vt 0.737309 0.938754
vt 0.736954 0.938754
vt 0.244842 0.946685
vt 0.245189 0.946685
vt 0.245189 0.947046
vt 0.651285 0.814046
vt 0.651285 0.814402
vt 0.650933 0.814402
vt 0.650933 0.814046
vt 0.687787 0.121879
vt 0.687787 0.122236
vt 0.687435 0.122236
vt 0.687435 0.121879
vt 0.143830 0.950861
vt 0.143830 0.951221
vt 0.143482 0.951221
vt 0.144178 0.950861
vt 0.144178 0.951221
vt 0.667343 0.889075
vt 0.667343 0.888722
vt 0.667700 0.888722
vt 0.666990 0.888722
vt 0.494374 0.246536
vt 0.494374 0.246168
vt 0.494714 0.246168
vt 0.494714 0.246536
vt 0.774222 0.919516
vt 0.773829 0.919491
vt 0.773694 0.919164
vt 0.774048 0.919162
vt 0.564796 0.892960
vt 0.564796 0.893313
vt 0.564443 0.893313
vt 0.564443 0.892960
vt 0.494373 0.364514
vt 0.494373 0.364146
vt 0.494714 0.364146
vt 0.494714 0.364514
vt 0.414705 0.907694
vt 0.414705 0.908051
vt 0.414354 0.908051
vt 0.415054 0.908051
vt 0.492004 0.482486
vt 0.492004 0.482124
vt 0.492351 0.482124
vt 0.492351 0.482486
vt 0.263203 0.905528
vt 0.263558 0.905528
vt 0.263558 0.905881
vt 0.263203 0.905881
vt 0.516183 0.903834
vt 0.516183 0.903477
vt 0.516532 0.903477
vt 0.516532 0.903834
vt 0.644490 0.246530
vt 0.644490 0.246168
vt 0.644837 0.246168
vt 0.644837 0.246530
vt 0.121167 0.916864
vt 0.121167 0.916509
vt 0.121520 0.916509
vt 0.120814 0.916509
vt 0.489830 0.598670
vt 0.489830 0.598313
vt 0.490182 0.598313
vt 0.490182 0.598670
vt 0.269754 0.919035
vt 0.269402 0.919035
vt 0.269402 0.918679
vt 0.269754 0.918679
vt 0.018630 0.920621
vt 0.018630 0.920976
vt 0.018277 0.920976
vt 0.018277 0.920621
vt 0.639952 0.598666
vt 0.639952 0.598309
vt 0.640305 0.598309
vt 0.640305 0.598665
vt 0.667700 0.893313
vt 0.667343 0.893313
vt 0.667343 0.892960
vt 0.494373 0.471128
vt 0.494714 0.471128
vt 0.494714 0.471496
vt 0.494373 0.471496
vt 0.666990 0.893313
vt 0.494714 0.353150
vt 0.494714 0.353518
vt 0.494374 0.353518
vt 0.564796 0.889075
vt 0.564443 0.889075
vt 0.564443 0.888722
vt 0.564796 0.888722
vt 0.775753 0.923229
vt 0.775871 0.923583
vt 0.775516 0.923584
vt 0.775381 0.923257
vt 0.414354 0.903477
vt 0.414705 0.903477
vt 0.414705 0.903834
vt 0.644490 0.351368
vt 0.644837 0.351368
vt 0.644837 0.351730
vt 0.644490 0.351730
vt 0.415054 0.903477
vt 0.492351 0.587324
vt 0.492351 0.587686
vt 0.492004 0.587686
vt 0.516183 0.907694
vt 0.516532 0.907694
vt 0.516532 0.908051
vt 0.516183 0.908051
vt 0.263203 0.901714
vt 0.263203 0.901361
vt 0.263558 0.901361
vt 0.263558 0.901714
vt 0.121520 0.920976
vt 0.121167 0.920976
vt 0.121167 0.920621
vt 0.639952 0.701873
vt 0.640305 0.701873
vt 0.640305 0.702229
vt 0.639952 0.702229
vt 0.120814 0.920976
vt 0.490182 0.701877
vt 0.490182 0.702234
vt 0.489830 0.702234
vt 0.018630 0.916864
vt 0.018277 0.916864
vt 0.018277 0.916509
vt 0.018630 0.916509
vt 0.269754 0.922806
vt 0.269754 0.923163
vt 0.269402 0.923163
vt 0.269402 0.922806
vt 0.353197 0.246536
vt 0.352856 0.246536
vt 0.352856 0.246168
vt 0.353197 0.246168
vt 0.769547 0.953828
vt 0.769547 0.954189
vt 0.769186 0.954189
vt 0.813842 0.889075
vt 0.813842 0.888722
vt 0.814198 0.888722
vt 0.814198 0.889075
vt 0.352856 0.364514
vt 0.352856 0.364146
vt 0.353197 0.364146
vt 0.664700 0.949855
vt 0.664339 0.949855
vt 0.664339 0.949494
vt 0.664700 0.949494
vt 0.920761 0.918603
vt 0.921115 0.918601
vt 0.921250 0.918929
vt 0.353203 0.482486
vt 0.352856 0.482486
vt 0.352856 0.482124
vt 0.353203 0.482124
vt 0.018277 0.901714
vt 0.018277 0.901361
vt 0.018630 0.901361
vt 0.274537 0.907694
vt 0.274537 0.908051
vt 0.274186 0.908051
vt 0.274186 0.907694
vt 0.505342 0.246530
vt 0.505342 0.246168
vt 0.505689 0.246168
vt 0.120983 0.905528
vt 0.121337 0.905528
vt 0.121337 0.905881
vt 0.120983 0.905881
vt 0.121692 0.905881
vt 0.353208 0.598670
vt 0.352856 0.598670
vt 0.352856 0.598313
vt 0.353208 0.598313
vt 0.509036 0.922806
vt 0.509036 0.923163
vt 0.508684 0.923163
vt 0.258421 0.916864
vt 0.258421 0.916509
vt 0.258774 0.916509
vt 0.258774 0.916864
vt 0.502979 0.598665
vt 0.502979 0.598309
vt 0.503331 0.598309
vt 0.406867 0.919035
vt 0.406516 0.919035
vt 0.406516 0.918679
vt 0.406867 0.918679
vt 0.406164 0.918679
vt 0.813842 0.892960
vt 0.814198 0.892960
vt 0.814198 0.893313
vt 0.813842 0.893313
vt 0.769186 0.949494
vt 0.769547 0.949494
vt 0.769547 0.949855
vt 0.353197 0.471128
vt 0.353197 0.471496
vt 0.352856 0.471496
vt 0.352856 0.471128
vt 0.353197 0.353150
vt 0.353197 0.353518
vt 0.352856 0.353518
vt 0.352856 0.353150
vt 0.922802 0.922694
vt 0.922937 0.923022
vt 0.922583 0.923023
vt 0.664700 0.953828
vt 0.664700 0.954189
vt 0.664339 0.954189
vt 0.664339 0.953828
vt 0.274537 0.903834
vt 0.274186 0.903834
vt 0.274186 0.903477
vt 0.274537 0.903477
vt 0.018630 0.905881
vt 0.018277 0.905881
vt 0.018277 0.905528
vt 0.505689 0.351368
vt 0.505689 0.351730
vt 0.505342 0.351730
vt 0.505342 0.351368
vt 0.353203 0.587324
vt 0.353203 0.587686
vt 0.352856 0.587686
vt 0.352856 0.587324
vt 0.121337 0.901714
vt 0.121337 0.901361
vt 0.121692 0.901361
vt 0.120983 0.901714
vt 0.120983 0.901361
vt 0.258421 0.920621
vt 0.258774 0.920621
vt 0.258774 0.920976
vt 0.258421 0.920976
vt 0.508684 0.918679
vt 0.509036 0.918679
vt 0.509036 0.919035
vt 0.503331 0.701873
vt 0.503331 0.702230
vt 0.502979 0.702230
vt 0.502979 0.701873
vt 0.353208 0.701877
vt 0.353208 0.702234
vt 0.352856 0.702234
vt 0.352856 0.701877
vt 0.406516 0.922806
vt 0.406516 0.923163
vt 0.406164 0.923163
vt 0.406867 0.922806
vt 0.406867 0.923163
vt 0.356874 0.828437
vt 0.356999 0.828106
vt 0.357353 0.828097
vt 0.246482 0.968782
vt 0.246129 0.968782
vt 0.246129 0.968417
vt 0.792788 0.469340
vt 0.792788 0.469708
vt 0.792447 0.469708
vt 0.792447 0.469340
vt 0.725441 0.136984
vt 0.725835 0.137001
vt 0.725976 0.137326
vt 0.725622 0.137334
vt 0.348797 0.964353
vt 0.348797 0.963988
vt 0.349150 0.963988
vt 0.349150 0.964353
vt 0.789091 0.817507
vt 0.789091 0.817875
vt 0.788750 0.817875
vt 0.788750 0.817507
vt 0.732886 0.224770
vt 0.732783 0.224431
vt 0.733137 0.224430
vt 0.701912 0.964837
vt 0.701558 0.964837
vt 0.701558 0.965191
vt 0.832385 0.703529
vt 0.832385 0.703891
vt 0.832039 0.703891
vt 0.832039 0.703529
vt 0.721787 0.213495
vt 0.722153 0.213508
vt 0.722053 0.213848
vt 0.721699 0.213850
vt 0.804503 0.969106
vt 0.804503 0.969460
vt 0.804857 0.969460
vt 0.804857 0.969106
vt 0.833462 0.819718
vt 0.833462 0.820080
vt 0.833115 0.820080
vt 0.833115 0.819718
vt 0.391017 0.953006
vt 0.391017 0.953361
vt 0.390662 0.953361
vt 0.536436 0.949381
vt 0.536790 0.949381
vt 0.536790 0.949736
vt 0.838666 0.238077
vt 0.838666 0.238434
vt 0.838314 0.238434
vt 0.838314 0.238077
vt 0.433107 0.953494
vt 0.433462 0.953494
vt 0.433462 0.953848
vt 0.433107 0.953848
vt 0.433816 0.953494
vt 0.433816 0.953848
vt 0.838625 0.470618
vt 0.838625 0.470974
vt 0.838273 0.470974
vt 0.838273 0.470618
vt 0.355663 0.832569
vt 0.355309 0.832578
vt 0.355434 0.832247
vt 0.789091 0.710893
vt 0.788750 0.710893
vt 0.788750 0.710525
vt 0.789091 0.710525
vt 0.246129 0.964353
vt 0.246129 0.963988
vt 0.246482 0.963988
vt 0.792447 0.362726
vt 0.792447 0.362358
vt 0.792788 0.362358
vt 0.348797 0.968417
vt 0.349150 0.968417
vt 0.349150 0.968782
vt 0.348797 0.968782
vt 0.723845 0.133298
vt 0.723721 0.132947
vt 0.724075 0.132939
vt 0.724216 0.133264
vt 0.734482 0.228853
vt 0.734128 0.228854
vt 0.734025 0.228515
vt 0.833462 0.714880
vt 0.833115 0.714880
vt 0.833115 0.714518
vt 0.833462 0.714518
vt 0.701558 0.969106
vt 0.701558 0.969460
vt 0.701912 0.969460
vt 0.832039 0.598690
vt 0.832039 0.598328
vt 0.832385 0.598328
vt 0.804503 0.965191
vt 0.804857 0.965191
vt 0.804857 0.964837
vt 0.804503 0.964837
vt 0.722881 0.209769
vt 0.723001 0.209414
vt 0.723355 0.209412
vt 0.723255 0.209752
vt 0.390662 0.948896
vt 0.391017 0.948896
vt 0.391017 0.949250
vt 0.838625 0.367410
vt 0.838273 0.367410
vt 0.838273 0.367054
vt 0.838625 0.367054
vt 0.536790 0.953494
vt 0.536790 0.953848
vt 0.536436 0.953848
vt 0.838314 0.134870
vt 0.838314 0.134513
vt 0.838666 0.134513
vt 0.433816 0.949736
vt 0.433462 0.949736
vt 0.433462 0.949381
vt 0.433816 0.949381
vt 0.433107 0.949736
vt 0.433107 0.949381
vt 0.875135 0.596508
vt 0.874783 0.596508
vt 0.874783 0.596152
vt 0.875135 0.596152
vt 0.979158 0.714829
vt 0.979158 0.715183
vt 0.978804 0.715183
vt 0.770468 0.170137
vt 0.770822 0.170139
vt 0.770765 0.170489
vt 0.738960 0.137050
vt 0.739006 0.137405
vt 0.738652 0.137400
vt 0.738603 0.137049
vt 0.838273 0.481958
vt 0.838273 0.481602
vt 0.838625 0.481602
vt 0.876214 0.711057
vt 0.875860 0.711057
vt 0.875860 0.710702
vt 0.876214 0.710702
vt 0.770158 0.174212
vt 0.770101 0.174561
vt 0.769747 0.174559
vt 0.978804 0.710702
vt 0.979158 0.710702
vt 0.979158 0.711057
vt 0.838625 0.585168
vt 0.838625 0.585524
vt 0.838273 0.585524
vt 0.838273 0.585168
vt 0.875135 0.699718
vt 0.875135 0.700075
vt 0.874783 0.700075
vt 0.874783 0.699718
vt 0.738439 0.133323
vt 0.738080 0.133313
vt 0.738031 0.132962
vt 0.738385 0.132968
vt 0.876214 0.714829
vt 0.876214 0.715183
vt 0.875860 0.715183
vt 0.875860 0.714829
vt 0.824767 0.469340
vt 0.825108 0.469340
vt 0.825108 0.469708
vt 0.824767 0.469708
vt 0.884930 0.953850
vt 0.884930 0.954209
vt 0.884571 0.954209
vt 0.390412 0.827594
vt 0.390576 0.827236
vt 0.390930 0.827226
vt 0.390805 0.827558
vt 0.821411 0.817507
vt 0.821411 0.817875
vt 0.821070 0.817875
vt 0.780534 0.949854
vt 0.780175 0.949854
vt 0.780175 0.949494
vt 0.780534 0.949494
vt 0.692396 0.138049
vt 0.692042 0.138057
vt 0.691901 0.137732
vt 0.863809 0.703529
vt 0.864155 0.703529
vt 0.864155 0.703891
vt 0.863809 0.703891
vt 0.463077 0.964830
vt 0.463077 0.964476
vt 0.462723 0.964476
vt 0.765341 0.224692
vt 0.765249 0.224338
vt 0.765603 0.224337
vt 0.765706 0.224676
vt 0.865232 0.819718
vt 0.865232 0.820080
vt 0.864886 0.820080
vt 0.360132 0.968745
vt 0.359777 0.968745
vt 0.359777 0.969099
vt 0.360131 0.969099
vt 0.689587 0.214067
vt 0.689233 0.214070
vt 0.689333 0.213730
vt 0.869579 0.238077
vt 0.869931 0.238077
vt 0.869931 0.238434
vt 0.869579 0.238434
vt 0.359187 0.953006
vt 0.359187 0.953361
vt 0.358833 0.953361
vt 0.359542 0.953006
vt 0.359542 0.953361
vt 0.869891 0.470618
vt 0.869891 0.470974
vt 0.869539 0.470974
vt 0.256171 0.949250
vt 0.255817 0.949250
vt 0.255817 0.948896
vt 0.256171 0.948896
vt 0.401999 0.953848
vt 0.401645 0.953848
vt 0.401645 0.953494
vt 0.388992 0.831351
vt 0.389365 0.831367
vt 0.389239 0.831699
vt 0.388885 0.831708
vt 0.884571 0.949494
vt 0.884930 0.949494
vt 0.884930 0.949854
vt 0.821070 0.710893
vt 0.821070 0.710525
vt 0.821411 0.710525
vt 0.821411 0.710893
vt 0.824767 0.362726
vt 0.824767 0.362358
vt 0.825108 0.362358
vt 0.825108 0.362726
vt 0.690282 0.133995
vt 0.690141 0.133670
vt 0.690495 0.133662
vt 0.780534 0.953850
vt 0.780534 0.954209
vt 0.780175 0.954209
vt 0.780175 0.953850
vt 0.766471 0.228408
vt 0.766845 0.228422
vt 0.766948 0.228761
vt 0.766594 0.228762
vt 0.462723 0.969099
vt 0.463077 0.969099
vt 0.463077 0.968745
vt 0.864886 0.714880
vt 0.864886 0.714518
vt 0.865232 0.714518
vt 0.865232 0.714880
vt 0.863809 0.598690
vt 0.863809 0.598328
vt 0.864155 0.598328
vt 0.864155 0.598690
vt 0.690435 0.209973
vt 0.690535 0.209633
vt 0.690889 0.209631
vt 0.360132 0.964830
vt 0.360131 0.964476
vt 0.359777 0.964476
vt 0.359777 0.964830
vt 0.359542 0.949250
vt 0.359187 0.949250
vt 0.359187 0.948896
vt 0.359542 0.948896
vt 0.358833 0.948896
vt 0.869539 0.367410
vt 0.869539 0.367054
vt 0.869891 0.367054
vt 0.869891 0.367410
vt 0.869579 0.134870
vt 0.869579 0.134513
vt 0.869931 0.134513
vt 0.869931 0.134870
vt 0.401645 0.949736
vt 0.401645 0.949381
vt 0.401999 0.949381
vt 0.256171 0.953006
vt 0.256171 0.953361
vt 0.255817 0.953361
vt 0.255817 0.953006
vt 0.865446 0.585168
vt 0.865446 0.585524
vt 0.742765 0.174379
vt 0.742825 0.174025
vt 0.901956 0.700075
vt 0.765365 0.133396
vt 0.915279 0.968963
vt 0.915279 0.969317
vt 0.906140 0.696548
vt 0.869278 0.485128
vt 0.869630 0.485128
vt 0.915279 0.964837
vt 0.915279 0.965191
vt 0.634874 0.587314
vt 0.634874 0.587682
vt 0.634783 0.908534
vt 0.634874 0.469706
vt 0.023392 0.890733
vt 0.023392 0.890411
vt 0.777375 0.583745
vt 0.777375 0.584107
vt 0.435897 0.888722
vt 0.777375 0.467918
vt 0.752653 0.919162
vt 0.752653 0.919515
vt 0.780053 0.699414
vt 0.780053 0.699774
vt 0.125928 0.936057
vt 0.283478 0.805793
vt 0.267001 0.938268
vt 0.267001 0.937912
vt 0.784255 0.598295
vt 0.784622 0.598289
vt 0.021730 0.936057
vt 0.021730 0.935703
vt 0.021730 0.931958
vt 0.021730 0.931604
vt 0.287863 0.802317
vt 0.781473 0.482184
vt 0.781819 0.482184
vt 0.549923 0.888722
vt 0.549923 0.889045
vt 0.549923 0.892526
vt 0.549923 0.892849
vt 0.781819 0.464280
vt 0.639042 0.484033
vt 0.639383 0.484033
vt 0.530708 0.908534
vt 0.530708 0.908181
vt 0.530708 0.904293
vt 0.530708 0.903940
vt 0.639383 0.466006
vt 0.509850 0.362726
vt 0.509850 0.362358
vt 0.764264 0.903940
vt 0.764264 0.904293
vt 0.509850 0.480333
vt 0.165139 0.886538
vt 0.654454 0.362720
vt 0.654454 0.362358
vt 0.298552 0.892849
vt 0.298552 0.892526
vt 0.654454 0.478546
vt 0.627292 0.923683
vt 0.162488 0.702230
vt 0.162488 0.701873
vt 0.247578 0.931604
vt 0.247578 0.931958
vt 0.658246 0.596765
vt 0.387976 0.933790
vt 0.395796 0.934146
vt 0.395796 0.933790
vt 0.653980 0.600224
vt 0.158455 0.802317
vt 0.158103 0.802317
vt 0.395796 0.938268
vt 0.395796 0.937912
vt 0.619205 0.923329
vt 0.619205 0.923683
vt 0.650010 0.482184
vt 0.650357 0.464280
vt 0.650010 0.464280
vt 0.619205 0.919162
vt 0.619205 0.919515
vt 0.174139 0.886860
vt 0.174139 0.886538
vt 0.505342 0.484033
vt 0.505683 0.466006
vt 0.505342 0.466006
vt 0.174139 0.890733
vt 0.174139 0.890411
vt 0.780431 0.351368
vt 0.780431 0.351730
vt 0.814894 0.843558
vt 0.143244 0.807435
vt 0.916074 0.858708
vt 0.916074 0.859065
vt 0.773817 0.814046
vt 0.773817 0.814402
vt 0.613475 0.938754
vt 0.810320 0.122236
vt 0.022527 0.951221
vt 0.022527 0.950861
vt 0.777770 0.714208
vt 0.778122 0.714208
vt 0.509372 0.938754
vt 0.509372 0.938401
vt 0.509372 0.934664
vt 0.509372 0.934310
vt 0.814624 0.118510
vt 0.784316 0.249852
vt 0.784663 0.249852
vt 0.918713 0.843558
vt 0.918713 0.843911
vt 0.918713 0.847726
vt 0.918713 0.848080
vt 0.147475 0.803751
vt 0.022639 0.702235
vt 0.022639 0.701873
vt 0.691887 0.848080
vt 0.691887 0.847726
vt 0.659827 0.246168
vt 0.794090 0.863268
vt 0.691740 0.018672
vt 0.691740 0.018315
vt 0.732971 0.934310
vt 0.732971 0.934664
vt 0.655238 0.710482
vt 0.139580 0.946685
vt 0.147464 0.947046
vt 0.147464 0.946685
vt 0.650933 0.714208
vt 0.687787 0.118510
vt 0.687435 0.118510
vt 0.147464 0.951221
vt 0.147464 0.950861
vt 0.786107 0.862911
vt 0.786107 0.863268
vt 0.655465 0.249852
vt 0.018624 0.803751
vt 0.018277 0.803751
vt 0.786107 0.858708
vt 0.786107 0.859065
vt 0.489962 0.471128
vt 0.489962 0.471496
vt 0.672267 0.893313
vt 0.489962 0.353518
vt 0.780455 0.923565
vt 0.780336 0.923211
vt 0.640153 0.351368
vt 0.640153 0.351730
vt 0.409984 0.903477
vt 0.487667 0.587686
vt 0.258780 0.901361
vt 0.258780 0.901714
vt 0.635683 0.701873
vt 0.635683 0.702229
vt 0.125799 0.920976
vt 0.485560 0.702234
vt 0.274017 0.923163
vt 0.274017 0.922806
vt 0.639952 0.601891
vt 0.640305 0.601891
vt 0.021823 0.920976
vt 0.021823 0.920621
vt 0.021823 0.916864
vt 0.021823 0.916509
vt 0.490182 0.698652
vt 0.644490 0.249806
vt 0.644837 0.249806
vt 0.513023 0.903477
vt 0.513023 0.903834
vt 0.513023 0.907694
vt 0.513023 0.908051
vt 0.492351 0.584047
vt 0.494373 0.367846
vt 0.494714 0.367846
vt 0.567989 0.893313
vt 0.567989 0.892960
vt 0.567989 0.889075
vt 0.567989 0.888722
vt 0.494714 0.349819
vt 0.356894 0.246536
vt 0.356894 0.246168
vt 0.810014 0.888722
vt 0.810014 0.889075
vt 0.356894 0.364146
vt 0.916918 0.918617
vt 0.357540 0.482486
vt 0.357540 0.482124
vt 0.278906 0.908051
vt 0.278906 0.907694
vt 0.510026 0.246168
vt 0.126114 0.905881
vt 0.357477 0.598670
vt 0.357477 0.598313
vt 0.254143 0.916509
vt 0.254143 0.916864
vt 0.507600 0.598309
vt 0.401901 0.918679
vt 0.410049 0.919035
vt 0.410049 0.918679
vt 0.502979 0.601891
vt 0.353208 0.698652
vt 0.352856 0.698652
vt 0.410049 0.923163
vt 0.410049 0.922806
vt 0.117785 0.905528
vt 0.117785 0.905881
vt 0.505342 0.249806
vt 0.353203 0.584047
vt 0.352856 0.584047
vt 0.117785 0.901361
vt 0.117785 0.901714
vt 0.667965 0.949855
vt 0.667965 0.949494
vt 0.352856 0.367846
vt 0.353197 0.349819
vt 0.352856 0.349819
vt 0.667965 0.954189
vt 0.667965 0.953828
vt 0.793088 0.710893
vt 0.793088 0.710525
vt 0.359815 0.832461
vt 0.796785 0.362358
vt 0.719568 0.133036
vt 0.719699 0.133388
vt 0.837390 0.714880
vt 0.837390 0.714518
vt 0.738496 0.228842
vt 0.836313 0.598328
vt 0.718987 0.209441
vt 0.718871 0.209796
vt 0.842489 0.367410
vt 0.842489 0.367054
vt 0.386772 0.948896
vt 0.842530 0.134513
vt 0.429218 0.949381
vt 0.429218 0.949736
vt 0.838625 0.467393
vt 0.838273 0.467393
vt 0.437023 0.953848
vt 0.437023 0.953494
vt 0.437023 0.949736
vt 0.437023 0.949381
vt 0.838314 0.138095
vt 0.833462 0.816442
vt 0.833115 0.816442
vt 0.801297 0.969460
vt 0.801297 0.969106
vt 0.801297 0.965191
vt 0.801297 0.964837
vt 0.832039 0.601967
vt 0.789091 0.814212
vt 0.788750 0.814212
vt 0.345634 0.963988
vt 0.345634 0.964353
vt 0.345634 0.968417
vt 0.345634 0.968782
vt 0.792447 0.366021
vt 0.878967 0.596508
vt 0.878967 0.596152
vt 0.766613 0.170111
vt 0.842457 0.481602
vt 0.742860 0.137466
vt 0.742814 0.137112
vt 0.879365 0.711057
vt 0.879365 0.710702
vt 0.838273 0.485128
vt 0.875135 0.696548
vt 0.874783 0.696548
vt 0.879365 0.715183
vt 0.879365 0.714829
vt 0.820770 0.469340
vt 0.820770 0.469708
vt 0.386423 0.827343
vt 0.386267 0.827702
vt 0.817073 0.817875
vt 0.696549 0.137960
vt 0.859881 0.703529
vt 0.859881 0.703891
vt 0.761235 0.224350
vt 0.761331 0.224704
vt 0.860958 0.820080
vt 0.693601 0.214040
vt 0.865715 0.238077
vt 0.865715 0.238434
vt 0.363432 0.953361
vt 0.363432 0.953006
vt 0.865674 0.470974
vt 0.405888 0.953848
vt 0.259379 0.949250
vt 0.259379 0.948896
vt 0.869891 0.467393
vt 0.869579 0.138095
vt 0.869931 0.138095
vt 0.259379 0.953361
vt 0.259379 0.953006
vt 0.363337 0.968745
vt 0.363337 0.969099
vt 0.865232 0.816442
vt 0.863809 0.601967
vt 0.864155 0.601967
vt 0.363337 0.964476
vt 0.363337 0.964830
vt 0.783750 0.949854
vt 0.783750 0.949494
vt 0.821411 0.814212
vt 0.824767 0.366021
vt 0.825108 0.366021
vt 0.783750 0.954209
vt 0.783750 0.953850
vt 0.049839 0.946685
vt 0.081054 0.946685
vt 0.081054 0.947046
vt 0.049839 0.947046
vt 0.746149 0.710839
vt 0.714527 0.710839
vt 0.714527 0.710482
vt 0.746149 0.710482
vt 0.641358 0.934310
vt 0.673223 0.934310
vt 0.673223 0.934664
vt 0.641358 0.934664
vt 0.782651 0.018672
vt 0.751030 0.018672
vt 0.751030 0.018315
vt 0.782651 0.018315
vt 0.112268 0.951221
vt 0.081054 0.951221
vt 0.081054 0.950861
vt 0.112268 0.950861
vt 0.719409 0.121879
vt 0.751030 0.121879
vt 0.751030 0.122236
vt 0.719409 0.122236
vt 0.705088 0.938754
vt 0.673223 0.938754
vt 0.673223 0.938401
vt 0.705088 0.938401
vt 0.682906 0.814046
vt 0.714528 0.814046
vt 0.714528 0.814402
vt 0.682906 0.814402
vt 0.719409 0.118510
vt 0.751030 0.118510
vt 0.746149 0.714208
vt 0.714527 0.714208
vt 0.705088 0.934664
vt 0.049839 0.950861
vt 0.721021 0.934664
vt 0.721021 0.938401
vt 0.703598 0.118510
vt 0.703598 0.121879
vt 0.667096 0.814046
vt 0.667096 0.814402
vt 0.721021 0.938754
vt 0.703598 0.122236
vt 0.127875 0.951221
vt 0.127875 0.950861
vt 0.112268 0.946685
vt 0.112268 0.947046
vt 0.682906 0.710839
vt 0.682906 0.710482
vt 0.705088 0.934310
vt 0.719409 0.018672
vt 0.719409 0.018315
vt 0.682906 0.714208
vt 0.135678 0.951221
vt 0.135678 0.950861
vt 0.695693 0.121879
vt 0.695693 0.122236
vt 0.728988 0.938754
vt 0.728988 0.938401
vt 0.659190 0.814046
vt 0.659190 0.814402
vt 0.695693 0.118510
vt 0.728988 0.934664
vt 0.127875 0.946685
vt 0.127875 0.947046
vt 0.667096 0.710839
vt 0.667096 0.710482
vt 0.721021 0.934310
vt 0.703598 0.018672
vt 0.703598 0.018315
vt 0.667096 0.714208
vt 0.732971 0.938401
vt 0.691740 0.118510
vt 0.691740 0.121879
vt 0.655238 0.814046
vt 0.655238 0.814402
vt 0.732971 0.938754
vt 0.691740 0.122236
vt 0.139580 0.951221
vt 0.135678 0.946685
vt 0.135678 0.947046
vt 0.659190 0.710839
vt 0.659190 0.710482
vt 0.728988 0.934310
vt 0.695693 0.018672
vt 0.695693 0.018315
vt 0.659190 0.714208
vt 0.034232 0.950861
vt 0.034232 0.947046
vt 0.761959 0.714208
vt 0.761959 0.710839
vt 0.798462 0.018672
vt 0.798462 0.018315
vt 0.625425 0.934310
vt 0.625425 0.934664
vt 0.761959 0.710482
vt 0.034232 0.946685
vt 0.049839 0.951221
vt 0.782651 0.121879
vt 0.782651 0.122236
vt 0.641358 0.938754
vt 0.641358 0.938401
vt 0.746149 0.814046
vt 0.746149 0.814402
vt 0.782651 0.118510
vt 0.026429 0.946685
vt 0.026429 0.947046
vt 0.769865 0.710839
vt 0.769865 0.710482
vt 0.617459 0.934310
vt 0.617459 0.934664
vt 0.806367 0.018672
vt 0.806367 0.018315
vt 0.769865 0.714208
vt 0.026429 0.950861
vt 0.034232 0.951221
vt 0.798462 0.121879
vt 0.798462 0.122236
vt 0.625425 0.938754
vt 0.625425 0.938401
vt 0.761959 0.814046
vt 0.761959 0.814402
vt 0.798462 0.118510
vt 0.022527 0.947046
vt 0.773817 0.714208
vt 0.773817 0.710839
vt 0.810320 0.018672
vt 0.810320 0.018315
vt 0.613475 0.934310
vt 0.773817 0.710482
vt 0.022527 0.946685
vt 0.026429 0.951221
vt 0.806367 0.121879
vt 0.806367 0.122236
vt 0.617459 0.938754
vt 0.617459 0.938401
vt 0.769865 0.814046
vt 0.769865 0.814402
vt 0.806367 0.118510
vt 0.295228 0.933790
vt 0.327488 0.933790
vt 0.327488 0.934146
vt 0.295228 0.934146
vt 0.750902 0.595663
vt 0.718139 0.596176
vt 0.718139 0.595822
vt 0.750902 0.595306
vt 0.154313 0.931604
vt 0.186753 0.931604
vt 0.186753 0.931958
vt 0.154313 0.931958
vt 0.255247 0.702230
vt 0.222983 0.702230
vt 0.222983 0.701873
vt 0.255247 0.701873
vt 0.359749 0.938268
vt 0.327488 0.938268
vt 0.327488 0.937912
vt 0.359749 0.937912
vt 0.190719 0.805437
vt 0.222983 0.805437
vt 0.222983 0.805793
vt 0.190719 0.805793
vt 0.219193 0.936057
vt 0.186753 0.936057
vt 0.186753 0.935703
vt 0.219193 0.935703
vt 0.685951 0.698259
vt 0.718139 0.698654
vt 0.718139 0.699008
vt 0.685951 0.698610
vt 0.190719 0.802317
vt 0.222983 0.802317
vt 0.750902 0.598788
vt 0.718139 0.599274
vt 0.219193 0.931958
vt 0.295228 0.937912
vt 0.235413 0.931958
vt 0.235413 0.935703
vt 0.174587 0.802317
vt 0.174587 0.805437
vt 0.670068 0.698064
vt 0.670068 0.698414
vt 0.235413 0.936057
vt 0.174587 0.805793
vt 0.375879 0.938268
vt 0.375879 0.937912
vt 0.359749 0.933790
vt 0.359749 0.934146
vt 0.685951 0.596680
vt 0.685951 0.596329
vt 0.219193 0.931604
vt 0.190719 0.702230
vt 0.190719 0.701873
vt 0.685951 0.599750
vt 0.383944 0.938268
vt 0.383944 0.937912
vt 0.166521 0.805437
vt 0.166521 0.805793
vt 0.243523 0.936057
vt 0.243523 0.935703
vt 0.662178 0.697968
vt 0.662178 0.698316
vt 0.166521 0.802317
vt 0.243523 0.931958
vt 0.375879 0.933790
vt 0.375879 0.934146
vt 0.670068 0.596928
vt 0.670068 0.596579
vt 0.235413 0.931604
vt 0.174587 0.702230
vt 0.174587 0.701873
vt 0.670068 0.599985
vt 0.247578 0.935703
vt 0.162488 0.802317
vt 0.162488 0.805437
vt 0.658246 0.697919
vt 0.658246 0.698267
vt 0.247578 0.936057
vt 0.162488 0.805793
vt 0.387976 0.938268
vt 0.383944 0.933790
vt 0.383944 0.934146
vt 0.662178 0.597052
vt 0.662178 0.596704
vt 0.243523 0.931604
vt 0.166521 0.702230
vt 0.166521 0.701873
vt 0.662178 0.600102
vt 0.279098 0.937912
vt 0.279098 0.934146
vt 0.767504 0.598543
vt 0.767504 0.595403
vt 0.271379 0.702230
vt 0.271379 0.701873
vt 0.138093 0.931604
vt 0.138093 0.931958
vt 0.767504 0.595045
vt 0.279098 0.933790
vt 0.295228 0.938268
vt 0.255247 0.805437
vt 0.255247 0.805793
vt 0.154313 0.936057
vt 0.154313 0.935703
vt 0.750902 0.699056
vt 0.750902 0.699413
vt 0.255247 0.802317
vt 0.271033 0.933790
vt 0.271033 0.934146
vt 0.775861 0.595273
vt 0.775861 0.594913
vt 0.129983 0.931604
vt 0.129983 0.931958
vt 0.279445 0.702230
vt 0.279445 0.701873
vt 0.775861 0.598419
vt 0.271033 0.937912
vt 0.279098 0.938268
vt 0.271379 0.805437
vt 0.271379 0.805793
vt 0.138093 0.936057
vt 0.138093 0.935703
vt 0.767504 0.699260
vt 0.767504 0.699619
vt 0.271379 0.802317
vt 0.267001 0.934146
vt 0.780053 0.598357
vt 0.780053 0.595207
vt 0.283478 0.702230
vt 0.283478 0.701873
vt 0.125928 0.931604
vt 0.780053 0.594847
vt 0.267001 0.933790
vt 0.271033 0.938268
vt 0.279445 0.805437
vt 0.279445 0.805793
vt 0.129983 0.936057
vt 0.129983 0.935703
vt 0.775861 0.699363
vt 0.775861 0.699722
vt 0.279445 0.802317
vt 0.762131 0.137772
vt 0.754423 0.137650
vt 0.754373 0.137295
vt 0.762080 0.137417
vt 0.861615 0.481958
vt 0.853952 0.481958
vt 0.853952 0.481602
vt 0.861615 0.481602
vt 0.747340 0.169982
vt 0.755049 0.170034
vt 0.754992 0.170388
vt 0.747285 0.170336
vt 0.898125 0.596508
vt 0.890462 0.596508
vt 0.890462 0.596152
vt 0.898125 0.596152
vt 0.746093 0.133090
vt 0.753802 0.133213
vt 0.753852 0.133568
vt 0.746145 0.133445
vt 0.882798 0.699718
vt 0.890462 0.699718
vt 0.890462 0.700075
vt 0.882798 0.700075
vt 0.762038 0.174508
vt 0.754329 0.174456
vt 0.754386 0.174102
vt 0.762093 0.174154
vt 0.846289 0.585168
vt 0.853952 0.585168
vt 0.853952 0.585524
vt 0.846289 0.585524
vt 0.861615 0.485128
vt 0.853952 0.485128
vt 0.882798 0.696548
vt 0.890462 0.696548
vt 0.746679 0.174051
vt 0.746667 0.137173
vt 0.743431 0.170310
vt 0.865447 0.485128
vt 0.865447 0.481958
vt 0.901956 0.596508
vt 0.901956 0.596152
vt 0.743485 0.169957
vt 0.865447 0.481602
vt 0.765986 0.137833
vt 0.761511 0.133335
vt 0.761558 0.133690
vt 0.898125 0.699718
vt 0.898125 0.700075
vt 0.746619 0.174405
vt 0.861615 0.585168
vt 0.861615 0.585524
vt 0.898125 0.696548
vt 0.742292 0.133384
vt 0.878967 0.696548
vt 0.878967 0.699718
vt 0.842457 0.585168
vt 0.842457 0.585524
vt 0.765893 0.174533
vt 0.878967 0.700075
vt 0.742239 0.133029
vt 0.746714 0.137528
vt 0.846289 0.481958
vt 0.846289 0.481602
vt 0.762759 0.170085
vt 0.762699 0.170439
vt 0.882798 0.596508
vt 0.882798 0.596152
vt 0.846289 0.485128
vt 0.723402 0.923683
vt 0.689973 0.923683
vt 0.689973 0.923329
vt 0.723402 0.923329
vt 0.748694 0.478908
vt 0.715915 0.478908
vt 0.715915 0.478546
vt 0.748694 0.478546
vt 0.403850 0.892849
vt 0.367224 0.892849
vt 0.367224 0.892526
vt 0.403850 0.892526
vt 0.748694 0.362720
vt 0.715915 0.362720
vt 0.715915 0.362358
vt 0.748694 0.362358
vt 0.656543 0.919162
vt 0.689973 0.919162
vt 0.689973 0.919515
vt 0.656543 0.919515
vt 0.683136 0.467556
vt 0.715915 0.467556
vt 0.715915 0.467918
vt 0.683136 0.467918
vt 0.330599 0.888722
vt 0.367224 0.888722
vt 0.367224 0.889045
vt 0.330599 0.889045
vt 0.683136 0.583745
vt 0.715915 0.583745
vt 0.715915 0.584107
vt 0.683136 0.584107
vt 0.683136 0.464280
vt 0.715915 0.464280
vt 0.748694 0.482184
vt 0.715915 0.482184
vt 0.330599 0.892526
vt 0.723402 0.919515
vt 0.740117 0.919515
vt 0.740117 0.923329
vt 0.765083 0.482184
vt 0.765083 0.478908
vt 0.765083 0.362720
vt 0.765083 0.362358
vt 0.422163 0.892849
vt 0.422163 0.892526
vt 0.765083 0.478546
vt 0.740117 0.923683
vt 0.723402 0.919162
vt 0.748694 0.467556
vt 0.748694 0.467918
vt 0.403850 0.888722
vt 0.403850 0.889045
vt 0.748694 0.583745
vt 0.748694 0.584107
vt 0.748694 0.464280
vt 0.748474 0.923683
vt 0.748474 0.923329
vt 0.773278 0.478908
vt 0.773278 0.478546
vt 0.431319 0.892849
vt 0.431319 0.892526
vt 0.773278 0.362720
vt 0.773278 0.362358
vt 0.773278 0.482184
vt 0.748474 0.919515
vt 0.740117 0.919162
vt 0.765083 0.467556
vt 0.765083 0.467918
vt 0.422163 0.888722
vt 0.422163 0.889045
vt 0.765083 0.583745
vt 0.765083 0.584107
vt 0.765083 0.464280
vt 0.752653 0.923329
vt 0.777375 0.482184
vt 0.777375 0.478908
vt 0.777375 0.362720
vt 0.777375 0.362358
vt 0.435897 0.892849
vt 0.777375 0.478546
vt 0.752653 0.923683
vt 0.748474 0.919162
vt 0.773278 0.467556
vt 0.773278 0.467918
vt 0.431319 0.888722
vt 0.431319 0.889045
vt 0.773278 0.583745
vt 0.773278 0.584107
vt 0.773278 0.464280
vt 0.312286 0.892526
vt 0.312286 0.889045
vt 0.666747 0.464280
vt 0.666747 0.467556
vt 0.666746 0.583745
vt 0.666746 0.584107
vt 0.312286 0.888722
vt 0.666747 0.467918
vt 0.639828 0.919162
vt 0.639828 0.919515
vt 0.656543 0.923683
vt 0.656543 0.923329
vt 0.683136 0.478908
vt 0.683136 0.478546
vt 0.330599 0.892849
vt 0.683136 0.362720
vt 0.683136 0.362358
vt 0.683136 0.482184
vt 0.631471 0.919162
vt 0.631471 0.919515
vt 0.658552 0.467556
vt 0.658552 0.467918
vt 0.303130 0.888722
vt 0.303130 0.889045
vt 0.658552 0.583745
vt 0.658552 0.584107
vt 0.658552 0.464280
vt 0.303130 0.892526
vt 0.639828 0.923683
vt 0.639828 0.923329
vt 0.666746 0.478908
vt 0.666746 0.478546
vt 0.312286 0.892849
vt 0.666746 0.362720
vt 0.666746 0.362358
vt 0.666746 0.482184
vt 0.298552 0.889045
vt 0.654454 0.464280
vt 0.654454 0.467556
vt 0.654454 0.583745
vt 0.654454 0.584107
vt 0.298552 0.888722
vt 0.654454 0.467918
vt 0.627292 0.919162
vt 0.631471 0.923683
vt 0.631471 0.923329
vt 0.658552 0.478908
vt 0.658552 0.478546
vt 0.303130 0.892849
vt 0.658552 0.362720
vt 0.658552 0.362358
vt 0.658552 0.482184
vt 0.056467 0.886538
vt 0.094266 0.886538
vt 0.094266 0.886860
vt 0.056467 0.886860
vt 0.605702 0.480701
vt 0.572362 0.480701
vt 0.572362 0.480333
vt 0.605702 0.480333
vt 0.664995 0.903940
vt 0.699524 0.903940
vt 0.699524 0.904293
vt 0.664995 0.904293
vt 0.605702 0.362726
vt 0.572362 0.362726
vt 0.572362 0.362358
vt 0.605702 0.362358
vt 0.132065 0.890733
vt 0.094266 0.890733
vt 0.094266 0.890411
vt 0.132065 0.890411
vt 0.539022 0.469338
vt 0.572362 0.469338
vt 0.572362 0.469706
vt 0.539022 0.469706
vt 0.734052 0.908534
vt 0.699524 0.908534
vt 0.699524 0.908181
vt 0.734052 0.908181
vt 0.539023 0.587314
vt 0.572362 0.587314
vt 0.572362 0.587682
vt 0.539023 0.587682
vt 0.539022 0.466006
vt 0.572362 0.466006
vt 0.605702 0.484033
vt 0.572362 0.484033
vt 0.734052 0.904293
vt 0.056467 0.890411
vt 0.751316 0.904293
vt 0.751316 0.908181
vt 0.522353 0.466006
vt 0.522353 0.469338
vt 0.522353 0.587314
vt 0.522353 0.587682
vt 0.751316 0.908534
vt 0.522353 0.469706
vt 0.150964 0.890733
vt 0.150964 0.890411
vt 0.132065 0.886538
vt 0.132065 0.886860
vt 0.539023 0.480701
vt 0.539023 0.480333
vt 0.734052 0.903940
vt 0.539022 0.362726
vt 0.539022 0.362358
vt 0.539023 0.484033
vt 0.160414 0.890733
vt 0.160414 0.890411
vt 0.514018 0.469338
vt 0.514018 0.469706
vt 0.759948 0.908534
vt 0.759948 0.908181
vt 0.514018 0.587314
vt 0.514018 0.587682
vt 0.514018 0.466006
vt 0.759948 0.904293
vt 0.150964 0.886538
vt 0.150964 0.886860
vt 0.522353 0.480701
vt 0.522353 0.480333
vt 0.751316 0.903940
vt 0.522353 0.362726
vt 0.522353 0.362358
vt 0.522353 0.484033
vt 0.764264 0.908181
vt 0.509850 0.466006
vt 0.509850 0.469338
vt 0.509850 0.587314
vt 0.509850 0.587682
vt 0.764264 0.908534
vt 0.509850 0.469706
vt 0.165139 0.890733
vt 0.160414 0.886538
vt 0.160414 0.886860
vt 0.514018 0.480701
vt 0.514018 0.480333
vt 0.759948 0.903940
vt 0.514018 0.362726
vt 0.514018 0.362358
vt 0.514018 0.484033
vt 0.514018 0.560660
vt 0.509850 0.560660
vt 0.509850 0.534008
vt 0.514018 0.534008
vt 0.505683 0.389379
vt 0.509850 0.389379
vt 0.509850 0.416032
vt 0.505683 0.416032
vt 0.522353 0.560660
vt 0.522353 0.534008
vt 0.514018 0.389379
vt 0.514018 0.416032
vt 0.539023 0.560660
vt 0.539023 0.534008
vt 0.522353 0.389379
vt 0.522353 0.416032
vt 0.572362 0.560660
vt 0.572362 0.534008
vt 0.539023 0.389379
vt 0.539022 0.416032
vt 0.605702 0.560660
vt 0.605702 0.534008
vt 0.572362 0.389379
vt 0.572362 0.416032
vt 0.254588 0.890733
vt 0.226605 0.890733
vt 0.226605 0.890411
vt 0.254588 0.890411
vt 0.505342 0.416032
vt 0.505342 0.389379
vt 0.505342 0.560660
vt 0.505342 0.534008
vt 0.505683 0.534008
vt 0.505683 0.560660
vt 0.254588 0.886860
vt 0.226605 0.886860
vt 0.226605 0.886538
vt 0.254588 0.886537
vt 0.639383 0.389379
vt 0.639383 0.416032
vt 0.639042 0.416032
vt 0.639042 0.389379
vt 0.604196 0.904293
vt 0.578635 0.904293
vt 0.578635 0.903940
vt 0.604196 0.903940
vt 0.604196 0.908534
vt 0.578635 0.908534
vt 0.578635 0.908181
vt 0.604196 0.908181
vt 0.639042 0.560660
vt 0.639042 0.534008
vt 0.639383 0.534008
vt 0.639383 0.560660
vt 0.634874 0.389379
vt 0.634874 0.416032
vt 0.198623 0.890411
vt 0.198623 0.886860
vt 0.553074 0.904293
vt 0.553074 0.908181
vt 0.605702 0.389379
vt 0.605702 0.416032
vt 0.622372 0.560660
vt 0.622372 0.534008
vt 0.037567 0.890411
vt 0.037567 0.886860
vt 0.622372 0.484033
vt 0.622372 0.480701
vt 0.622372 0.362726
vt 0.622372 0.362358
vt 0.647731 0.903940
vt 0.647731 0.904293
vt 0.622372 0.480333
vt 0.037567 0.886538
vt 0.056467 0.890733
vt 0.605702 0.469338
vt 0.605702 0.469706
vt 0.664995 0.908534
vt 0.664995 0.908181
vt 0.605702 0.587314
vt 0.605702 0.587682
vt 0.605702 0.466006
vt 0.028117 0.886538
vt 0.028117 0.886860
vt 0.630707 0.480701
vt 0.630707 0.480333
vt 0.639099 0.903940
vt 0.639099 0.904293
vt 0.630707 0.362726
vt 0.630707 0.362358
vt 0.630707 0.484033
vt 0.028117 0.890411
vt 0.630707 0.560660
vt 0.630707 0.534008
vt 0.622372 0.389379
vt 0.622372 0.416032
vt 0.037567 0.890733
vt 0.622372 0.469338
vt 0.622372 0.469706
vt 0.647731 0.908534
vt 0.647731 0.908181
vt 0.622372 0.587314
vt 0.622372 0.587682
vt 0.622372 0.466006
vt 0.634874 0.560660
vt 0.634874 0.534008
vt 0.023392 0.886860
vt 0.634874 0.484033
vt 0.634874 0.480701
vt 0.634874 0.362726
vt 0.634874 0.362358
vt 0.634783 0.903940
vt 0.634874 0.480333
vt 0.023392 0.886538
vt 0.630707 0.389379
vt 0.630707 0.416032
vt 0.028117 0.890733
vt 0.630707 0.469338
vt 0.630707 0.469706
vt 0.639099 0.908534
vt 0.639099 0.908181
vt 0.630707 0.587314
vt 0.630707 0.587682
vt 0.630707 0.466006
vt 0.279445 0.728032
vt 0.283478 0.728032
vt 0.283478 0.753833
vt 0.279445 0.753833
vt 0.784255 0.673385
vt 0.780053 0.673362
vt 0.780053 0.647310
vt 0.784255 0.647303
vt 0.271379 0.728032
vt 0.271379 0.753833
vt 0.775861 0.673340
vt 0.775861 0.647318
vt 0.255247 0.728032
vt 0.255247 0.753833
vt 0.767504 0.673296
vt 0.767504 0.647332
vt 0.222983 0.728032
vt 0.222983 0.753833
vt 0.750902 0.673208
vt 0.750902 0.647360
vt 0.662178 0.672739
vt 0.658246 0.672718
vt 0.658246 0.647516
vt 0.662178 0.647510
vt 0.158455 0.728032
vt 0.162488 0.728032
vt 0.162488 0.753833
vt 0.158455 0.753833
vt 0.670068 0.672780
vt 0.670068 0.647497
vt 0.166521 0.728032
vt 0.166521 0.753833
vt 0.685951 0.672864
vt 0.685951 0.647470
vt 0.174587 0.728032
vt 0.174587 0.753833
vt 0.718139 0.673035
vt 0.718139 0.647415
vt 0.190719 0.728032
vt 0.190719 0.753833
vt 0.469190 0.938268
vt 0.443698 0.938268
vt 0.443698 0.937912
vt 0.469190 0.937912
vt 0.158103 0.753833
vt 0.158103 0.728032
vt 0.653980 0.672695
vt 0.653980 0.647524
vt 0.654323 0.647523
vt 0.654323 0.672697
vt 0.469190 0.934146
vt 0.443698 0.934146
vt 0.443698 0.933790
vt 0.469190 0.933790
vt 0.287863 0.728032
vt 0.287863 0.753833
vt 0.287511 0.753833
vt 0.287511 0.728032
vt 0.095531 0.931958
vt 0.069898 0.931958
vt 0.069898 0.931604
vt 0.095531 0.931604
vt 0.095531 0.936057
vt 0.069898 0.936057
vt 0.069898 0.935703
vt 0.095531 0.935703
vt 0.784622 0.647303
vt 0.784622 0.673387
vt 0.417371 0.937912
vt 0.417371 0.934146
vt 0.043425 0.931958
vt 0.043425 0.935703
vt 0.031028 0.931958
vt 0.031028 0.935703
vt 0.405042 0.937912
vt 0.405042 0.934146
vt 0.283478 0.780480
vt 0.279445 0.780480
vt 0.780053 0.620406
vt 0.784255 0.620368
vt 0.271379 0.780480
vt 0.775861 0.620443
vt 0.255247 0.780480
vt 0.767504 0.620517
vt 0.222983 0.780480
vt 0.750902 0.620665
vt 0.658246 0.621490
vt 0.662178 0.621455
vt 0.162488 0.780480
vt 0.158455 0.780480
vt 0.670068 0.621384
vt 0.166521 0.780480
vt 0.685951 0.621243
vt 0.174587 0.780480
vt 0.718139 0.620957
vt 0.190719 0.780480
vt 0.417371 0.938268
vt 0.158103 0.780480
vt 0.653980 0.621528
vt 0.654323 0.621525
vt 0.417371 0.933790
vt 0.287863 0.780480
vt 0.287511 0.780480
vt 0.043425 0.931604
vt 0.043425 0.936057
vt 0.784622 0.620365
vt 0.398878 0.937912
vt 0.398878 0.934146
vt 0.024829 0.931958
vt 0.024829 0.935703
vt 0.283478 0.792959
vt 0.279445 0.792959
vt 0.780053 0.607806
vt 0.784255 0.607755
vt 0.271379 0.792959
vt 0.775861 0.607858
vt 0.255247 0.792959
vt 0.767504 0.607960
vt 0.222983 0.792959
vt 0.750902 0.608164
vt 0.658246 0.609302
vt 0.662178 0.609253
vt 0.162488 0.792959
vt 0.158455 0.792959
vt 0.670068 0.609156
vt 0.166521 0.792959
vt 0.685951 0.608961
vt 0.174587 0.792959
vt 0.718139 0.608566
vt 0.190719 0.792959
vt 0.405042 0.938268
vt 0.158103 0.792959
vt 0.653980 0.609354
vt 0.654323 0.609350
vt 0.405042 0.933790
vt 0.287863 0.792959
vt 0.287511 0.792959
vt 0.031028 0.931604
vt 0.031028 0.936057
vt 0.784622 0.607750
vt 0.283478 0.799198
vt 0.279445 0.799198
vt 0.780053 0.601507
vt 0.784255 0.601448
vt 0.271379 0.799198
vt 0.775861 0.601565
vt 0.255247 0.799198
vt 0.767504 0.601682
vt 0.222983 0.799198
vt 0.750902 0.601914
vt 0.658246 0.603208
vt 0.662178 0.603153
vt 0.162488 0.799198
vt 0.158455 0.799198
vt 0.670068 0.603042
vt 0.166521 0.799198
vt 0.685951 0.602821
vt 0.174587 0.799198
vt 0.718139 0.602371
vt 0.190719 0.799198
vt 0.398878 0.938268
vt 0.158103 0.799198
vt 0.653980 0.603267
vt 0.654322 0.603262
vt 0.398878 0.933790
vt 0.287863 0.799198
vt 0.287511 0.799198
vt 0.024829 0.931604
vt 0.024829 0.936057
vt 0.784622 0.601443
vt 0.658246 0.685319
vt 0.654323 0.685284
vt 0.283478 0.715131
vt 0.287511 0.715131
vt 0.784255 0.686425
vt 0.784622 0.686428
vt 0.108348 0.936057
vt 0.108348 0.935703
vt 0.108348 0.931958
vt 0.108348 0.931604
vt 0.287863 0.715131
vt 0.481936 0.934146
vt 0.481936 0.933790
vt 0.653980 0.685281
vt 0.158455 0.715131
vt 0.158103 0.715131
vt 0.481936 0.938268
vt 0.481936 0.937912
vt 0.190719 0.715131
vt 0.222983 0.715131
vt 0.750902 0.686132
vt 0.718139 0.685845
vt 0.174587 0.715131
vt 0.685951 0.685562
vt 0.166521 0.715131
vt 0.670068 0.685422
vt 0.162488 0.715131
vt 0.662178 0.685353
vt 0.767504 0.686278
vt 0.255247 0.715131
vt 0.775861 0.686351
vt 0.271379 0.715131
vt 0.780053 0.686388
vt 0.279445 0.715131
vt 0.279445 0.708680
vt 0.283478 0.708680
vt 0.784255 0.692945
vt 0.780053 0.692901
vt 0.271379 0.708680
vt 0.775861 0.692857
vt 0.255247 0.708680
vt 0.767504 0.692769
vt 0.222983 0.708680
vt 0.750902 0.692594
vt 0.662178 0.691660
vt 0.658246 0.691619
vt 0.158455 0.708680
vt 0.162488 0.708680
vt 0.670068 0.691743
vt 0.166521 0.708680
vt 0.685951 0.691911
vt 0.174587 0.708680
vt 0.718139 0.692249
vt 0.190719 0.708680
vt 0.488310 0.938268
vt 0.488310 0.937912
vt 0.158103 0.708680
vt 0.653980 0.691574
vt 0.654323 0.691578
vt 0.488310 0.934146
vt 0.488310 0.933790
vt 0.287863 0.708680
vt 0.287511 0.708680
vt 0.114757 0.931958
vt 0.114757 0.931604
vt 0.114757 0.936057
vt 0.114757 0.935703
vt 0.784622 0.692949
vt 0.658246 0.694769
vt 0.654323 0.694724
vt 0.283478 0.705455
vt 0.287511 0.705455
vt 0.784255 0.696205
vt 0.784622 0.696210
vt 0.117961 0.936057
vt 0.117961 0.931604
vt 0.287863 0.705455
vt 0.491496 0.933790
vt 0.653980 0.694721
vt 0.158455 0.705455
vt 0.158103 0.705455
vt 0.491496 0.938268
vt 0.190719 0.705455
vt 0.222983 0.705455
vt 0.750902 0.695825
vt 0.718139 0.695452
vt 0.174587 0.705455
vt 0.685951 0.695085
vt 0.166521 0.705455
vt 0.670068 0.694904
vt 0.162488 0.705455
vt 0.662178 0.694814
vt 0.767504 0.696015
vt 0.255247 0.705455
vt 0.775861 0.696110
vt 0.271379 0.705455
vt 0.780053 0.696158
vt 0.279445 0.705455
vt 0.846289 0.559366
vt 0.842457 0.559366
vt 0.842457 0.533563
vt 0.846289 0.533563
vt 0.875135 0.622311
vt 0.878967 0.622311
vt 0.878967 0.648113
vt 0.875135 0.648113
vt 0.853952 0.559366
vt 0.853952 0.533563
vt 0.882798 0.622311
vt 0.882798 0.648113
vt 0.898125 0.622311
vt 0.901956 0.622311
vt 0.901956 0.648113
vt 0.898125 0.648113
vt 0.869278 0.559366
vt 0.865446 0.559366
vt 0.865447 0.533563
vt 0.869278 0.533563
vt 0.890462 0.622311
vt 0.890462 0.648113
vt 0.861615 0.559366
vt 0.861615 0.533563
vt 0.953157 0.715183
vt 0.927509 0.715183
vt 0.927509 0.714829
vt 0.953157 0.714829
vt 0.874783 0.648113
vt 0.874783 0.622311
vt 0.838273 0.559366
vt 0.838273 0.533563
vt 0.838625 0.533563
vt 0.838625 0.559366
vt 0.953157 0.711057
vt 0.927509 0.711057
vt 0.927509 0.710702
vt 0.953157 0.710702
vt 0.841487 0.964837
vt 0.867135 0.964837
vt 0.867135 0.965191
vt 0.841487 0.965191
vt 0.869630 0.533563
vt 0.869630 0.559366
vt 0.906140 0.622311
vt 0.906140 0.648113
vt 0.905788 0.648113
vt 0.905788 0.622311
vt 0.841487 0.968963
vt 0.867135 0.968963
vt 0.867135 0.969317
vt 0.841487 0.969317
vt 0.901862 0.711057
vt 0.901862 0.714829
vt 0.892782 0.965191
vt 0.892782 0.968963
vt 0.905826 0.965191
vt 0.905826 0.968963
vt 0.888818 0.711057
vt 0.888818 0.714829
vt 0.842457 0.507761
vt 0.846289 0.507761
vt 0.878967 0.673916
vt 0.875135 0.673916
vt 0.853952 0.507761
vt 0.882798 0.673916
vt 0.901956 0.673916
vt 0.898125 0.673916
vt 0.865447 0.507761
vt 0.869278 0.507761
vt 0.890462 0.673916
vt 0.861615 0.507761
vt 0.901862 0.715183
vt 0.874783 0.673916
vt 0.838273 0.507761
vt 0.838625 0.507761
vt 0.901862 0.710702
vt 0.892782 0.964837
vt 0.869630 0.507761
vt 0.906140 0.673916
vt 0.905788 0.673916
vt 0.892782 0.969317
vt 0.882516 0.711057
vt 0.882516 0.714829
vt 0.912128 0.965191
vt 0.912128 0.968963
vt 0.842457 0.494638
vt 0.846289 0.494638
vt 0.878967 0.687038
vt 0.875135 0.687038
vt 0.853952 0.494638
vt 0.882798 0.687038
vt 0.901956 0.687038
vt 0.898125 0.687038
vt 0.865447 0.494638
vt 0.869278 0.494638
vt 0.890462 0.687038
vt 0.861615 0.494638
vt 0.888818 0.715183
vt 0.874783 0.687038
vt 0.838273 0.494638
vt 0.838625 0.494638
vt 0.888818 0.710702
vt 0.905826 0.964837
vt 0.869630 0.494638
vt 0.906140 0.687038
vt 0.905788 0.687038
vt 0.905826 0.969317
vt 0.842457 0.488298
vt 0.846289 0.488298
vt 0.878967 0.693378
vt 0.875135 0.693378
vt 0.853952 0.488298
vt 0.882798 0.693378
vt 0.901956 0.693378
vt 0.898125 0.693378
vt 0.865447 0.488298
vt 0.869278 0.488298
vt 0.890462 0.693378
vt 0.861615 0.488298
vt 0.882516 0.715183
vt 0.874783 0.693378
vt 0.838273 0.488298
vt 0.838625 0.488298
vt 0.882516 0.710702
vt 0.912128 0.964837
vt 0.869630 0.488298
vt 0.906140 0.693378
vt 0.905788 0.693378
vt 0.912128 0.969317
vt 0.901956 0.609410
vt 0.905788 0.609410
vt 0.842457 0.572267
vt 0.838625 0.572267
vt 0.828663 0.968963
vt 0.828663 0.969317
vt 0.906140 0.609410
vt 0.869278 0.572267
vt 0.869630 0.572267
vt 0.828663 0.964837
vt 0.828663 0.965191
vt 0.965980 0.711057
vt 0.965980 0.710702
vt 0.838273 0.572267
vt 0.875135 0.609410
vt 0.874783 0.609410
vt 0.965980 0.715183
vt 0.965980 0.714829
vt 0.861615 0.572267
vt 0.853952 0.572267
vt 0.882798 0.609410
vt 0.890462 0.609410
vt 0.865446 0.572267
vt 0.898125 0.609410
vt 0.878967 0.609410
vt 0.846289 0.572267
vt 0.846289 0.578718
vt 0.842457 0.578718
vt 0.875135 0.602959
vt 0.878967 0.602959
vt 0.853952 0.578718
vt 0.882798 0.602959
vt 0.898125 0.602959
vt 0.901956 0.602959
vt 0.869278 0.578718
vt 0.865446 0.578718
vt 0.890462 0.602959
vt 0.861615 0.578718
vt 0.972392 0.715183
vt 0.972392 0.714829
vt 0.874783 0.602959
vt 0.838273 0.578718
vt 0.838625 0.578718
vt 0.972392 0.711057
vt 0.972392 0.710702
vt 0.822251 0.964837
vt 0.822251 0.965191
vt 0.869630 0.578718
vt 0.906140 0.602959
vt 0.905788 0.602959
vt 0.822251 0.968963
vt 0.822251 0.969317
vt 0.901956 0.599734
vt 0.905788 0.599734
vt 0.842457 0.581943
vt 0.838625 0.581943
vt 0.819045 0.969317
vt 0.906140 0.599734
vt 0.869278 0.581943
vt 0.869630 0.581943
vt 0.819045 0.964837
vt 0.975598 0.710702
vt 0.838273 0.581943
vt 0.875135 0.599734
vt 0.874783 0.599734
vt 0.975598 0.715183
vt 0.861615 0.581943
vt 0.853952 0.581943
vt 0.882798 0.599734
vt 0.890462 0.599734
vt 0.865446 0.581943
vt 0.898125 0.599734
vt 0.878967 0.599734
vt 0.846289 0.581943
vt 0.658552 0.557536
vt 0.654454 0.557536
vt 0.654454 0.531326
vt 0.658552 0.531326
vt 0.650357 0.388929
vt 0.654454 0.388929
vt 0.654454 0.415138
vt 0.650357 0.415138
vt 0.666746 0.557536
vt 0.666746 0.531326
vt 0.658552 0.388929
vt 0.658552 0.415138
vt 0.683136 0.557536
vt 0.683136 0.531326
vt 0.666746 0.388929
vt 0.666746 0.415138
vt 0.715915 0.557536
vt 0.715915 0.531326
vt 0.683136 0.388929
vt 0.683136 0.415138
vt 0.773278 0.388929
vt 0.777375 0.388929
vt 0.777375 0.415138
vt 0.773278 0.415138
vt 0.781473 0.557536
vt 0.777375 0.557536
vt 0.777375 0.531326
vt 0.781473 0.531326
vt 0.765083 0.388929
vt 0.765083 0.415138
vt 0.773278 0.557536
vt 0.773278 0.531326
vt 0.748694 0.388929
vt 0.748694 0.415138
vt 0.765083 0.557536
vt 0.765083 0.531326
vt 0.715915 0.388929
vt 0.715915 0.415138
vt 0.748694 0.557536
vt 0.748694 0.531326
vt 0.545614 0.919162
vt 0.571211 0.919162
vt 0.571211 0.919515
vt 0.545614 0.919515
vt 0.650010 0.415138
vt 0.650010 0.388929
vt 0.650010 0.557536
vt 0.650010 0.531326
vt 0.650357 0.531326
vt 0.650357 0.557536
vt 0.545614 0.923329
vt 0.571211 0.923329
vt 0.571211 0.923683
vt 0.545614 0.923683
vt 0.781819 0.388929
vt 0.781819 0.415138
vt 0.781473 0.415138
vt 0.781473 0.388929
vt 0.469296 0.892526
vt 0.497340 0.892526
vt 0.497340 0.892849
vt 0.469296 0.892849
vt 0.469296 0.888722
vt 0.497340 0.888722
vt 0.497340 0.889045
vt 0.469296 0.889045
vt 0.781819 0.531326
vt 0.781819 0.557536
vt 0.596808 0.919515
vt 0.596808 0.923329
vt 0.525384 0.892526
vt 0.525384 0.889045
vt 0.539406 0.892526
vt 0.539406 0.889045
vt 0.609606 0.919515
vt 0.609606 0.923329
vt 0.654454 0.505117
vt 0.658552 0.505117
vt 0.654454 0.441347
vt 0.650357 0.441347
vt 0.666746 0.505117
vt 0.658552 0.441347
vt 0.683136 0.505117
vt 0.666747 0.441347
vt 0.715915 0.505117
vt 0.683136 0.441347
vt 0.777375 0.441347
vt 0.773278 0.441347
vt 0.777375 0.505117
vt 0.781473 0.505117
vt 0.765083 0.441347
vt 0.773278 0.505117
vt 0.748694 0.441347
vt 0.765083 0.505117
vt 0.715915 0.441347
vt 0.748694 0.505117
vt 0.596808 0.919162
vt 0.650010 0.441347
vt 0.650010 0.505117
vt 0.650357 0.505117
vt 0.596808 0.923683
vt 0.781819 0.441347
vt 0.781473 0.441347
vt 0.525384 0.892849
vt 0.525384 0.888722
vt 0.781819 0.505117
vt 0.616005 0.919515
vt 0.616005 0.923329
vt 0.546417 0.892526
vt 0.546417 0.889045
vt 0.654454 0.492013
vt 0.658552 0.492013
vt 0.654454 0.454452
vt 0.650357 0.454452
vt 0.666746 0.492013
vt 0.658552 0.454452
vt 0.683136 0.492013
vt 0.666747 0.454452
vt 0.715915 0.492012
vt 0.683136 0.454452
vt 0.777375 0.454452
vt 0.773278 0.454452
vt 0.777375 0.492012
vt 0.781473 0.492012
vt 0.765083 0.454452
vt 0.773278 0.492012
vt 0.748694 0.454452
vt 0.765083 0.492012
vt 0.715915 0.454452
vt 0.748694 0.492012
vt 0.609606 0.919162
vt 0.650010 0.454452
vt 0.650010 0.492013
vt 0.650357 0.492013
vt 0.609606 0.923683
vt 0.781819 0.454452
vt 0.781473 0.454452
vt 0.539406 0.892849
vt 0.539406 0.888722
vt 0.781819 0.492012
vt 0.654454 0.485460
vt 0.658552 0.485460
vt 0.654454 0.461004
vt 0.650357 0.461004
vt 0.666746 0.485460
vt 0.658552 0.461004
vt 0.683136 0.485460
vt 0.666747 0.461004
vt 0.715915 0.485460
vt 0.683136 0.461004
vt 0.777375 0.461004
vt 0.773278 0.461004
vt 0.777375 0.485460
vt 0.781473 0.485460
vt 0.765083 0.461004
vt 0.773278 0.485460
vt 0.748694 0.461004
vt 0.765083 0.485460
vt 0.715915 0.461004
vt 0.748694 0.485460
vt 0.616005 0.919162
vt 0.650010 0.461004
vt 0.650010 0.485460
vt 0.650357 0.485460
vt 0.616005 0.923683
vt 0.781819 0.461004
vt 0.781473 0.461004
vt 0.546417 0.892849
vt 0.546417 0.888722
vt 0.781819 0.485460
vt 0.654454 0.570640
vt 0.650357 0.570640
vt 0.777375 0.375824
vt 0.781473 0.375824
vt 0.781473 0.570640
vt 0.781819 0.570640
vt 0.455274 0.888722
vt 0.455274 0.889045
vt 0.455274 0.892526
vt 0.455274 0.892849
vt 0.781819 0.375824
vt 0.532816 0.923329
vt 0.532816 0.923683
vt 0.650010 0.570640
vt 0.650357 0.375824
vt 0.650010 0.375824
vt 0.532816 0.919162
vt 0.532816 0.919515
vt 0.683136 0.375824
vt 0.715915 0.375824
vt 0.748694 0.570640
vt 0.715915 0.570640
vt 0.765083 0.570640
vt 0.748694 0.375824
vt 0.773278 0.570640
vt 0.765083 0.375824
vt 0.777375 0.570640
vt 0.773278 0.375824
vt 0.666746 0.375824
vt 0.683136 0.570640
vt 0.658552 0.375824
vt 0.666746 0.570640
vt 0.654454 0.375824
vt 0.658552 0.570640
vt 0.658552 0.577192
vt 0.654454 0.577192
vt 0.650357 0.369272
vt 0.654454 0.369272
vt 0.666746 0.577192
vt 0.658552 0.369272
vt 0.683136 0.577192
vt 0.666746 0.369272
vt 0.715915 0.577192
vt 0.683136 0.369272
vt 0.773278 0.369272
vt 0.777375 0.369272
vt 0.781473 0.577192
vt 0.777375 0.577192
vt 0.765083 0.369272
vt 0.773278 0.577192
vt 0.748694 0.369272
vt 0.765083 0.577192
vt 0.715915 0.369272
vt 0.748694 0.577192
vt 0.526416 0.919162
vt 0.526416 0.919515
vt 0.650010 0.369272
vt 0.650010 0.577192
vt 0.650357 0.577192
vt 0.526416 0.923329
vt 0.526416 0.923683
vt 0.781819 0.369272
vt 0.781473 0.369272
vt 0.448263 0.892526
vt 0.448263 0.892849
vt 0.448263 0.888722
vt 0.448263 0.889045
vt 0.781819 0.577192
vt 0.654454 0.580469
vt 0.650357 0.580469
vt 0.777375 0.365996
vt 0.781473 0.365996
vt 0.781473 0.580469
vt 0.781819 0.580469
vt 0.444758 0.888722
vt 0.444758 0.892849
vt 0.781819 0.365996
vt 0.523217 0.923683
vt 0.650010 0.580469
vt 0.650357 0.365996
vt 0.650010 0.365996
vt 0.523217 0.919162
vt 0.683136 0.365996
vt 0.715915 0.365996
vt 0.748694 0.580469
vt 0.715915 0.580469
vt 0.765083 0.580469
vt 0.748694 0.365996
vt 0.773278 0.580469
vt 0.765083 0.365996
vt 0.777375 0.580469
vt 0.773278 0.365996
vt 0.666746 0.365996
vt 0.683136 0.580469
vt 0.658552 0.365996
vt 0.666746 0.580469
vt 0.654454 0.365996
vt 0.658552 0.580469
vt 0.630707 0.376038
vt 0.634874 0.376038
vt 0.639042 0.574001
vt 0.634874 0.574001
vt 0.622372 0.376038
vt 0.630707 0.574001
vt 0.605702 0.376038
vt 0.622372 0.574001
vt 0.605702 0.574001
vt 0.572362 0.376038
vt 0.509850 0.574001
vt 0.505683 0.574001
vt 0.639042 0.376038
vt 0.639383 0.574001
vt 0.616990 0.908534
vt 0.616990 0.908181
vt 0.616990 0.904293
vt 0.616990 0.903940
vt 0.639383 0.376038
vt 0.268593 0.886860
vt 0.268593 0.886537
vt 0.505342 0.574001
vt 0.505683 0.376038
vt 0.505342 0.376038
vt 0.268593 0.890733
vt 0.268593 0.890411
vt 0.539022 0.376038
vt 0.572362 0.574001
vt 0.522353 0.376038
vt 0.539023 0.574001
vt 0.514018 0.376038
vt 0.522353 0.574001
vt 0.509850 0.376038
vt 0.514018 0.574001
vt 0.514018 0.580657
vt 0.509850 0.580657
vt 0.505683 0.369382
vt 0.509850 0.369382
vt 0.522353 0.580657
vt 0.514018 0.369382
vt 0.539023 0.580657
vt 0.522353 0.369382
vt 0.572362 0.580657
vt 0.539022 0.369382
vt 0.605702 0.580657
vt 0.572362 0.369382
vt 0.275582 0.890733
vt 0.275582 0.890411
vt 0.505342 0.369382
vt 0.505342 0.580657
vt 0.505683 0.580657
vt 0.275582 0.886860
vt 0.275582 0.886537
vt 0.639383 0.369382
vt 0.639042 0.369382
vt 0.623374 0.904293
vt 0.623374 0.903940
vt 0.623374 0.908534
vt 0.623374 0.908181
vt 0.639042 0.580657
vt 0.639383 0.580657
vt 0.634874 0.369382
vt 0.605702 0.369382
vt 0.622372 0.580657
vt 0.630707 0.580657
vt 0.622372 0.369382
vt 0.634874 0.580657
vt 0.630707 0.369382
vt 0.630707 0.366054
vt 0.634874 0.366054
vt 0.639042 0.583985
vt 0.634874 0.583985
vt 0.622372 0.366054
vt 0.630707 0.583985
vt 0.605702 0.366054
vt 0.622372 0.583985
vt 0.605702 0.583985
vt 0.572362 0.366054
vt 0.509850 0.583985
vt 0.505683 0.583985
vt 0.639042 0.366054
vt 0.639383 0.583985
vt 0.626566 0.908534
vt 0.626566 0.903940
vt 0.639383 0.366054
vt 0.279076 0.886537
vt 0.505342 0.583985
vt 0.505683 0.366054
vt 0.505342 0.366054
vt 0.279076 0.890733
vt 0.539022 0.366054
vt 0.572362 0.583985
vt 0.522353 0.366054
vt 0.539023 0.583985
vt 0.514018 0.366054
vt 0.522353 0.583985
vt 0.509850 0.366054
vt 0.514018 0.583985
vt 0.634874 0.442685
vt 0.630707 0.442685
vt 0.634874 0.507355
vt 0.639042 0.507355
vt 0.622372 0.442685
vt 0.630707 0.507355
vt 0.605702 0.442685
vt 0.622372 0.507355
vt 0.572362 0.442685
vt 0.605702 0.507355
vt 0.540294 0.904293
vt 0.540294 0.908181
vt 0.184632 0.890411
vt 0.184632 0.886860
vt 0.509850 0.507355
vt 0.514018 0.507355
vt 0.509850 0.442685
vt 0.505683 0.442685
vt 0.522353 0.507355
vt 0.514018 0.442685
vt 0.539023 0.507355
vt 0.522353 0.442685
vt 0.572362 0.507355
vt 0.539022 0.442685
vt 0.198623 0.890733
vt 0.505342 0.442685
vt 0.505342 0.507355
vt 0.505683 0.507355
vt 0.198623 0.886538
vt 0.639383 0.442685
vt 0.639042 0.442685
vt 0.553074 0.903940
vt 0.553074 0.908534
vt 0.639383 0.507355
vt 0.177636 0.890411
vt 0.177636 0.886860
vt 0.533903 0.904293
vt 0.533903 0.908181
vt 0.634874 0.456011
vt 0.630707 0.456011
vt 0.634874 0.494028
vt 0.639042 0.494028
vt 0.622372 0.456011
vt 0.630707 0.494028
vt 0.605702 0.456011
vt 0.622372 0.494028
vt 0.572362 0.456011
vt 0.605702 0.494028
vt 0.509850 0.494028
vt 0.514018 0.494028
vt 0.509850 0.456011
vt 0.505683 0.456011
vt 0.522353 0.494028
vt 0.514018 0.456011
vt 0.539023 0.494028
vt 0.522353 0.456011
vt 0.572362 0.494028
vt 0.539022 0.456011
vt 0.184632 0.890733
vt 0.505342 0.456011
vt 0.505342 0.494028
vt 0.505683 0.494028
vt 0.184632 0.886538
vt 0.639383 0.456011
vt 0.639042 0.456011
vt 0.540294 0.903940
vt 0.540294 0.908534
vt 0.639383 0.494028
vt 0.634874 0.462675
vt 0.630707 0.462675
vt 0.634874 0.487365
vt 0.639042 0.487365
vt 0.622372 0.462675
vt 0.630707 0.487365
vt 0.605702 0.462675
vt 0.622372 0.487365
vt 0.572362 0.462675
vt 0.605702 0.487365
vt 0.509850 0.487365
vt 0.514018 0.487365
vt 0.509850 0.462675
vt 0.505683 0.462675
vt 0.522353 0.487365
vt 0.514018 0.462675
vt 0.539023 0.487365
vt 0.522353 0.462675
vt 0.572362 0.487365
vt 0.539022 0.462675
vt 0.177636 0.890733
vt 0.505342 0.462675
vt 0.505342 0.487365
vt 0.505683 0.487365
vt 0.177636 0.886538
vt 0.639383 0.462675
vt 0.639042 0.462675
vt 0.533903 0.903940
vt 0.533903 0.908534
vt 0.639383 0.487365
vt 0.836639 0.938508
vt 0.836639 0.934668
vt 0.842306 0.934668
vt 0.842306 0.938508
vt 0.721916 0.167815
vt 0.722683 0.164096
vt 0.727424 0.164096
vt 0.725907 0.167815
vt 0.943798 0.938508
vt 0.943798 0.934668
vt 0.946894 0.934668
vt 0.946894 0.938508
vt 0.304242 0.716405
vt 0.298836 0.716405
vt 0.298836 0.713214
vt 0.304242 0.713214
vt 0.551081 0.953664
vt 0.547782 0.953664
vt 0.547782 0.949746
vt 0.551081 0.949746
vt 0.403914 0.716541
vt 0.399935 0.716515
vt 0.399960 0.713264
vt 0.403935 0.713294
vt 0.726278 0.167841
vt 0.726145 0.168169
vt 0.725791 0.168169
vt 0.547782 0.954028
vt 0.547418 0.954028
vt 0.547418 0.953664
vt 0.399887 0.816027
vt 0.399889 0.816387
vt 0.399529 0.816390
vt 0.399527 0.816030
vt 0.727427 0.152760
vt 0.727820 0.152787
vt 0.727954 0.153115
vt 0.727600 0.153115
vt 0.653346 0.949746
vt 0.653346 0.949381
vt 0.653711 0.949381
vt 0.653711 0.949746
vt 0.450175 0.819843
vt 0.450175 0.820211
vt 0.449834 0.820211
vt 0.449834 0.819843
vt 0.727596 0.163742
vt 0.727950 0.163742
vt 0.727817 0.164070
vt 0.450175 0.713229
vt 0.449834 0.713229
vt 0.449834 0.712861
vt 0.450175 0.712861
vt 0.547418 0.949746
vt 0.547418 0.949381
vt 0.547782 0.949381
vt 0.399601 0.713261
vt 0.399603 0.712902
vt 0.399963 0.712905
vt 0.653346 0.953664
vt 0.653711 0.953664
vt 0.653711 0.954028
vt 0.653346 0.954028
vt 0.725911 0.149042
vt 0.725794 0.148688
vt 0.726149 0.148688
vt 0.726282 0.149015
vt 0.597455 0.815994
vt 0.597827 0.815994
vt 0.597827 0.816349
vt 0.597455 0.816349
vt 0.947253 0.938508
vt 0.947253 0.938867
vt 0.946894 0.938867
vt 0.921745 0.899466
vt 0.921929 0.899102
vt 0.922295 0.899107
vt 0.922152 0.899444
vt 0.298491 0.713214
vt 0.298491 0.712861
vt 0.298836 0.712861
vt 0.843028 0.934668
vt 0.842669 0.934668
vt 0.842669 0.934310
vt 0.843028 0.934310
vt 0.842306 0.934310
vt 0.920122 0.903292
vt 0.920506 0.903325
vt 0.920363 0.903662
vt 0.919996 0.903657
vt 0.946894 0.934310
vt 0.947253 0.934310
vt 0.947253 0.934668
vt 0.298836 0.815338
vt 0.298836 0.815691
vt 0.298491 0.815691
vt 0.298491 0.815338
vt 0.597455 0.713212
vt 0.597455 0.712857
vt 0.597827 0.712857
vt 0.597827 0.713212
vt 0.842669 0.938508
vt 0.842669 0.938867
vt 0.842306 0.938867
vt 0.843028 0.938508
vt 0.843028 0.938867
vt 0.454809 0.713229
vt 0.454809 0.712861
vt 0.722780 0.163742
vt 0.403938 0.712936
vt 0.721872 0.148688
vt 0.721920 0.149042
vt 0.450175 0.816512
vt 0.449834 0.816512
vt 0.650047 0.949381
vt 0.650047 0.949746
vt 0.650047 0.953664
vt 0.650047 0.954028
vt 0.399576 0.716512
vt 0.591651 0.815994
vt 0.591651 0.816349
vt 0.915910 0.899018
vt 0.915765 0.899382
vt 0.304242 0.712861
vt 0.836639 0.934310
vt 0.846273 0.934668
vt 0.846273 0.934310
vt 0.298491 0.716405
vt 0.597455 0.716424
vt 0.597827 0.716424
vt 0.846273 0.938867
vt 0.846273 0.938508
vt 0.689071 0.153115
vt 0.688388 0.153115
vt 0.688825 0.152760
vt 0.689498 0.152760
vt 0.487250 0.819843
vt 0.487907 0.819843
vt 0.487907 0.820211
vt 0.487250 0.820211
vt 0.694410 0.168169
vt 0.693853 0.168169
vt 0.693416 0.167815
vt 0.693982 0.167815
vt 0.431561 0.815782
vt 0.432119 0.815778
vt 0.432122 0.816133
vt 0.431564 0.816137
vt 0.693986 0.149042
vt 0.693420 0.149042
vt 0.487250 0.816512
vt 0.487907 0.816512
vt 0.501272 0.716424
vt 0.500809 0.716424
vt 0.500809 0.713212
vt 0.501272 0.713212
vt 0.748388 0.938867
vt 0.747937 0.938867
vt 0.747937 0.938508
vt 0.748388 0.938508
vt 0.500809 0.712857
vt 0.501272 0.712857
vt 0.826530 0.897930
vt 0.831210 0.901907
vt 0.830760 0.901899
vt 0.826049 0.897920
vt 0.831656 0.902286
vt 0.831209 0.902277
vt 0.388407 0.815338
vt 0.388837 0.815338
vt 0.388837 0.815691
vt 0.388407 0.815691
vt 0.439165 0.713512
vt 0.438602 0.713509
vt 0.438604 0.713154
vt 0.439167 0.713157
vt 0.432687 0.713479
vt 0.432689 0.713124
vt 0.432124 0.713476
vt 0.432125 0.713121
vt 0.439149 0.716719
vt 0.438586 0.716717
vt 0.432671 0.716689
vt 0.432107 0.716686
vt 0.439167 0.816080
vt 0.438603 0.816084
vt 0.438601 0.815729
vt 0.439164 0.815725
vt 0.432686 0.816128
vt 0.432683 0.815774
vt 0.824826 0.873896
vt 0.825180 0.873896
vt 0.825180 0.874458
vt 0.824826 0.874458
vt 0.924713 0.873896
vt 0.927770 0.873896
vt 0.927770 0.874458
vt 0.924713 0.874458
vt 0.928124 0.873896
vt 0.928124 0.874458
vt 0.825180 0.880360
vt 0.824826 0.880360
vt 0.927770 0.880360
vt 0.924713 0.880360
vt 0.928124 0.880360
vt 0.825180 0.880922
vt 0.824826 0.880922
vt 0.927770 0.880922
vt 0.924713 0.880922
vt 0.928124 0.880922
vt 0.482615 0.816512
vt 0.482615 0.819843
vt 0.697977 0.149042
vt 0.694239 0.152760
vt 0.427628 0.815813
vt 0.427631 0.816169
vt 0.698333 0.168169
vt 0.697973 0.167815
vt 0.482615 0.820211
vt 0.693887 0.153115
vt 0.693857 0.148687
vt 0.694414 0.148687
vt 0.431566 0.713473
vt 0.431568 0.713118
vt 0.688384 0.163742
vt 0.689067 0.163742
vt 0.689494 0.164096
vt 0.688821 0.164096
vt 0.487907 0.713229
vt 0.487250 0.713229
vt 0.487250 0.712861
vt 0.487907 0.712861
vt 0.431550 0.716684
vt 0.382809 0.815338
vt 0.382809 0.815691
vt 0.837466 0.902397
vt 0.837057 0.902020
vt 0.832779 0.898052
vt 0.507283 0.713212
vt 0.507283 0.712857
vt 0.754258 0.938867
vt 0.754258 0.938508
vt 0.507283 0.716424
vt 0.747937 0.934310
vt 0.748388 0.934310
vt 0.748388 0.934668
vt 0.747937 0.934668
vt 0.388837 0.713214
vt 0.388407 0.713214
vt 0.388407 0.712861
vt 0.388837 0.712861
vt 0.825600 0.897541
vt 0.826084 0.897551
vt 0.500809 0.815994
vt 0.501272 0.815994
vt 0.501272 0.816349
vt 0.500809 0.816349
vt 0.388837 0.716405
vt 0.388407 0.716405
vt 0.717968 0.153115
vt 0.708336 0.153115
vt 0.708463 0.152760
vt 0.717945 0.152760
vt 0.459443 0.819843
vt 0.468712 0.819843
vt 0.468712 0.820211
vt 0.459443 0.820211
vt 0.717946 0.168169
vt 0.710100 0.168169
vt 0.709944 0.167815
vt 0.717926 0.167815
vt 0.407855 0.815968
vt 0.415788 0.815907
vt 0.415791 0.816265
vt 0.407857 0.816327
vt 0.717930 0.149042
vt 0.709949 0.149042
vt 0.459443 0.816512
vt 0.468712 0.816512
vt 0.702259 0.148687
vt 0.710105 0.148687
vt 0.701967 0.149042
vt 0.423703 0.713426
vt 0.415817 0.713377
vt 0.415819 0.713020
vt 0.423705 0.713071
vt 0.698699 0.163742
vt 0.708332 0.163742
vt 0.708459 0.164096
vt 0.698977 0.164096
vt 0.477981 0.713229
vt 0.468712 0.713229
vt 0.468712 0.712861
vt 0.477981 0.712861
vt 0.423685 0.716645
vt 0.415799 0.716605
vt 0.701963 0.167815
vt 0.454809 0.816512
vt 0.454809 0.819843
vt 0.722686 0.152760
vt 0.403874 0.815998
vt 0.403877 0.816358
vt 0.721868 0.168169
vt 0.454809 0.820211
vt 0.722784 0.153115
vt 0.717950 0.148688
vt 0.407904 0.713323
vt 0.407906 0.712966
vt 0.717964 0.163742
vt 0.717941 0.164096
vt 0.459443 0.713229
vt 0.459443 0.712861
vt 0.407884 0.716563
vt 0.694235 0.164096
vt 0.427620 0.716665
vt 0.427637 0.713450
vt 0.482616 0.713229
vt 0.482616 0.712861
vt 0.693883 0.163742
vt 0.427639 0.713095
vt 0.698337 0.148687
vt 0.698703 0.153115
vt 0.698980 0.152760
vt 0.477981 0.819843
vt 0.477981 0.820211
vt 0.702255 0.168169
vt 0.423688 0.815845
vt 0.423691 0.816201
vt 0.477981 0.816512
vt 0.573409 0.716424
vt 0.549364 0.716424
vt 0.549364 0.713212
vt 0.573409 0.713212
vt 0.818827 0.938867
vt 0.795347 0.938867
vt 0.795347 0.938508
vt 0.818827 0.938508
vt 0.549364 0.712857
vt 0.573409 0.712857
vt 0.896987 0.899241
vt 0.896941 0.902915
vt 0.875654 0.902558
vt 0.874267 0.899009
vt 0.896957 0.903282
vt 0.875814 0.902928
vt 0.321229 0.815338
vt 0.343622 0.815338
vt 0.343622 0.815691
vt 0.321229 0.815691
vt 0.771868 0.934310
vt 0.795347 0.934310
vt 0.795347 0.934668
vt 0.771868 0.934668
vt 0.366014 0.713214
vt 0.343622 0.713214
vt 0.343622 0.712861
vt 0.366014 0.712861
vt 0.851105 0.898175
vt 0.874127 0.898610
vt 0.851398 0.898562
vt 0.525318 0.815994
vt 0.549364 0.815994
vt 0.549364 0.816349
vt 0.525318 0.816349
vt 0.366014 0.716405
vt 0.343622 0.716405
vt 0.771868 0.938508
vt 0.760128 0.938508
vt 0.760128 0.934668
vt 0.377210 0.716405
vt 0.377210 0.713214
vt 0.513295 0.815994
vt 0.513295 0.816349
vt 0.838651 0.897806
vt 0.839013 0.898183
vt 0.377210 0.712861
vt 0.760128 0.934310
vt 0.525318 0.716424
vt 0.525318 0.713212
vt 0.771868 0.938867
vt 0.525318 0.712857
vt 0.854329 0.902285
vt 0.854629 0.902653
vt 0.366014 0.815338
vt 0.366014 0.815691
vt 0.754258 0.934310
vt 0.754258 0.934668
vt 0.382809 0.713214
vt 0.382809 0.712861
vt 0.832374 0.897674
vt 0.507283 0.815994
vt 0.507283 0.816349
vt 0.382809 0.716405
vt 0.513295 0.716424
vt 0.513295 0.713212
vt 0.760128 0.938867
vt 0.513295 0.712857
vt 0.842873 0.902129
vt 0.843243 0.902499
vt 0.377210 0.815338
vt 0.377210 0.815691
vt 0.309647 0.815338
vt 0.309647 0.815691
vt 0.908865 0.903497
vt 0.908922 0.903132
vt 0.909790 0.899304
vt 0.585847 0.713212
vt 0.585847 0.712857
vt 0.830971 0.938867
vt 0.830971 0.938508
vt 0.585847 0.716424
vt 0.818827 0.934310
vt 0.818827 0.934668
vt 0.321229 0.713214
vt 0.321229 0.712861
vt 0.897012 0.898861
vt 0.573409 0.815994
vt 0.573409 0.816349
vt 0.321229 0.716405
vt 0.591651 0.716424
vt 0.591651 0.713212
vt 0.836639 0.938867
vt 0.591651 0.712857
vt 0.914520 0.903214
vt 0.914429 0.903579
vt 0.304242 0.815338
vt 0.304242 0.815691
vt 0.830971 0.934310
vt 0.830971 0.934668
vt 0.309647 0.713214
vt 0.309647 0.712861
vt 0.909897 0.898939
vt 0.585847 0.815994
vt 0.585847 0.816349
vt 0.309647 0.716405
vt 0.309647 0.789807
vt 0.304242 0.789807
vt 0.304242 0.764276
vt 0.309647 0.764276
vt 0.597455 0.790299
vt 0.591651 0.790299
vt 0.591651 0.764603
vt 0.597455 0.764603
vt 0.321229 0.789807
vt 0.321229 0.764276
vt 0.585847 0.790299
vt 0.585847 0.764603
vt 0.343622 0.789807
vt 0.343622 0.764276
vt 0.573409 0.790299
vt 0.573409 0.764603
vt 0.513295 0.790299
vt 0.507283 0.790299
vt 0.507283 0.764603
vt 0.513295 0.764603
vt 0.388407 0.789807
vt 0.382809 0.789807
vt 0.382809 0.764276
vt 0.388407 0.764276
vt 0.525318 0.790299
vt 0.525318 0.764603
vt 0.377210 0.789807
vt 0.377210 0.764276
vt 0.549364 0.790299
vt 0.549364 0.764603
vt 0.366014 0.789807
vt 0.366014 0.764276
vt 0.388837 0.789807
vt 0.388837 0.764276
vt 0.501272 0.790299
vt 0.501272 0.764603
vt 0.850827 0.880360
vt 0.876475 0.880360
vt 0.876475 0.880922
vt 0.850827 0.880922
vt 0.850827 0.874458
vt 0.876475 0.874458
vt 0.850827 0.873896
vt 0.876475 0.873896
vt 0.500809 0.790299
vt 0.500809 0.764603
vt 0.920927 0.938867
vt 0.894961 0.938867
vt 0.894961 0.938508
vt 0.920927 0.938508
vt 0.597827 0.764603
vt 0.597827 0.790299
vt 0.298491 0.789807
vt 0.298491 0.764276
vt 0.298836 0.764276
vt 0.298836 0.789807
vt 0.920927 0.934668
vt 0.894961 0.934668
vt 0.894961 0.934310
vt 0.920927 0.934310
vt 0.868994 0.938508
vt 0.868994 0.934668
vt 0.856011 0.938508
vt 0.856011 0.934668
vt 0.838004 0.873896
vt 0.838004 0.874458
vt 0.838004 0.880360
vt 0.838004 0.880922
vt 0.304242 0.738745
vt 0.309647 0.738745
vt 0.591651 0.738908
vt 0.597455 0.738908
vt 0.321229 0.738745
vt 0.585847 0.738908
vt 0.343622 0.738745
vt 0.573409 0.738908
vt 0.507283 0.738908
vt 0.513295 0.738908
vt 0.382809 0.738745
vt 0.388407 0.738745
vt 0.525318 0.738908
vt 0.377210 0.738745
vt 0.549364 0.738908
vt 0.366014 0.738745
vt 0.388837 0.738745
vt 0.501272 0.738908
vt 0.500809 0.738908
vt 0.868994 0.938867
vt 0.597827 0.738908
vt 0.298491 0.738745
vt 0.298836 0.738745
vt 0.868994 0.934310
vt 0.831592 0.880360
vt 0.831592 0.880922
vt 0.831592 0.874458
vt 0.831592 0.873896
vt 0.849519 0.938508
vt 0.849519 0.934668
vt 0.304242 0.725979
vt 0.309647 0.725979
vt 0.591651 0.726060
vt 0.597455 0.726060
vt 0.321229 0.725979
vt 0.585847 0.726060
vt 0.343622 0.725979
vt 0.573409 0.726060
vt 0.507283 0.726060
vt 0.513295 0.726060
vt 0.382809 0.725979
vt 0.388407 0.725979
vt 0.525318 0.726060
vt 0.377210 0.725979
vt 0.549364 0.726060
vt 0.366014 0.725979
vt 0.388837 0.725979
vt 0.501272 0.726060
vt 0.500809 0.726060
vt 0.856011 0.938867
vt 0.597827 0.726060
vt 0.298491 0.725979
vt 0.298836 0.725979
vt 0.856011 0.934310
vt 0.828386 0.873896
vt 0.828386 0.874458
vt 0.828386 0.880360
vt 0.828386 0.880922
vt 0.304242 0.719597
vt 0.309647 0.719597
vt 0.591651 0.719636
vt 0.597455 0.719636
vt 0.321229 0.719597
vt 0.585847 0.719636
vt 0.343622 0.719597
vt 0.573409 0.719636
vt 0.507283 0.719636
vt 0.513295 0.719636
vt 0.382809 0.719597
vt 0.388407 0.719597
vt 0.525318 0.719636
vt 0.377210 0.719597
vt 0.549364 0.719636
vt 0.366014 0.719597
vt 0.388837 0.719597
vt 0.501272 0.719636
vt 0.500809 0.719636
vt 0.849519 0.938867
vt 0.597827 0.719636
vt 0.298491 0.719597
vt 0.298836 0.719597
vt 0.849519 0.934310
vt 0.304242 0.802573
vt 0.298836 0.802573
vt 0.933911 0.934668
vt 0.933911 0.934310
vt 0.298491 0.802573
vt 0.597455 0.803147
vt 0.597827 0.803147
vt 0.933911 0.938867
vt 0.933911 0.938508
vt 0.501272 0.803147
vt 0.500809 0.803147
vt 0.507283 0.803147
vt 0.388837 0.802573
vt 0.388407 0.802573
vt 0.573409 0.803147
vt 0.549364 0.803147
vt 0.366014 0.802573
vt 0.343622 0.802573
vt 0.377210 0.802573
vt 0.525318 0.803147
vt 0.382809 0.802573
vt 0.513295 0.803147
vt 0.585847 0.803147
vt 0.321229 0.802573
vt 0.591651 0.803147
vt 0.309647 0.802573
vt 0.902123 0.880360
vt 0.902123 0.880923
vt 0.902123 0.874458
vt 0.902123 0.873896
vt 0.309647 0.809251
vt 0.304242 0.809251
vt 0.597455 0.809868
vt 0.591651 0.809868
vt 0.321229 0.809251
vt 0.585847 0.809868
vt 0.343622 0.809251
vt 0.573409 0.809868
vt 0.513295 0.809868
vt 0.507283 0.809868
vt 0.388407 0.809251
vt 0.382809 0.809251
vt 0.525318 0.809868
vt 0.377210 0.809251
vt 0.549364 0.809868
vt 0.366014 0.809251
vt 0.388837 0.809251
vt 0.501272 0.809868
vt 0.500809 0.809868
vt 0.940703 0.938867
vt 0.940703 0.938508
vt 0.597827 0.809868
vt 0.298491 0.809251
vt 0.298836 0.809251
vt 0.940703 0.934668
vt 0.940703 0.934310
vt 0.914946 0.880360
vt 0.914946 0.880923
vt 0.914946 0.874458
vt 0.914946 0.873896
vt 0.304242 0.812295
vt 0.298836 0.812295
vt 0.943798 0.934310
vt 0.298491 0.812295
vt 0.597455 0.812931
vt 0.597827 0.812931
vt 0.943798 0.938867
vt 0.501272 0.812931
vt 0.500809 0.812931
vt 0.507283 0.812931
vt 0.388837 0.812295
vt 0.388407 0.812295
vt 0.573409 0.812931
vt 0.549364 0.812931
vt 0.366014 0.812295
vt 0.343622 0.812295
vt 0.377210 0.812295
vt 0.525318 0.812931
vt 0.382809 0.812295
vt 0.513295 0.812931
vt 0.585847 0.812931
vt 0.321229 0.812295
vt 0.591651 0.812931
vt 0.309647 0.812295
vt 0.921656 0.880360
vt 0.921656 0.880923
vt 0.921656 0.874458
vt 0.921656 0.873896
vt 0.887509 0.863268
vt 0.855016 0.863268
vt 0.855016 0.862911
vt 0.887509 0.862911
vt 0.752190 0.246530
vt 0.720064 0.246530
vt 0.720064 0.246168
vt 0.752190 0.246168
vt 0.786090 0.848080
vt 0.753323 0.848080
vt 0.753323 0.847726
vt 0.786090 0.847726
vt 0.115002 0.702235
vt 0.082876 0.702235
vt 0.082876 0.701873
vt 0.115002 0.701873
vt 0.822522 0.858708
vt 0.855016 0.858708
vt 0.855016 0.859065
vt 0.822522 0.859065
vt 0.050750 0.807073
vt 0.082876 0.807073
vt 0.082876 0.807435
vt 0.050750 0.807435
vt 0.720557 0.843558
vt 0.753323 0.843558
vt 0.753323 0.843911
vt 0.720557 0.843911
vt 0.687937 0.351368
vt 0.720064 0.351368
vt 0.720064 0.351730
vt 0.687937 0.351730
vt 0.050750 0.803751
vt 0.082876 0.803751
vt 0.752190 0.249852
vt 0.720064 0.249852
vt 0.720557 0.847726
vt 0.887509 0.859065
vt 0.704174 0.847726
vt 0.704174 0.843911
vt 0.034687 0.803751
vt 0.034687 0.807073
vt 0.671874 0.351368
vt 0.671874 0.351730
vt 0.704174 0.843558
vt 0.034687 0.807435
vt 0.806275 0.858708
vt 0.806275 0.859065
vt 0.822522 0.863268
vt 0.822522 0.862911
vt 0.687938 0.246530
vt 0.687938 0.246168
vt 0.720557 0.848080
vt 0.050750 0.702235
vt 0.050750 0.701873
vt 0.687938 0.249852
vt 0.904286 0.859065
vt 0.904286 0.862911
vt 0.768777 0.249852
vt 0.768777 0.246530
vt 0.131589 0.702235
vt 0.131589 0.701873
vt 0.803007 0.848080
vt 0.803007 0.847726
vt 0.768777 0.246168
vt 0.904286 0.863268
vt 0.887509 0.858708
vt 0.115002 0.807073
vt 0.115002 0.807435
vt 0.786090 0.843558
vt 0.786090 0.843911
vt 0.752190 0.351368
vt 0.752190 0.351730
vt 0.115002 0.803751
vt 0.082876 0.728445
vt 0.115002 0.728445
vt 0.115002 0.754654
vt 0.082876 0.754654
vt 0.768777 0.325159
vt 0.752190 0.325159
vt 0.752190 0.298949
vt 0.768777 0.298949
vt 0.720064 0.325159
vt 0.687938 0.325159
vt 0.687938 0.298949
vt 0.720064 0.298949
vt 0.034687 0.728445
vt 0.050750 0.728445
vt 0.050750 0.754654
vt 0.034687 0.754654
vt 0.713167 0.858708
vt 0.738553 0.858708
vt 0.738553 0.859065
vt 0.713167 0.859065
vt 0.018624 0.728445
vt 0.018624 0.754654
vt 0.018277 0.754654
vt 0.018277 0.728445
vt 0.655465 0.325159
vt 0.655465 0.298949
vt 0.655811 0.298949
vt 0.655811 0.325159
vt 0.713167 0.862911
vt 0.738553 0.862911
vt 0.738553 0.863268
vt 0.713167 0.863268
vt 0.147475 0.728445
vt 0.147475 0.754654
vt 0.147129 0.754654
vt 0.147129 0.728445
vt 0.845163 0.847726
vt 0.870761 0.847726
vt 0.870761 0.848080
vt 0.845163 0.848080
vt 0.845163 0.843558
vt 0.870761 0.843558
vt 0.870761 0.843911
vt 0.845163 0.843911
vt 0.784316 0.325159
vt 0.784316 0.298949
vt 0.784663 0.298949
vt 0.784663 0.325159
vt 0.763939 0.859065
vt 0.763939 0.862911
vt 0.143244 0.728445
vt 0.143244 0.754654
vt 0.896360 0.847726
vt 0.896360 0.843911
vt 0.659827 0.325159
vt 0.659827 0.298949
vt 0.659827 0.338263
vt 0.655811 0.338263
vt 0.143244 0.715340
vt 0.147129 0.715340
vt 0.784316 0.338263
vt 0.784663 0.338263
vt 0.832364 0.843558
vt 0.832364 0.843911
vt 0.832364 0.847726
vt 0.832364 0.848080
vt 0.147475 0.715340
vt 0.700474 0.862911
vt 0.700474 0.863268
vt 0.655465 0.338263
vt 0.018624 0.715340
vt 0.018277 0.715340
vt 0.700474 0.858708
vt 0.700474 0.859065
vt 0.050750 0.715340
vt 0.082876 0.715340
vt 0.752190 0.338263
vt 0.720064 0.338263
vt 0.034687 0.715340
vt 0.687938 0.338263
vt 0.768777 0.338263
vt 0.115002 0.715340
vt 0.082876 0.708788
vt 0.115002 0.708788
vt 0.768777 0.344816
vt 0.752190 0.344816
vt 0.720064 0.344816
vt 0.687938 0.344816
vt 0.034687 0.708788
vt 0.050750 0.708788
vt 0.694128 0.858708
vt 0.694128 0.859065
vt 0.018624 0.708788
vt 0.018277 0.708788
vt 0.655465 0.344816
vt 0.655811 0.344816
vt 0.694128 0.862911
vt 0.694128 0.863268
vt 0.147475 0.708788
vt 0.147129 0.708788
vt 0.825964 0.847726
vt 0.825964 0.848080
vt 0.825964 0.843558
vt 0.825964 0.843911
vt 0.784316 0.344816
vt 0.784663 0.344816
vt 0.143244 0.708788
vt 0.659827 0.344816
vt 0.659827 0.348092
vt 0.655811 0.348092
vt 0.143244 0.705512
vt 0.147129 0.705512
vt 0.784316 0.348092
vt 0.784663 0.348092
vt 0.822765 0.843558
vt 0.822765 0.848080
vt 0.147475 0.705512
vt 0.690955 0.863268
vt 0.655465 0.348092
vt 0.018624 0.705512
vt 0.018277 0.705512
vt 0.690955 0.858708
vt 0.050750 0.705512
vt 0.082876 0.705512
vt 0.752190 0.348092
vt 0.720064 0.348092
vt 0.034687 0.705512
vt 0.687938 0.348092
vt 0.768777 0.348092
vt 0.115002 0.705512
vt 0.768777 0.351368
vt 0.034687 0.702235
vt 0.143244 0.702235
vt 0.659827 0.351368
vt 0.908979 0.847726
vt 0.908979 0.843911
vt 0.776454 0.859065
vt 0.776454 0.862911
vt 0.115002 0.780864
vt 0.082876 0.780864
vt 0.752190 0.272739
vt 0.768777 0.272739
vt 0.687938 0.272739
vt 0.720064 0.272739
vt 0.050750 0.780864
vt 0.034687 0.780864
vt 0.763939 0.858708
vt 0.018624 0.780864
vt 0.018277 0.780864
vt 0.655465 0.272739
vt 0.655811 0.272739
vt 0.763939 0.863268
vt 0.147475 0.780864
vt 0.147129 0.780864
vt 0.896360 0.848080
vt 0.896360 0.843558
vt 0.784316 0.272739
vt 0.784663 0.272739
vt 0.143244 0.780864
vt 0.659827 0.272739
vt 0.782890 0.859065
vt 0.782890 0.862911
vt 0.915469 0.847726
vt 0.915469 0.843911
vt 0.115002 0.793785
vt 0.082876 0.793785
vt 0.752190 0.259818
vt 0.768777 0.259818
vt 0.687938 0.259818
vt 0.720064 0.259818
vt 0.050750 0.793785
vt 0.034687 0.793785
vt 0.776454 0.858708
vt 0.018624 0.793785
vt 0.018277 0.793785
vt 0.655465 0.259818
vt 0.655811 0.259818
vt 0.776454 0.863268
vt 0.147475 0.793785
vt 0.147129 0.793785
vt 0.908979 0.848080
vt 0.908979 0.843558
vt 0.784316 0.259818
vt 0.784663 0.259818
vt 0.143244 0.793785
vt 0.659827 0.259818
vt 0.115002 0.800429
vt 0.082876 0.800429
vt 0.752190 0.253174
vt 0.768777 0.253174
vt 0.687938 0.253174
vt 0.720064 0.253174
vt 0.050750 0.800429
vt 0.034687 0.800429
vt 0.782890 0.858708
vt 0.018624 0.800429
vt 0.018277 0.800429
vt 0.655465 0.253174
vt 0.655811 0.253174
vt 0.782890 0.863268
vt 0.147475 0.800429
vt 0.147129 0.800429
vt 0.915469 0.848080
vt 0.915469 0.843558
vt 0.784316 0.253174
vt 0.784663 0.253174
vt 0.143244 0.800429
vt 0.659827 0.253174
vt 0.671874 0.253174
vt 0.671874 0.249852
vt 0.026655 0.800429
vt 0.026655 0.803751
vt 0.671874 0.259818
vt 0.026655 0.793785
vt 0.671874 0.272739
vt 0.026655 0.780864
vt 0.671874 0.298949
vt 0.026655 0.754654
vt 0.671874 0.348092
vt 0.026655 0.702235
vt 0.026655 0.705512
vt 0.026655 0.708788
vt 0.671874 0.344816
vt 0.671874 0.338263
vt 0.026655 0.715340
vt 0.026655 0.728445
vt 0.671874 0.325159
vt 0.798152 0.858708
vt 0.798152 0.859065
vt 0.026655 0.807073
vt 0.026655 0.807435
vt 0.695982 0.843558
vt 0.695982 0.843911
vt 0.663843 0.351368
vt 0.663843 0.351730
vt 0.695982 0.847726
vt 0.806275 0.863268
vt 0.806275 0.862911
vt 0.671874 0.246530
vt 0.671874 0.246168
vt 0.704174 0.848080
vt 0.034687 0.701873
vt 0.691887 0.843911
vt 0.022639 0.803751
vt 0.022639 0.807073
vt 0.659827 0.351730
vt 0.691887 0.843558
vt 0.022639 0.807435
vt 0.794090 0.858708
vt 0.022639 0.728445
vt 0.022639 0.754654
vt 0.022639 0.715340
vt 0.022639 0.708788
vt 0.022639 0.705512
vt 0.022639 0.780864
vt 0.022639 0.793785
vt 0.022639 0.800429
vt 0.663843 0.253174
vt 0.663843 0.249852
vt 0.663843 0.259818
vt 0.663843 0.272739
vt 0.663843 0.298949
vt 0.663843 0.348092
vt 0.663843 0.344816
vt 0.663843 0.338263
vt 0.663843 0.325159
vt 0.798152 0.863268
vt 0.798152 0.862911
vt 0.663843 0.246530
vt 0.663843 0.246168
vt 0.695982 0.848080
vt 0.026655 0.701873
vt 0.131589 0.800429
vt 0.131589 0.803751
vt 0.776546 0.253174
vt 0.776546 0.249852
vt 0.131589 0.793785
vt 0.776546 0.259818
vt 0.131589 0.780864
vt 0.776546 0.272739
vt 0.131589 0.754654
vt 0.776546 0.298949
vt 0.131589 0.705512
vt 0.776546 0.351368
vt 0.776546 0.348092
vt 0.776546 0.344816
vt 0.131589 0.708788
vt 0.131589 0.715340
vt 0.776546 0.338263
vt 0.776546 0.325159
vt 0.131589 0.728445
vt 0.912144 0.863268
vt 0.912144 0.862911
vt 0.776546 0.246530
vt 0.776546 0.246168
vt 0.810931 0.848080
vt 0.810931 0.847726
vt 0.139359 0.702235
vt 0.139359 0.701873
vt 0.912144 0.859065
vt 0.904286 0.858708
vt 0.131589 0.807073
vt 0.131589 0.807435
vt 0.803007 0.843558
vt 0.803007 0.843911
vt 0.768777 0.351730
vt 0.916074 0.862911
vt 0.780431 0.249852
vt 0.780431 0.246530
vt 0.143244 0.701873
vt 0.814894 0.848080
vt 0.780431 0.246168
vt 0.916074 0.863268
vt 0.780431 0.325159
vt 0.780431 0.298949
vt 0.780431 0.338263
vt 0.780431 0.344816
vt 0.780431 0.348092
vt 0.780431 0.272739
vt 0.780431 0.259818
vt 0.780431 0.253174
vt 0.139359 0.800429
vt 0.139359 0.803751
vt 0.139359 0.793785
vt 0.139359 0.780864
vt 0.139359 0.754654
vt 0.139359 0.705512
vt 0.139359 0.708788
vt 0.139359 0.715340
vt 0.139359 0.728445
vt 0.912144 0.858708
vt 0.139359 0.807073
vt 0.139359 0.807435
vt 0.810931 0.843558
vt 0.810931 0.843911
vt 0.776546 0.351730
vt 0.477981 0.739883
vt 0.482616 0.739883
vt 0.482616 0.766536
vt 0.477981 0.766536
vt 0.431463 0.790115
vt 0.427549 0.790108
vt 0.427597 0.764622
vt 0.431494 0.764624
vt 0.468712 0.739883
vt 0.468712 0.766536
vt 0.423632 0.790094
vt 0.423702 0.764619
vt 0.407914 0.789902
vt 0.403977 0.789821
vt 0.404290 0.764607
vt 0.408154 0.764610
vt 0.450175 0.739883
vt 0.454809 0.739883
vt 0.454809 0.766536
vt 0.450175 0.766536
vt 0.415781 0.790026
vt 0.415919 0.764614
vt 0.459443 0.739883
vt 0.459443 0.766536
vt 0.432017 0.790115
vt 0.432047 0.764625
vt 0.487250 0.739883
vt 0.487250 0.766536
vt 0.432578 0.790115
vt 0.432607 0.764625
vt 0.438469 0.790112
vt 0.438480 0.764630
vt 0.439029 0.790111
vt 0.439040 0.764630
vt 0.487907 0.739883
vt 0.487907 0.766536
vt 0.399680 0.789701
vt 0.400001 0.764611
vt 0.400439 0.764610
vt 0.400075 0.789708
vt 0.574173 0.953664
vt 0.600564 0.953664
vt 0.600564 0.954028
vt 0.574173 0.954028
vt 0.574173 0.949381
vt 0.600564 0.949381
vt 0.600564 0.949746
vt 0.574173 0.949746
vt 0.449834 0.766536
vt 0.449834 0.739883
vt 0.626955 0.953664
vt 0.626955 0.949746
vt 0.403832 0.802964
vt 0.399829 0.802969
vt 0.450175 0.726556
vt 0.449834 0.726556
vt 0.560978 0.949381
vt 0.560978 0.949746
vt 0.560978 0.953664
vt 0.560978 0.954028
vt 0.399465 0.802967
vt 0.487250 0.726556
vt 0.487907 0.726556
vt 0.439077 0.802901
vt 0.438515 0.802904
vt 0.432607 0.802930
vt 0.432044 0.802932
vt 0.482616 0.726556
vt 0.431487 0.802934
vt 0.459443 0.726556
vt 0.468712 0.726556
vt 0.423625 0.802955
vt 0.415736 0.802967
vt 0.454809 0.726556
vt 0.407817 0.802968
vt 0.427559 0.802947
vt 0.477981 0.726556
vt 0.477981 0.719893
vt 0.482616 0.719893
vt 0.431518 0.809356
vt 0.427585 0.809378
vt 0.468712 0.719893
vt 0.423647 0.809398
vt 0.407820 0.809471
vt 0.403838 0.809486
vt 0.450175 0.719893
vt 0.454809 0.719893
vt 0.415750 0.809437
vt 0.459443 0.719893
vt 0.432075 0.809353
vt 0.487250 0.719893
vt 0.432639 0.809350
vt 0.438554 0.809313
vt 0.439117 0.809309
vt 0.487907 0.719893
vt 0.399482 0.809507
vt 0.399843 0.809505
vt 0.554380 0.953664
vt 0.554380 0.954028
vt 0.554380 0.949381
vt 0.554380 0.949746
vt 0.449834 0.719893
vt 0.403853 0.812743
vt 0.399863 0.812767
vt 0.450175 0.716561
vt 0.449834 0.716561
vt 0.551081 0.949381
vt 0.551081 0.954028
vt 0.399503 0.812770
vt 0.487250 0.716561
vt 0.487907 0.716561
vt 0.439140 0.812516
vt 0.438577 0.812521
vt 0.432660 0.812562
vt 0.432096 0.812565
vt 0.482616 0.716561
vt 0.431538 0.812569
vt 0.459443 0.716561
vt 0.468712 0.716561
vt 0.423665 0.812622
vt 0.415766 0.812672
vt 0.454809 0.716561
vt 0.407834 0.812720
vt 0.427605 0.812596
vt 0.477981 0.716561
vt 0.640151 0.953664
vt 0.640151 0.949746
vt 0.482615 0.793190
vt 0.477981 0.793190
vt 0.427591 0.739138
vt 0.431503 0.739132
vt 0.468712 0.793190
vt 0.423678 0.739151
vt 0.404037 0.739416
vt 0.407972 0.739341
vt 0.454809 0.793190
vt 0.450175 0.793190
vt 0.415836 0.739218
vt 0.459443 0.793190
vt 0.432057 0.739132
vt 0.487250 0.793190
vt 0.432619 0.739132
vt 0.438510 0.739137
vt 0.439071 0.739138
vt 0.487907 0.793190
vt 0.399737 0.739537
vt 0.400131 0.739531
vt 0.626955 0.954028
vt 0.626955 0.949381
vt 0.449834 0.793190
vt 0.646749 0.953664
vt 0.646749 0.949746
vt 0.482615 0.806517
vt 0.477981 0.806517
vt 0.427588 0.726306
vt 0.431516 0.726314
vt 0.468712 0.806517
vt 0.423656 0.726301
vt 0.403890 0.726293
vt 0.407866 0.726293
vt 0.454809 0.806517
vt 0.450175 0.806517
vt 0.415774 0.726295
vt 0.459443 0.806517
vt 0.432072 0.726316
vt 0.487250 0.806517
vt 0.432635 0.726317
vt 0.438544 0.726335
vt 0.439107 0.726337
vt 0.487907 0.806517
vt 0.399536 0.726295
vt 0.399899 0.726293
vt 0.640151 0.954028
vt 0.640151 0.949381
vt 0.449834 0.806517
vt 0.482615 0.813180
vt 0.477981 0.813180
vt 0.427606 0.719879
vt 0.431536 0.719894
vt 0.468712 0.813180
vt 0.423671 0.719864
vt 0.403898 0.719789
vt 0.407870 0.719804
vt 0.454809 0.813180
vt 0.450175 0.813180
vt 0.415785 0.719834
vt 0.459443 0.813180
vt 0.432093 0.719897
vt 0.487250 0.813180
vt 0.432657 0.719899
vt 0.438571 0.719924
vt 0.439134 0.719926
vt 0.487907 0.813180
vt 0.399554 0.719767
vt 0.399914 0.719769
vt 0.646749 0.954028
vt 0.646749 0.949381
vt 0.449834 0.813180
vt 0.806367 0.044474
vt 0.810320 0.044474
vt 0.810320 0.070276
vt 0.806367 0.070276
vt 0.777770 0.788244
vt 0.773817 0.788244
vt 0.773817 0.762442
vt 0.777770 0.762442
vt 0.798462 0.044474
vt 0.798462 0.070276
vt 0.769865 0.788244
vt 0.769865 0.762442
vt 0.782651 0.044474
vt 0.782651 0.070276
vt 0.761959 0.788244
vt 0.761959 0.762442
vt 0.751030 0.044474
vt 0.751030 0.070276
vt 0.746149 0.788244
vt 0.746149 0.762442
vt 0.659190 0.788244
vt 0.655238 0.788244
vt 0.655238 0.762442
vt 0.659190 0.762442
vt 0.687787 0.044474
vt 0.691740 0.044474
vt 0.691740 0.070276
vt 0.687787 0.070276
vt 0.667096 0.788244
vt 0.667096 0.762442
vt 0.695693 0.044474
vt 0.695693 0.070276
vt 0.682906 0.788244
vt 0.682906 0.762442
vt 0.703598 0.044474
vt 0.703598 0.070276
vt 0.714527 0.788244
vt 0.714527 0.762442
vt 0.719409 0.044474
vt 0.719409 0.070276
vt 0.219676 0.951221
vt 0.194510 0.951221
vt 0.194510 0.950861
vt 0.219676 0.950861
vt 0.687435 0.070276
vt 0.687435 0.044474
vt 0.650933 0.788244
vt 0.650933 0.762442
vt 0.651285 0.762442
vt 0.651285 0.788244
vt 0.219676 0.947046
vt 0.194510 0.947046
vt 0.194510 0.946685
vt 0.219676 0.946685
vt 0.814624 0.044474
vt 0.814624 0.070276
vt 0.814272 0.070276
vt 0.814272 0.044474
vt 0.583091 0.934664
vt 0.557400 0.934664
vt 0.557400 0.934310
vt 0.583091 0.934310
vt 0.583091 0.938754
vt 0.557400 0.938754
vt 0.557400 0.938401
vt 0.583091 0.938401
vt 0.778122 0.762442
vt 0.778122 0.788244
vt 0.169344 0.950861
vt 0.169344 0.947046
vt 0.531708 0.934664
vt 0.531708 0.938401
vt 0.518863 0.934664
vt 0.518863 0.938401
vt 0.156761 0.950861
vt 0.156761 0.947046
vt 0.810320 0.096077
vt 0.806367 0.096077
vt 0.773817 0.736640
vt 0.777770 0.736640
vt 0.798462 0.096077
vt 0.769865 0.736640
vt 0.782651 0.096077
vt 0.761959 0.736640
vt 0.751030 0.096077
vt 0.746149 0.736640
vt 0.655238 0.736640
vt 0.659190 0.736640
vt 0.691740 0.096077
vt 0.687787 0.096077
vt 0.667096 0.736640
vt 0.695693 0.096077
vt 0.682906 0.736640
vt 0.703598 0.096077
vt 0.714527 0.736640
vt 0.719409 0.096077
vt 0.169344 0.951221
vt 0.687435 0.096077
vt 0.650933 0.736640
vt 0.651285 0.736640
vt 0.169344 0.946685
vt 0.814624 0.096077
vt 0.814272 0.096077
vt 0.531708 0.934310
vt 0.531708 0.938754
vt 0.778122 0.736640
vt 0.150469 0.950861
vt 0.150469 0.947046
vt 0.512440 0.934664
vt 0.512440 0.938401
vt 0.810320 0.108978
vt 0.806367 0.108978
vt 0.773817 0.723740
vt 0.777770 0.723740
vt 0.798462 0.108978
vt 0.769865 0.723740
vt 0.782651 0.108978
vt 0.761959 0.723740
vt 0.751030 0.108978
vt 0.746149 0.723740
vt 0.655238 0.723740
vt 0.659190 0.723740
vt 0.691740 0.108978
vt 0.687787 0.108978
vt 0.667096 0.723740
vt 0.695693 0.108978
vt 0.682906 0.723740
vt 0.703598 0.108978
vt 0.714527 0.723740
vt 0.719409 0.108978
vt 0.156761 0.951221
vt 0.687435 0.108978
vt 0.650933 0.723740
vt 0.651285 0.723740
vt 0.156761 0.946685
vt 0.814624 0.108978
vt 0.814272 0.108978
vt 0.518863 0.934310
vt 0.518863 0.938754
vt 0.778122 0.723740
vt 0.810320 0.115429
vt 0.806367 0.115429
vt 0.773817 0.717289
vt 0.777770 0.717289
vt 0.798462 0.115429
vt 0.769865 0.717289
vt 0.782651 0.115429
vt 0.761959 0.717289
vt 0.751030 0.115429
vt 0.746149 0.717289
vt 0.655238 0.717289
vt 0.659190 0.717289
vt 0.691740 0.115429
vt 0.687787 0.115429
vt 0.667096 0.717289
vt 0.695693 0.115429
vt 0.682906 0.717289
vt 0.703598 0.115429
vt 0.714527 0.717289
vt 0.719409 0.115429
vt 0.150469 0.951221
vt 0.687435 0.115429
vt 0.650933 0.717289
vt 0.651285 0.717289
vt 0.150469 0.946685
vt 0.814624 0.115429
vt 0.814272 0.115429
vt 0.512440 0.934310
vt 0.512440 0.938754
vt 0.778122 0.717289
vt 0.655238 0.801145
vt 0.651285 0.801145
vt 0.810320 0.031573
vt 0.814272 0.031573
vt 0.777770 0.801145
vt 0.778122 0.801145
vt 0.595936 0.938754
vt 0.595936 0.938401
vt 0.595936 0.934664
vt 0.595936 0.934310
vt 0.814624 0.031573
vt 0.232259 0.947046
vt 0.232259 0.946685
vt 0.650933 0.801145
vt 0.687787 0.031573
vt 0.687435 0.031573
vt 0.232259 0.951221
vt 0.232259 0.950861
vt 0.719409 0.031573
vt 0.751030 0.031573
vt 0.746149 0.801145
vt 0.714527 0.801145
vt 0.703598 0.031573
vt 0.682906 0.801145
vt 0.695693 0.031573
vt 0.667096 0.801145
vt 0.691740 0.031573
vt 0.659190 0.801145
vt 0.761959 0.801145
vt 0.782651 0.031573
vt 0.769865 0.801145
vt 0.798462 0.031573
vt 0.773817 0.801145
vt 0.806367 0.031573
vt 0.806367 0.025122
vt 0.810320 0.025122
vt 0.777770 0.807596
vt 0.773817 0.807596
vt 0.798462 0.025122
vt 0.769865 0.807596
vt 0.782651 0.025122
vt 0.761959 0.807596
vt 0.751030 0.025122
vt 0.746149 0.807596
vt 0.659190 0.807596
vt 0.655238 0.807596
vt 0.687787 0.025122
vt 0.691740 0.025122
vt 0.667096 0.807596
vt 0.695693 0.025122
vt 0.682906 0.807596
vt 0.703598 0.025122
vt 0.714527 0.807596
vt 0.719409 0.025122
vt 0.238550 0.951221
vt 0.238550 0.950861
vt 0.687435 0.025122
vt 0.650933 0.807596
vt 0.651285 0.807596
vt 0.238550 0.947046
vt 0.238550 0.946685
vt 0.814624 0.025122
vt 0.814272 0.025122
vt 0.602359 0.934664
vt 0.602359 0.934310
vt 0.602359 0.938754
vt 0.602359 0.938401
vt 0.778122 0.807596
vt 0.655238 0.810821
vt 0.651285 0.810821
vt 0.810320 0.021897
vt 0.814272 0.021897
vt 0.777770 0.810821
vt 0.778122 0.810821
vt 0.605571 0.938754
vt 0.605571 0.934310
vt 0.814624 0.021897
vt 0.241696 0.946685
vt 0.650933 0.810821
vt 0.687787 0.021897
vt 0.687435 0.021897
vt 0.241696 0.951221
vt 0.719409 0.021897
vt 0.751030 0.021897
vt 0.746149 0.810821
vt 0.714527 0.810821
vt 0.703598 0.021897
vt 0.682906 0.810821
vt 0.695693 0.021897
vt 0.667096 0.810821
vt 0.691740 0.021897
vt 0.659190 0.810821
vt 0.761959 0.810821
vt 0.782651 0.021897
vt 0.769865 0.810821
vt 0.798462 0.021897
vt 0.773817 0.810821
vt 0.806367 0.021897
vt 0.303857 0.918679
vt 0.337959 0.918679
vt 0.337959 0.919035
vt 0.303857 0.919035
vt 0.605797 0.598666
vt 0.571642 0.598666
vt 0.571642 0.598309
vt 0.605797 0.598309
vt 0.155746 0.916509
vt 0.189971 0.916509
vt 0.189971 0.916864
vt 0.155746 0.916864
vt 0.455674 0.598670
vt 0.421519 0.598670
vt 0.421519 0.598313
vt 0.455674 0.598313
vt 0.372061 0.923163
vt 0.337959 0.923163
vt 0.337959 0.922806
vt 0.372061 0.922806
vt 0.387363 0.701877
vt 0.421519 0.701877
vt 0.421519 0.702234
vt 0.387363 0.702234
vt 0.224196 0.920976
vt 0.189971 0.920976
vt 0.189971 0.920621
vt 0.224196 0.920621
vt 0.537486 0.701873
vt 0.571642 0.701873
vt 0.571642 0.702230
vt 0.537486 0.702230
vt 0.387363 0.698652
vt 0.421519 0.698652
vt 0.605797 0.601891
vt 0.571642 0.601891
vt 0.224196 0.916864
vt 0.303857 0.922806
vt 0.286805 0.922806
vt 0.286805 0.919035
vt 0.622875 0.601891
vt 0.622875 0.598666
vt 0.472752 0.598670
vt 0.472752 0.598313
vt 0.138633 0.916509
vt 0.138633 0.916864
vt 0.622875 0.598309
vt 0.286805 0.918679
vt 0.303857 0.923163
vt 0.455674 0.701877
vt 0.455674 0.702234
vt 0.155746 0.920976
vt 0.155746 0.920621
vt 0.605797 0.701873
vt 0.605797 0.702230
vt 0.455674 0.698652
vt 0.278280 0.918679
vt 0.278280 0.919035
vt 0.631414 0.598666
vt 0.631414 0.598309
vt 0.130077 0.916509
vt 0.130077 0.916864
vt 0.481291 0.598670
vt 0.481291 0.598313
vt 0.631414 0.601891
vt 0.278280 0.922806
vt 0.286805 0.923163
vt 0.472752 0.701877
vt 0.472752 0.702234
vt 0.138633 0.920976
vt 0.138633 0.920621
vt 0.622875 0.701873
vt 0.622875 0.702230
vt 0.472752 0.698652
vt 0.274017 0.919035
vt 0.635683 0.601891
vt 0.635683 0.598666
vt 0.485560 0.598670
vt 0.485560 0.598313
vt 0.125799 0.916509
vt 0.635683 0.598309
vt 0.274017 0.918679
vt 0.278280 0.923163
vt 0.481291 0.701877
vt 0.481291 0.702234
vt 0.130077 0.920976
vt 0.130077 0.920621
vt 0.631414 0.701873
vt 0.631414 0.702229
vt 0.481291 0.698652
vt 0.241308 0.916864
vt 0.241308 0.920621
vt 0.370286 0.698652
vt 0.370286 0.701877
vt 0.520409 0.701873
vt 0.520409 0.702230
vt 0.241308 0.920976
vt 0.370286 0.702234
vt 0.389113 0.923163
vt 0.389113 0.922806
vt 0.372061 0.918679
vt 0.372061 0.919035
vt 0.537486 0.598666
vt 0.537486 0.598309
vt 0.224196 0.916509
vt 0.387363 0.598670
vt 0.387363 0.598313
vt 0.537486 0.601891
vt 0.397638 0.923163
vt 0.397638 0.922806
vt 0.361747 0.701877
vt 0.361747 0.702234
vt 0.249865 0.920976
vt 0.249865 0.920621
vt 0.511870 0.701873
vt 0.511870 0.702230
vt 0.361747 0.698652
vt 0.249865 0.916864
vt 0.389113 0.918679
vt 0.389113 0.919035
vt 0.520409 0.598666
vt 0.520409 0.598309
vt 0.241308 0.916509
vt 0.370286 0.598670
vt 0.370286 0.598313
vt 0.520409 0.601891
vt 0.254143 0.920621
vt 0.357477 0.698652
vt 0.357477 0.701877
vt 0.507600 0.701873
vt 0.507600 0.702230
vt 0.254143 0.920976
vt 0.357477 0.702234
vt 0.401901 0.923163
vt 0.397638 0.918679
vt 0.397638 0.919035
vt 0.511870 0.598666
vt 0.511870 0.598309
vt 0.249865 0.916509
vt 0.361747 0.598670
vt 0.361747 0.598313
vt 0.511870 0.601891
vt 0.511870 0.676071
vt 0.507600 0.676071
vt 0.507600 0.650269
vt 0.511870 0.650269
vt 0.353208 0.624472
vt 0.357477 0.624472
vt 0.357477 0.650273
vt 0.353208 0.650273
vt 0.520409 0.676071
vt 0.520409 0.650269
vt 0.361747 0.624472
vt 0.361747 0.650273
vt 0.537486 0.676071
vt 0.537486 0.650269
vt 0.370286 0.624472
vt 0.370286 0.650273
vt 0.571642 0.676071
vt 0.571642 0.650269
vt 0.387363 0.624472
vt 0.387363 0.650273
vt 0.481291 0.624472
vt 0.485560 0.624472
vt 0.485560 0.650273
vt 0.481291 0.650273
vt 0.639952 0.676071
vt 0.635683 0.676071
vt 0.635683 0.650269
vt 0.639952 0.650269
vt 0.472752 0.624472
vt 0.472752 0.650273
vt 0.631414 0.676071
vt 0.631414 0.650269
vt 0.455674 0.624472
vt 0.455674 0.650273
vt 0.622875 0.676071
vt 0.622875 0.650269
vt 0.421519 0.624472
vt 0.421519 0.650273
vt 0.605797 0.676071
vt 0.605797 0.650269
vt 0.483230 0.923163
vt 0.457776 0.923163
vt 0.457776 0.922806
vt 0.483230 0.922806
vt 0.352856 0.650273
vt 0.352856 0.624472
vt 0.502979 0.676071
vt 0.502979 0.650269
vt 0.503331 0.650269
vt 0.503331 0.676071
vt 0.483230 0.919035
vt 0.457776 0.919035
vt 0.457776 0.918679
vt 0.483230 0.918679
vt 0.490182 0.624472
vt 0.490182 0.650273
vt 0.489830 0.650273
vt 0.489830 0.624472
vt 0.095268 0.916864
vt 0.069722 0.916864
vt 0.069722 0.916509
vt 0.095268 0.916509
vt 0.095268 0.920976
vt 0.069722 0.920976
vt 0.069722 0.920621
vt 0.095268 0.920621
vt 0.640305 0.650269
vt 0.640305 0.676071
vt 0.432322 0.922806
vt 0.432322 0.919035
vt 0.044176 0.916864
vt 0.044176 0.920621
vt 0.031403 0.916864
vt 0.031403 0.920621
vt 0.419594 0.922806
vt 0.419594 0.919035
vt 0.507600 0.624468
vt 0.511870 0.624468
vt 0.357477 0.676075
vt 0.353208 0.676075
vt 0.520409 0.624468
vt 0.361747 0.676075
vt 0.537486 0.624468
vt 0.370286 0.676075
vt 0.571642 0.624468
vt 0.387363 0.676075
vt 0.485560 0.676075
vt 0.481291 0.676075
vt 0.635683 0.624468
vt 0.639952 0.624468
vt 0.472752 0.676075
vt 0.631414 0.624468
vt 0.455674 0.676075
vt 0.622875 0.624468
vt 0.421519 0.676075
vt 0.605797 0.624468
vt 0.432322 0.923163
vt 0.352856 0.676075
vt 0.502979 0.624468
vt 0.503331 0.624468
vt 0.432322 0.918679
vt 0.490182 0.676075
vt 0.489830 0.676075
vt 0.044176 0.916509
vt 0.044176 0.920976
vt 0.640305 0.624468
vt 0.413231 0.922806
vt 0.413231 0.919035
vt 0.025016 0.916864
vt 0.025016 0.920621
vt 0.507600 0.611566
vt 0.511870 0.611566
vt 0.357477 0.688976
vt 0.353208 0.688976
vt 0.520409 0.611566
vt 0.361747 0.688976
vt 0.537486 0.611566
vt 0.370286 0.688976
vt 0.571642 0.611566
vt 0.387363 0.688976
vt 0.485560 0.688976
vt 0.481291 0.688976
vt 0.635683 0.611566
vt 0.639952 0.611566
vt 0.472752 0.688976
vt 0.631414 0.611566
vt 0.455674 0.688976
vt 0.622875 0.611566
vt 0.421519 0.688976
vt 0.605797 0.611566
vt 0.419594 0.923163
vt 0.352856 0.688976
vt 0.502979 0.611566
vt 0.503331 0.611566
vt 0.419594 0.918679
vt 0.490182 0.688976
vt 0.489830 0.688976
vt 0.031403 0.916509
vt 0.031403 0.920976
vt 0.640305 0.611566
vt 0.507600 0.605116
vt 0.511870 0.605116
vt 0.357477 0.695427
vt 0.353208 0.695427
vt 0.520409 0.605116
vt 0.361747 0.695427
vt 0.537486 0.605116
vt 0.370286 0.695427
vt 0.571642 0.605116
vt 0.387363 0.695427
vt 0.485560 0.695427
vt 0.481291 0.695427
vt 0.635683 0.605116
vt 0.639952 0.605116
vt 0.472752 0.695427
vt 0.631414 0.605116
vt 0.455674 0.695427
vt 0.622875 0.605116
vt 0.421519 0.695427
vt 0.605797 0.605116
vt 0.413231 0.923163
vt 0.352856 0.695427
vt 0.502979 0.605116
vt 0.503331 0.605116
vt 0.413231 0.918679
vt 0.490182 0.695427
vt 0.489830 0.695427
vt 0.025016 0.916509
vt 0.025016 0.920976
vt 0.640305 0.605116
vt 0.507600 0.688972
vt 0.503331 0.688972
vt 0.485560 0.611571
vt 0.489830 0.611571
vt 0.639952 0.688972
vt 0.640305 0.688972
vt 0.108041 0.920976
vt 0.108041 0.920621
vt 0.108041 0.916864
vt 0.108041 0.916509
vt 0.490182 0.611571
vt 0.495957 0.919035
vt 0.495957 0.918679
vt 0.502979 0.688972
vt 0.353208 0.611571
vt 0.352856 0.611571
vt 0.495957 0.923163
vt 0.495957 0.922806
vt 0.387363 0.611571
vt 0.421519 0.611571
vt 0.605797 0.688972
vt 0.571642 0.688972
vt 0.622875 0.688972
vt 0.455674 0.611571
vt 0.631414 0.688972
vt 0.472752 0.611571
vt 0.635683 0.688972
vt 0.481291 0.611571
vt 0.370286 0.611571
vt 0.537486 0.688972
vt 0.361747 0.611571
vt 0.520409 0.688972
vt 0.357477 0.611571
vt 0.511870 0.688972
vt 0.511870 0.695423
vt 0.507600 0.695423
vt 0.353208 0.605120
vt 0.357477 0.605120
vt 0.520409 0.695423
vt 0.361747 0.605120
vt 0.537486 0.695423
vt 0.370286 0.605120
vt 0.571642 0.695423
vt 0.387363 0.605120
vt 0.481291 0.605120
vt 0.485560 0.605120
vt 0.639952 0.695423
vt 0.635683 0.695423
vt 0.472752 0.605120
vt 0.631414 0.695423
vt 0.455674 0.605120
vt 0.622875 0.695423
vt 0.421519 0.605120
vt 0.605797 0.695423
vt 0.502321 0.923163
vt 0.502321 0.922806
vt 0.352856 0.605120
vt 0.502979 0.695423
vt 0.503331 0.695423
vt 0.502321 0.919035
vt 0.502321 0.918679
vt 0.490182 0.605120
vt 0.489830 0.605120
vt 0.114428 0.916864
vt 0.114428 0.916509
vt 0.114428 0.920976
vt 0.114428 0.920621
vt 0.640305 0.695423
vt 0.507600 0.698648
vt 0.503331 0.698648
vt 0.485560 0.601895
vt 0.489830 0.601895
vt 0.639952 0.698648
vt 0.640305 0.698648
vt 0.117621 0.920976
vt 0.117621 0.916509
vt 0.490182 0.601895
vt 0.505503 0.918679
vt 0.502979 0.698648
vt 0.353208 0.601895
vt 0.352856 0.601895
vt 0.505503 0.923163
vt 0.387363 0.601895
vt 0.421519 0.601895
vt 0.605797 0.698648
vt 0.571642 0.698648
vt 0.622875 0.698648
vt 0.455674 0.601895
vt 0.631414 0.698648
vt 0.472752 0.601895
vt 0.635683 0.698648
vt 0.481291 0.601895
vt 0.370286 0.601895
vt 0.537486 0.698648
vt 0.361747 0.601895
vt 0.520409 0.698648
vt 0.357477 0.601895
vt 0.511870 0.698648
vt 0.810726 0.919023
vt 0.847404 0.918883
vt 0.847550 0.919236
vt 0.810886 0.919376
vt 0.459079 0.364514
vt 0.423785 0.364514
vt 0.423785 0.364146
vt 0.459079 0.364146
vt 0.704235 0.888722
vt 0.740771 0.888722
vt 0.740771 0.889075
vt 0.704235 0.889075
vt 0.459079 0.246536
vt 0.423785 0.246536
vt 0.423785 0.246168
vt 0.459079 0.246168
vt 0.885905 0.923163
vt 0.849227 0.923303
vt 0.849081 0.922949
vt 0.885745 0.922809
vt 0.388491 0.353150
vt 0.423785 0.353150
vt 0.423785 0.353518
vt 0.388491 0.353518
vt 0.777306 0.893313
vt 0.740771 0.893313
vt 0.740771 0.892960
vt 0.777306 0.892960
vt 0.388491 0.471128
vt 0.423785 0.471128
vt 0.423785 0.471496
vt 0.388491 0.471496
vt 0.388491 0.349819
vt 0.423785 0.349819
vt 0.459079 0.367846
vt 0.423785 0.367846
vt 0.777306 0.889075
vt 0.812417 0.923089
vt 0.794085 0.923159
vt 0.792554 0.919446
vt 0.476726 0.367846
vt 0.476726 0.364514
vt 0.476726 0.246536
vt 0.476726 0.246168
vt 0.685968 0.888722
vt 0.685968 0.889075
vt 0.476726 0.364146
vt 0.792387 0.919092
vt 0.812549 0.923443
vt 0.459079 0.353150
vt 0.459079 0.353518
vt 0.704235 0.893313
vt 0.704235 0.892960
vt 0.459079 0.471128
vt 0.459079 0.471496
vt 0.459079 0.349819
vt 0.783218 0.919127
vt 0.783388 0.919481
vt 0.485550 0.364514
vt 0.485550 0.364146
vt 0.676834 0.888722
vt 0.676834 0.889075
vt 0.485550 0.246536
vt 0.485550 0.246168
vt 0.485550 0.367846
vt 0.784919 0.923194
vt 0.794210 0.923513
vt 0.476726 0.353150
vt 0.476726 0.353518
vt 0.685968 0.893313
vt 0.685968 0.892960
vt 0.476726 0.471128
vt 0.476726 0.471496
vt 0.476726 0.349819
vt 0.778805 0.919498
vt 0.489962 0.367846
vt 0.489962 0.364514
vt 0.489962 0.246536
vt 0.489962 0.246168
vt 0.672267 0.888722
vt 0.489962 0.364146
vt 0.778633 0.919145
vt 0.785040 0.923548
vt 0.485550 0.353150
vt 0.485550 0.353518
vt 0.676834 0.893313
vt 0.676834 0.892960
vt 0.485550 0.471128
vt 0.485550 0.471496
vt 0.485550 0.349819
vt 0.797975 0.889075
vt 0.797975 0.892960
vt 0.368525 0.349819
vt 0.368525 0.353150
vt 0.368524 0.471128
vt 0.368524 0.471496
vt 0.797975 0.893313
vt 0.368525 0.353518
vt 0.906654 0.923084
vt 0.906486 0.922730
vt 0.884082 0.918743
vt 0.884214 0.919096
vt 0.388491 0.364514
vt 0.388491 0.364146
vt 0.777306 0.888722
vt 0.388491 0.246536
vt 0.388491 0.246168
vt 0.388491 0.367846
vt 0.914898 0.923052
vt 0.914727 0.922699
vt 0.360592 0.353150
vt 0.360592 0.353518
vt 0.806187 0.893313
vt 0.806187 0.892960
vt 0.360592 0.471128
vt 0.360592 0.471496
vt 0.360592 0.349819
vt 0.806187 0.889075
vt 0.904832 0.918663
vt 0.904955 0.919017
vt 0.368525 0.364514
vt 0.368525 0.364146
vt 0.797975 0.888722
vt 0.368525 0.246536
vt 0.368525 0.246168
vt 0.368524 0.367846
vt 0.810014 0.892960
vt 0.356894 0.349819
vt 0.356894 0.353150
vt 0.356894 0.471128
vt 0.356894 0.471496
vt 0.810014 0.893313
vt 0.356894 0.353518
vt 0.918741 0.923038
vt 0.913075 0.918632
vt 0.913196 0.918986
vt 0.360592 0.364514
vt 0.360592 0.364146
vt 0.806187 0.888722
vt 0.360592 0.246536
vt 0.360592 0.246168
vt 0.360592 0.367846
vt 0.360592 0.444475
vt 0.356894 0.444475
vt 0.356894 0.417821
vt 0.360592 0.417821
vt 0.353197 0.273190
vt 0.356894 0.273190
vt 0.356894 0.299843
vt 0.353197 0.299843
vt 0.368524 0.444475
vt 0.368524 0.417821
vt 0.360592 0.273190
vt 0.360592 0.299843
vt 0.388491 0.444475
vt 0.388491 0.417821
vt 0.368525 0.273190
vt 0.368525 0.299843
vt 0.423785 0.444475
vt 0.423785 0.417821
vt 0.388491 0.273190
vt 0.388491 0.299843
vt 0.485550 0.273190
vt 0.489962 0.273190
vt 0.489962 0.299843
vt 0.485550 0.299843
vt 0.494373 0.444475
vt 0.489962 0.444475
vt 0.489962 0.417821
vt 0.494373 0.417821
vt 0.476726 0.273190
vt 0.476726 0.299843
vt 0.485550 0.444475
vt 0.485550 0.417821
vt 0.459079 0.273190
vt 0.459079 0.299843
vt 0.476726 0.444475
vt 0.476726 0.417821
vt 0.423785 0.273190
vt 0.423785 0.299843
vt 0.459079 0.444475
vt 0.459079 0.417821
vt 0.743065 0.954189
vt 0.716943 0.954189
vt 0.716943 0.953828
vt 0.743065 0.953828
vt 0.352856 0.299843
vt 0.352856 0.273190
vt 0.352856 0.444475
vt 0.352856 0.417821
vt 0.353197 0.417821
vt 0.353197 0.444475
vt 0.743065 0.949855
vt 0.716943 0.949855
vt 0.716943 0.949494
vt 0.743065 0.949494
vt 0.494714 0.273190
vt 0.494714 0.299843
vt 0.494374 0.299843
vt 0.494374 0.273190
vt 0.641442 0.889075
vt 0.615893 0.889075
vt 0.615893 0.888722
vt 0.641442 0.888722
vt 0.641442 0.893313
vt 0.615893 0.893313
vt 0.615893 0.892960
vt 0.641442 0.892960
vt 0.494714 0.417821
vt 0.494714 0.444475
vt 0.590344 0.889075
vt 0.590344 0.892960
vt 0.690821 0.953828
vt 0.690821 0.949855
vt 0.677761 0.953828
vt 0.677761 0.949855
vt 0.577570 0.889075
vt 0.577570 0.892960
vt 0.356894 0.391168
vt 0.360592 0.391168
vt 0.356894 0.326497
vt 0.353197 0.326497
vt 0.368524 0.391168
vt 0.360592 0.326497
vt 0.388491 0.391168
vt 0.368525 0.326497
vt 0.423785 0.391168
vt 0.388491 0.326497
vt 0.489962 0.326497
vt 0.485550 0.326497
vt 0.489962 0.391168
vt 0.494373 0.391168
vt 0.476726 0.326497
vt 0.485550 0.391168
vt 0.459079 0.326497
vt 0.476726 0.391168
vt 0.423785 0.326497
vt 0.459079 0.391168
vt 0.690821 0.954189
vt 0.352856 0.326497
vt 0.352856 0.391168
vt 0.353197 0.391168
vt 0.690821 0.949494
vt 0.494714 0.326497
vt 0.494374 0.326497
vt 0.590344 0.888722
vt 0.590344 0.893313
vt 0.494714 0.391168
vt 0.571183 0.889075
vt 0.571183 0.892960
vt 0.671230 0.953828
vt 0.671230 0.949855
vt 0.356894 0.377841
vt 0.360592 0.377841
vt 0.356894 0.339823
vt 0.353197 0.339823
vt 0.368524 0.377841
vt 0.360592 0.339823
vt 0.388491 0.377841
vt 0.368525 0.339823
vt 0.423785 0.377841
vt 0.388491 0.339823
vt 0.489962 0.339823
vt 0.485550 0.339823
vt 0.489962 0.377841
vt 0.494373 0.377841
vt 0.476726 0.339823
vt 0.485550 0.377841
vt 0.459079 0.339823
vt 0.476726 0.377841
vt 0.423785 0.339823
vt 0.459079 0.377841
vt 0.677761 0.954189
vt 0.352856 0.339823
vt 0.352856 0.377841
vt 0.353197 0.377841
vt 0.677761 0.949494
vt 0.494714 0.339823
vt 0.494374 0.339823
vt 0.577570 0.888722
vt 0.577570 0.893313
vt 0.494714 0.377841
vt 0.356894 0.371177
vt 0.360592 0.371177
vt 0.356894 0.346487
vt 0.353197 0.346487
vt 0.368524 0.371177
vt 0.360592 0.346487
vt 0.388491 0.371177
vt 0.368525 0.346487
vt 0.423785 0.371177
vt 0.388491 0.346487
vt 0.489962 0.346487
vt 0.485550 0.346487
vt 0.489962 0.371177
vt 0.494373 0.371177
vt 0.476726 0.346487
vt 0.485550 0.371177
vt 0.459079 0.346487
vt 0.476726 0.371177
vt 0.423785 0.346487
vt 0.459079 0.371177
vt 0.671230 0.954189
vt 0.352856 0.346487
vt 0.352856 0.371177
vt 0.353197 0.371177
vt 0.671230 0.949494
vt 0.494714 0.346487
vt 0.494374 0.346487
vt 0.571183 0.888722
vt 0.571183 0.893313
vt 0.494714 0.371177
vt 0.356894 0.457801
vt 0.353197 0.457801
vt 0.489962 0.259863
vt 0.494374 0.259863
vt 0.494373 0.457801
vt 0.494714 0.457801
vt 0.654216 0.893313
vt 0.654216 0.892960
vt 0.654216 0.889075
vt 0.654216 0.888722
vt 0.494714 0.259863
vt 0.756126 0.949855
vt 0.756126 0.949494
vt 0.352856 0.457801
vt 0.353197 0.259863
vt 0.352856 0.259863
vt 0.756126 0.954189
vt 0.756126 0.953828
vt 0.388491 0.259863
vt 0.423785 0.259863
vt 0.459079 0.457801
vt 0.423785 0.457801
vt 0.476726 0.457801
vt 0.459079 0.259863
vt 0.485550 0.457801
vt 0.476726 0.259863
vt 0.489962 0.457801
vt 0.485550 0.259863
vt 0.368525 0.259863
vt 0.388491 0.457801
vt 0.360592 0.259863
vt 0.368524 0.457801
vt 0.356894 0.259863
vt 0.360592 0.457801
vt 0.360592 0.464465
vt 0.356894 0.464465
vt 0.353197 0.253200
vt 0.356894 0.253200
vt 0.368524 0.464465
vt 0.360592 0.253200
vt 0.388491 0.464465
vt 0.368525 0.253200
vt 0.423785 0.464465
vt 0.388491 0.253200
vt 0.485550 0.253200
vt 0.489962 0.253200
vt 0.494373 0.464465
vt 0.489962 0.464465
vt 0.476726 0.253200
vt 0.485550 0.464465
vt 0.459079 0.253200
vt 0.476726 0.464465
vt 0.423785 0.253200
vt 0.459079 0.464465
vt 0.762656 0.954189
vt 0.762656 0.953828
vt 0.352856 0.253200
vt 0.352856 0.464465
vt 0.353197 0.464465
vt 0.762656 0.949855
vt 0.762656 0.949494
vt 0.494714 0.253200
vt 0.494374 0.253200
vt 0.660603 0.889075
vt 0.660603 0.888722
vt 0.660603 0.893313
vt 0.660603 0.892960
vt 0.494714 0.464465
vt 0.356894 0.467796
vt 0.353197 0.467796
vt 0.489962 0.249868
vt 0.494374 0.249868
vt 0.494373 0.467796
vt 0.494714 0.467796
vt 0.663797 0.893313
vt 0.663797 0.888722
vt 0.494714 0.249868
vt 0.765921 0.949494
vt 0.352856 0.467796
vt 0.353197 0.249868
vt 0.352856 0.249868
vt 0.765921 0.954189
vt 0.388491 0.249868
vt 0.423785 0.249868
vt 0.459079 0.467796
vt 0.423785 0.467796
vt 0.476726 0.467796
vt 0.459079 0.249868
vt 0.485550 0.467796
vt 0.476726 0.249868
vt 0.489962 0.467796
vt 0.485550 0.249868
vt 0.368525 0.249868
vt 0.388491 0.467796
vt 0.360592 0.249868
vt 0.368524 0.467796
vt 0.356894 0.249868
vt 0.360592 0.467796
vt 0.227825 0.905881
vt 0.192447 0.905881
vt 0.192447 0.905528
vt 0.227825 0.905528
vt 0.609790 0.246530
vt 0.575090 0.246530
vt 0.575090 0.246168
vt 0.609790 0.246168
vt 0.379399 0.908051
vt 0.344445 0.908051
vt 0.344445 0.907694
vt 0.379399 0.907694
vt 0.457304 0.482486
vt 0.422604 0.482486
vt 0.422604 0.482124
vt 0.457304 0.482124
vt 0.157070 0.901361
vt 0.192447 0.901361
vt 0.192447 0.901714
vt 0.157070 0.901714
vt 0.387903 0.587324
vt 0.422604 0.587324
vt 0.422604 0.587686
vt 0.387903 0.587686
vt 0.309491 0.903477
vt 0.344445 0.903477
vt 0.344445 0.903834
vt 0.309491 0.903834
vt 0.540389 0.351368
vt 0.575090 0.351368
vt 0.575090 0.351730
vt 0.540389 0.351730
vt 0.387903 0.584047
vt 0.422604 0.584047
vt 0.609790 0.249806
vt 0.575090 0.249806
vt 0.309491 0.907694
vt 0.227825 0.901714
vt 0.245514 0.901714
vt 0.245514 0.905528
vt 0.627140 0.249806
vt 0.627140 0.246530
vt 0.474654 0.482486
vt 0.474654 0.482124
vt 0.396876 0.908051
vt 0.396876 0.907694
vt 0.627140 0.246168
vt 0.245514 0.905881
vt 0.227825 0.901361
vt 0.457304 0.587324
vt 0.457304 0.587686
vt 0.379399 0.903477
vt 0.379399 0.903834
vt 0.609790 0.351368
vt 0.609790 0.351730
vt 0.457304 0.584047
vt 0.254358 0.905881
vt 0.254358 0.905528
vt 0.635815 0.246530
vt 0.635815 0.246168
vt 0.405615 0.908051
vt 0.405615 0.907694
vt 0.483329 0.482486
vt 0.483329 0.482124
vt 0.635815 0.249806
vt 0.254358 0.901714
vt 0.245514 0.901361
vt 0.474654 0.587324
vt 0.474654 0.587686
vt 0.396876 0.903477
vt 0.396876 0.903834
vt 0.627140 0.351368
vt 0.627140 0.351730
vt 0.474654 0.584047
vt 0.258780 0.905528
vt 0.640153 0.249806
vt 0.640153 0.246530
vt 0.487667 0.482486
vt 0.487667 0.482124
vt 0.409984 0.908051
vt 0.640153 0.246168
vt 0.258780 0.905881
vt 0.254358 0.901361
vt 0.483329 0.587324
vt 0.483329 0.587686
vt 0.405615 0.903477
vt 0.405615 0.903834
vt 0.635815 0.351368
vt 0.635815 0.351730
vt 0.483329 0.584047
vt 0.292014 0.907694
vt 0.292014 0.903834
vt 0.370553 0.584047
vt 0.370553 0.587324
vt 0.523039 0.351368
vt 0.523039 0.351730
vt 0.292014 0.903477
vt 0.370553 0.587686
vt 0.139381 0.901361
vt 0.139381 0.901714
vt 0.157070 0.905881
vt 0.157070 0.905528
vt 0.540389 0.246530
vt 0.540389 0.246168
vt 0.309491 0.908051
vt 0.387903 0.482486
vt 0.387903 0.482124
vt 0.540389 0.249806
vt 0.130537 0.901361
vt 0.130537 0.901714
vt 0.361878 0.587324
vt 0.361878 0.587686
vt 0.283276 0.903477
vt 0.283276 0.903834
vt 0.514364 0.351368
vt 0.514364 0.351730
vt 0.361878 0.584047
vt 0.283276 0.907694
vt 0.139381 0.905881
vt 0.139381 0.905528
vt 0.523039 0.246530
vt 0.523039 0.246168
vt 0.292014 0.908051
vt 0.370553 0.482486
vt 0.370553 0.482124
vt 0.523039 0.249806
vt 0.278906 0.903834
vt 0.357540 0.584047
vt 0.357540 0.587324
vt 0.510026 0.351368
vt 0.510026 0.351730
vt 0.278906 0.903477
vt 0.357540 0.587686
vt 0.126114 0.901361
vt 0.130537 0.905881
vt 0.130537 0.905528
vt 0.514364 0.246530
vt 0.514364 0.246168
vt 0.283276 0.908051
vt 0.361878 0.482486
vt 0.361878 0.482124
vt 0.514364 0.249806
vt 0.514364 0.325158
vt 0.510026 0.325158
vt 0.510026 0.298949
vt 0.514364 0.298949
vt 0.353203 0.508695
vt 0.357540 0.508695
vt 0.357540 0.534905
vt 0.353203 0.534905
vt 0.523039 0.325158
vt 0.523039 0.298949
vt 0.361878 0.508695
vt 0.361878 0.534905
vt 0.540389 0.325158
vt 0.540389 0.298949
vt 0.370553 0.508695
vt 0.370553 0.534905
vt 0.575090 0.325158
vt 0.575090 0.298949
vt 0.387903 0.508695
vt 0.387903 0.534905
vt 0.483329 0.508695
vt 0.487667 0.508695
vt 0.487667 0.534905
vt 0.483329 0.534905
vt 0.644490 0.325158
vt 0.640153 0.325158
vt 0.640153 0.298949
vt 0.644490 0.298949
vt 0.474654 0.508695
vt 0.474654 0.534905
vt 0.635815 0.325158
vt 0.635815 0.298949
vt 0.457304 0.508695
vt 0.457304 0.534905
vt 0.627140 0.325158
vt 0.627140 0.298949
vt 0.422604 0.508695
vt 0.422604 0.534905
vt 0.609790 0.325158
vt 0.609790 0.298949
vt 0.044219 0.901361
vt 0.069807 0.901361
vt 0.069807 0.901714
vt 0.044219 0.901714
vt 0.352856 0.534905
vt 0.352856 0.508695
vt 0.505342 0.325158
vt 0.505342 0.298949
vt 0.505689 0.298949
vt 0.505689 0.325158
vt 0.044219 0.905528
vt 0.069807 0.905528
vt 0.069807 0.905881
vt 0.044219 0.905881
vt 0.492351 0.508695
vt 0.492351 0.534905
vt 0.492004 0.534905
vt 0.492004 0.508695
vt 0.440336 0.907694
vt 0.465619 0.907694
vt 0.465619 0.908051
vt 0.440336 0.908051
vt 0.440336 0.903477
vt 0.465619 0.903477
vt 0.465619 0.903834
vt 0.440336 0.903834
vt 0.644837 0.298949
vt 0.644837 0.325158
vt 0.095395 0.901714
vt 0.095395 0.905528
vt 0.490901 0.907694
vt 0.490901 0.903834
vt 0.503542 0.907694
vt 0.503542 0.903834
vt 0.108189 0.901714
vt 0.108189 0.905528
vt 0.510026 0.272739
vt 0.514364 0.272739
vt 0.357540 0.561114
vt 0.353203 0.561114
vt 0.523039 0.272739
vt 0.361878 0.561114
vt 0.540389 0.272739
vt 0.370553 0.561114
vt 0.575090 0.272739
vt 0.387903 0.561114
vt 0.487667 0.561114
vt 0.483329 0.561114
vt 0.640153 0.272739
vt 0.644490 0.272739
vt 0.474654 0.561114
vt 0.635815 0.272739
vt 0.457304 0.561114
vt 0.627140 0.272739
vt 0.422604 0.561114
vt 0.609790 0.272739
vt 0.095395 0.901361
vt 0.352856 0.561114
vt 0.505342 0.272739
vt 0.505689 0.272739
vt 0.095395 0.905881
vt 0.492351 0.561114
vt 0.492004 0.561114
vt 0.490901 0.908051
vt 0.490901 0.903477
vt 0.644837 0.272739
vt 0.114586 0.901714
vt 0.114586 0.905528
vt 0.509863 0.907694
vt 0.509863 0.903834
vt 0.510026 0.259635
vt 0.514364 0.259635
vt 0.357540 0.574219
vt 0.353203 0.574219
vt 0.523039 0.259635
vt 0.361878 0.574219
vt 0.540389 0.259635
vt 0.370553 0.574219
vt 0.575090 0.259635
vt 0.387903 0.574219
vt 0.487667 0.574219
vt 0.483329 0.574219
vt 0.640153 0.259635
vt 0.644490 0.259635
vt 0.474654 0.574219
vt 0.635815 0.259635
vt 0.457304 0.574219
vt 0.627140 0.259635
vt 0.422604 0.574219
vt 0.609790 0.259635
vt 0.108189 0.901361
vt 0.352856 0.574219
vt 0.505342 0.259635
vt 0.505689 0.259635
vt 0.108189 0.905881
vt 0.492351 0.574219
vt 0.492004 0.574219
vt 0.503542 0.908051
vt 0.503542 0.903477
vt 0.644837 0.259635
vt 0.510026 0.253082
vt 0.514364 0.253082
vt 0.357540 0.580771
vt 0.353203 0.580771
vt 0.523039 0.253082
vt 0.361878 0.580771
vt 0.540389 0.253082
vt 0.370553 0.580771
vt 0.575090 0.253082
vt 0.387903 0.580771
vt 0.487667 0.580771
vt 0.483329 0.580771
vt 0.640153 0.253082
vt 0.644490 0.253082
vt 0.474654 0.580771
vt 0.635815 0.253082
vt 0.457304 0.580771
vt 0.627140 0.253082
vt 0.422604 0.580771
vt 0.609790 0.253082
vt 0.114586 0.901361
vt 0.352856 0.580771
vt 0.505342 0.253082
vt 0.505689 0.253082
vt 0.114586 0.905881
vt 0.492351 0.580771
vt 0.492004 0.580771
vt 0.509863 0.908051
vt 0.509863 0.903477
vt 0.644837 0.253082
vt 0.510026 0.338263
vt 0.505689 0.338263
vt 0.487667 0.495590
vt 0.492004 0.495590
vt 0.644490 0.338263
vt 0.644837 0.338263
vt 0.427695 0.903477
vt 0.427695 0.903834
vt 0.427695 0.907694
vt 0.427695 0.908051
vt 0.492351 0.495590
vt 0.031424 0.905528
vt 0.031424 0.905881
vt 0.505342 0.338263
vt 0.353203 0.495590
vt 0.352856 0.495590
vt 0.031424 0.901361
vt 0.031424 0.901714
vt 0.387903 0.495590
vt 0.422604 0.495590
vt 0.609790 0.338263
vt 0.575090 0.338263
vt 0.627140 0.338263
vt 0.457304 0.495590
vt 0.635815 0.338263
vt 0.474654 0.495590
vt 0.640153 0.338263
vt 0.483329 0.495590
vt 0.370553 0.495590
vt 0.540389 0.338263
vt 0.361878 0.495590
vt 0.523039 0.338263
vt 0.357540 0.495590
vt 0.514364 0.338263
vt 0.514364 0.344816
vt 0.510026 0.344816
vt 0.353203 0.489038
vt 0.357540 0.489038
vt 0.523039 0.344816
vt 0.361878 0.489038
vt 0.540389 0.344816
vt 0.370553 0.489038
vt 0.575090 0.344816
vt 0.387903 0.489038
vt 0.483329 0.489038
vt 0.487667 0.489038
vt 0.644490 0.344816
vt 0.640153 0.344816
vt 0.474654 0.489038
vt 0.635815 0.344816
vt 0.457304 0.489038
vt 0.627140 0.344816
vt 0.422604 0.489038
vt 0.609790 0.344816
vt 0.025027 0.901361
vt 0.025027 0.901714
vt 0.352856 0.489038
vt 0.505342 0.344816
vt 0.505689 0.344816
vt 0.025027 0.905528
vt 0.025027 0.905881
vt 0.492351 0.489038
vt 0.492004 0.489038
vt 0.421374 0.907694
vt 0.421374 0.908051
vt 0.421374 0.903477
vt 0.421374 0.903834
vt 0.644837 0.344816
vt 0.510026 0.348092
vt 0.505689 0.348092
vt 0.487667 0.485762
vt 0.492004 0.485762
vt 0.644490 0.348092
vt 0.644837 0.348092
vt 0.418214 0.903477
vt 0.418214 0.908051
vt 0.492351 0.485762
vt 0.021829 0.905881
vt 0.505342 0.348092
vt 0.353203 0.485762
vt 0.352856 0.485762
vt 0.021829 0.901361
vt 0.387903 0.485762
vt 0.422604 0.485762
vt 0.609790 0.348092
vt 0.575090 0.348092
vt 0.627140 0.348092
vt 0.457304 0.485762
vt 0.635815 0.348092
vt 0.474654 0.485762
vt 0.640153 0.348092
vt 0.483329 0.485762
vt 0.370553 0.485762
vt 0.540389 0.348092
vt 0.361878 0.485762
vt 0.523039 0.348092
vt 0.357540 0.485762
vt 0.514364 0.348092
vt 0.713671 0.213904
vt 0.705643 0.213959
vt 0.705747 0.213604
vt 0.713767 0.213550
vt 0.841318 0.819718
vt 0.849174 0.819718
vt 0.849174 0.820080
vt 0.841318 0.820080
vt 0.741165 0.224407
vt 0.749193 0.224384
vt 0.749301 0.224738
vt 0.741280 0.224761
vt 0.840241 0.703529
vt 0.848097 0.703529
vt 0.848097 0.703891
vt 0.840241 0.703891
vt 0.698917 0.209577
vt 0.706945 0.209523
vt 0.706841 0.209878
vt 0.698821 0.209932
vt 0.855953 0.598690
vt 0.848097 0.598690
vt 0.848097 0.598328
vt 0.855953 0.598328
vt 0.758566 0.228784
vt 0.750538 0.228807
vt 0.750430 0.228453
vt 0.758451 0.228431
vt 0.857030 0.714880
vt 0.849174 0.714880
vt 0.849174 0.714518
vt 0.857030 0.714518
vt 0.855953 0.601967
vt 0.848097 0.601967
vt 0.841318 0.816442
vt 0.849174 0.816442
vt 0.757321 0.224715
vt 0.714861 0.209823
vt 0.717777 0.213523
vt 0.837390 0.816442
vt 0.837390 0.819718
vt 0.836313 0.703529
vt 0.836313 0.703891
vt 0.737151 0.224419
vt 0.837390 0.820080
vt 0.717685 0.213877
vt 0.714973 0.209468
vt 0.840241 0.598690
vt 0.840241 0.598328
vt 0.742510 0.228830
vt 0.742410 0.228476
vt 0.841318 0.714880
vt 0.841318 0.714518
vt 0.840241 0.601967
vt 0.762461 0.228419
vt 0.859881 0.601967
vt 0.859881 0.598690
vt 0.860958 0.714880
vt 0.860958 0.714518
vt 0.762580 0.228773
vt 0.859881 0.598328
vt 0.694903 0.209604
vt 0.697615 0.214013
vt 0.697727 0.213658
vt 0.857030 0.819718
vt 0.857030 0.820080
vt 0.757221 0.224361
vt 0.855953 0.703529
vt 0.855953 0.703891
vt 0.857030 0.816442
vt 0.857030 0.741090
vt 0.860958 0.741090
vt 0.860958 0.767299
vt 0.857030 0.767299
vt 0.863809 0.677319
vt 0.859881 0.677319
vt 0.859881 0.651110
vt 0.863809 0.651110
vt 0.849174 0.741090
vt 0.849174 0.767299
vt 0.855953 0.677319
vt 0.855953 0.651110
vt 0.840241 0.677319
vt 0.836313 0.677319
vt 0.836313 0.651110
vt 0.840241 0.651110
vt 0.833462 0.741090
vt 0.837390 0.741090
vt 0.837390 0.767299
vt 0.833462 0.767299
vt 0.848097 0.677319
vt 0.848097 0.651110
vt 0.841318 0.741090
vt 0.841318 0.767299
vt 0.437075 0.964476
vt 0.411427 0.964476
vt 0.411427 0.964830
vt 0.437075 0.964830
vt 0.864155 0.651110
vt 0.864155 0.677319
vt 0.865232 0.741090
vt 0.865232 0.767299
vt 0.864886 0.767299
vt 0.864886 0.741090
vt 0.437075 0.968745
vt 0.411427 0.968745
vt 0.411427 0.969099
vt 0.437075 0.969099
vt 0.832039 0.677319
vt 0.832039 0.651110
vt 0.832385 0.651110
vt 0.832385 0.677319
vt 0.727560 0.965191
vt 0.753208 0.965191
vt 0.753208 0.964837
vt 0.727560 0.964837
vt 0.727560 0.969460
vt 0.753208 0.969460
vt 0.753208 0.969106
vt 0.727560 0.969106
vt 0.833115 0.767299
vt 0.833115 0.741090
vt 0.385779 0.964830
vt 0.385779 0.968745
vt 0.778856 0.965191
vt 0.778856 0.969106
vt 0.791680 0.965191
vt 0.791680 0.969106
vt 0.372955 0.964830
vt 0.372955 0.968745
vt 0.860958 0.793509
vt 0.857030 0.793509
vt 0.859881 0.624900
vt 0.863809 0.624900
vt 0.849174 0.793509
vt 0.855953 0.624900
vt 0.836313 0.624900
vt 0.840241 0.624900
vt 0.837390 0.793509
vt 0.833462 0.793509
vt 0.848097 0.624900
vt 0.841318 0.793509
vt 0.385779 0.964476
vt 0.864155 0.624900
vt 0.865232 0.793509
vt 0.864886 0.793509
vt 0.385779 0.969099
vt 0.832039 0.624900
vt 0.832385 0.624900
vt 0.778856 0.964837
vt 0.778856 0.969460
vt 0.833115 0.793509
vt 0.366543 0.964830
vt 0.366543 0.968745
vt 0.798091 0.965191
vt 0.798091 0.969106
vt 0.860958 0.806614
vt 0.857030 0.806614
vt 0.859881 0.611795
vt 0.863809 0.611795
vt 0.849174 0.806614
vt 0.855953 0.611795
vt 0.836313 0.611795
vt 0.840241 0.611795
vt 0.837390 0.806614
vt 0.833462 0.806614
vt 0.848097 0.611795
vt 0.841318 0.806614
vt 0.372955 0.964476
vt 0.864155 0.611795
vt 0.865232 0.806614
vt 0.864886 0.806614
vt 0.372955 0.969099
vt 0.832039 0.611795
vt 0.832385 0.611795
vt 0.791680 0.964837
vt 0.791680 0.969460
vt 0.833115 0.806614
vt 0.860958 0.813166
vt 0.857030 0.813166
vt 0.859881 0.605243
vt 0.863809 0.605243
vt 0.849174 0.813166
vt 0.855953 0.605243
vt 0.836313 0.605243
vt 0.840241 0.605243
vt 0.837390 0.813166
vt 0.833462 0.813166
vt 0.848097 0.605243
vt 0.841318 0.813166
vt 0.366543 0.964476
vt 0.864155 0.605243
vt 0.865232 0.813166
vt 0.864886 0.813166
vt 0.366543 0.969099
vt 0.832039 0.605243
vt 0.832385 0.605243
vt 0.798091 0.964837
vt 0.798091 0.969460
vt 0.833115 0.813166
vt 0.860958 0.727985
vt 0.864886 0.727985
vt 0.836313 0.690424
vt 0.832385 0.690424
vt 0.833462 0.727985
vt 0.833115 0.727985
vt 0.714736 0.969460
vt 0.714736 0.969106
vt 0.714736 0.965191
vt 0.714736 0.964837
vt 0.832039 0.690424
vt 0.449899 0.968745
vt 0.449899 0.969099
vt 0.865232 0.727985
vt 0.863809 0.690424
vt 0.864155 0.690424
vt 0.449899 0.964476
vt 0.449899 0.964830
vt 0.855953 0.690424
vt 0.848097 0.690424
vt 0.841318 0.727985
vt 0.849174 0.727985
vt 0.837390 0.727985
vt 0.840241 0.690424
vt 0.859881 0.690424
vt 0.857030 0.727985
vt 0.857030 0.721433
vt 0.860958 0.721433
vt 0.863809 0.696976
vt 0.859881 0.696976
vt 0.849174 0.721433
vt 0.855953 0.696976
vt 0.840241 0.696976
vt 0.836313 0.696976
vt 0.833462 0.721433
vt 0.837390 0.721433
vt 0.848097 0.696976
vt 0.841318 0.721433
vt 0.456311 0.964476
vt 0.456311 0.964830
vt 0.864155 0.696976
vt 0.865232 0.721433
vt 0.864886 0.721433
vt 0.456311 0.968745
vt 0.456311 0.969099
vt 0.832039 0.696976
vt 0.832385 0.696976
vt 0.708324 0.965191
vt 0.708324 0.964837
vt 0.708324 0.969460
vt 0.708324 0.969106
vt 0.833115 0.721433
vt 0.860958 0.718156
vt 0.864886 0.718156
vt 0.836313 0.700253
vt 0.832385 0.700253
vt 0.833462 0.718156
vt 0.833115 0.718156
vt 0.705119 0.969460
vt 0.705119 0.964837
vt 0.832039 0.700253
vt 0.459517 0.969099
vt 0.865232 0.718156
vt 0.863809 0.700253
vt 0.864155 0.700253
vt 0.459517 0.964476
vt 0.855953 0.700253
vt 0.848097 0.700253
vt 0.841318 0.718156
vt 0.849174 0.718156
vt 0.837390 0.718156
vt 0.840241 0.700253
vt 0.859881 0.700253
vt 0.857030 0.718156
vt 0.717315 0.137513
vt 0.709009 0.137692
vt 0.708857 0.137341
vt 0.717149 0.137162
vt 0.797086 0.817507
vt 0.805080 0.817507
vt 0.805080 0.817875
vt 0.797086 0.817875
vt 0.365659 0.827881
vt 0.373964 0.827666
vt 0.373829 0.828024
vt 0.365538 0.828239
vt 0.800783 0.469340
vt 0.808777 0.469340
vt 0.808777 0.469708
vt 0.800783 0.469708
vt 0.698802 0.133483
vt 0.707108 0.133305
vt 0.707260 0.133656
vt 0.698968 0.133834
vt 0.816772 0.362726
vt 0.808777 0.362726
vt 0.808777 0.362358
vt 0.816772 0.362358
vt 0.380580 0.831923
vt 0.372274 0.832138
vt 0.372409 0.831781
vt 0.380701 0.831566
vt 0.813075 0.710893
vt 0.805080 0.710893
vt 0.805080 0.710525
vt 0.813075 0.710525
vt 0.816772 0.366021
vt 0.808777 0.366021
vt 0.797086 0.814212
vt 0.805080 0.814212
vt 0.382121 0.827809
vt 0.715553 0.133477
vt 0.721295 0.137073
vt 0.793088 0.814212
vt 0.793088 0.817507
vt 0.796785 0.469340
vt 0.796785 0.469708
vt 0.361506 0.827989
vt 0.793088 0.817875
vt 0.721469 0.137423
vt 0.715415 0.133126
vt 0.800783 0.362726
vt 0.800783 0.362358
vt 0.363968 0.832354
vt 0.364118 0.831996
vt 0.797086 0.710893
vt 0.797086 0.710525
vt 0.800783 0.366021
vt 0.384847 0.831458
vt 0.820770 0.366021
vt 0.820770 0.362726
vt 0.817073 0.710893
vt 0.817073 0.710525
vt 0.384732 0.831816
vt 0.820770 0.362358
vt 0.694648 0.133573
vt 0.700703 0.137871
vt 0.700565 0.137519
vt 0.813075 0.817507
vt 0.813075 0.817875
vt 0.382270 0.827451
vt 0.816772 0.469340
vt 0.816772 0.469708
vt 0.813075 0.814212
vt 0.813075 0.737547
vt 0.817073 0.737547
vt 0.817073 0.764200
vt 0.813075 0.764200
vt 0.824767 0.442687
vt 0.820770 0.442687
vt 0.820770 0.416033
vt 0.824767 0.416033
vt 0.805080 0.737547
vt 0.805080 0.764200
vt 0.816772 0.442687
vt 0.816772 0.416033
vt 0.800783 0.442687
vt 0.796785 0.442687
vt 0.796785 0.416033
vt 0.800783 0.416033
vt 0.789091 0.737547
vt 0.793088 0.737547
vt 0.793088 0.764200
vt 0.789091 0.764200
vt 0.808777 0.442687
vt 0.808777 0.416033
vt 0.797086 0.737547
vt 0.797086 0.764200
vt 0.858561 0.954209
vt 0.832552 0.954209
vt 0.832552 0.953850
vt 0.858561 0.953850
vt 0.825108 0.416033
vt 0.825108 0.442687
vt 0.821411 0.737547
vt 0.821411 0.764200
vt 0.821070 0.764200
vt 0.821070 0.737547
vt 0.858561 0.949854
vt 0.832552 0.949854
vt 0.832552 0.949494
vt 0.858561 0.949494
vt 0.792447 0.442687
vt 0.792447 0.416033
vt 0.792788 0.416033
vt 0.792788 0.442687
vt 0.272061 0.968417
vt 0.297639 0.968417
vt 0.297639 0.968782
vt 0.272061 0.968782
vt 0.272061 0.963988
vt 0.297639 0.963988
vt 0.297639 0.964353
vt 0.272061 0.964353
vt 0.788750 0.764200
vt 0.788750 0.737547
vt 0.806263 0.953850
vt 0.806263 0.949854
vt 0.323493 0.968417
vt 0.323493 0.964353
vt 0.336145 0.968417
vt 0.336145 0.964353
vt 0.793399 0.953850
vt 0.793399 0.949854
vt 0.817073 0.791140
vt 0.813075 0.791140
vt 0.820770 0.389093
vt 0.824767 0.389093
vt 0.805080 0.791140
vt 0.816772 0.389093
vt 0.796785 0.389093
vt 0.800783 0.389093
vt 0.793088 0.791140
vt 0.789091 0.791140
vt 0.808777 0.389093
vt 0.797086 0.791140
vt 0.806263 0.954209
vt 0.825108 0.389093
vt 0.821411 0.791140
vt 0.821070 0.791140
vt 0.806263 0.949494
vt 0.792447 0.389093
vt 0.792788 0.389093
vt 0.323493 0.968782
vt 0.323493 0.963988
vt 0.788750 0.791140
vt 0.786966 0.953850
vt 0.786966 0.949854
vt 0.342471 0.968417
vt 0.342471 0.964353
vt 0.817073 0.804324
vt 0.813075 0.804324
vt 0.820770 0.375909
vt 0.824767 0.375909
vt 0.805080 0.804324
vt 0.816772 0.375909
vt 0.796785 0.375909
vt 0.800783 0.375909
vt 0.793088 0.804324
vt 0.789091 0.804324
vt 0.808777 0.375909
vt 0.797086 0.804324
vt 0.793399 0.954209
vt 0.825108 0.375909
vt 0.821411 0.804324
vt 0.821070 0.804324
vt 0.793399 0.949494
vt 0.792447 0.375909
vt 0.792788 0.375909
vt 0.336145 0.968782
vt 0.336145 0.963988
vt 0.788750 0.804324
vt 0.817073 0.810916
vt 0.813075 0.810916
vt 0.820770 0.369317
vt 0.824767 0.369317
vt 0.805080 0.810916
vt 0.816772 0.369317
vt 0.796785 0.369317
vt 0.800783 0.369317
vt 0.793088 0.810916
vt 0.789091 0.810916
vt 0.808777 0.369317
vt 0.797086 0.810916
vt 0.786966 0.954209
vt 0.825108 0.369317
vt 0.821411 0.810916
vt 0.821070 0.810916
vt 0.786966 0.949494
vt 0.792447 0.369317
vt 0.792788 0.369317
vt 0.342471 0.968782
vt 0.342471 0.963988
vt 0.788750 0.810916
vt 0.817073 0.724220
vt 0.821070 0.724220
vt 0.796785 0.456013
vt 0.792788 0.456013
vt 0.789091 0.724220
vt 0.788750 0.724220
vt 0.259272 0.963988
vt 0.259272 0.964353
vt 0.259272 0.968417
vt 0.259272 0.968782
vt 0.792447 0.456013
vt 0.871566 0.949854
vt 0.871566 0.949494
vt 0.821411 0.724220
vt 0.824767 0.456013
vt 0.825108 0.456013
vt 0.871566 0.954209
vt 0.871566 0.953850
vt 0.816772 0.456013
vt 0.808777 0.456013
vt 0.797086 0.724220
vt 0.805080 0.724220
vt 0.793088 0.724220
vt 0.800783 0.456013
vt 0.820770 0.456013
vt 0.813075 0.724220
vt 0.813075 0.717557
vt 0.817073 0.717557
vt 0.824767 0.462677
vt 0.820770 0.462677
vt 0.805080 0.717557
vt 0.816772 0.462677
vt 0.800783 0.462677
vt 0.796785 0.462677
vt 0.789091 0.717557
vt 0.793088 0.717557
vt 0.808777 0.462677
vt 0.797086 0.717557
vt 0.878068 0.954209
vt 0.878068 0.953850
vt 0.825108 0.462677
vt 0.821411 0.717557
vt 0.821070 0.717557
vt 0.878068 0.949854
vt 0.878068 0.949494
vt 0.792447 0.462677
vt 0.792788 0.462677
vt 0.252877 0.968417
vt 0.252877 0.968782
vt 0.252877 0.963988
vt 0.252877 0.964353
vt 0.788750 0.717557
vt 0.817073 0.714225
vt 0.821070 0.714225
vt 0.796785 0.466009
vt 0.792788 0.466009
vt 0.789091 0.714225
vt 0.788750 0.714225
vt 0.249679 0.963988
vt 0.249679 0.968782
vt 0.792447 0.466009
vt 0.881319 0.949494
vt 0.821411 0.714225
vt 0.824767 0.466009
vt 0.825108 0.466009
vt 0.881319 0.954209
vt 0.816772 0.466009
vt 0.808777 0.466009
vt 0.797086 0.714225
vt 0.805080 0.714225
vt 0.793088 0.714225
vt 0.800783 0.466009
vt 0.820770 0.466009
vt 0.813075 0.714225
vt 0.425330 0.953848
vt 0.417553 0.953848
vt 0.417553 0.953494
vt 0.425330 0.953494
vt 0.846354 0.470618
vt 0.854082 0.470618
vt 0.854082 0.470974
vt 0.846354 0.470974
vt 0.382882 0.953361
vt 0.375102 0.953361
vt 0.375102 0.953006
vt 0.382882 0.953006
vt 0.846394 0.238077
vt 0.854123 0.238077
vt 0.854123 0.238434
vt 0.846394 0.238434
vt 0.409776 0.949381
vt 0.417553 0.949381
vt 0.417553 0.949736
vt 0.409776 0.949736
vt 0.861851 0.134870
vt 0.854123 0.134870
vt 0.854123 0.134513
vt 0.861851 0.134513
vt 0.367322 0.948896
vt 0.375102 0.948896
vt 0.375102 0.949250
vt 0.367322 0.949250
vt 0.861810 0.367410
vt 0.854082 0.367410
vt 0.854082 0.367054
vt 0.861810 0.367054
vt 0.861851 0.138095
vt 0.854123 0.138095
vt 0.846354 0.467393
vt 0.854082 0.467393
vt 0.367322 0.953006
vt 0.425330 0.949736
vt 0.429218 0.953494
vt 0.842489 0.467393
vt 0.842489 0.470618
vt 0.842530 0.238077
vt 0.842530 0.238434
vt 0.386772 0.953361
vt 0.842489 0.470974
vt 0.429218 0.953848
vt 0.425330 0.949381
vt 0.846394 0.134870
vt 0.846394 0.134513
vt 0.382882 0.948896
vt 0.382882 0.949250
vt 0.846354 0.367410
vt 0.846354 0.367054
vt 0.846394 0.138095
vt 0.363432 0.949250
vt 0.865715 0.138095
vt 0.865715 0.134870
vt 0.865674 0.367410
vt 0.865674 0.367054
vt 0.363432 0.948896
vt 0.865715 0.134513
vt 0.405888 0.949381
vt 0.409776 0.953848
vt 0.409776 0.953494
vt 0.861810 0.470618
vt 0.861810 0.470974
vt 0.367322 0.953361
vt 0.861851 0.238077
vt 0.861851 0.238434
vt 0.861810 0.467393
vt 0.861810 0.393212
vt 0.865674 0.393212
vt 0.865674 0.419014
vt 0.861810 0.419014
vt 0.869579 0.212276
vt 0.865715 0.212276
vt 0.865715 0.186474
vt 0.869579 0.186474
vt 0.854082 0.393212
vt 0.854082 0.419014
vt 0.861851 0.212276
vt 0.861851 0.186474
vt 0.846394 0.212276
vt 0.842530 0.212276
vt 0.842530 0.186474
vt 0.846394 0.186474
vt 0.838625 0.393212
vt 0.842489 0.393212
vt 0.842489 0.419014
vt 0.838625 0.419014
vt 0.854123 0.212276
vt 0.854123 0.186474
vt 0.846354 0.393212
vt 0.846354 0.419014
vt 0.333167 0.953361
vt 0.307502 0.953361
vt 0.307502 0.953006
vt 0.333167 0.953006
vt 0.869931 0.186474
vt 0.869931 0.212276
vt 0.869891 0.393212
vt 0.869891 0.419014
vt 0.869539 0.419014
vt 0.869539 0.393212
vt 0.333167 0.949250
vt 0.307502 0.949250
vt 0.307502 0.948896
vt 0.333167 0.948896
vt 0.838314 0.212276
vt 0.838314 0.186474
vt 0.838666 0.186474
vt 0.838666 0.212276
vt 0.510781 0.949736
vt 0.485126 0.949736
vt 0.485126 0.949381
vt 0.510781 0.949381
vt 0.510781 0.953848
vt 0.485126 0.953848
vt 0.485126 0.953494
vt 0.510781 0.953494
vt 0.838273 0.419014
vt 0.838273 0.393212
vt 0.281837 0.953006
vt 0.281837 0.949250
vt 0.459471 0.949736
vt 0.459471 0.953494
vt 0.446643 0.949736
vt 0.446643 0.953494
vt 0.269004 0.953006
vt 0.269004 0.949250
vt 0.865674 0.444816
vt 0.861810 0.444816
vt 0.865715 0.160672
vt 0.869579 0.160672
vt 0.854082 0.444816
vt 0.861851 0.160672
vt 0.842530 0.160672
vt 0.846394 0.160672
vt 0.842489 0.444816
vt 0.838625 0.444816
vt 0.854123 0.160672
vt 0.846354 0.444816
vt 0.281837 0.953361
vt 0.869931 0.160672
vt 0.869891 0.444816
vt 0.869539 0.444816
vt 0.281837 0.948896
vt 0.838314 0.160672
vt 0.838666 0.160672
vt 0.459471 0.949381
vt 0.459471 0.953848
vt 0.838273 0.444816
vt 0.262588 0.953006
vt 0.262588 0.949250
vt 0.440230 0.949736
vt 0.440230 0.953494
vt 0.865674 0.457717
vt 0.861810 0.457717
vt 0.865715 0.147771
vt 0.869579 0.147771
vt 0.854082 0.457717
vt 0.861851 0.147771
vt 0.842530 0.147771
vt 0.846394 0.147771
vt 0.842489 0.457717
vt 0.838625 0.457717
vt 0.854123 0.147771
vt 0.846354 0.457717
vt 0.269004 0.953361
vt 0.869931 0.147771
vt 0.869891 0.457717
vt 0.869539 0.457717
vt 0.269004 0.948896
vt 0.838314 0.147771
vt 0.838666 0.147771
vt 0.446643 0.949381
vt 0.446643 0.953848
vt 0.838273 0.457717
vt 0.865674 0.464167
vt 0.861810 0.464167
vt 0.865715 0.141320
vt 0.869579 0.141320
vt 0.854082 0.464167
vt 0.861851 0.141320
vt 0.842530 0.141320
vt 0.846394 0.141320
vt 0.842489 0.464167
vt 0.838625 0.464167
vt 0.854123 0.141320
vt 0.846354 0.464167
vt 0.262588 0.953361
vt 0.869931 0.141320
vt 0.869891 0.464167
vt 0.869539 0.464167
vt 0.262588 0.948896
vt 0.838314 0.141320
vt 0.838666 0.141320
vt 0.440230 0.949381
vt 0.440230 0.953848
vt 0.838273 0.464167
vt 0.865674 0.380311
vt 0.869539 0.380311
vt 0.842530 0.225176
vt 0.838666 0.225176
vt 0.838625 0.380311
vt 0.838273 0.380311
vt 0.523608 0.953848
vt 0.523608 0.953494
vt 0.523608 0.949736
vt 0.523608 0.949381
vt 0.838314 0.225176
vt 0.346000 0.949250
vt 0.346000 0.948896
vt 0.869891 0.380311
vt 0.869579 0.225176
vt 0.869931 0.225176
vt 0.346000 0.953361
vt 0.346000 0.953006
vt 0.861851 0.225176
vt 0.854123 0.225176
vt 0.846354 0.380311
vt 0.854082 0.380311
vt 0.842489 0.380311
vt 0.846394 0.225176
vt 0.865715 0.225176
vt 0.861810 0.380311
vt 0.861810 0.373861
vt 0.865674 0.373861
vt 0.869579 0.231627
vt 0.865715 0.231627
vt 0.854082 0.373861
vt 0.861851 0.231627
vt 0.846394 0.231627
vt 0.842530 0.231627
vt 0.838625 0.373861
vt 0.842489 0.373861
vt 0.854123 0.231627
vt 0.846354 0.373861
vt 0.352416 0.953361
vt 0.352416 0.953006
vt 0.869931 0.231627
vt 0.869891 0.373861
vt 0.869539 0.373861
vt 0.352416 0.949250
vt 0.352416 0.948896
vt 0.838314 0.231627
vt 0.838666 0.231627
vt 0.530022 0.949736
vt 0.530022 0.949381
vt 0.530022 0.953848
vt 0.530022 0.953494
vt 0.838273 0.373861
vt 0.865674 0.370635
vt 0.869539 0.370635
vt 0.842530 0.234852
vt 0.838666 0.234852
vt 0.838625 0.370635
vt 0.838273 0.370635
vt 0.533229 0.953848
vt 0.533229 0.949381
vt 0.838314 0.234852
vt 0.355625 0.948896
vt 0.869891 0.370635
vt 0.869579 0.234852
vt 0.869931 0.234852
vt 0.355625 0.953361
vt 0.861851 0.234852
vt 0.854123 0.234852
vt 0.846354 0.370635
vt 0.854082 0.370635
vt 0.842489 0.370635
vt 0.846394 0.234852
vt 0.865715 0.234852
vt 0.861810 0.370635
vt 0.355733 0.874022
vt 0.355733 0.877740
vt 0.353207 0.877740
vt 0.353207 0.874022
vt 0.879420 0.801438
vt 0.879420 0.805157
vt 0.876214 0.805157
vt 0.876214 0.801438
vt 0.139847 0.231980
vt 0.180253 0.231980
vt 0.180253 0.235186
vt 0.139847 0.235186
vt 0.355736 0.135802
vt 0.353210 0.135802
vt 0.353210 0.132596
vt 0.355736 0.132596
vt 0.021837 0.977612
vt 0.021837 0.981330
vt 0.018631 0.981330
vt 0.018631 0.977612
vt 0.021156 0.856782
vt 0.021156 0.860501
vt 0.018631 0.860501
vt 0.018631 0.856782
vt 0.018631 0.235186
vt 0.018631 0.235540
vt 0.018277 0.235540
vt 0.018277 0.235186
vt 0.352853 0.874022
vt 0.352853 0.873667
vt 0.353207 0.873667
vt 0.121220 0.977612
vt 0.121220 0.977257
vt 0.121574 0.977257
vt 0.121574 0.977612
vt 0.353207 0.878095
vt 0.352853 0.878095
vt 0.352853 0.877740
vt 0.352856 0.132596
vt 0.352856 0.132242
vt 0.353210 0.132242
vt 0.121220 0.981330
vt 0.121574 0.981330
vt 0.121574 0.981685
vt 0.121220 0.981685
vt 0.018631 0.132596
vt 0.018277 0.132596
vt 0.018277 0.132242
vt 0.018631 0.132242
vt 0.018277 0.977612
vt 0.018277 0.977257
vt 0.018631 0.977257
vt 0.341873 0.856782
vt 0.341873 0.856428
vt 0.342227 0.856428
vt 0.342227 0.856782
vt 0.353210 0.235186
vt 0.353210 0.235540
vt 0.352856 0.235540
vt 0.352856 0.235186
vt 0.341873 0.860501
vt 0.342227 0.860501
vt 0.342227 0.860855
vt 0.341873 0.860855
vt 0.018631 0.981685
vt 0.018277 0.981685
vt 0.018277 0.981330
vt 0.341874 0.235186
vt 0.342229 0.235186
vt 0.342229 0.235540
vt 0.341874 0.235540
vt 0.875860 0.801438
vt 0.875860 0.801084
vt 0.876214 0.801084
vt 0.676443 0.874022
vt 0.676443 0.873667
vt 0.676798 0.873667
vt 0.676798 0.874022
vt 0.676453 0.132596
vt 0.676453 0.132242
vt 0.676808 0.132242
vt 0.676808 0.132596
vt 0.676443 0.877740
vt 0.676798 0.877740
vt 0.676798 0.878095
vt 0.676443 0.878095
vt 0.876214 0.805511
vt 0.875860 0.805511
vt 0.875860 0.805157
vt 0.341874 0.132596
vt 0.341874 0.132242
vt 0.342229 0.132242
vt 0.342229 0.132596
vt 0.018277 0.856782
vt 0.018277 0.856428
vt 0.018631 0.856428
vt 0.978804 0.801438
vt 0.978804 0.801084
vt 0.979158 0.801084
vt 0.979158 0.801438
vt 0.676453 0.235186
vt 0.676808 0.235186
vt 0.676808 0.235540
vt 0.676453 0.235540
vt 0.978804 0.805157
vt 0.979158 0.805157
vt 0.979158 0.805511
vt 0.978804 0.805511
vt 0.018631 0.860855
vt 0.018277 0.860855
vt 0.018277 0.860501
vt 0.018631 0.231980
vt 0.018277 0.231980
vt 0.118014 0.977257
vt 0.118014 0.977612
vt 0.353210 0.231980
vt 0.352856 0.231980
vt 0.021837 0.981685
vt 0.021156 0.132596
vt 0.021156 0.132242
vt 0.339348 0.856428
vt 0.339348 0.856782
vt 0.673928 0.235186
vt 0.673928 0.235540
vt 0.021156 0.860855
vt 0.341874 0.135802
vt 0.342229 0.135802
vt 0.975598 0.801084
vt 0.975598 0.801438
vt 0.676453 0.135802
vt 0.676808 0.135802
vt 0.879420 0.805511
vt 0.339349 0.235186
vt 0.339349 0.235540
vt 0.673918 0.873667
vt 0.673918 0.874022
vt 0.355736 0.132242
vt 0.355732 0.878095
vt 0.339349 0.231980
vt 0.341874 0.231980
vt 0.555230 0.878095
vt 0.514825 0.878095
vt 0.514825 0.877740
vt 0.555230 0.877740
vt 0.555237 0.132596
vt 0.514832 0.132596
vt 0.514832 0.132242
vt 0.555237 0.132242
vt 0.474421 0.873667
vt 0.514825 0.873667
vt 0.514825 0.874022
vt 0.474421 0.874022
vt 0.180253 0.235540
vt 0.139847 0.235540
vt 0.220657 0.860855
vt 0.180252 0.860855
vt 0.180252 0.860501
vt 0.220657 0.860501
vt 0.474426 0.235186
vt 0.514832 0.235186
vt 0.514832 0.235540
vt 0.474426 0.235540
vt 0.139847 0.856428
vt 0.180252 0.856428
vt 0.180252 0.856782
vt 0.139847 0.856782
vt 0.220658 0.132596
vt 0.180253 0.132596
vt 0.180253 0.132242
vt 0.220658 0.132242
vt 0.220657 0.856782
vt 0.555237 0.135802
vt 0.514832 0.135802
vt 0.555230 0.874022
vt 0.636039 0.874022
vt 0.636039 0.877740
vt 0.595634 0.877740
vt 0.595634 0.874022
vt 0.636048 0.135802
vt 0.595643 0.135802
vt 0.595643 0.132596
vt 0.636048 0.132596
vt 0.301469 0.132596
vt 0.261064 0.132596
vt 0.261064 0.132242
vt 0.301469 0.132242
vt 0.059036 0.856428
vt 0.099442 0.856428
vt 0.099442 0.856782
vt 0.059036 0.856782
vt 0.595643 0.132242
vt 0.636048 0.132242
vt 0.636039 0.878095
vt 0.595634 0.878095
vt 0.220658 0.231980
vt 0.261064 0.231980
vt 0.261064 0.235186
vt 0.220658 0.235186
vt 0.555230 0.873667
vt 0.595634 0.873667
vt 0.261064 0.235540
vt 0.220658 0.235540
vt 0.139847 0.860855
vt 0.099442 0.860855
vt 0.099442 0.860501
vt 0.139847 0.860501
vt 0.555237 0.235186
vt 0.595643 0.235186
vt 0.595643 0.235540
vt 0.555237 0.235540
vt 0.656241 0.878095
vt 0.656241 0.877740
vt 0.656251 0.132596
vt 0.656251 0.132242
vt 0.038834 0.856428
vt 0.038834 0.856782
vt 0.321672 0.132596
vt 0.321672 0.132242
vt 0.656251 0.135802
vt 0.656241 0.874022
vt 0.301469 0.231980
vt 0.301469 0.235186
vt 0.636039 0.873667
vt 0.301469 0.235540
vt 0.059036 0.860855
vt 0.059036 0.860501
vt 0.636048 0.235186
vt 0.636048 0.235540
vt 0.261064 0.158244
vt 0.301469 0.158244
vt 0.301469 0.183891
vt 0.261064 0.183891
vt 0.656251 0.209539
vt 0.636048 0.209539
vt 0.636048 0.183891
vt 0.656251 0.183891
vt 0.220658 0.158244
vt 0.220658 0.183891
vt 0.595643 0.209539
vt 0.595643 0.183891
vt 0.555237 0.209539
vt 0.514832 0.209539
vt 0.514832 0.183891
vt 0.555237 0.183891
vt 0.339349 0.158244
vt 0.341874 0.158244
vt 0.341874 0.183891
vt 0.339349 0.183891
vt 0.953156 0.805511
vt 0.927509 0.805511
vt 0.927509 0.805157
vt 0.953156 0.805157
vt 0.676453 0.209539
vt 0.676453 0.183891
vt 0.676808 0.183891
vt 0.676808 0.209539
vt 0.901862 0.801084
vt 0.927509 0.801084
vt 0.927509 0.801438
vt 0.901862 0.801438
vt 0.341874 0.209539
vt 0.342229 0.183891
vt 0.342229 0.209539
vt 0.095573 0.981685
vt 0.069925 0.981685
vt 0.069925 0.981330
vt 0.095573 0.981330
vt 0.353210 0.158244
vt 0.353210 0.183891
vt 0.352856 0.183891
vt 0.352856 0.158244
vt 0.044278 0.977257
vt 0.069925 0.977257
vt 0.069925 0.977612
vt 0.044278 0.977612
vt 0.018631 0.158244
vt 0.018631 0.183891
vt 0.018277 0.183891
vt 0.018277 0.158243
vt 0.095573 0.977612
vt 0.355736 0.209539
vt 0.353210 0.209539
vt 0.355736 0.183891
vt 0.139847 0.158244
vt 0.180253 0.158244
vt 0.180253 0.183891
vt 0.139847 0.183891
vt 0.953156 0.801438
vt 0.321672 0.158244
vt 0.321672 0.183891
vt 0.666352 0.209539
vt 0.666352 0.183891
vt 0.666342 0.874022
vt 0.666342 0.877740
vt 0.666352 0.135802
vt 0.666352 0.132596
vt 0.331773 0.132596
vt 0.331773 0.132242
vt 0.028732 0.856428
vt 0.028732 0.856782
vt 0.666352 0.132242
vt 0.666342 0.878095
vt 0.321672 0.231980
vt 0.321672 0.235186
vt 0.656241 0.873667
vt 0.321672 0.235540
vt 0.038834 0.860855
vt 0.038834 0.860501
vt 0.656251 0.235186
vt 0.656251 0.235540
vt 0.671393 0.878095
vt 0.671393 0.877740
vt 0.671403 0.132596
vt 0.671403 0.132242
vt 0.023682 0.856428
vt 0.023682 0.856782
vt 0.336824 0.132596
vt 0.336824 0.132242
vt 0.671403 0.135802
vt 0.671393 0.874022
vt 0.671403 0.209539
vt 0.671403 0.183891
vt 0.331773 0.158244
vt 0.331773 0.183891
vt 0.331773 0.231980
vt 0.331773 0.235186
vt 0.666342 0.873667
vt 0.331773 0.235540
vt 0.028732 0.860855
vt 0.028732 0.860501
vt 0.666352 0.235186
vt 0.666352 0.235540
vt 0.673928 0.209539
vt 0.673928 0.183891
vt 0.673918 0.877740
vt 0.673928 0.135802
vt 0.673928 0.132596
vt 0.339349 0.132596
vt 0.339349 0.132242
vt 0.021156 0.856428
vt 0.673928 0.132242
vt 0.673918 0.878095
vt 0.336824 0.158244
vt 0.336824 0.183891
vt 0.336824 0.231980
vt 0.336824 0.235186
vt 0.671393 0.873667
vt 0.336824 0.235540
vt 0.023682 0.860855
vt 0.023682 0.860501
vt 0.671403 0.235186
vt 0.671403 0.235540
vt 0.339349 0.209539
vt 0.336824 0.209539
vt 0.673928 0.158244
vt 0.676453 0.158244
vt 0.331773 0.209539
vt 0.671403 0.158244
vt 0.321672 0.209539
vt 0.666352 0.158244
vt 0.301469 0.209539
vt 0.656251 0.158244
vt 0.108396 0.977612
vt 0.108396 0.981330
vt 0.353210 0.145420
vt 0.352856 0.145420
vt 0.108396 0.981685
vt 0.341874 0.222362
vt 0.342229 0.222362
vt 0.889038 0.801084
vt 0.889038 0.801438
vt 0.261064 0.209539
vt 0.636048 0.158244
vt 0.220658 0.209539
vt 0.595643 0.158244
vt 0.514832 0.158244
vt 0.555237 0.158244
vt 0.901862 0.805511
vt 0.901862 0.805157
vt 0.676808 0.158244
vt 0.095573 0.977257
vt 0.018631 0.209539
vt 0.018277 0.209539
vt 0.355736 0.158244
vt 0.180253 0.209539
vt 0.139847 0.209539
vt 0.882626 0.801084
vt 0.882626 0.801438
vt 0.341874 0.228774
vt 0.342229 0.228774
vt 0.114808 0.981685
vt 0.114808 0.981330
vt 0.353210 0.139008
vt 0.352856 0.139008
vt 0.114808 0.977612
vt 0.339349 0.222362
vt 0.336824 0.222362
vt 0.673928 0.145420
vt 0.676453 0.145420
vt 0.331773 0.222362
vt 0.671403 0.145420
vt 0.321672 0.222362
vt 0.666352 0.145420
vt 0.301469 0.222362
vt 0.656251 0.145420
vt 0.261064 0.222362
vt 0.636048 0.145420
vt 0.220658 0.222362
vt 0.595643 0.145420
vt 0.514832 0.145420
vt 0.555237 0.145420
vt 0.889038 0.805511
vt 0.889038 0.805157
vt 0.676808 0.145420
vt 0.108396 0.977257
vt 0.018631 0.222362
vt 0.018277 0.222362
vt 0.355736 0.145420
vt 0.180253 0.222362
vt 0.139847 0.222362
vt 0.118014 0.981330
vt 0.352856 0.135802
vt 0.118014 0.981685
vt 0.342229 0.231980
vt 0.879420 0.801084
vt 0.339349 0.228774
vt 0.336824 0.228774
vt 0.673928 0.139008
vt 0.676453 0.139008
vt 0.331773 0.228774
vt 0.671403 0.139008
vt 0.321672 0.228774
vt 0.666352 0.139008
vt 0.301469 0.228774
vt 0.656251 0.139008
vt 0.261064 0.228774
vt 0.636048 0.139008
vt 0.220658 0.228774
vt 0.595643 0.139008
vt 0.514832 0.139008
vt 0.555237 0.139008
vt 0.882626 0.805511
vt 0.882626 0.805157
vt 0.676808 0.139008
vt 0.114808 0.977257
vt 0.018631 0.228774
vt 0.018277 0.228774
vt 0.355736 0.139008
vt 0.180253 0.228774
vt 0.139847 0.228774
vt 0.336824 0.145420
vt 0.339349 0.145420
vt 0.676453 0.222363
vt 0.673928 0.222363
vt 0.331773 0.145420
vt 0.671403 0.222363
vt 0.321672 0.145420
vt 0.666352 0.222363
vt 0.656251 0.222363
vt 0.301469 0.145420
vt 0.965980 0.801438
vt 0.965980 0.805157
vt 0.139847 0.145420
vt 0.180253 0.145420
vt 0.355736 0.222363
vt 0.353210 0.222363
vt 0.018631 0.145420
vt 0.018277 0.145420
vt 0.031455 0.977257
vt 0.031455 0.977612
vt 0.676808 0.222363
vt 0.965980 0.805511
vt 0.341874 0.145420
vt 0.555237 0.222363
vt 0.514832 0.222363
vt 0.636048 0.222363
vt 0.595643 0.222363
vt 0.220658 0.145420
vt 0.261064 0.145420
vt 0.953156 0.801084
vt 0.342229 0.158243
vt 0.044278 0.981685
vt 0.044278 0.981330
vt 0.352856 0.209539
vt 0.261064 0.139008
vt 0.301469 0.139008
vt 0.656251 0.228774
vt 0.636048 0.228774
vt 0.220658 0.139008
vt 0.595643 0.228774
vt 0.555237 0.228774
vt 0.514832 0.228774
vt 0.339349 0.139008
vt 0.341874 0.139008
vt 0.972392 0.805511
vt 0.972392 0.805157
vt 0.676453 0.228774
vt 0.676808 0.228774
vt 0.025043 0.977257
vt 0.025043 0.977612
vt 0.018631 0.139008
vt 0.018277 0.139008
vt 0.355736 0.228774
vt 0.353210 0.228774
vt 0.139847 0.139008
vt 0.180253 0.139008
vt 0.972392 0.801438
vt 0.321672 0.139008
vt 0.666352 0.228774
vt 0.671403 0.228774
vt 0.331773 0.139008
vt 0.673928 0.228774
vt 0.336824 0.139008
vt 0.965980 0.801084
vt 0.342229 0.145420
vt 0.031455 0.981685
vt 0.031455 0.981330
vt 0.352856 0.222363
vt 0.336824 0.135802
vt 0.339349 0.135802
vt 0.676453 0.231980
vt 0.673928 0.231980
vt 0.331773 0.135802
vt 0.671403 0.231980
vt 0.321672 0.135802
vt 0.666352 0.231980
vt 0.656251 0.231980
vt 0.301469 0.135802
vt 0.975598 0.805157
vt 0.139847 0.135802
vt 0.180253 0.135802
vt 0.355736 0.231980
vt 0.018631 0.135802
vt 0.018277 0.135802
vt 0.021837 0.977257
vt 0.676808 0.231980
vt 0.975598 0.805511
vt 0.555237 0.231980
vt 0.514832 0.231980
vt 0.636048 0.231980
vt 0.595643 0.231980
vt 0.220658 0.135802
vt 0.261064 0.135802
vt 0.972392 0.801084
vt 0.342229 0.139008
vt 0.025043 0.981685
vt 0.025043 0.981330
vt 0.352856 0.228774
vt 0.355736 0.235186
vt 0.139847 0.132596
vt 0.059037 0.132596
vt 0.099442 0.132596
vt 0.099442 0.135802
vt 0.059037 0.135802
vt 0.434021 0.235186
vt 0.434021 0.231980
vt 0.474426 0.231980
vt 0.434021 0.228774
vt 0.474426 0.228774
vt 0.099442 0.139008
vt 0.059037 0.139008
vt 0.099442 0.145420
vt 0.059037 0.145420
vt 0.434021 0.222363
vt 0.474426 0.222363
vt 0.434021 0.209539
vt 0.474426 0.209539
vt 0.099442 0.158244
vt 0.059037 0.158244
vt 0.059037 0.228774
vt 0.099442 0.228774
vt 0.099442 0.231980
vt 0.059037 0.231980
vt 0.474426 0.139008
vt 0.434021 0.139008
vt 0.434021 0.135802
vt 0.474426 0.135802
vt 0.059037 0.222362
vt 0.099442 0.222362
vt 0.474426 0.145420
vt 0.434021 0.145420
vt 0.059037 0.209539
vt 0.099442 0.209539
vt 0.474426 0.158244
vt 0.434021 0.158244
vt 0.059037 0.183891
vt 0.099442 0.183891
vt 0.474426 0.183891
vt 0.434021 0.183891
vt 0.301468 0.856782
vt 0.301468 0.860501
vt 0.261063 0.860501
vt 0.261063 0.856782
vt 0.393616 0.235186
vt 0.434021 0.235540
vt 0.393616 0.235540
vt 0.301468 0.860855
vt 0.261063 0.860855
vt 0.059037 0.235186
vt 0.099442 0.235186
vt 0.099442 0.235540
vt 0.059037 0.235540
vt 0.393612 0.873667
vt 0.434016 0.873667
vt 0.434016 0.874022
vt 0.393612 0.874022
vt 0.474421 0.878095
vt 0.434016 0.878095
vt 0.434016 0.877740
vt 0.474421 0.877740
vt 0.474426 0.132596
vt 0.434021 0.132596
vt 0.434021 0.132242
vt 0.474426 0.132242
vt 0.220657 0.856428
vt 0.261063 0.856428
vt 0.099442 0.132242
vt 0.139847 0.132242
vt 0.038834 0.231980
vt 0.038834 0.235186
vt 0.373410 0.873667
vt 0.373410 0.874022
vt 0.038834 0.235540
vt 0.321671 0.860855
vt 0.321671 0.860501
vt 0.373413 0.235186
vt 0.373413 0.235540
vt 0.321671 0.856782
vt 0.038834 0.158244
vt 0.038834 0.183891
vt 0.038834 0.209539
vt 0.038834 0.222362
vt 0.038834 0.228774
vt 0.038834 0.145420
vt 0.038834 0.139008
vt 0.038834 0.135802
vt 0.038834 0.132596
vt 0.393616 0.231980
vt 0.393616 0.228774
vt 0.393616 0.222363
vt 0.393616 0.209539
vt 0.393616 0.139008
vt 0.393616 0.135802
vt 0.393616 0.145420
vt 0.393616 0.158244
vt 0.393616 0.183891
vt 0.393612 0.878095
vt 0.393612 0.877740
vt 0.393616 0.132596
vt 0.393616 0.132242
vt 0.301468 0.856428
vt 0.059036 0.132242
vt 0.028732 0.132596
vt 0.028732 0.135802
vt 0.028732 0.139008
vt 0.028732 0.145420
vt 0.028732 0.158244
vt 0.028732 0.228774
vt 0.028732 0.231980
vt 0.028732 0.222362
vt 0.028732 0.209539
vt 0.028732 0.183891
vt 0.331772 0.856782
vt 0.331772 0.860501
vt 0.363312 0.235186
vt 0.363312 0.235540
vt 0.331772 0.860855
vt 0.028732 0.235186
vt 0.028732 0.235540
vt 0.363308 0.873667
vt 0.363308 0.874022
vt 0.373413 0.231980
vt 0.373413 0.228774
vt 0.373413 0.222363
vt 0.373413 0.209539
vt 0.373413 0.139008
vt 0.373413 0.135802
vt 0.373413 0.145420
vt 0.373413 0.158244
vt 0.373413 0.183891
vt 0.373409 0.878094
vt 0.373410 0.877740
vt 0.373413 0.132596
vt 0.373413 0.132242
vt 0.321671 0.856428
vt 0.038834 0.132242
vt 0.023682 0.231980
vt 0.023682 0.235186
vt 0.358258 0.873667
vt 0.358258 0.874022
vt 0.023682 0.235540
vt 0.336823 0.860855
vt 0.336823 0.860501
vt 0.358261 0.235186
vt 0.358261 0.235540
vt 0.336823 0.856782
vt 0.023682 0.158244
vt 0.023682 0.183891
vt 0.023682 0.209539
vt 0.023682 0.222362
vt 0.023682 0.228774
vt 0.023682 0.145420
vt 0.023682 0.139008
vt 0.023682 0.135802
vt 0.023682 0.132596
vt 0.363312 0.231980
vt 0.363312 0.228774
vt 0.363312 0.222363
vt 0.363312 0.209539
vt 0.363312 0.139008
vt 0.363312 0.135802
vt 0.363312 0.145420
vt 0.363312 0.158244
vt 0.363312 0.183891
vt 0.363308 0.878095
vt 0.363308 0.877740
vt 0.363312 0.132596
vt 0.363312 0.132242
vt 0.331772 0.856428
vt 0.028732 0.132242
vt 0.021156 0.135802
vt 0.021156 0.139008
vt 0.021156 0.145420
vt 0.021156 0.158244
vt 0.021156 0.228774
vt 0.021156 0.231980
vt 0.021156 0.222362
vt 0.021156 0.209539
vt 0.021156 0.183891
vt 0.339348 0.860501
vt 0.355736 0.235540
vt 0.339348 0.860855
vt 0.021156 0.235186
vt 0.021156 0.235540
vt 0.355733 0.873667
vt 0.358261 0.231980
vt 0.358261 0.228774
vt 0.358261 0.222363
vt 0.358261 0.209539
vt 0.358261 0.139008
vt 0.358261 0.135802
vt 0.358261 0.145420
vt 0.358261 0.158244
vt 0.358261 0.183891
vt 0.358258 0.878095
vt 0.358258 0.877740
vt 0.358261 0.132596
vt 0.358261 0.132242
vt 0.336823 0.856428
vt 0.023682 0.132242
vt 0.355736 0.843912
vt 0.355736 0.847631
vt 0.353211 0.847631
vt 0.353211 0.843912
vt 0.879420 0.726165
vt 0.879420 0.729884
vt 0.876214 0.729884
vt 0.876214 0.726165
vt 0.139847 0.573759
vt 0.180253 0.573759
vt 0.180253 0.576965
vt 0.139847 0.576965
vt 0.021156 0.021876
vt 0.018631 0.021876
vt 0.018631 0.018670
vt 0.021156 0.018670
vt 0.879420 0.741219
vt 0.879420 0.744938
vt 0.876214 0.744938
vt 0.876214 0.741219
vt 0.355734 0.858967
vt 0.355734 0.862686
vt 0.353209 0.862686
vt 0.353209 0.858967
vt 0.018631 0.576965
vt 0.018631 0.577319
vt 0.018277 0.577319
vt 0.018277 0.576965
vt 0.352857 0.843912
vt 0.352857 0.843558
vt 0.353211 0.843558
vt 0.978805 0.741219
vt 0.978805 0.740865
vt 0.979159 0.740865
vt 0.979159 0.741219
vt 0.353211 0.847985
vt 0.352857 0.847985
vt 0.352857 0.847631
vt 0.018277 0.018670
vt 0.018277 0.018315
vt 0.018631 0.018315
vt 0.978805 0.744938
vt 0.979159 0.744938
vt 0.979159 0.745292
vt 0.978805 0.745292
vt 0.018631 0.474375
vt 0.018277 0.474375
vt 0.018277 0.474021
vt 0.018631 0.474021
vt 0.875860 0.741219
vt 0.875860 0.740865
vt 0.876214 0.740865
vt 0.676449 0.858967
vt 0.676449 0.858613
vt 0.676803 0.858613
vt 0.676803 0.858967
vt 0.018631 0.121260
vt 0.018631 0.121614
vt 0.018277 0.121614
vt 0.018277 0.121260
vt 0.676449 0.862686
vt 0.676803 0.862686
vt 0.676803 0.863040
vt 0.676449 0.863040
vt 0.876214 0.745292
vt 0.875860 0.745292
vt 0.875860 0.744938
vt 0.341874 0.576965
vt 0.342228 0.576965
vt 0.342228 0.577319
vt 0.341874 0.577319
vt 0.875860 0.726165
vt 0.875860 0.725811
vt 0.876214 0.725811
vt 0.676453 0.843912
vt 0.676453 0.843558
vt 0.676808 0.843558
vt 0.676808 0.843912
vt 0.341874 0.018670
vt 0.341874 0.018315
vt 0.342228 0.018315
vt 0.342228 0.018670
vt 0.676453 0.847631
vt 0.676808 0.847631
vt 0.676808 0.847985
vt 0.676453 0.847985
vt 0.876214 0.730238
vt 0.875860 0.730238
vt 0.875860 0.729884
vt 0.341874 0.474375
vt 0.341874 0.474021
vt 0.342228 0.474021
vt 0.342228 0.474375
vt 0.352855 0.858967
vt 0.352855 0.858613
vt 0.353209 0.858613
vt 0.978806 0.726165
vt 0.978806 0.725811
vt 0.979160 0.725811
vt 0.979160 0.726165
vt 0.341874 0.121260
vt 0.342228 0.121260
vt 0.342228 0.121614
vt 0.341874 0.121614
vt 0.978806 0.729884
vt 0.979160 0.729884
vt 0.979160 0.730238
vt 0.978806 0.730238
vt 0.353209 0.863040
vt 0.352855 0.863040
vt 0.352855 0.862686
vt 0.018631 0.573759
vt 0.018277 0.573759
vt 0.975599 0.740865
vt 0.975599 0.741219
vt 0.018631 0.118054
vt 0.018277 0.118054
vt 0.879420 0.745292
vt 0.021156 0.474375
vt 0.021156 0.474021
vt 0.673924 0.858613
vt 0.673924 0.858967
vt 0.339349 0.121260
vt 0.339349 0.121614
vt 0.355734 0.863040
vt 0.341874 0.477581
vt 0.342228 0.477581
vt 0.975600 0.725811
vt 0.975600 0.726165
vt 0.341874 0.021876
vt 0.342228 0.021876
vt 0.879420 0.730238
vt 0.339349 0.576965
vt 0.339349 0.577319
vt 0.673928 0.843558
vt 0.673928 0.843912
vt 0.021156 0.018315
vt 0.355736 0.847985
vt 0.339349 0.573759
vt 0.341874 0.573759
vt 0.555237 0.847985
vt 0.514832 0.847985
vt 0.514832 0.847631
vt 0.555237 0.847631
vt 0.220658 0.018670
vt 0.180253 0.018670
vt 0.180253 0.018315
vt 0.220658 0.018315
vt 0.474427 0.843558
vt 0.514832 0.843558
vt 0.514832 0.843912
vt 0.474427 0.843912
vt 0.180253 0.577319
vt 0.139847 0.577319
vt 0.555234 0.863040
vt 0.514829 0.863040
vt 0.514829 0.862686
vt 0.555234 0.862686
vt 0.139847 0.121260
vt 0.180253 0.121260
vt 0.180253 0.121614
vt 0.139847 0.121614
vt 0.474424 0.858613
vt 0.514829 0.858613
vt 0.514829 0.858967
vt 0.474424 0.858967
vt 0.220658 0.474375
vt 0.180253 0.474375
vt 0.180253 0.474021
vt 0.220658 0.474021
vt 0.555234 0.858967
vt 0.220658 0.021876
vt 0.180253 0.021876
vt 0.555237 0.843912
vt 0.636048 0.843912
vt 0.636048 0.847631
vt 0.595643 0.847631
vt 0.595643 0.843912
vt 0.301469 0.021876
vt 0.261063 0.021876
vt 0.261063 0.018670
vt 0.301469 0.018670
vt 0.301469 0.474375
vt 0.261063 0.474375
vt 0.261063 0.474021
vt 0.301469 0.474021
vt 0.393614 0.858613
vt 0.434019 0.858613
vt 0.434019 0.858967
vt 0.393614 0.858967
vt 0.261063 0.018315
vt 0.301469 0.018315
vt 0.636048 0.847985
vt 0.595643 0.847985
vt 0.220658 0.573759
vt 0.261063 0.573759
vt 0.261063 0.576965
vt 0.220658 0.576965
vt 0.555237 0.843558
vt 0.595643 0.843558
vt 0.261063 0.577319
vt 0.220658 0.577319
vt 0.474424 0.863040
vt 0.434019 0.863040
vt 0.434019 0.862686
vt 0.474424 0.862686
vt 0.220658 0.121260
vt 0.261063 0.121260
vt 0.261063 0.121614
vt 0.220658 0.121614
vt 0.656251 0.847985
vt 0.656251 0.847631
vt 0.321672 0.018670
vt 0.321672 0.018315
vt 0.373412 0.858613
vt 0.373412 0.858967
vt 0.321672 0.474375
vt 0.321672 0.474021
vt 0.321672 0.021876
vt 0.656251 0.843912
vt 0.301469 0.573759
vt 0.301469 0.576965
vt 0.636048 0.843558
vt 0.301469 0.577319
vt 0.393614 0.863040
vt 0.393614 0.862686
vt 0.301469 0.121260
vt 0.301469 0.121614
vt 0.261063 0.500022
vt 0.301469 0.500022
vt 0.301469 0.525670
vt 0.261063 0.525670
vt 0.321672 0.095612
vt 0.301469 0.095612
vt 0.301469 0.069965
vt 0.321672 0.069965
vt 0.220658 0.500022
vt 0.220658 0.525670
vt 0.261063 0.095612
vt 0.261063 0.069965
vt 0.220658 0.095612
vt 0.180253 0.095612
vt 0.180253 0.069965
vt 0.220658 0.069965
vt 0.339349 0.500022
vt 0.341874 0.500022
vt 0.341874 0.525670
vt 0.339349 0.525670
vt 0.953158 0.730238
vt 0.927510 0.730238
vt 0.927510 0.729884
vt 0.953158 0.729884
vt 0.341874 0.095612
vt 0.341874 0.069965
vt 0.342228 0.069965
vt 0.342228 0.095612
vt 0.901862 0.725811
vt 0.927510 0.725811
vt 0.927510 0.726165
vt 0.901862 0.726165
vt 0.341874 0.551318
vt 0.342228 0.525670
vt 0.342228 0.551318
vt 0.953157 0.745292
vt 0.927510 0.745292
vt 0.927510 0.744938
vt 0.953157 0.744938
vt 0.018631 0.044317
vt 0.018631 0.069965
vt 0.018277 0.069965
vt 0.018277 0.044317
vt 0.901862 0.740865
vt 0.927510 0.740865
vt 0.927510 0.741219
vt 0.901862 0.741219
vt 0.018631 0.500022
vt 0.018631 0.525670
vt 0.018277 0.525670
vt 0.018277 0.500022
vt 0.953157 0.741219
vt 0.021156 0.095612
vt 0.018631 0.095612
vt 0.021156 0.069965
vt 0.139847 0.500022
vt 0.180253 0.500022
vt 0.180253 0.525670
vt 0.139847 0.525670
vt 0.953158 0.726165
vt 0.321672 0.500022
vt 0.321672 0.525670
vt 0.331773 0.095612
vt 0.331773 0.069965
vt 0.666352 0.843912
vt 0.666352 0.847631
vt 0.331773 0.021876
vt 0.331773 0.018670
vt 0.331773 0.474375
vt 0.331773 0.474021
vt 0.363310 0.858613
vt 0.363310 0.858967
vt 0.331773 0.018315
vt 0.666352 0.847985
vt 0.321672 0.573759
vt 0.321672 0.576965
vt 0.656251 0.843558
vt 0.321672 0.577319
vt 0.373412 0.863040
vt 0.373412 0.862686
vt 0.321672 0.121260
vt 0.321672 0.121614
vt 0.671403 0.847985
vt 0.671403 0.847631
vt 0.336824 0.018670
vt 0.336824 0.018315
vt 0.358260 0.858613
vt 0.358260 0.858967
vt 0.336824 0.474375
vt 0.336824 0.474021
vt 0.336824 0.021876
vt 0.671403 0.843912
vt 0.336824 0.095612
vt 0.336824 0.069965
vt 0.331773 0.500022
vt 0.331773 0.525670
vt 0.331773 0.573759
vt 0.331773 0.576965
vt 0.666352 0.843558
vt 0.331773 0.577319
vt 0.363310 0.863040
vt 0.363310 0.862686
vt 0.331773 0.121260
vt 0.331773 0.121614
vt 0.339349 0.095612
vt 0.339349 0.069965
vt 0.673928 0.847631
vt 0.339349 0.021876
vt 0.339349 0.018670
vt 0.339349 0.474375
vt 0.339349 0.474021
vt 0.355734 0.858613
vt 0.339349 0.018315
vt 0.673928 0.847985
vt 0.336824 0.500022
vt 0.336824 0.525670
vt 0.336824 0.573759
vt 0.336824 0.576965
vt 0.671403 0.843558
vt 0.336824 0.577319
vt 0.358260 0.863040
vt 0.358260 0.862686
vt 0.336824 0.121260
vt 0.336824 0.121614
vt 0.339349 0.551318
vt 0.336824 0.551318
vt 0.339349 0.044317
vt 0.341874 0.044317
vt 0.331773 0.551318
vt 0.336824 0.044317
vt 0.321672 0.551318
vt 0.331773 0.044317
vt 0.301469 0.551318
vt 0.321672 0.044317
vt 0.965981 0.741219
vt 0.965981 0.744938
vt 0.018631 0.031493
vt 0.018277 0.031493
vt 0.965981 0.745292
vt 0.341874 0.564141
vt 0.342228 0.564141
vt 0.889038 0.725811
vt 0.889038 0.726165
vt 0.261063 0.551318
vt 0.301469 0.044317
vt 0.220658 0.551318
vt 0.261063 0.044317
vt 0.180253 0.044317
vt 0.220658 0.044317
vt 0.901862 0.730238
vt 0.901862 0.729884
vt 0.342228 0.044317
vt 0.953157 0.740865
vt 0.018631 0.551318
vt 0.018277 0.551318
vt 0.021156 0.044317
vt 0.180253 0.551318
vt 0.139847 0.551318
vt 0.882626 0.725811
vt 0.882626 0.726165
vt 0.341874 0.570553
vt 0.342228 0.570553
vt 0.972393 0.745292
vt 0.972393 0.744938
vt 0.018631 0.025082
vt 0.018277 0.025082
vt 0.972393 0.741219
vt 0.339349 0.564141
vt 0.336824 0.564141
vt 0.339349 0.031493
vt 0.341874 0.031493
vt 0.331773 0.564141
vt 0.336824 0.031493
vt 0.321672 0.564141
vt 0.331773 0.031493
vt 0.301469 0.564141
vt 0.321672 0.031493
vt 0.261063 0.564141
vt 0.301469 0.031493
vt 0.220658 0.564141
vt 0.261063 0.031493
vt 0.180253 0.031493
vt 0.220658 0.031493
vt 0.889038 0.730238
vt 0.889038 0.729884
vt 0.342228 0.031493
vt 0.965981 0.740865
vt 0.018631 0.564141
vt 0.018277 0.564141
vt 0.021156 0.031493
vt 0.180253 0.564141
vt 0.139847 0.564141
vt 0.975599 0.744938
vt 0.018277 0.021876
vt 0.975599 0.745292
vt 0.342228 0.573759
vt 0.879420 0.725811
vt 0.339349 0.570553
vt 0.336824 0.570553
vt 0.339349 0.025082
vt 0.341874 0.025082
vt 0.331773 0.570553
vt 0.336824 0.025082
vt 0.321672 0.570553
vt 0.331773 0.025082
vt 0.301469 0.570553
vt 0.321672 0.025082
vt 0.261063 0.570553
vt 0.301469 0.025082
vt 0.220658 0.570553
vt 0.261063 0.025082
vt 0.180253 0.025082
vt 0.220658 0.025082
vt 0.882626 0.730238
vt 0.882626 0.729884
vt 0.342228 0.025082
vt 0.972393 0.740865
vt 0.018631 0.570553
vt 0.018277 0.570553
vt 0.021156 0.025082
vt 0.180253 0.570553
vt 0.139847 0.570553
vt 0.336824 0.487199
vt 0.339349 0.487199
vt 0.341874 0.108436
vt 0.339349 0.108436
vt 0.331773 0.487199
vt 0.336824 0.108436
vt 0.321672 0.487199
vt 0.331773 0.108436
vt 0.321672 0.108436
vt 0.301469 0.487199
vt 0.965982 0.726165
vt 0.965982 0.729884
vt 0.139847 0.487199
vt 0.180253 0.487199
vt 0.021156 0.108436
vt 0.018631 0.108436
vt 0.018631 0.487199
vt 0.018277 0.487199
vt 0.889038 0.740865
vt 0.889038 0.741219
vt 0.342228 0.108436
vt 0.965982 0.730238
vt 0.341874 0.487199
vt 0.220658 0.108436
vt 0.180253 0.108436
vt 0.301469 0.108436
vt 0.261063 0.108436
vt 0.220658 0.487199
vt 0.261063 0.487199
vt 0.953158 0.725811
vt 0.342228 0.500022
vt 0.901862 0.745292
vt 0.901862 0.744938
vt 0.018277 0.095612
vt 0.261063 0.480787
vt 0.301469 0.480787
vt 0.321672 0.114848
vt 0.301469 0.114848
vt 0.220658 0.480787
vt 0.261063 0.114848
vt 0.220658 0.114848
vt 0.180253 0.114848
vt 0.339349 0.480787
vt 0.341874 0.480787
vt 0.972394 0.730238
vt 0.972394 0.729884
vt 0.341874 0.114848
vt 0.342228 0.114848
vt 0.882626 0.740865
vt 0.882626 0.741219
vt 0.018631 0.480787
vt 0.018277 0.480787
vt 0.021156 0.114848
vt 0.018631 0.114848
vt 0.139847 0.480787
vt 0.180253 0.480787
vt 0.972394 0.726165
vt 0.321672 0.480787
vt 0.331773 0.114848
vt 0.336824 0.114848
vt 0.331773 0.480787
vt 0.339349 0.114848
vt 0.336824 0.480787
vt 0.965982 0.725811
vt 0.342228 0.487199
vt 0.889038 0.745292
vt 0.889038 0.744938
vt 0.018277 0.108436
vt 0.336824 0.477581
vt 0.339349 0.477581
vt 0.341874 0.118054
vt 0.339349 0.118054
vt 0.331773 0.477581
vt 0.336824 0.118054
vt 0.321672 0.477581
vt 0.331773 0.118054
vt 0.321672 0.118054
vt 0.301469 0.477581
vt 0.975600 0.729884
vt 0.139847 0.477581
vt 0.180253 0.477581
vt 0.021156 0.118054
vt 0.018631 0.477581
vt 0.018277 0.477581
vt 0.879420 0.740865
vt 0.342228 0.118054
vt 0.975600 0.730238
vt 0.220658 0.118054
vt 0.180253 0.118054
vt 0.301469 0.118054
vt 0.261063 0.118054
vt 0.220658 0.477581
vt 0.261063 0.477581
vt 0.972394 0.725811
vt 0.342228 0.480787
vt 0.882626 0.745292
vt 0.882626 0.744938
vt 0.018277 0.114848
vt 0.021156 0.121260
vt 0.139847 0.474375
vt 0.059037 0.474375
vt 0.099442 0.474375
vt 0.099442 0.477581
vt 0.059037 0.477581
vt 0.099442 0.121260
vt 0.099442 0.118054
vt 0.139847 0.118054
vt 0.099442 0.114848
vt 0.139847 0.114848
vt 0.099442 0.480787
vt 0.059037 0.480787
vt 0.099442 0.487199
vt 0.059037 0.487199
vt 0.099442 0.108436
vt 0.139847 0.108436
vt 0.099442 0.095612
vt 0.139847 0.095612
vt 0.099442 0.500022
vt 0.059037 0.500022
vt 0.059037 0.570553
vt 0.099442 0.570553
vt 0.099442 0.573759
vt 0.059037 0.573759
vt 0.139847 0.025082
vt 0.099442 0.025082
vt 0.099442 0.021876
vt 0.139847 0.021876
vt 0.059037 0.564141
vt 0.099442 0.564141
vt 0.139847 0.031493
vt 0.099442 0.031493
vt 0.059037 0.551318
vt 0.099442 0.551318
vt 0.139847 0.044317
vt 0.099442 0.044317
vt 0.059037 0.525670
vt 0.099442 0.525670
vt 0.139847 0.069965
vt 0.099442 0.069965
vt 0.636044 0.858967
vt 0.636044 0.862686
vt 0.595639 0.862686
vt 0.595639 0.858967
vt 0.059037 0.121260
vt 0.099442 0.121614
vt 0.059037 0.121614
vt 0.636044 0.863040
vt 0.595639 0.863040
vt 0.059037 0.576965
vt 0.099442 0.576965
vt 0.099442 0.577319
vt 0.059037 0.577319
vt 0.393616 0.843558
vt 0.434021 0.843558
vt 0.434021 0.843912
vt 0.393616 0.843912
vt 0.474427 0.847985
vt 0.434021 0.847985
vt 0.434021 0.847631
vt 0.474427 0.847631
vt 0.139847 0.018670
vt 0.099442 0.018670
vt 0.099442 0.018315
vt 0.139847 0.018315
vt 0.555234 0.858613
vt 0.595639 0.858613
vt 0.099442 0.474021
vt 0.139847 0.474021
vt 0.038834 0.573759
vt 0.038834 0.576965
vt 0.373413 0.843558
vt 0.373413 0.843912
vt 0.038834 0.577319
vt 0.656247 0.863040
vt 0.656247 0.862686
vt 0.038834 0.121260
vt 0.038834 0.121614
vt 0.656247 0.858967
vt 0.038834 0.500022
vt 0.038834 0.525670
vt 0.038834 0.551318
vt 0.038834 0.564141
vt 0.038834 0.570553
vt 0.038834 0.487199
vt 0.038834 0.480787
vt 0.038834 0.477581
vt 0.038834 0.474375
vt 0.059037 0.118054
vt 0.059037 0.114848
vt 0.059037 0.108436
vt 0.059037 0.095612
vt 0.059037 0.025082
vt 0.059037 0.021876
vt 0.059037 0.031493
vt 0.059037 0.044317
vt 0.059037 0.069965
vt 0.393616 0.847985
vt 0.393616 0.847631
vt 0.059037 0.018670
vt 0.059036 0.018315
vt 0.636044 0.858613
vt 0.059036 0.474021
vt 0.028732 0.474375
vt 0.028732 0.477581
vt 0.028732 0.480787
vt 0.028732 0.487199
vt 0.028732 0.500022
vt 0.028732 0.570553
vt 0.028732 0.573759
vt 0.028732 0.564141
vt 0.028732 0.551318
vt 0.028732 0.525670
vt 0.666348 0.858967
vt 0.666348 0.862686
vt 0.028732 0.121260
vt 0.028732 0.121614
vt 0.666348 0.863040
vt 0.028732 0.576965
vt 0.028732 0.577319
vt 0.363312 0.843558
vt 0.363312 0.843912
vt 0.038834 0.118054
vt 0.038834 0.114848
vt 0.038834 0.108436
vt 0.038834 0.095612
vt 0.038834 0.025082
vt 0.038834 0.021876
vt 0.038834 0.031493
vt 0.038834 0.044317
vt 0.038834 0.069965
vt 0.373413 0.847985
vt 0.373413 0.847631
vt 0.038834 0.018670
vt 0.038834 0.018315
vt 0.656247 0.858613
vt 0.038834 0.474021
vt 0.023682 0.573759
vt 0.023682 0.576965
vt 0.358261 0.843558
vt 0.358261 0.843912
vt 0.023682 0.577319
vt 0.671399 0.863040
vt 0.671399 0.862686
vt 0.023682 0.121260
vt 0.023682 0.121614
vt 0.671399 0.858967
vt 0.023682 0.500022
vt 0.023682 0.525670
vt 0.023682 0.551318
vt 0.023682 0.564141
vt 0.023682 0.570553
vt 0.023682 0.487199
vt 0.023682 0.480787
vt 0.023682 0.477581
vt 0.023682 0.474375
vt 0.028732 0.118054
vt 0.028732 0.114848
vt 0.028732 0.108436
vt 0.028732 0.095612
vt 0.028732 0.025082
vt 0.028732 0.021876
vt 0.028732 0.031493
vt 0.028732 0.044317
vt 0.028732 0.069965
vt 0.363312 0.847985
vt 0.363312 0.847631
vt 0.028732 0.018670
vt 0.028732 0.018315
vt 0.666348 0.858613
vt 0.028732 0.474021
vt 0.021156 0.477581
vt 0.021156 0.480787
vt 0.021156 0.487199
vt 0.021156 0.500022
vt 0.021156 0.570553
vt 0.021156 0.573759
vt 0.021156 0.564141
vt 0.021156 0.551318
vt 0.021156 0.525670
vt 0.673924 0.862686
vt 0.021156 0.121614
vt 0.673924 0.863040
vt 0.021156 0.576965
vt 0.021156 0.577319
vt 0.355736 0.843558
vt 0.023682 0.118054
vt 0.023682 0.114848
vt 0.023682 0.108436
vt 0.023682 0.095612
vt 0.023682 0.025082
vt 0.023682 0.021876
vt 0.023682 0.031493
vt 0.023682 0.044317
vt 0.023682 0.069965
vt 0.358261 0.847985
vt 0.358261 0.847631
vt 0.023682 0.018670
vt 0.023682 0.018315
vt 0.671399 0.858613
vt 0.023682 0.474021
vt 0.021156 0.871837
vt 0.021156 0.875556
vt 0.018631 0.875556
vt 0.018631 0.871837
vt 0.879420 0.786384
vt 0.879420 0.790102
vt 0.876214 0.790102
vt 0.876214 0.786384
vt 0.139847 0.345907
vt 0.180253 0.345907
vt 0.180253 0.349113
vt 0.139847 0.349113
vt 0.355736 0.021876
vt 0.353210 0.021876
vt 0.353210 0.018670
vt 0.355736 0.018670
vt 0.879420 0.816493
vt 0.879420 0.820212
vt 0.876214 0.820212
vt 0.876214 0.816493
vt 0.501415 0.828857
vt 0.501415 0.832576
vt 0.498889 0.832576
vt 0.498889 0.828857
vt 0.018631 0.349113
vt 0.018631 0.349467
vt 0.018277 0.349467
vt 0.018277 0.349113
vt 0.018277 0.871837
vt 0.018277 0.871483
vt 0.018631 0.871483
vt 0.978804 0.816493
vt 0.978804 0.816139
vt 0.979158 0.816139
vt 0.979158 0.816493
vt 0.018631 0.875910
vt 0.018277 0.875910
vt 0.018277 0.875556
vt 0.352856 0.018670
vt 0.352856 0.018315
vt 0.353210 0.018315
vt 0.978804 0.820212
vt 0.979158 0.820212
vt 0.979158 0.820566
vt 0.978804 0.820566
vt 0.018631 0.246522
vt 0.018277 0.246522
vt 0.018277 0.246168
vt 0.018631 0.246168
vt 0.875860 0.816493
vt 0.875860 0.816139
vt 0.876214 0.816139
vt 0.822134 0.828857
vt 0.822134 0.828503
vt 0.822488 0.828503
vt 0.822488 0.828857
vt 0.353210 0.121260
vt 0.353210 0.121614
vt 0.352856 0.121614
vt 0.352856 0.121260
vt 0.822134 0.832576
vt 0.822488 0.832576
vt 0.822488 0.832930
vt 0.822134 0.832930
vt 0.876214 0.820566
vt 0.875860 0.820566
vt 0.875860 0.820212
vt 0.341874 0.349113
vt 0.342228 0.349113
vt 0.342228 0.349467
vt 0.341874 0.349467
vt 0.875860 0.786384
vt 0.875860 0.786029
vt 0.876214 0.786029
vt 0.341871 0.871837
vt 0.341871 0.871483
vt 0.342225 0.871483
vt 0.342225 0.871837
vt 0.676453 0.018670
vt 0.676453 0.018315
vt 0.676808 0.018315
vt 0.676808 0.018670
vt 0.341871 0.875556
vt 0.342225 0.875556
vt 0.342225 0.875910
vt 0.341871 0.875910
vt 0.876214 0.790457
vt 0.875860 0.790457
vt 0.875860 0.790102
vt 0.341874 0.246522
vt 0.341874 0.246168
vt 0.342228 0.246168
vt 0.342228 0.246522
vt 0.498535 0.828857
vt 0.498535 0.828503
vt 0.498889 0.828503
vt 0.978804 0.786384
vt 0.978804 0.786029
vt 0.979158 0.786029
vt 0.979158 0.786384
vt 0.676453 0.121260
vt 0.676808 0.121260
vt 0.676808 0.121614
vt 0.676453 0.121614
vt 0.978804 0.790102
vt 0.979158 0.790102
vt 0.979158 0.790457
vt 0.978804 0.790457
vt 0.498889 0.832930
vt 0.498535 0.832930
vt 0.498535 0.832576
vt 0.018631 0.345907
vt 0.018277 0.345907
vt 0.975598 0.816139
vt 0.975598 0.816493
vt 0.353210 0.118054
vt 0.352856 0.118054
vt 0.879420 0.820566
vt 0.021156 0.246522
vt 0.021156 0.246168
vt 0.819608 0.828503
vt 0.819608 0.828857
vt 0.673928 0.121260
vt 0.673928 0.121614
vt 0.501415 0.832930
vt 0.341874 0.249728
vt 0.342228 0.249728
vt 0.975598 0.786029
vt 0.975598 0.786384
vt 0.676453 0.021876
vt 0.676808 0.021876
vt 0.879420 0.790457
vt 0.339349 0.349113
vt 0.339349 0.349467
vt 0.339346 0.871483
vt 0.339346 0.871837
vt 0.355736 0.018315
vt 0.021156 0.875910
vt 0.339349 0.345907
vt 0.341874 0.345907
vt 0.220656 0.875910
vt 0.180251 0.875910
vt 0.180251 0.875556
vt 0.220656 0.875556
vt 0.555237 0.018670
vt 0.514832 0.018670
vt 0.514832 0.018315
vt 0.555237 0.018315
vt 0.139846 0.871483
vt 0.180251 0.871483
vt 0.180251 0.871837
vt 0.139846 0.871837
vt 0.180253 0.349467
vt 0.139847 0.349467
vt 0.700917 0.832930
vt 0.660511 0.832930
vt 0.660511 0.832576
vt 0.700917 0.832576
vt 0.474426 0.121260
vt 0.514832 0.121260
vt 0.514832 0.121614
vt 0.474426 0.121614
vt 0.620106 0.828503
vt 0.660511 0.828503
vt 0.660511 0.828857
vt 0.620106 0.828857
vt 0.220658 0.246522
vt 0.180253 0.246522
vt 0.180253 0.246168
vt 0.220658 0.246168
vt 0.700917 0.828857
vt 0.555237 0.021876
vt 0.514832 0.021876
vt 0.220656 0.871837
vt 0.301466 0.871837
vt 0.301466 0.875556
vt 0.261061 0.875556
vt 0.261061 0.871837
vt 0.636048 0.021876
vt 0.595643 0.021876
vt 0.595643 0.018670
vt 0.636048 0.018670
vt 0.301469 0.246522
vt 0.261063 0.246522
vt 0.261063 0.246168
vt 0.301469 0.246168
vt 0.539295 0.828503
vt 0.579700 0.828503
vt 0.579700 0.828857
vt 0.539295 0.828857
vt 0.595643 0.018315
vt 0.636048 0.018315
vt 0.301466 0.875910
vt 0.261061 0.875910
vt 0.220658 0.345907
vt 0.261063 0.345907
vt 0.261063 0.349113
vt 0.220658 0.349113
vt 0.220656 0.871483
vt 0.261061 0.871483
vt 0.261063 0.349467
vt 0.220658 0.349467
vt 0.620106 0.832930
vt 0.579700 0.832930
vt 0.579700 0.832576
vt 0.620106 0.832576
vt 0.555237 0.121260
vt 0.595643 0.121260
vt 0.595643 0.121614
vt 0.555237 0.121614
vt 0.321669 0.875910
vt 0.321669 0.875556
vt 0.656251 0.018670
vt 0.656251 0.018315
vt 0.519092 0.828503
vt 0.519092 0.828857
vt 0.321671 0.246522
vt 0.321672 0.246168
vt 0.656251 0.021876
vt 0.321669 0.871837
vt 0.301469 0.345907
vt 0.301469 0.349113
vt 0.301466 0.871483
vt 0.301469 0.349467
vt 0.539295 0.832930
vt 0.539295 0.832576
vt 0.636048 0.121260
vt 0.636048 0.121614
vt 0.261063 0.272170
vt 0.301469 0.272170
vt 0.301469 0.297817
vt 0.261063 0.297817
vt 0.656251 0.095612
vt 0.636048 0.095612
vt 0.636048 0.069965
vt 0.656251 0.069965
vt 0.220658 0.272170
vt 0.220658 0.297817
vt 0.595643 0.095612
vt 0.595643 0.069965
vt 0.555237 0.095612
vt 0.514832 0.095612
vt 0.514832 0.069965
vt 0.555237 0.069965
vt 0.339349 0.272170
vt 0.341874 0.272170
vt 0.341874 0.297817
vt 0.339349 0.297817
vt 0.953157 0.790457
vt 0.927509 0.790457
vt 0.927509 0.790102
vt 0.953157 0.790102
vt 0.676453 0.095612
vt 0.676453 0.069965
vt 0.676808 0.069965
vt 0.676808 0.095612
vt 0.901862 0.786029
vt 0.927509 0.786029
vt 0.927509 0.786384
vt 0.901862 0.786384
vt 0.341874 0.323465
vt 0.342228 0.297817
vt 0.342228 0.323465
vt 0.953156 0.820566
vt 0.927509 0.820566
vt 0.927509 0.820212
vt 0.953156 0.820212
vt 0.353210 0.044317
vt 0.353210 0.069965
vt 0.352856 0.069965
vt 0.352856 0.044317
vt 0.901861 0.816139
vt 0.927509 0.816139
vt 0.927509 0.816493
vt 0.901861 0.816493
vt 0.018631 0.272170
vt 0.018631 0.297817
vt 0.018277 0.297817
vt 0.018277 0.272170
vt 0.953156 0.816493
vt 0.355736 0.095612
vt 0.353210 0.095612
vt 0.355736 0.069965
vt 0.139847 0.272170
vt 0.180253 0.272170
vt 0.180253 0.297817
vt 0.139847 0.297817
vt 0.953157 0.786384
vt 0.321671 0.272170
vt 0.321671 0.297817
vt 0.666352 0.095612
vt 0.666352 0.069965
vt 0.331770 0.871837
vt 0.331770 0.875556
vt 0.666352 0.021876
vt 0.666352 0.018670
vt 0.331773 0.246522
vt 0.331773 0.246168
vt 0.508991 0.828503
vt 0.508991 0.828857
vt 0.666352 0.018315
vt 0.331770 0.875910
vt 0.321671 0.345907
vt 0.321671 0.349113
vt 0.321669 0.871483
vt 0.321671 0.349467
vt 0.519092 0.832930
vt 0.519092 0.832576
vt 0.656251 0.121260
vt 0.656251 0.121614
vt 0.336821 0.875910
vt 0.336821 0.875556
vt 0.671403 0.018670
vt 0.671403 0.018315
vt 0.503940 0.828503
vt 0.503940 0.828857
vt 0.336824 0.246522
vt 0.336824 0.246168
vt 0.671403 0.021876
vt 0.336821 0.871837
vt 0.671403 0.095612
vt 0.671403 0.069965
vt 0.331773 0.272170
vt 0.331773 0.297817
vt 0.331773 0.345907
vt 0.331773 0.349113
vt 0.331770 0.871483
vt 0.331773 0.349467
vt 0.508991 0.832930
vt 0.508991 0.832576
vt 0.666352 0.121260
vt 0.666352 0.121614
vt 0.673928 0.095612
vt 0.673928 0.069965
vt 0.339346 0.875556
vt 0.673928 0.021876
vt 0.673928 0.018670
vt 0.339349 0.246522
vt 0.339349 0.246168
vt 0.501415 0.828503
vt 0.673928 0.018315
vt 0.339346 0.875910
vt 0.336824 0.272170
vt 0.336824 0.297817
vt 0.336824 0.345907
vt 0.336824 0.349113
vt 0.336821 0.871483
vt 0.336824 0.349467
vt 0.503940 0.832930
vt 0.503940 0.832576
vt 0.671403 0.121260
vt 0.671403 0.121614
vt 0.339349 0.323465
vt 0.336824 0.323465
vt 0.673928 0.044317
vt 0.676453 0.044317
vt 0.331773 0.323465
vt 0.671403 0.044317
vt 0.321671 0.323465
vt 0.666352 0.044317
vt 0.301469 0.323465
vt 0.656251 0.044317
vt 0.965980 0.816493
vt 0.965980 0.820212
vt 0.353210 0.031493
vt 0.352856 0.031493
vt 0.965980 0.820566
vt 0.341874 0.336289
vt 0.342228 0.336289
vt 0.889038 0.786029
vt 0.889038 0.786384
vt 0.261063 0.323465
vt 0.636048 0.044317
vt 0.220658 0.323465
vt 0.595643 0.044317
vt 0.514832 0.044317
vt 0.555237 0.044317
vt 0.901862 0.790457
vt 0.901862 0.790102
vt 0.676808 0.044317
vt 0.953156 0.816139
vt 0.018631 0.323465
vt 0.018277 0.323465
vt 0.355736 0.044317
vt 0.180253 0.323465
vt 0.139847 0.323465
vt 0.882626 0.786029
vt 0.882626 0.786384
vt 0.341874 0.342701
vt 0.342228 0.342701
vt 0.972392 0.820566
vt 0.972392 0.820212
vt 0.353210 0.025082
vt 0.352856 0.025082
vt 0.972392 0.816493
vt 0.339349 0.336289
vt 0.336824 0.336289
vt 0.673928 0.031493
vt 0.676453 0.031493
vt 0.331773 0.336289
vt 0.671403 0.031493
vt 0.321671 0.336289
vt 0.666352 0.031493
vt 0.301469 0.336289
vt 0.656251 0.031493
vt 0.261063 0.336289
vt 0.636048 0.031493
vt 0.220658 0.336289
vt 0.595643 0.031493
vt 0.514832 0.031493
vt 0.555237 0.031493
vt 0.889038 0.790457
vt 0.889038 0.790102
vt 0.676808 0.031493
vt 0.965980 0.816139
vt 0.018631 0.336289
vt 0.018277 0.336289
vt 0.355736 0.031493
vt 0.180253 0.336289
vt 0.139847 0.336289
vt 0.975598 0.820212
vt 0.352856 0.021876
vt 0.975598 0.820566
vt 0.342228 0.345907
vt 0.879420 0.786029
vt 0.339349 0.342701
vt 0.336824 0.342701
vt 0.673928 0.025082
vt 0.676453 0.025082
vt 0.331773 0.342701
vt 0.671403 0.025082
vt 0.321671 0.342701
vt 0.666352 0.025082
vt 0.301469 0.342701
vt 0.656251 0.025082
vt 0.261063 0.342701
vt 0.636048 0.025082
vt 0.220658 0.342701
vt 0.595643 0.025082
vt 0.514832 0.025082
vt 0.555237 0.025082
vt 0.882626 0.790457
vt 0.882626 0.790102
vt 0.676808 0.025082
vt 0.972392 0.816139
vt 0.018631 0.342701
vt 0.018277 0.342701
vt 0.355736 0.025082
vt 0.180253 0.342701
vt 0.139847 0.342701
vt 0.336824 0.259346
vt 0.339349 0.259346
vt 0.676453 0.108436
vt 0.673928 0.108436
vt 0.331773 0.259346
vt 0.671403 0.108436
vt 0.321671 0.259346
vt 0.666352 0.108436
vt 0.656251 0.108436
vt 0.301469 0.259346
vt 0.965980 0.786384
vt 0.965980 0.790102
vt 0.139847 0.259346
vt 0.180253 0.259346
vt 0.355736 0.108436
vt 0.353210 0.108436
vt 0.018631 0.259346
vt 0.018277 0.259346
vt 0.889038 0.816139
vt 0.889038 0.816493
vt 0.676808 0.108436
vt 0.965980 0.790457
vt 0.341874 0.259346
vt 0.555237 0.108436
vt 0.514832 0.108436
vt 0.636048 0.108436
vt 0.595643 0.108436
vt 0.220658 0.259346
vt 0.261063 0.259346
vt 0.953157 0.786029
vt 0.342228 0.272170
vt 0.901861 0.820566
vt 0.901861 0.820212
vt 0.352856 0.095612
vt 0.261063 0.252934
vt 0.301469 0.252934
vt 0.656251 0.114848
vt 0.636048 0.114848
vt 0.220658 0.252934
vt 0.595643 0.114848
vt 0.555237 0.114848
vt 0.514832 0.114848
vt 0.339349 0.252934
vt 0.341874 0.252934
vt 0.972392 0.790457
vt 0.972392 0.790102
vt 0.676453 0.114848
vt 0.676808 0.114848
vt 0.882626 0.816139
vt 0.882626 0.816493
vt 0.018631 0.252934
vt 0.018277 0.252934
vt 0.355736 0.114848
vt 0.353210 0.114848
vt 0.139847 0.252934
vt 0.180253 0.252934
vt 0.972392 0.786384
vt 0.321671 0.252934
vt 0.666352 0.114848
vt 0.671403 0.114848
vt 0.331773 0.252934
vt 0.673928 0.114848
vt 0.336824 0.252934
vt 0.965980 0.786029
vt 0.342228 0.259346
vt 0.889038 0.820566
vt 0.889038 0.820212
vt 0.352856 0.108436
vt 0.336824 0.249728
vt 0.339349 0.249728
vt 0.676453 0.118054
vt 0.673928 0.118054
vt 0.331773 0.249728
vt 0.671403 0.118054
vt 0.321671 0.249728
vt 0.666352 0.118054
vt 0.656251 0.118054
vt 0.301469 0.249728
vt 0.975598 0.790102
vt 0.139847 0.249728
vt 0.180253 0.249728
vt 0.355736 0.118054
vt 0.018631 0.249728
vt 0.018277 0.249728
vt 0.879420 0.816139
vt 0.676808 0.118054
vt 0.975598 0.790457
vt 0.555237 0.118054
vt 0.514832 0.118054
vt 0.636048 0.118054
vt 0.595643 0.118054
vt 0.220658 0.249728
vt 0.261063 0.249728
vt 0.972392 0.786029
vt 0.342228 0.252934
vt 0.882626 0.820566
vt 0.882626 0.820212
vt 0.352856 0.114848
vt 0.355736 0.121260
vt 0.139847 0.246522
vt 0.059037 0.246522
vt 0.099442 0.246522
vt 0.099442 0.249728
vt 0.059037 0.249728
vt 0.434021 0.121260
vt 0.434021 0.118054
vt 0.474426 0.118054
vt 0.434021 0.114848
vt 0.474426 0.114848
vt 0.099442 0.252934
vt 0.059037 0.252934
vt 0.099442 0.259346
vt 0.059037 0.259346
vt 0.434021 0.108436
vt 0.474426 0.108436
vt 0.434021 0.095612
vt 0.474426 0.095612
vt 0.099442 0.272170
vt 0.059037 0.272170
vt 0.059037 0.342701
vt 0.099442 0.342701
vt 0.099442 0.345907
vt 0.059037 0.345907
vt 0.474426 0.025082
vt 0.434021 0.025082
vt 0.434021 0.021876
vt 0.474426 0.021876
vt 0.059037 0.336289
vt 0.099442 0.336289
vt 0.474426 0.031493
vt 0.434021 0.031493
vt 0.059037 0.323465
vt 0.099442 0.323465
vt 0.474426 0.044317
vt 0.434021 0.044317
vt 0.059037 0.297817
vt 0.099442 0.297817
vt 0.474426 0.069965
vt 0.434021 0.069965
vt 0.781728 0.828857
vt 0.781728 0.832576
vt 0.741323 0.832576
vt 0.741323 0.828857
vt 0.393616 0.121260
vt 0.434021 0.121614
vt 0.393616 0.121614
vt 0.781728 0.832930
vt 0.741323 0.832930
vt 0.059037 0.349113
vt 0.099442 0.349113
vt 0.099442 0.349467
vt 0.059037 0.349467
vt 0.059036 0.871483
vt 0.099441 0.871483
vt 0.099441 0.871837
vt 0.059036 0.871837
vt 0.139846 0.875910
vt 0.099441 0.875910
vt 0.099441 0.875556
vt 0.139846 0.875556
vt 0.474426 0.018670
vt 0.434021 0.018670
vt 0.434021 0.018315
vt 0.474426 0.018315
vt 0.700917 0.828503
vt 0.741323 0.828503
vt 0.099442 0.246168
vt 0.139847 0.246168
vt 0.038834 0.345907
vt 0.038834 0.349113
vt 0.038834 0.871483
vt 0.038834 0.871837
vt 0.038834 0.349467
vt 0.801931 0.832930
vt 0.801931 0.832576
vt 0.373413 0.121260
vt 0.373413 0.121614
vt 0.801931 0.828857
vt 0.038834 0.272170
vt 0.038834 0.297817
vt 0.038834 0.323465
vt 0.038834 0.336289
vt 0.038834 0.342701
vt 0.038834 0.259346
vt 0.038834 0.252934
vt 0.038834 0.249728
vt 0.038834 0.246522
vt 0.393616 0.118054
vt 0.393616 0.114848
vt 0.393616 0.108436
vt 0.393616 0.095612
vt 0.393616 0.025082
vt 0.393616 0.021876
vt 0.393616 0.031493
vt 0.393616 0.044317
vt 0.393616 0.069965
vt 0.059036 0.875910
vt 0.059036 0.875556
vt 0.393616 0.018670
vt 0.393616 0.018315
vt 0.781728 0.828503
vt 0.059036 0.246168
vt 0.028732 0.246522
vt 0.028732 0.249728
vt 0.028732 0.252934
vt 0.028732 0.259346
vt 0.028732 0.272170
vt 0.028732 0.342701
vt 0.028732 0.345907
vt 0.028732 0.336289
vt 0.028732 0.323465
vt 0.028732 0.297817
vt 0.812032 0.828857
vt 0.812032 0.832576
vt 0.363312 0.121260
vt 0.363312 0.121614
vt 0.812032 0.832930
vt 0.028732 0.349113
vt 0.028732 0.349467
vt 0.028732 0.871483
vt 0.028732 0.871837
vt 0.373413 0.118054
vt 0.373413 0.114848
vt 0.373413 0.108436
vt 0.373413 0.095612
vt 0.373413 0.025082
vt 0.373413 0.021876
vt 0.373413 0.031493
vt 0.373413 0.044317
vt 0.373413 0.069965
vt 0.038834 0.875910
vt 0.038834 0.875556
vt 0.373413 0.018670
vt 0.373413 0.018315
vt 0.801931 0.828503
vt 0.038834 0.246168
vt 0.023682 0.345907
vt 0.023682 0.349113
vt 0.023682 0.871483
vt 0.023682 0.871837
vt 0.023682 0.349467
vt 0.817083 0.832930
vt 0.817083 0.832576
vt 0.358261 0.121260
vt 0.358261 0.121614
vt 0.817083 0.828857
vt 0.023682 0.272170
vt 0.023682 0.297817
vt 0.023682 0.323465
vt 0.023682 0.336289
vt 0.023682 0.342701
vt 0.023682 0.259346
vt 0.023682 0.252934
vt 0.023682 0.249728
vt 0.023682 0.246522
vt 0.363312 0.118054
vt 0.363312 0.114848
vt 0.363312 0.108436
vt 0.363312 0.095612
vt 0.363312 0.025082
vt 0.363312 0.021876
vt 0.363312 0.031493
vt 0.363312 0.044317
vt 0.363312 0.069965
vt 0.028732 0.875910
vt 0.028732 0.875556
vt 0.363312 0.018670
vt 0.363312 0.018315
vt 0.812032 0.828503
vt 0.028732 0.246168
vt 0.021156 0.249728
vt 0.021156 0.252934
vt 0.021156 0.259346
vt 0.021156 0.272170
vt 0.021156 0.342701
vt 0.021156 0.345907
vt 0.021156 0.336289
vt 0.021156 0.323465
vt 0.021156 0.297817
vt 0.819608 0.832576
vt 0.355736 0.121614
vt 0.819608 0.832930
vt 0.021156 0.349113
vt 0.021156 0.349467
vt 0.021156 0.871483
vt 0.358261 0.118054
vt 0.358261 0.114848
vt 0.358261 0.108436
vt 0.358261 0.095612
vt 0.358261 0.025082
vt 0.358261 0.021876
vt 0.358261 0.031493
vt 0.358261 0.044317
vt 0.358261 0.069965
vt 0.023682 0.875910
vt 0.023682 0.875556
vt 0.358261 0.018670
vt 0.358261 0.018315
vt 0.817083 0.828503
vt 0.023682 0.246168
vt 0.021156 0.841727
vt 0.021156 0.845446
vt 0.018631 0.845446
vt 0.018631 0.841727
vt 0.879420 0.756274
vt 0.879420 0.759993
vt 0.876214 0.759993
vt 0.876214 0.756274
vt 0.139847 0.687686
vt 0.180253 0.687686
vt 0.180253 0.690892
vt 0.139847 0.690892
vt 0.021156 0.363654
vt 0.018631 0.363654
vt 0.018631 0.360449
vt 0.021156 0.360449
vt 0.879420 0.771329
vt 0.879420 0.775048
vt 0.876214 0.775048
vt 0.876214 0.771329
vt 0.021156 0.826673
vt 0.021156 0.830391
vt 0.018631 0.830391
vt 0.018631 0.826673
vt 0.018631 0.690892
vt 0.018631 0.691246
vt 0.018277 0.691246
vt 0.018277 0.690892
vt 0.018277 0.841727
vt 0.018277 0.841373
vt 0.018631 0.841373
vt 0.978804 0.771329
vt 0.978804 0.770975
vt 0.979159 0.770975
vt 0.979159 0.771329
vt 0.018631 0.845800
vt 0.018277 0.845800
vt 0.018277 0.845446
vt 0.018277 0.360449
vt 0.018277 0.360094
vt 0.018631 0.360094
vt 0.978804 0.775048
vt 0.979159 0.775048
vt 0.979159 0.775402
vt 0.978804 0.775402
vt 0.018631 0.588301
vt 0.018277 0.588301
vt 0.018277 0.587947
vt 0.018631 0.587947
vt 0.875860 0.771329
vt 0.875860 0.770975
vt 0.876214 0.770975
vt 0.341876 0.826673
vt 0.341876 0.826318
vt 0.342231 0.826318
vt 0.342231 0.826673
vt 0.018631 0.463039
vt 0.018631 0.463393
vt 0.018277 0.463393
vt 0.018277 0.463039
vt 0.341876 0.830391
vt 0.342231 0.830391
vt 0.342231 0.830746
vt 0.341876 0.830746
vt 0.876214 0.775402
vt 0.875860 0.775402
vt 0.875860 0.775048
vt 0.341874 0.690892
vt 0.342228 0.690892
vt 0.342228 0.691246
vt 0.341874 0.691246
vt 0.875860 0.756274
vt 0.875860 0.755920
vt 0.876214 0.755920
vt 0.341875 0.841727
vt 0.341875 0.841373
vt 0.342229 0.841373
vt 0.342229 0.841727
vt 0.341874 0.360449
vt 0.341874 0.360094
vt 0.342228 0.360094
vt 0.342228 0.360449
vt 0.341875 0.845446
vt 0.342229 0.845446
vt 0.342229 0.845800
vt 0.341875 0.845800
vt 0.876214 0.760347
vt 0.875860 0.760347
vt 0.875860 0.759993
vt 0.341874 0.588301
vt 0.341874 0.587947
vt 0.342228 0.587947
vt 0.342228 0.588301
vt 0.018277 0.826673
vt 0.018277 0.826318
vt 0.018631 0.826318
vt 0.978805 0.756274
vt 0.978805 0.755920
vt 0.979159 0.755920
vt 0.979159 0.756274
vt 0.341874 0.463039
vt 0.342228 0.463039
vt 0.342228 0.463393
vt 0.341874 0.463393
vt 0.978805 0.759993
vt 0.979159 0.759993
vt 0.979159 0.760347
vt 0.978805 0.760347
vt 0.018631 0.830746
vt 0.018277 0.830746
vt 0.018277 0.830391
vt 0.018631 0.687686
vt 0.018277 0.687686
vt 0.975598 0.770975
vt 0.975598 0.771329
vt 0.018631 0.459833
vt 0.018277 0.459833
vt 0.879420 0.775402
vt 0.021156 0.588301
vt 0.021156 0.587947
vt 0.339351 0.826318
vt 0.339351 0.826673
vt 0.339349 0.463039
vt 0.339349 0.463393
vt 0.021156 0.830746
vt 0.341874 0.591507
vt 0.342228 0.591507
vt 0.975599 0.755920
vt 0.975599 0.756274
vt 0.341874 0.363654
vt 0.342228 0.363654
vt 0.879420 0.760347
vt 0.339349 0.690892
vt 0.339349 0.691246
vt 0.339349 0.841373
vt 0.339349 0.841727
vt 0.021156 0.360094
vt 0.021156 0.845800
vt 0.339349 0.687686
vt 0.341874 0.687686
vt 0.220658 0.845800
vt 0.180253 0.845800
vt 0.180253 0.845446
vt 0.220658 0.845446
vt 0.220658 0.360449
vt 0.180253 0.360449
vt 0.180253 0.360094
vt 0.220658 0.360094
vt 0.139848 0.841373
vt 0.180253 0.841373
vt 0.180253 0.841727
vt 0.139848 0.841727
vt 0.180253 0.691246
vt 0.139847 0.691246
vt 0.220659 0.830746
vt 0.180254 0.830746
vt 0.180254 0.830391
vt 0.220659 0.830391
vt 0.139847 0.463039
vt 0.180253 0.463039
vt 0.180253 0.463393
vt 0.139847 0.463393
vt 0.139848 0.826318
vt 0.180254 0.826318
vt 0.180254 0.826673
vt 0.139848 0.826673
vt 0.220658 0.588301
vt 0.180253 0.588301
vt 0.180253 0.587947
vt 0.220658 0.587947
vt 0.220659 0.826673
vt 0.220658 0.363654
vt 0.180253 0.363654
vt 0.220658 0.841727
vt 0.301469 0.841727
vt 0.301469 0.845446
vt 0.261064 0.845446
vt 0.261064 0.841727
vt 0.301469 0.363654
vt 0.261064 0.363654
vt 0.261064 0.360449
vt 0.301469 0.360449
vt 0.301469 0.588301
vt 0.261063 0.588301
vt 0.261063 0.587947
vt 0.301469 0.587947
vt 0.059037 0.826318
vt 0.099442 0.826318
vt 0.099442 0.826673
vt 0.059037 0.826673
vt 0.261064 0.360094
vt 0.301469 0.360094
vt 0.301469 0.845800
vt 0.261064 0.845800
vt 0.220658 0.687686
vt 0.261063 0.687686
vt 0.261063 0.690892
vt 0.220658 0.690892
vt 0.220658 0.841373
vt 0.261064 0.841373
vt 0.261063 0.691246
vt 0.220658 0.691246
vt 0.139848 0.830746
vt 0.099442 0.830746
vt 0.099442 0.830391
vt 0.139848 0.830391
vt 0.220658 0.463039
vt 0.261064 0.463039
vt 0.261064 0.463393
vt 0.220658 0.463393
vt 0.321672 0.845800
vt 0.321672 0.845446
vt 0.321672 0.360449
vt 0.321672 0.360094
vt 0.038834 0.826318
vt 0.038834 0.826673
vt 0.321671 0.588301
vt 0.321672 0.587947
vt 0.321672 0.363654
vt 0.321672 0.841727
vt 0.301469 0.687686
vt 0.301469 0.690892
vt 0.301469 0.841373
vt 0.301469 0.691246
vt 0.059037 0.830746
vt 0.059037 0.830391
vt 0.301469 0.463039
vt 0.301469 0.463393
vt 0.261063 0.613949
vt 0.301469 0.613949
vt 0.301469 0.639596
vt 0.261063 0.639596
vt 0.321672 0.437391
vt 0.301469 0.437391
vt 0.301469 0.411744
vt 0.321672 0.411744
vt 0.220658 0.613949
vt 0.220658 0.639596
vt 0.261064 0.437391
vt 0.261064 0.411744
vt 0.220658 0.437391
vt 0.180253 0.437391
vt 0.180253 0.411744
vt 0.220658 0.411744
vt 0.339349 0.613949
vt 0.341874 0.613949
vt 0.341874 0.639596
vt 0.339349 0.639596
vt 0.953157 0.760347
vt 0.927510 0.760347
vt 0.927510 0.759993
vt 0.953157 0.759993
vt 0.341874 0.437391
vt 0.341874 0.411744
vt 0.342228 0.411744
vt 0.342228 0.437391
vt 0.901862 0.755920
vt 0.927510 0.755920
vt 0.927510 0.756274
vt 0.901862 0.756274
vt 0.341874 0.665244
vt 0.342228 0.639596
vt 0.342228 0.665244
vt 0.953157 0.775402
vt 0.927509 0.775402
vt 0.927509 0.775048
vt 0.953157 0.775048
vt 0.018631 0.386096
vt 0.018631 0.411744
vt 0.018277 0.411744
vt 0.018277 0.386096
vt 0.901862 0.770975
vt 0.927509 0.770975
vt 0.927509 0.771329
vt 0.901862 0.771329
vt 0.018631 0.613949
vt 0.018631 0.639596
vt 0.018277 0.639596
vt 0.018277 0.613949
vt 0.953157 0.771329
vt 0.021156 0.437391
vt 0.018631 0.437391
vt 0.021156 0.411744
vt 0.139847 0.613949
vt 0.180253 0.613949
vt 0.180253 0.639596
vt 0.139847 0.639596
vt 0.953157 0.756274
vt 0.321671 0.613949
vt 0.321671 0.639596
vt 0.331773 0.437391
vt 0.331773 0.411744
vt 0.331773 0.841727
vt 0.331773 0.845446
vt 0.331773 0.363654
vt 0.331773 0.360449
vt 0.331773 0.588301
vt 0.331773 0.587947
vt 0.028733 0.826318
vt 0.028733 0.826673
vt 0.331773 0.360094
vt 0.331773 0.845800
vt 0.321671 0.687686
vt 0.321671 0.690892
vt 0.321672 0.841373
vt 0.321671 0.691246
vt 0.038834 0.830746
vt 0.038834 0.830391
vt 0.321672 0.463039
vt 0.321672 0.463393
vt 0.336824 0.845800
vt 0.336824 0.845446
vt 0.336824 0.360449
vt 0.336824 0.360094
vt 0.023682 0.826318
vt 0.023682 0.826673
vt 0.336824 0.588301
vt 0.336824 0.587947
vt 0.336824 0.363654
vt 0.336824 0.841727
vt 0.336824 0.437391
vt 0.336824 0.411744
vt 0.331773 0.613949
vt 0.331773 0.639596
vt 0.331773 0.687686
vt 0.331773 0.690892
vt 0.331773 0.841373
vt 0.331773 0.691246
vt 0.028733 0.830746
vt 0.028733 0.830391
vt 0.331773 0.463039
vt 0.331773 0.463393
vt 0.339349 0.437391
vt 0.339349 0.411744
vt 0.339349 0.845446
vt 0.339349 0.363654
vt 0.339349 0.360449
vt 0.339349 0.588301
vt 0.339349 0.587947
vt 0.021156 0.826318
vt 0.339349 0.360094
vt 0.339349 0.845800
vt 0.336824 0.613949
vt 0.336824 0.639596
vt 0.336824 0.687686
vt 0.336824 0.690892
vt 0.336824 0.841373
vt 0.336824 0.691246
vt 0.023682 0.830746
vt 0.023682 0.830391
vt 0.336824 0.463039
vt 0.336824 0.463393
vt 0.339349 0.665244
vt 0.336824 0.665244
vt 0.339349 0.386096
vt 0.341874 0.386096
vt 0.331773 0.665244
vt 0.336824 0.386096
vt 0.321671 0.665244
vt 0.331773 0.386096
vt 0.301469 0.665244
vt 0.321672 0.386096
vt 0.965981 0.771329
vt 0.965981 0.775048
vt 0.018631 0.373272
vt 0.018277 0.373272
vt 0.965981 0.775402
vt 0.341874 0.678068
vt 0.342228 0.678068
vt 0.889038 0.755920
vt 0.889038 0.756274
vt 0.261063 0.665244
vt 0.301469 0.386096
vt 0.220658 0.665244
vt 0.261064 0.386096
vt 0.180253 0.386096
vt 0.220658 0.386096
vt 0.901862 0.760347
vt 0.901862 0.759993
vt 0.342228 0.386096
vt 0.953157 0.770975
vt 0.018631 0.665244
vt 0.018277 0.665244
vt 0.021156 0.386096
vt 0.180253 0.665244
vt 0.139847 0.665244
vt 0.882626 0.755920
vt 0.882626 0.756274
vt 0.341874 0.684480
vt 0.342228 0.684480
vt 0.972393 0.775402
vt 0.972393 0.775048
vt 0.018631 0.366860
vt 0.018277 0.366860
vt 0.972393 0.771329
vt 0.339349 0.678068
vt 0.336824 0.678068
vt 0.339349 0.373272
vt 0.341874 0.373272
vt 0.331773 0.678068
vt 0.336824 0.373272
vt 0.321671 0.678068
vt 0.331773 0.373272
vt 0.301469 0.678068
vt 0.321672 0.373272
vt 0.261063 0.678068
vt 0.301469 0.373272
vt 0.220658 0.678068
vt 0.261064 0.373272
vt 0.180253 0.373272
vt 0.220658 0.373272
vt 0.889038 0.760347
vt 0.889038 0.759993
vt 0.342228 0.373272
vt 0.965981 0.770975
vt 0.018631 0.678068
vt 0.018277 0.678068
vt 0.021156 0.373272
vt 0.180253 0.678068
vt 0.139847 0.678068
vt 0.975598 0.775048
vt 0.018277 0.363654
vt 0.975598 0.775402
vt 0.342228 0.687686
vt 0.879420 0.755920
vt 0.339349 0.684480
vt 0.336824 0.684480
vt 0.339349 0.366860
vt 0.341874 0.366860
vt 0.331773 0.684480
vt 0.336824 0.366860
vt 0.321671 0.684480
vt 0.331773 0.366860
vt 0.301469 0.684480
vt 0.321672 0.366860
vt 0.261063 0.684480
vt 0.301469 0.366860
vt 0.220658 0.684480
vt 0.261064 0.366860
vt 0.180253 0.366860
vt 0.220658 0.366860
vt 0.882626 0.760347
vt 0.882626 0.759993
vt 0.342228 0.366860
vt 0.972393 0.770975
vt 0.018631 0.684480
vt 0.018277 0.684480
vt 0.021156 0.366860
vt 0.180253 0.684480
vt 0.139847 0.684480
vt 0.336824 0.601125
vt 0.339349 0.601125
vt 0.341874 0.450215
vt 0.339349 0.450215
vt 0.331773 0.601125
vt 0.336824 0.450215
vt 0.321671 0.601125
vt 0.331773 0.450215
vt 0.321672 0.450215
vt 0.301469 0.601125
vt 0.965981 0.756274
vt 0.965981 0.759993
vt 0.139847 0.601125
vt 0.180253 0.601125
vt 0.021156 0.450215
vt 0.018631 0.450215
vt 0.018631 0.601125
vt 0.018277 0.601125
vt 0.889038 0.770975
vt 0.889038 0.771329
vt 0.342228 0.450215
vt 0.965981 0.760347
vt 0.341874 0.601125
vt 0.220658 0.450215
vt 0.180253 0.450215
vt 0.301469 0.450215
vt 0.261064 0.450215
vt 0.220658 0.601125
vt 0.261063 0.601125
vt 0.953157 0.755920
vt 0.342228 0.613949
vt 0.901862 0.775402
vt 0.901862 0.775048
vt 0.018277 0.437391
vt 0.261063 0.594713
vt 0.301469 0.594713
vt 0.321672 0.456627
vt 0.301469 0.456627
vt 0.220658 0.594713
vt 0.261064 0.456627
vt 0.220658 0.456627
vt 0.180253 0.456627
vt 0.339349 0.594713
vt 0.341874 0.594713
vt 0.972393 0.760347
vt 0.972393 0.759993
vt 0.341874 0.456627
vt 0.342228 0.456627
vt 0.882626 0.770975
vt 0.882626 0.771329
vt 0.018631 0.594713
vt 0.018277 0.594713
vt 0.021156 0.456627
vt 0.018631 0.456627
vt 0.139847 0.594713
vt 0.180253 0.594713
vt 0.972393 0.756274
vt 0.321671 0.594713
vt 0.331773 0.456627
vt 0.336824 0.456627
vt 0.331773 0.594713
vt 0.339349 0.456627
vt 0.336824 0.594713
vt 0.965981 0.755920
vt 0.342228 0.601125
vt 0.889038 0.775402
vt 0.889038 0.775048
vt 0.018277 0.450215
vt 0.336824 0.591507
vt 0.339349 0.591507
vt 0.341874 0.459833
vt 0.339349 0.459833
vt 0.331773 0.591507
vt 0.336824 0.459833
vt 0.321671 0.591507
vt 0.331773 0.459833
vt 0.321672 0.459833
vt 0.301469 0.591507
vt 0.975599 0.759993
vt 0.139847 0.591507
vt 0.180253 0.591507
vt 0.021156 0.459833
vt 0.018631 0.591507
vt 0.018277 0.591507
vt 0.879420 0.770975
vt 0.342228 0.459833
vt 0.975599 0.760347
vt 0.220658 0.459833
vt 0.180253 0.459833
vt 0.301469 0.459833
vt 0.261064 0.459833
vt 0.220658 0.591507
vt 0.261063 0.591507
vt 0.972393 0.755920
vt 0.342228 0.594713
vt 0.882626 0.775402
vt 0.882626 0.775048
vt 0.018277 0.456627
vt 0.021156 0.463039
vt 0.139847 0.588301
vt 0.059037 0.588301
vt 0.099442 0.588301
vt 0.099442 0.591507
vt 0.059037 0.591507
vt 0.099442 0.463039
vt 0.099442 0.459833
vt 0.139847 0.459833
vt 0.099442 0.456627
vt 0.139847 0.456627
vt 0.099442 0.594713
vt 0.059037 0.594713
vt 0.099442 0.601125
vt 0.059037 0.601125
vt 0.099442 0.450215
vt 0.139847 0.450215
vt 0.099442 0.437391
vt 0.139847 0.437391
vt 0.099442 0.613949
vt 0.059037 0.613949
vt 0.059037 0.684480
vt 0.099442 0.684480
vt 0.099442 0.687686
vt 0.059037 0.687686
vt 0.139847 0.366860
vt 0.099442 0.366860
vt 0.099442 0.363654
vt 0.139847 0.363654
vt 0.059037 0.678068
vt 0.099442 0.678068
vt 0.139847 0.373272
vt 0.099442 0.373272
vt 0.059037 0.665244
vt 0.099442 0.665244
vt 0.139847 0.386096
vt 0.099442 0.386096
vt 0.059037 0.639596
vt 0.099442 0.639596
vt 0.139847 0.411744
vt 0.099442 0.411744
vt 0.301471 0.826673
vt 0.301471 0.830391
vt 0.261065 0.830391
vt 0.261065 0.826673
vt 0.059036 0.463039
vt 0.099442 0.463393
vt 0.059036 0.463393
vt 0.301471 0.830746
vt 0.261065 0.830746
vt 0.059037 0.690892
vt 0.099442 0.690892
vt 0.099442 0.691246
vt 0.059037 0.691246
vt 0.059037 0.841373
vt 0.099442 0.841373
vt 0.099442 0.841727
vt 0.059037 0.841727
vt 0.139848 0.845800
vt 0.099442 0.845800
vt 0.099442 0.845446
vt 0.139848 0.845446
vt 0.139847 0.360449
vt 0.099442 0.360449
vt 0.099442 0.360094
vt 0.139847 0.360094
vt 0.220659 0.826318
vt 0.261065 0.826318
vt 0.099442 0.587947
vt 0.139847 0.587947
vt 0.038834 0.687686
vt 0.038834 0.690892
vt 0.038834 0.841373
vt 0.038834 0.841727
vt 0.038834 0.691246
vt 0.321674 0.830746
vt 0.321674 0.830391
vt 0.038834 0.463039
vt 0.038834 0.463393
vt 0.321674 0.826673
vt 0.038834 0.613949
vt 0.038834 0.639596
vt 0.038834 0.665244
vt 0.038834 0.678068
vt 0.038834 0.684480
vt 0.038834 0.601125
vt 0.038834 0.594713
vt 0.038834 0.591507
vt 0.038834 0.588301
vt 0.059036 0.459833
vt 0.059036 0.456627
vt 0.059036 0.450215
vt 0.059036 0.437391
vt 0.059036 0.366860
vt 0.059036 0.363654
vt 0.059036 0.373272
vt 0.059036 0.386096
vt 0.059036 0.411744
vt 0.059037 0.845800
vt 0.059037 0.845446
vt 0.059036 0.360449
vt 0.059036 0.360094
vt 0.301471 0.826318
vt 0.059036 0.587947
vt 0.028732 0.588301
vt 0.028732 0.591507
vt 0.028732 0.594713
vt 0.028732 0.601125
vt 0.028732 0.613949
vt 0.028732 0.684480
vt 0.028732 0.687686
vt 0.028732 0.678068
vt 0.028732 0.665244
vt 0.028732 0.639596
vt 0.331775 0.826673
vt 0.331775 0.830391
vt 0.028732 0.463039
vt 0.028732 0.463393
vt 0.331775 0.830746
vt 0.028732 0.690892
vt 0.028732 0.691246
vt 0.028732 0.841373
vt 0.028732 0.841727
vt 0.038834 0.459833
vt 0.038834 0.456627
vt 0.038834 0.450215
vt 0.038834 0.437391
vt 0.038834 0.366860
vt 0.038834 0.363654
vt 0.038834 0.373272
vt 0.038834 0.386096
vt 0.038834 0.411744
vt 0.038834 0.845800
vt 0.038834 0.845446
vt 0.038834 0.360449
vt 0.038834 0.360094
vt 0.321674 0.826318
vt 0.038834 0.587947
vt 0.023682 0.687686
vt 0.023682 0.690892
vt 0.023682 0.841373
vt 0.023682 0.841727
vt 0.023682 0.691246
vt 0.336826 0.830746
vt 0.336826 0.830391
vt 0.023682 0.463039
vt 0.023682 0.463393
vt 0.336826 0.826673
vt 0.023682 0.613949
vt 0.023682 0.639596
vt 0.023682 0.665244
vt 0.023682 0.678068
vt 0.023682 0.684480
vt 0.023682 0.601125
vt 0.023682 0.594713
vt 0.023682 0.591507
vt 0.023682 0.588301
vt 0.028732 0.459833
vt 0.028732 0.456627
vt 0.028732 0.450215
vt 0.028732 0.437391
vt 0.028732 0.366860
vt 0.028732 0.363654
vt 0.028732 0.373272
vt 0.028732 0.386096
vt 0.028732 0.411744
vt 0.028732 0.845800
vt 0.028732 0.845446
vt 0.028732 0.360449
vt 0.028732 0.360094
vt 0.331775 0.826318
vt 0.028732 0.587947
vt 0.021156 0.591507
vt 0.021156 0.594713
vt 0.021156 0.601125
vt 0.021156 0.613949
vt 0.021156 0.684480
vt 0.021156 0.687686
vt 0.021156 0.678068
vt 0.021156 0.665244
vt 0.021156 0.639596
vt 0.339351 0.830391
vt 0.021156 0.463393
vt 0.339351 0.830746
vt 0.021156 0.690892
vt 0.021156 0.691246
vt 0.021156 0.841373
vt 0.023682 0.459833
vt 0.023682 0.456627
vt 0.023682 0.450215
vt 0.023682 0.437391
vt 0.023682 0.366860
vt 0.023682 0.363654
vt 0.023682 0.373272
vt 0.023682 0.386096
vt 0.023682 0.411744
vt 0.023682 0.845800
vt 0.023682 0.845446
vt 0.023682 0.360449
vt 0.023682 0.360094
vt 0.336826 0.826318
vt 0.023682 0.587947
vt 0.720845 0.198355
vt 0.719337 0.194634
vt 0.723450 0.194645
vt 0.724959 0.198367
vt 0.823381 0.236528
vt 0.827345 0.236528
vt 0.827345 0.239860
vt 0.823381 0.239860
vt 0.021837 0.962203
vt 0.021837 0.966276
vt 0.018631 0.966276
vt 0.018631 0.962203
vt 0.231941 0.962203
vt 0.235147 0.962203
vt 0.235147 0.966276
vt 0.231941 0.966276
vt 0.799555 0.484036
vt 0.795591 0.484036
vt 0.795591 0.480704
vt 0.799555 0.480704
vt 0.827305 0.587333
vt 0.827646 0.587333
vt 0.827646 0.587701
vt 0.827305 0.587701
vt 0.018277 0.962203
vt 0.018277 0.961849
vt 0.018631 0.961849
vt 0.690522 0.183137
vt 0.690352 0.183492
vt 0.689997 0.183495
vt 0.690129 0.183166
vt 0.827345 0.133231
vt 0.827345 0.132863
vt 0.827686 0.132863
vt 0.827686 0.133231
vt 0.692016 0.179409
vt 0.691644 0.179385
vt 0.691776 0.179057
vt 0.692130 0.179054
vt 0.018631 0.966630
vt 0.018277 0.966630
vt 0.018277 0.966276
vt 0.725352 0.198394
vt 0.725485 0.198723
vt 0.725131 0.198722
vt 0.121221 0.962203
vt 0.121221 0.961849
vt 0.121575 0.961849
vt 0.121575 0.962203
vt 0.827305 0.480704
vt 0.827305 0.480336
vt 0.827646 0.480336
vt 0.827646 0.480704
vt 0.827686 0.239860
vt 0.827686 0.240228
vt 0.827345 0.240228
vt 0.121221 0.966276
vt 0.121575 0.966276
vt 0.121575 0.966630
vt 0.121221 0.966630
vt 0.723334 0.194291
vt 0.723689 0.194292
vt 0.723822 0.194620
vt 0.795631 0.133231
vt 0.795291 0.133231
vt 0.795291 0.132863
vt 0.795631 0.132863
vt 0.235501 0.966276
vt 0.235501 0.966630
vt 0.235147 0.966630
vt 0.724921 0.179183
vt 0.725092 0.178828
vt 0.725446 0.178825
vt 0.725314 0.179154
vt 0.692053 0.198274
vt 0.692168 0.198629
vt 0.691814 0.198628
vt 0.691681 0.198300
vt 0.795250 0.480704
vt 0.795250 0.480336
vt 0.795591 0.480336
vt 0.132557 0.962203
vt 0.132203 0.962203
vt 0.132203 0.961849
vt 0.132557 0.961849
vt 0.723427 0.182911
vt 0.723799 0.182935
vt 0.723668 0.183263
vt 0.723313 0.183266
vt 0.235147 0.961849
vt 0.235501 0.961849
vt 0.235501 0.962203
vt 0.795591 0.587333
vt 0.795591 0.587701
vt 0.795250 0.587701
vt 0.795250 0.587333
vt 0.795631 0.239860
vt 0.795631 0.240228
vt 0.795291 0.240228
vt 0.795291 0.239860
vt 0.690544 0.194552
vt 0.690151 0.194525
vt 0.690018 0.194197
vt 0.690372 0.194198
vt 0.132557 0.966276
vt 0.132557 0.966630
vt 0.132203 0.966630
vt 0.132203 0.966276
vt 0.823341 0.587333
vt 0.823341 0.587701
vt 0.694472 0.183464
vt 0.694635 0.183109
vt 0.823381 0.240228
vt 0.719214 0.194279
vt 0.118015 0.966276
vt 0.118015 0.966630
vt 0.827686 0.236528
vt 0.827305 0.484036
vt 0.827646 0.484036
vt 0.118015 0.961849
vt 0.118015 0.962203
vt 0.799596 0.133231
vt 0.799596 0.132863
vt 0.720971 0.178856
vt 0.720808 0.179211
vt 0.799555 0.480336
vt 0.696289 0.198640
vt 0.696166 0.198286
vt 0.135763 0.962203
vt 0.135763 0.961849
vt 0.795250 0.484036
vt 0.795631 0.236528
vt 0.795291 0.236528
vt 0.135763 0.966630
vt 0.135763 0.966276
vt 0.719314 0.182939
vt 0.698749 0.183081
vt 0.700242 0.179353
vt 0.708468 0.179296
vt 0.706975 0.183024
vt 0.716890 0.198698
vt 0.708650 0.198675
vt 0.708506 0.198321
vt 0.716732 0.198344
vt 0.819376 0.480704
vt 0.811448 0.480704
vt 0.811448 0.480336
vt 0.819376 0.480336
vt 0.700370 0.178998
vt 0.708611 0.178941
vt 0.819417 0.133231
vt 0.811488 0.133231
vt 0.811488 0.132863
vt 0.819417 0.132863
vt 0.698613 0.194221
vt 0.706853 0.194244
vt 0.706997 0.194599
vt 0.698771 0.194576
vt 0.803560 0.239860
vt 0.811488 0.239860
vt 0.811488 0.240228
vt 0.803560 0.240228
vt 0.715073 0.183323
vt 0.706832 0.183379
vt 0.715201 0.182967
vt 0.803519 0.587333
vt 0.811448 0.587333
vt 0.811448 0.587701
vt 0.803519 0.587701
vt 0.819376 0.484036
vt 0.811448 0.484036
vt 0.803560 0.236528
vt 0.811488 0.236528
vt 0.700279 0.198297
vt 0.694658 0.194564
vt 0.799596 0.236528
vt 0.799596 0.239860
vt 0.799555 0.587333
vt 0.799555 0.587701
vt 0.719193 0.183294
vt 0.799596 0.240228
vt 0.694493 0.194209
vt 0.716695 0.179240
vt 0.700409 0.198652
vt 0.803519 0.480704
vt 0.803519 0.480336
vt 0.716851 0.178884
vt 0.803560 0.133231
vt 0.803560 0.132863
vt 0.803519 0.484036
vt 0.823341 0.484036
vt 0.823341 0.480704
vt 0.823381 0.133231
vt 0.823381 0.132863
vt 0.696250 0.179026
vt 0.696129 0.179381
vt 0.823341 0.480336
vt 0.721010 0.198710
vt 0.715094 0.194267
vt 0.715223 0.194622
vt 0.819417 0.239860
vt 0.819417 0.240228
vt 0.698592 0.183436
vt 0.819376 0.587333
vt 0.819376 0.587701
vt 0.819417 0.236528
vt 0.819417 0.159889
vt 0.823381 0.159889
vt 0.823381 0.186546
vt 0.819417 0.186546
vt 0.827305 0.560675
vt 0.823341 0.560675
vt 0.823341 0.534018
vt 0.827305 0.534018
vt 0.811488 0.159889
vt 0.811488 0.186546
vt 0.819376 0.560675
vt 0.819376 0.534018
vt 0.803519 0.560675
vt 0.799555 0.560675
vt 0.799555 0.534018
vt 0.803519 0.534018
vt 0.795631 0.159889
vt 0.799596 0.159889
vt 0.799596 0.186546
vt 0.795631 0.186546
vt 0.811448 0.560675
vt 0.811448 0.534018
vt 0.803560 0.159889
vt 0.803560 0.186546
vt 0.209500 0.966630
vt 0.183852 0.966630
vt 0.183852 0.966276
vt 0.209500 0.966276
vt 0.795291 0.186546
vt 0.795291 0.159889
vt 0.795250 0.560675
vt 0.795250 0.534018
vt 0.795591 0.534018
vt 0.795591 0.560675
vt 0.209500 0.962203
vt 0.183852 0.962203
vt 0.183852 0.961849
vt 0.209500 0.961849
vt 0.044279 0.961849
vt 0.069926 0.961849
vt 0.069926 0.962203
vt 0.044279 0.962203
vt 0.827646 0.534018
vt 0.827646 0.560675
vt 0.827686 0.159889
vt 0.827686 0.186546
vt 0.827345 0.186546
vt 0.827345 0.159889
vt 0.044279 0.966276
vt 0.069926 0.966276
vt 0.069926 0.966630
vt 0.044279 0.966630
vt 0.158205 0.962203
vt 0.158205 0.966276
vt 0.095574 0.962203
vt 0.095574 0.966276
vt 0.108397 0.962203
vt 0.108397 0.966276
vt 0.145381 0.962203
vt 0.145381 0.966276
vt 0.823381 0.213203
vt 0.819417 0.213203
vt 0.823341 0.507361
vt 0.827305 0.507361
vt 0.811488 0.213203
vt 0.819376 0.507361
vt 0.799555 0.507361
vt 0.803519 0.507361
vt 0.799596 0.213203
vt 0.795631 0.213203
vt 0.811448 0.507361
vt 0.803560 0.213203
vt 0.158205 0.966630
vt 0.795291 0.213203
vt 0.795250 0.507361
vt 0.795591 0.507361
vt 0.158205 0.961849
vt 0.095574 0.961849
vt 0.827646 0.507361
vt 0.827686 0.213203
vt 0.827345 0.213203
vt 0.095574 0.966630
vt 0.138969 0.962203
vt 0.138969 0.966276
vt 0.114809 0.962203
vt 0.114809 0.966276
vt 0.823381 0.226532
vt 0.819417 0.226532
vt 0.823341 0.494033
vt 0.827305 0.494033
vt 0.811488 0.226532
vt 0.819376 0.494033
vt 0.799555 0.494033
vt 0.803519 0.494033
vt 0.799596 0.226532
vt 0.795631 0.226532
vt 0.811448 0.494033
vt 0.803560 0.226532
vt 0.145381 0.966630
vt 0.795291 0.226532
vt 0.795250 0.494033
vt 0.795591 0.494033
vt 0.145381 0.961849
vt 0.108397 0.961849
vt 0.827646 0.494033
vt 0.827686 0.226532
vt 0.827345 0.226532
vt 0.108397 0.966630
vt 0.823381 0.233196
vt 0.819417 0.233196
vt 0.823341 0.487368
vt 0.827305 0.487368
vt 0.811488 0.233196
vt 0.819376 0.487368
vt 0.799555 0.487368
vt 0.803519 0.487368
vt 0.799596 0.233196
vt 0.795631 0.233196
vt 0.811448 0.487368
vt 0.803560 0.233196
vt 0.138969 0.966630
vt 0.795291 0.233196
vt 0.795250 0.487368
vt 0.795591 0.487368
vt 0.138969 0.961849
vt 0.114809 0.961849
vt 0.827646 0.487368
vt 0.827686 0.233196
vt 0.827345 0.233196
vt 0.114809 0.966630
vt 0.823381 0.146560
vt 0.827345 0.146560
vt 0.799555 0.574004
vt 0.795591 0.574004
vt 0.031455 0.966276
vt 0.031455 0.966630
vt 0.827686 0.146560
vt 0.827305 0.574004
vt 0.827646 0.574004
vt 0.031455 0.961849
vt 0.031455 0.962203
vt 0.222324 0.962203
vt 0.222324 0.961849
vt 0.795250 0.574004
vt 0.795631 0.146560
vt 0.795291 0.146560
vt 0.222324 0.966630
vt 0.222324 0.966276
vt 0.819376 0.574004
vt 0.811448 0.574004
vt 0.803560 0.146560
vt 0.811488 0.146560
vt 0.799596 0.146560
vt 0.803519 0.574004
vt 0.823341 0.574004
vt 0.819417 0.146560
vt 0.819417 0.139896
vt 0.823381 0.139896
vt 0.827305 0.580668
vt 0.823341 0.580668
vt 0.811488 0.139896
vt 0.819376 0.580668
vt 0.803519 0.580668
vt 0.799555 0.580668
vt 0.795631 0.139896
vt 0.799596 0.139896
vt 0.811448 0.580668
vt 0.803560 0.139896
vt 0.228736 0.966630
vt 0.228736 0.966276
vt 0.795291 0.139896
vt 0.795250 0.580668
vt 0.795591 0.580668
vt 0.228736 0.962203
vt 0.228736 0.961849
vt 0.025043 0.961849
vt 0.025043 0.962203
vt 0.827646 0.580668
vt 0.827686 0.139896
vt 0.827345 0.139896
vt 0.025043 0.966276
vt 0.025043 0.966630
vt 0.823381 0.136564
vt 0.827345 0.136564
vt 0.799555 0.584000
vt 0.795591 0.584000
vt 0.021837 0.966630
vt 0.827686 0.136564
vt 0.827305 0.584000
vt 0.827646 0.584000
vt 0.021837 0.961849
vt 0.231941 0.961849
vt 0.795250 0.584000
vt 0.795631 0.136564
vt 0.795291 0.136564
vt 0.231941 0.966630
vt 0.819376 0.584000
vt 0.811448 0.584000
vt 0.803560 0.136564
vt 0.811488 0.136564
vt 0.799596 0.136564
vt 0.803519 0.584000
vt 0.823341 0.584000
vt 0.819417 0.136564
vt 0.406994 0.827465
vt 0.405918 0.831196
vt 0.401942 0.831244
vt 0.403018 0.827513
vt 0.693698 0.225158
vt 0.694800 0.228882
vt 0.690823 0.228861
vt 0.689721 0.225137
vt 0.863348 0.352788
vt 0.867243 0.352788
vt 0.867243 0.356064
vt 0.863348 0.356064
vt 0.591192 0.965171
vt 0.591192 0.969086
vt 0.587986 0.969086
vt 0.587986 0.965171
vt 0.842556 0.021954
vt 0.838661 0.021954
vt 0.838661 0.018677
vt 0.842556 0.018677
vt 0.573444 0.965010
vt 0.576650 0.965010
vt 0.576650 0.968925
vt 0.573444 0.968925
vt 0.869822 0.123524
vt 0.870168 0.123524
vt 0.870168 0.123886
vt 0.869822 0.123886
vt 0.587632 0.965171
vt 0.587632 0.964816
vt 0.587986 0.964816
vt 0.721536 0.225305
vt 0.721446 0.224950
vt 0.721801 0.224952
vt 0.721901 0.225292
vt 0.867243 0.251218
vt 0.867243 0.250856
vt 0.867590 0.250856
vt 0.867590 0.251218
vt 0.722637 0.229029
vt 0.723011 0.229046
vt 0.723112 0.229386
vt 0.722758 0.229384
vt 0.587986 0.969440
vt 0.587632 0.969440
vt 0.587632 0.969086
vt 0.402652 0.827502
vt 0.402750 0.827162
vt 0.403105 0.827158
vt 0.690576 0.965171
vt 0.690576 0.964816
vt 0.690931 0.964816
vt 0.690931 0.965171
vt 0.869822 0.018677
vt 0.869822 0.018315
vt 0.870168 0.018315
vt 0.870168 0.018677
vt 0.867590 0.356064
vt 0.867590 0.356426
vt 0.867243 0.356426
vt 0.690576 0.969086
vt 0.690931 0.969086
vt 0.690931 0.969440
vt 0.690576 0.969440
vt 0.401824 0.831600
vt 0.401469 0.831604
vt 0.401568 0.831264
vt 0.836082 0.251218
vt 0.835736 0.251218
vt 0.835736 0.250856
vt 0.836082 0.250856
vt 0.577004 0.968925
vt 0.577004 0.969279
vt 0.576650 0.969279
vt 0.690912 0.229215
vt 0.690558 0.229214
vt 0.690457 0.228874
vt 0.434830 0.827128
vt 0.434949 0.826773
vt 0.435303 0.826769
vt 0.435205 0.827109
vt 0.838314 0.018677
vt 0.838314 0.018315
vt 0.838661 0.018315
vt 0.474059 0.965010
vt 0.473704 0.965010
vt 0.473704 0.964656
vt 0.474059 0.964656
vt 0.689347 0.225120
vt 0.689247 0.224780
vt 0.689601 0.224782
vt 0.576650 0.964656
vt 0.577004 0.964656
vt 0.577004 0.965010
vt 0.838661 0.123524
vt 0.838661 0.123886
vt 0.838314 0.123886
vt 0.838314 0.123524
vt 0.836082 0.356064
vt 0.836082 0.356426
vt 0.835736 0.356426
vt 0.835736 0.356064
vt 0.433754 0.830860
vt 0.434120 0.830870
vt 0.434022 0.831211
vt 0.433668 0.831215
vt 0.474059 0.968925
vt 0.474059 0.969279
vt 0.473704 0.969279
vt 0.473704 0.968925
vt 0.865927 0.123524
vt 0.865927 0.123886
vt 0.717466 0.224929
vt 0.717559 0.225284
vt 0.863348 0.356426
vt 0.405804 0.831552
vt 0.687371 0.969086
vt 0.687371 0.969440
vt 0.867590 0.352788
vt 0.869822 0.021954
vt 0.870168 0.021954
vt 0.687371 0.964816
vt 0.687371 0.965171
vt 0.839977 0.251218
vt 0.839977 0.250856
vt 0.694893 0.229237
vt 0.842556 0.018315
vt 0.430968 0.826821
vt 0.430854 0.827176
vt 0.477264 0.965010
vt 0.477264 0.964656
vt 0.838314 0.021954
vt 0.836082 0.352788
vt 0.835736 0.352788
vt 0.477264 0.969279
vt 0.477264 0.968925
vt 0.411066 0.827061
vt 0.419027 0.826965
vt 0.418924 0.827321
vt 0.410971 0.827417
vt 0.862031 0.018677
vt 0.854241 0.018677
vt 0.854241 0.018315
vt 0.862031 0.018315
vt 0.714796 0.229342
vt 0.706835 0.229300
vt 0.706730 0.228945
vt 0.714684 0.228987
vt 0.859453 0.251218
vt 0.851663 0.251218
vt 0.851663 0.250856
vt 0.859453 0.250856
vt 0.425707 0.831311
vt 0.417746 0.831407
vt 0.417848 0.831052
vt 0.425801 0.830956
vt 0.843873 0.356064
vt 0.851663 0.356064
vt 0.851663 0.356426
vt 0.843873 0.356426
vt 0.697562 0.224824
vt 0.705524 0.224866
vt 0.705629 0.225221
vt 0.697675 0.225179
vt 0.846451 0.123524
vt 0.854241 0.123524
vt 0.854241 0.123886
vt 0.846451 0.123886
vt 0.862031 0.021954
vt 0.854241 0.021954
vt 0.843873 0.352788
vt 0.851663 0.352788
vt 0.713582 0.225263
vt 0.426877 0.827225
vt 0.429778 0.830908
vt 0.839977 0.352788
vt 0.839977 0.356064
vt 0.842556 0.123524
vt 0.842556 0.123886
vt 0.693581 0.224803
vt 0.839977 0.356426
vt 0.429687 0.831263
vt 0.426988 0.826869
vt 0.846451 0.018677
vt 0.846451 0.018315
vt 0.698873 0.229258
vt 0.698776 0.228903
vt 0.843873 0.251218
vt 0.843873 0.250856
vt 0.846451 0.021954
vt 0.718660 0.229008
vt 0.865927 0.021954
vt 0.865927 0.018677
vt 0.863348 0.251218
vt 0.863348 0.250856
vt 0.718777 0.229363
vt 0.865927 0.018315
vt 0.407085 0.827109
vt 0.409785 0.831504
vt 0.409895 0.831148
vt 0.859453 0.356064
vt 0.859453 0.356426
vt 0.713485 0.224908
vt 0.862031 0.123524
vt 0.862031 0.123886
vt 0.859453 0.352788
vt 0.859453 0.277429
vt 0.863348 0.277429
vt 0.863348 0.303641
vt 0.859453 0.303641
vt 0.869822 0.097312
vt 0.865927 0.097312
vt 0.865927 0.071101
vt 0.869822 0.071101
vt 0.851663 0.277429
vt 0.851663 0.303641
vt 0.862031 0.097312
vt 0.862031 0.071101
vt 0.846451 0.097312
vt 0.842556 0.097312
vt 0.842556 0.071101
vt 0.846451 0.071101
vt 0.836082 0.277429
vt 0.839977 0.277429
vt 0.839977 0.303641
vt 0.836082 0.303641
vt 0.854241 0.097312
vt 0.854241 0.071101
vt 0.843873 0.277429
vt 0.843873 0.303641
vt 0.551002 0.969279
vt 0.525354 0.969279
vt 0.525354 0.968925
vt 0.551002 0.968925
vt 0.835736 0.303641
vt 0.835736 0.277429
vt 0.838314 0.097312
vt 0.838314 0.071101
vt 0.838661 0.071101
vt 0.838661 0.097312
vt 0.551002 0.965010
vt 0.525354 0.965010
vt 0.525354 0.964656
vt 0.551002 0.964656
vt 0.613634 0.964816
vt 0.639281 0.964816
vt 0.639281 0.965171
vt 0.613634 0.965171
vt 0.870168 0.071101
vt 0.870168 0.097312
vt 0.867590 0.277429
vt 0.867590 0.303641
vt 0.867243 0.303641
vt 0.867243 0.277429
vt 0.613634 0.969086
vt 0.639281 0.969086
vt 0.639281 0.969440
vt 0.613634 0.969440
vt 0.499706 0.965010
vt 0.499706 0.968925
vt 0.664929 0.965171
vt 0.664929 0.969086
vt 0.677753 0.965171
vt 0.677753 0.969086
vt 0.486883 0.965010
vt 0.486883 0.968925
vt 0.863348 0.329852
vt 0.859453 0.329852
vt 0.865927 0.044889
vt 0.869822 0.044889
vt 0.851663 0.329852
vt 0.862031 0.044889
vt 0.842556 0.044889
vt 0.846451 0.044889
vt 0.839977 0.329852
vt 0.836082 0.329852
vt 0.854241 0.044889
vt 0.843873 0.329852
vt 0.499706 0.969279
vt 0.835736 0.329852
vt 0.838314 0.044889
vt 0.838661 0.044889
vt 0.499706 0.964656
vt 0.664929 0.964816
vt 0.870168 0.044889
vt 0.867590 0.329852
vt 0.867243 0.329852
vt 0.664929 0.969440
vt 0.480470 0.965010
vt 0.480470 0.968925
vt 0.684165 0.965171
vt 0.684165 0.969086
vt 0.863348 0.342958
vt 0.859453 0.342958
vt 0.865927 0.031783
vt 0.869822 0.031783
vt 0.851663 0.342958
vt 0.862031 0.031783
vt 0.842556 0.031783
vt 0.846451 0.031783
vt 0.839977 0.342958
vt 0.836082 0.342958
vt 0.854241 0.031783
vt 0.843873 0.342958
vt 0.486882 0.969279
vt 0.835736 0.342958
vt 0.838314 0.031783
vt 0.838661 0.031783
vt 0.486882 0.964656
vt 0.677753 0.964816
vt 0.870168 0.031783
vt 0.867590 0.342958
vt 0.867243 0.342958
vt 0.677753 0.969440
vt 0.863348 0.349511
vt 0.859453 0.349511
vt 0.865927 0.025230
vt 0.869822 0.025230
vt 0.851663 0.349511
vt 0.862031 0.025230
vt 0.842556 0.025230
vt 0.846451 0.025230
vt 0.839977 0.349511
vt 0.836082 0.349511
vt 0.854241 0.025230
vt 0.843873 0.349511
vt 0.480470 0.969279
vt 0.835736 0.349511
vt 0.838314 0.025230
vt 0.838661 0.025230
vt 0.480470 0.964656
vt 0.684165 0.964816
vt 0.870168 0.025230
vt 0.867590 0.349511
vt 0.867243 0.349511
vt 0.684165 0.969440
vt 0.863348 0.264324
vt 0.867243 0.264324
vt 0.842556 0.110418
vt 0.838661 0.110418
vt 0.600810 0.969086
vt 0.600810 0.969440
vt 0.867590 0.264324
vt 0.869822 0.110418
vt 0.870168 0.110418
vt 0.600810 0.964816
vt 0.600810 0.965171
vt 0.563826 0.965010
vt 0.563826 0.964656
vt 0.838314 0.110418
vt 0.836082 0.264324
vt 0.835736 0.264324
vt 0.563826 0.969279
vt 0.563826 0.968925
vt 0.862031 0.110418
vt 0.854241 0.110418
vt 0.843873 0.264324
vt 0.851663 0.264324
vt 0.839977 0.264324
vt 0.846451 0.110418
vt 0.865927 0.110418
vt 0.859453 0.264324
vt 0.859453 0.257771
vt 0.863348 0.257771
vt 0.869822 0.116971
vt 0.865927 0.116971
vt 0.851663 0.257771
vt 0.862031 0.116971
vt 0.846451 0.116971
vt 0.842556 0.116971
vt 0.836082 0.257771
vt 0.839977 0.257771
vt 0.854241 0.116971
vt 0.843873 0.257771
vt 0.570238 0.969279
vt 0.570238 0.968925
vt 0.835736 0.257771
vt 0.838314 0.116971
vt 0.838661 0.116971
vt 0.570238 0.965010
vt 0.570238 0.964656
vt 0.594398 0.964816
vt 0.594398 0.965171
vt 0.870168 0.116971
vt 0.867590 0.257771
vt 0.867243 0.257771
vt 0.594398 0.969086
vt 0.594398 0.969440
vt 0.863348 0.254494
vt 0.867243 0.254494
vt 0.842556 0.120247
vt 0.838661 0.120247
vt 0.591192 0.969440
vt 0.867590 0.254494
vt 0.869822 0.120247
vt 0.870168 0.120247
vt 0.591192 0.964816
vt 0.573444 0.964656
vt 0.838314 0.120247
vt 0.836082 0.254494
vt 0.835736 0.254494
vt 0.573444 0.969279
vt 0.862031 0.120247
vt 0.854241 0.120247
vt 0.843873 0.254494
vt 0.851663 0.254494
vt 0.839977 0.254494
vt 0.846451 0.120247
vt 0.865927 0.120247
vt 0.859453 0.254494
usemtl bookshelf-035
s 1
f 2032/1 30/2 73/3 2024/4
f 918/5 922/6 24/7 15/8
f 938/9 946/10 563/11 575/12
f 832/13 840/14 150/15 191/16
f 880/17 884/18 99/19 57/20
f 1048/21 1056/22 136/23 177/24
f 1000/25 1004/26 85/27 43/28
f 1108/29 1116/30 122/31 163/32
f 1184/33 1189/34 71/35 29/36
f 1328/37 1342/38 148/39 834/40
f 2030/41 2033/42 156/43 114/44
f 1804/45 1810/46 134/47 1050/48
f 1444/49 58/50 101/51 1436/52
f 2156/53 2170/54 120/55 1110/56
f 1912/57 44/58 87/59 1904/60
f 724/61 732/62 276/63 303/64
f 772/65 776/66 239/67 211/68
f 2924/69 2941/70 262/71 289/72
f 3014/73 3027/74 225/75 197/76
f 3372/77 3386/78 274/79 726/80
f 2950/81 2858/82 260/83 2926/84
f 3488/85 212/86 241/87 3480/88
f 2780/89 198/90 227/91 2772/92
f 3608/93 3616/94 430/95 471/96
f 3560/97 3564/98 379/99 337/100
f 4364/101 4372/102 416/103 457/104
f 4316/105 4320/106 365/107 323/108
f 3986/109 3994/110 402/111 443/112
f 3938/113 3942/114 351/115 309/116
f 3758/117 3764/118 428/119 3610/120
f 4242/121 4245/122 436/123 394/124
f 4514/125 4520/126 414/127 4366/128
f 3866/129 338/130 381/131 3858/132
f 4136/133 4142/134 400/135 3988/136
f 4622/137 324/138 367/139 4614/140
f 5210/141 5218/142 626/143 667/144
f 5186/145 5190/146 547/147 505/148
f 4694/149 4702/150 612/151 653/152
f 4670/153 4674/154 533/155 491/156
f 4952/157 4960/158 598/159 639/160
f 4928/161 4932/162 519/163 477/164
f 1562/165 1568/166 22/167 914/168
f 1644/169 1649/170 10/171 2/172
f 5320/173 5326/174 624/175 5212/176
f 4804/177 4810/178 610/179 4696/180
f 5404/181 506/182 549/183 5396/184
f 5062/185 5068/186 596/187 4954/188
f 4888/189 492/190 535/191 4880/192
f 1566/193 1572/194 569/195 942/196
f 1336/197 1340/198 106/199 878/200
f 1796/201 1808/202 92/203 998/204
f 2164/205 2168/206 78/207 1182/208
f 1442/209 1445/210 184/211 142/212
f 1910/213 1913/214 170/215 128/216
f 3380/217 3384/218 246/219 770/220
f 3040/221 2856/222 232/223 3012/224
f 4244/225 310/226 353/227 4236/228
f 3486/229 3489/230 296/231 268/232
f 2778/233 2781/234 282/235 254/236
f 3750/237 3762/238 386/239 3558/240
f 4506/241 4518/242 372/243 4314/244
f 4128/245 4140/246 358/247 3936/248
f 5146/249 478/250 521/251 5138/252
f 3864/253 3867/254 464/255 422/256
f 4620/257 4623/258 450/259 408/260
f 5316/261 5324/262 554/263 5184/264
f 4800/265 4808/266 540/267 4668/268
f 5058/269 5066/270 526/271 4926/272
f 5144/273 5147/274 632/275 590/276
f 1651/277 576/278 562/279 1648/280
f 5402/281 5405/282 660/283 618/284
f 4886/285 4889/286 646/287 604/288
f 1/289 4/290 5/291 7/292
f 2/172 6/293 5/294 4/295
f 3/296 7/297 5/298 6/299
f 8/300 11/301 12/302 14/303
f 9/304 13/305 12/306 11/307
f 10/171 14/308 12/309 13/310
f 15/8 18/311 19/312 21/313
f 16/314 20/315 19/316 18/317
f 17/318 21/319 19/320 20/321
f 22/167 25/322 26/323 28/324
f 23/325 27/326 26/327 25/328
f 24/7 28/329 26/330 27/331
f 29/36 32/332 33/333 35/334
f 30/2 34/335 33/333 32/332
f 31/336 35/337 33/338 34/339
f 36/340 39/341 40/342 42/343
f 37/344 41/345 40/346 39/347
f 38/348 42/349 40/350 41/351
f 43/28 46/352 47/353 49/354
f 44/58 48/355 47/353 46/352
f 45/356 49/357 47/358 48/359
f 50/360 53/361 54/362 56/363
f 51/364 55/365 54/366 53/367
f 52/368 56/369 54/370 55/371
f 57/20 60/372 61/373 63/374
f 58/50 62/375 61/373 60/372
f 59/376 63/377 61/378 62/379
f 64/380 67/381 68/382 70/383
f 65/384 69/385 68/386 67/387
f 66/388 70/389 68/390 69/391
f 71/35 74/392 75/393 77/394
f 72/395 76/396 75/397 74/398
f 73/3 77/394 75/393 76/399
f 78/207 81/400 82/401 84/402
f 79/403 83/404 82/405 81/406
f 80/407 84/408 82/409 83/410
f 85/27 88/411 89/412 91/413
f 86/414 90/415 89/416 88/417
f 87/59 91/413 89/412 90/418
f 92/203 95/419 96/420 98/421
f 93/422 97/423 96/424 95/425
f 94/426 98/427 96/428 97/429
f 99/19 102/430 103/431 105/432
f 100/433 104/434 103/435 102/436
f 101/51 105/432 103/431 104/437
f 106/199 109/438 110/439 112/440
f 107/441 111/442 110/443 109/444
f 108/445 112/446 110/447 111/448
f 113/449 116/450 117/451 119/452
f 114/44 118/453 117/454 116/455
f 115/456 119/457 117/458 118/459
f 120/55 123/460 124/461 126/462
f 121/463 125/464 124/465 123/466
f 122/31 126/467 124/465 125/464
f 127/468 130/469 131/470 133/471
f 128/216 132/472 131/473 130/474
f 129/475 133/476 131/477 132/478
f 134/47 137/479 138/480 140/481
f 135/482 139/483 138/484 137/485
f 136/23 140/486 138/484 139/483
f 141/487 144/488 145/489 147/490
f 142/212 146/491 145/492 144/493
f 143/494 147/495 145/496 146/497
f 148/39 151/498 152/499 154/500
f 149/501 153/502 152/503 151/504
f 150/15 154/505 152/503 153/502
f 155/506 158/507 159/508 161/509
f 156/43 160/510 159/511 158/512
f 157/513 161/514 159/515 160/516
f 162/517 165/518 166/519 168/520
f 163/32 167/521 166/522 165/523
f 164/524 168/525 166/522 167/521
f 169/526 172/527 173/528 175/529
f 170/215 174/530 173/531 172/532
f 171/533 175/534 173/535 174/536
f 176/537 179/538 180/539 182/540
f 177/24 181/541 180/542 179/543
f 178/544 182/545 180/542 181/541
f 183/546 186/547 187/548 189/549
f 184/211 188/550 187/551 186/552
f 185/553 189/554 187/555 188/556
f 190/557 193/558 194/559 196/560
f 191/16 195/561 194/562 193/563
f 192/564 196/565 194/562 195/561
f 197/76 200/566 201/567 203/568
f 198/90 202/569 201/567 200/566
f 199/570 203/571 201/572 202/573
f 204/574 207/575 208/576 210/577
f 205/578 209/579 208/580 207/581
f 206/582 210/583 208/584 209/585
f 211/68 214/586 215/587 217/588
f 212/86 216/589 215/587 214/586
f 213/590 217/591 215/592 216/593
f 218/594 221/595 222/596 224/597
f 219/598 223/599 222/600 221/601
f 220/602 224/603 222/604 223/605
f 225/75 228/606 229/607 231/608
f 226/609 230/610 229/611 228/612
f 227/91 231/608 229/607 230/613
f 232/223 235/614 236/615 238/616
f 233/617 237/618 236/619 235/620
f 234/621 238/622 236/623 237/624
f 239/67 242/625 243/626 245/627
f 240/628 244/629 243/630 242/631
f 241/87 245/627 243/626 244/632
f 246/219 249/633 250/634 252/635
f 247/636 251/637 250/638 249/639
f 248/640 252/641 250/642 251/643
f 253/644 256/645 257/646 259/647
f 254/236 258/648 257/649 256/650
f 255/651 259/652 257/653 258/654
f 260/83 263/655 264/656 266/657
f 261/658 265/659 264/660 263/661
f 262/71 266/662 264/660 265/659
f 267/663 270/664 271/665 273/666
f 268/232 272/667 271/668 270/669
f 269/670 273/671 271/672 272/673
f 274/79 277/674 278/675 280/676
f 275/677 279/678 278/679 277/680
f 276/63 280/681 278/679 279/678
f 281/682 284/683 285/684 287/685
f 282/235 286/686 285/687 284/688
f 283/689 287/690 285/691 286/692
f 288/693 291/694 292/695 294/696
f 289/72 293/697 292/698 291/699
f 290/700 294/701 292/698 293/697
f 295/702 298/703 299/704 301/705
f 296/231 300/706 299/707 298/708
f 297/709 301/710 299/711 300/712
f 302/713 305/714 306/715 308/716
f 303/64 307/717 306/718 305/719
f 304/720 308/721 306/718 307/717
f 309/116 312/722 313/723 315/724
f 310/226 314/725 313/723 312/722
f 311/726 315/727 313/728 314/729
f 316/730 319/731 320/732 322/733
f 317/734 321/735 320/736 319/737
f 318/738 322/739 320/740 321/741
f 323/108 326/742 327/743 329/744
f 324/138 328/745 327/743 326/742
f 325/746 329/747 327/748 328/749
f 330/750 333/751 334/752 336/753
f 331/754 335/755 334/756 333/757
f 332/758 336/759 334/760 335/761
f 337/100 340/762 341/763 343/764
f 338/130 342/765 341/763 340/762
f 339/766 343/767 341/768 342/769
f 344/770 347/771 348/772 350/773
f 345/774 349/775 348/776 347/777
f 346/778 350/779 348/780 349/781
f 351/115 354/782 355/783 357/784
f 352/785 356/786 355/787 354/788
f 353/227 357/784 355/783 356/789
f 358/247 361/790 362/791 364/792
f 359/793 363/794 362/795 361/796
f 360/797 364/798 362/799 363/800
f 365/107 368/801 369/802 371/803
f 366/804 370/805 369/806 368/807
f 367/139 371/803 369/802 370/808
f 372/243 375/809 376/810 378/811
f 373/812 377/813 376/814 375/815
f 374/816 378/817 376/818 377/819
f 379/99 382/820 383/821 385/822
f 380/823 384/824 383/825 382/826
f 381/131 385/822 383/821 384/827
f 386/239 389/828 390/829 392/830
f 387/831 391/832 390/833 389/834
f 388/835 392/836 390/837 391/838
f 393/839 396/840 397/841 399/842
f 394/124 398/843 397/844 396/845
f 395/846 399/847 397/848 398/849
f 400/135 403/850 404/851 406/852
f 401/853 405/854 404/855 403/856
f 402/111 406/857 404/858 405/859
f 407/860 410/861 411/862 413/863
f 408/260 412/864 411/865 410/866
f 409/867 413/868 411/869 412/870
f 414/127 417/871 418/872 420/873
f 415/874 419/875 418/876 417/877
f 416/103 420/878 418/876 419/875
f 421/879 424/880 425/881 427/882
f 422/256 426/883 425/884 424/885
f 423/886 427/887 425/888 426/889
f 428/119 431/890 432/891 434/892
f 429/893 433/894 432/895 431/896
f 430/95 434/897 432/895 433/894
f 435/898 438/899 439/900 441/901
f 436/123 440/902 439/903 438/904
f 437/905 441/906 439/907 440/908
f 442/909 445/910 446/911 448/912
f 443/112 447/913 446/914 445/915
f 444/916 448/917 446/918 447/919
f 449/920 452/921 453/922 455/923
f 450/259 454/924 453/925 452/926
f 451/927 455/928 453/929 454/930
f 456/931 459/932 460/933 462/934
f 457/104 461/935 460/936 459/937
f 458/938 462/939 460/936 461/935
f 463/940 466/941 467/942 469/943
f 464/255 468/944 467/945 466/946
f 465/947 469/948 467/949 468/950
f 470/951 473/952 474/953 476/954
f 471/96 475/955 474/956 473/957
f 472/958 476/959 474/956 475/955
f 477/164 480/960 481/961 483/962
f 478/250 482/963 481/964 480/965
f 479/966 483/967 481/968 482/969
f 484/970 487/971 488/972 490/973
f 485/974 489/975 488/976 487/977
f 486/978 490/979 488/980 489/981
f 491/156 494/982 495/983 497/984
f 492/190 496/985 495/986 494/987
f 493/988 497/989 495/990 496/991
f 498/992 501/993 502/994 504/995
f 499/996 503/997 502/998 501/999
f 500/1000 504/1001 502/1002 503/1003
f 505/148 508/1004 509/1005 511/1006
f 506/182 510/1007 509/1008 508/1009
f 507/1010 511/1011 509/1012 510/1013
f 512/1014 515/1015 516/1016 518/1017
f 513/1018 517/1019 516/1016 515/1015
f 514/1020 518/1021 516/1022 517/1023
f 519/163 522/1024 523/1025 525/1026
f 520/1027 524/1028 523/1029 522/1030
f 521/251 525/1031 523/1032 524/1033
f 526/271 529/1034 530/1035 532/1036
f 527/1037 531/1038 530/1039 529/1040
f 528/1041 532/1042 530/1043 531/1044
f 533/155 536/1045 537/1046 539/1047
f 534/1048 538/1049 537/1050 536/1051
f 535/191 539/1052 537/1053 538/1054
f 540/267 543/1055 544/1056 546/1057
f 541/1058 545/1059 544/1060 543/1061
f 542/1062 546/1063 544/1064 545/1065
f 547/147 550/1066 551/1067 553/1068
f 548/1069 552/1070 551/1071 550/1072
f 549/183 553/1073 551/1074 552/1075
f 554/263 557/1076 558/1077 560/1078
f 555/1079 559/1080 558/1081 557/1082
f 556/1083 560/1084 558/1081 559/1080
f 561/1085 564/1086 565/1087 567/1088
f 562/279 566/1089 565/1090 564/1091
f 563/11 567/1092 565/1093 566/1094
f 568/1095 571/1096 572/1097 574/1098
f 569/195 573/1099 572/1100 571/1101
f 570/1102 574/1103 572/1104 573/1105
f 575/12 578/1106 579/1107 581/1108
f 576/278 580/1109 579/1110 578/1111
f 577/1112 581/1113 579/1114 580/1115
f 582/1116 585/1117 586/1118 588/1119
f 583/1120 587/1121 586/1122 585/1123
f 584/1124 588/1125 586/1126 587/1127
f 589/1128 592/1129 593/1130 595/1131
f 590/276 594/1132 593/1133 592/1134
f 591/1135 595/1136 593/1137 594/1138
f 596/187 599/1139 600/1140 602/1141
f 597/1142 601/1143 600/1144 599/1145
f 598/159 602/1146 600/1147 601/1148
f 603/1149 606/1150 607/1151 609/1152
f 604/288 608/1153 607/1154 606/1155
f 605/1156 609/1157 607/1158 608/1159
f 610/179 613/1160 614/1161 616/1162
f 611/1163 615/1164 614/1165 613/1166
f 612/151 616/1167 614/1168 615/1169
f 617/1170 620/1171 621/1172 623/1173
f 618/284 622/1174 621/1175 620/1176
f 619/1177 623/1178 621/1175 622/1174
f 624/175 627/1179 628/1180 630/1181
f 625/1182 629/1183 628/1184 627/1185
f 626/143 630/1186 628/1187 629/1188
f 631/1189 634/1190 635/1191 637/1192
f 632/275 636/1193 635/1194 634/1195
f 633/1196 637/1197 635/1198 636/1199
f 638/1200 641/1201 642/1202 644/1203
f 639/160 643/1204 642/1205 641/1206
f 640/1207 644/1208 642/1209 643/1210
f 645/1211 648/1212 649/1213 651/1214
f 646/287 650/1215 649/1216 648/1217
f 647/1218 651/1219 649/1220 650/1221
f 652/1222 655/1223 656/1224 658/1225
f 653/152 657/1226 656/1227 655/1228
f 654/1229 658/1230 656/1231 657/1232
f 659/1233 662/1234 663/1235 665/1236
f 660/283 664/1237 663/1235 662/1234
f 661/1238 665/1239 663/1240 664/1241
f 666/1242 669/1243 670/1244 672/1245
f 667/144 671/1246 670/1247 669/1248
f 668/1249 672/1250 670/1251 671/1252
f 913/1253 1/289 7/292 919/1254
f 919/1255 7/297 3/296 920/1256
f 914/168 22/167 28/324 921/1257
f 921/1258 28/329 24/7 922/6
f 23/325 16/314 18/317 27/326
f 27/331 18/311 15/8 24/7
f 1553/1259 23/325 25/328 1567/1260
f 1567/1261 25/322 22/167 1568/166
f 9/304 3/296 6/299 13/305
f 13/310 6/293 2/172 10/171
f 1554/1262 17/318 20/321 1569/1263
f 1569/1264 20/315 16/314 1570/1265
f 1181/1266 72/395 74/398 1188/1267
f 1188/1268 74/392 71/35 1189/34
f 1182/208 78/207 84/402 1190/1269
f 1190/1270 84/408 80/407 1191/1271
f 997/1272 86/414 88/417 1003/1273
f 1003/1274 88/411 85/27 1004/26
f 998/204 92/203 98/421 1005/1275
f 1005/1276 98/427 94/426 1006/1277
f 877/1278 100/433 102/436 883/1279
f 883/1280 102/430 99/19 884/18
f 878/200 106/199 112/440 885/1281
f 885/1282 112/446 108/445 886/1283
f 64/380 108/445 111/448 67/381
f 67/387 111/442 107/441 65/384
f 1315/1284 66/388 69/391 1337/1285
f 1337/1286 69/385 65/384 1338/1287
f 101/51 58/50 60/372 105/432
f 105/432 60/372 57/20 99/19
f 1316/1288 107/441 109/444 1339/1289
f 1339/1290 109/438 106/199 1340/198
f 50/360 94/426 97/429 53/361
f 53/367 97/423 93/422 51/364
f 1783/1291 52/368 55/371 1805/1292
f 1805/1293 55/365 51/364 1806/1294
f 87/59 44/58 46/352 91/413
f 91/413 46/352 43/28 85/27
f 1784/1295 93/422 95/425 1807/1296
f 1807/1297 95/419 92/203 1808/202
f 36/340 80/407 83/410 39/341
f 39/347 83/404 79/403 37/344
f 2143/1298 38/348 41/351 2165/1299
f 2165/1300 41/345 37/344 2166/1301
f 73/3 30/2 32/332 77/394
f 77/394 32/332 29/36 71/35
f 2144/1302 79/403 81/406 2167/1303
f 2167/1304 81/400 78/207 2168/206
f 1109/1305 113/449 119/452 1113/1306
f 1113/1307 119/457 115/456 1114/1308
f 1110/56 120/55 126/462 1115/1309
f 1115/1310 126/467 122/31 1116/30
f 1049/1311 127/468 133/471 1053/1312
f 1053/1313 133/476 129/475 1054/1314
f 1050/48 134/47 140/481 1055/1315
f 1055/1316 140/486 136/23 1056/22
f 833/1317 141/487 147/490 837/1318
f 837/1319 147/495 143/494 838/1320
f 834/40 148/39 154/500 839/1321
f 839/1322 154/505 150/15 840/14
f 149/501 192/564 195/561 153/502
f 153/502 195/561 191/16 150/15
f 1317/1323 149/501 151/504 1341/1324
f 1341/1325 151/498 148/39 1342/38
f 183/546 143/494 146/497 186/547
f 186/552 146/491 142/212 184/211
f 1318/1326 190/557 196/560 1343/1327
f 1343/1328 196/565 192/564 1344/1329
f 135/482 178/544 181/541 139/483
f 139/483 181/541 177/24 136/23
f 1785/1330 135/482 137/485 1809/1331
f 1809/1332 137/479 134/47 1810/46
f 169/526 129/475 132/478 172/527
f 172/532 132/472 128/216 170/215
f 1786/1333 176/537 182/540 1811/1334
f 1811/1335 182/545 178/544 1812/1336
f 121/463 164/524 167/521 125/464
f 125/464 167/521 163/32 122/31
f 2145/1337 121/463 123/466 2169/1338
f 2169/1339 123/460 120/55 2170/54
f 155/506 115/456 118/459 158/507
f 158/512 118/453 114/44 156/43
f 2146/1340 162/517 168/520 2171/1341
f 2171/1342 168/525 164/524 2172/1343
f 3011/1344 226/609 228/612 3026/1345
f 3026/1346 228/606 225/75 3027/74
f 3012/224 232/223 238/616 3028/1347
f 3028/1348 238/622 234/621 3029/1349
f 769/1350 240/628 242/631 775/1351
f 775/1352 242/625 239/67 776/66
f 770/220 246/219 252/635 777/1353
f 777/1354 252/641 248/640 778/1355
f 218/594 248/640 251/643 221/595
f 221/601 251/637 247/636 219/598
f 3359/1356 220/602 223/605 3381/1357
f 3381/1358 223/599 219/598 3382/1359
f 241/87 212/86 214/586 245/627
f 245/627 214/586 211/68 239/67
f 3360/1360 247/636 249/639 3383/1361
f 3383/1362 249/633 246/219 3384/218
f 204/574 234/621 237/624 207/575
f 207/581 237/618 233/617 205/578
f 2843/1363 206/582 209/585 2853/1364
f 2853/1365 209/579 205/578 2854/1366
f 227/91 198/90 200/566 231/608
f 231/608 200/566 197/76 225/75
f 2844/1367 233/617 235/620 2855/1368
f 2855/1369 235/614 232/223 2856/222
f 2925/1370 253/644 259/647 2938/1371
f 2938/1372 259/652 255/651 2939/1373
f 2926/84 260/83 266/657 2940/1374
f 2940/1375 266/662 262/71 2941/70
f 725/1376 267/663 273/666 729/1377
f 729/1378 273/671 269/670 730/1379
f 726/80 274/79 280/676 731/1380
f 731/1381 280/681 276/63 732/62
f 275/677 304/720 307/717 279/678
f 279/678 307/717 303/64 276/63
f 3361/1382 275/677 277/680 3385/1383
f 3385/1384 277/674 274/79 3386/78
f 295/702 269/670 272/673 298/703
f 298/708 272/667 268/232 296/231
f 3362/1385 302/713 308/716 3387/1386
f 3387/1387 308/721 304/720 3388/1388
f 261/658 290/700 293/697 265/659
f 265/659 293/697 289/72 262/71
f 2845/1389 261/658 263/661 2857/1390
f 2857/1391 263/655 260/83 2858/82
f 281/682 255/651 258/654 284/683
f 284/688 258/648 254/236 282/235
f 2846/1392 288/693 294/696 2859/1393
f 2859/1394 294/701 290/700 2860/1395
f 3935/1396 352/785 354/788 3941/1397
f 3941/1398 354/782 351/115 3942/114
f 3936/248 358/247 364/792 3943/1399
f 3943/1400 364/798 360/797 3944/1401
f 4313/1402 366/804 368/807 4319/1403
f 4319/1404 368/801 365/107 4320/106
f 4314/244 372/243 378/811 4321/1405
f 4321/1406 378/817 374/816 4322/1407
f 3557/1408 380/823 382/826 3563/1409
f 3563/1410 382/820 379/99 3564/98
f 3558/240 386/239 392/830 3565/1411
f 3565/1412 392/836 388/835 3566/1413
f 344/770 388/835 391/838 347/771
f 347/777 391/832 387/831 345/774
f 3737/1414 346/778 349/781 3759/1415
f 3759/1416 349/775 345/774 3760/1417
f 381/131 338/130 340/762 385/822
f 385/822 340/762 337/100 379/99
f 3738/1418 387/831 389/834 3761/1419
f 3761/1420 389/828 386/239 3762/238
f 330/750 374/816 377/819 333/751
f 333/757 377/813 373/812 331/754
f 4493/1421 332/758 335/761 4515/1422
f 4515/1423 335/755 331/754 4516/1424
f 367/139 324/138 326/742 371/803
f 371/803 326/742 323/108 365/107
f 4494/1425 373/812 375/815 4517/1426
f 4517/1427 375/809 372/243 4518/242
f 316/730 360/797 363/800 319/731
f 319/737 363/794 359/793 317/734
f 4115/1428 318/738 321/741 4137/1429
f 4137/1430 321/735 317/734 4138/1431
f 353/227 310/226 312/722 357/784
f 357/784 312/722 309/116 351/115
f 4116/1432 359/793 361/796 4139/1433
f 4139/1434 361/790 358/247 4140/246
f 3987/1435 393/839 399/842 3991/1436
f 3991/1437 399/847 395/846 3992/1438
f 3988/136 400/135 406/852 3993/1439
f 3993/1440 406/857 402/111 3994/110
f 4365/1441 407/860 413/863 4369/1442
f 4369/1443 413/868 409/867 4370/1444
f 4366/128 414/127 420/873 4371/1445
f 4371/1446 420/878 416/103 4372/102
f 3609/1447 421/879 427/882 3613/1448
f 3613/1449 427/887 423/886 3614/1450
f 3610/120 428/119 434/892 3615/1451
f 3615/1452 434/897 430/95 3616/94
f 429/893 472/958 475/955 433/894
f 433/894 475/955 471/96 430/95
f 3739/1453 429/893 431/896 3763/1454
f 3763/1455 431/890 428/119 3764/118
f 463/940 423/886 426/889 466/941
f 466/946 426/883 422/256 464/255
f 3740/1456 470/951 476/954 3765/1457
f 3765/1458 476/959 472/958 3766/1459
f 415/874 458/938 461/935 419/875
f 419/875 461/935 457/104 416/103
f 4495/1460 415/874 417/877 4519/1461
f 4519/1462 417/871 414/127 4520/126
f 449/920 409/867 412/870 452/921
f 452/926 412/864 408/260 450/259
f 4496/1463 456/931 462/934 4521/1464
f 4521/1465 462/939 458/938 4522/1466
f 401/853 444/916 447/919 405/854
f 405/859 447/913 443/112 402/111
f 4117/1467 401/853 403/856 4141/1468
f 4141/1469 403/850 400/135 4142/134
f 435/898 395/846 398/849 438/899
f 438/904 398/843 394/124 436/123
f 4118/1470 442/909 448/912 4143/1471
f 4143/1472 448/917 444/916 4144/1473
f 4925/1474 520/1027 522/1030 4931/1475
f 4931/1476 522/1024 519/163 4932/162
f 4926/272 526/271 532/1036 4933/1477
f 4933/1478 532/1042 528/1041 4934/1479
f 4667/1480 534/1048 536/1051 4673/1481
f 4673/1482 536/1045 533/155 4674/154
f 4668/268 540/267 546/1057 4675/1483
f 4675/1484 546/1063 542/1062 4676/1485
f 5183/1486 548/1069 550/1072 5189/1487
f 5189/1488 550/1066 547/147 5190/146
f 5184/264 554/263 560/1078 5191/1489
f 5191/1490 560/1084 556/1083 5192/1491
f 512/1014 556/1083 559/1080 515/1015
f 515/1015 559/1080 555/1079 513/1018
f 5307/1492 514/1020 517/1023 5321/1493
f 5321/1494 517/1019 513/1018 5322/1495
f 549/183 506/182 508/1009 553/1073
f 553/1068 508/1004 505/148 547/147
f 5308/1496 555/1079 557/1082 5323/1497
f 5323/1498 557/1076 554/263 5324/262
f 498/992 542/1062 545/1065 501/993
f 501/999 545/1059 541/1058 499/996
f 4791/1499 500/1000 503/1003 4805/1500
f 4805/1501 503/997 499/996 4806/1502
f 535/191 492/190 494/987 539/1052
f 539/1047 494/982 491/156 533/155
f 4792/1503 541/1058 543/1061 4807/1504
f 4807/1505 543/1055 540/267 4808/266
f 484/970 528/1041 531/1044 487/971
f 487/977 531/1038 527/1037 485/974
f 5049/1506 486/978 489/981 5063/1507
f 5063/1508 489/975 485/974 5064/1509
f 521/251 478/250 480/965 525/1031
f 525/1026 480/960 477/164 519/163
f 5050/1510 527/1037 529/1040 5065/1511
f 5065/1512 529/1034 526/271 5066/270
f 941/1513 561/1085 567/1088 945/1514
f 945/1515 567/1092 563/11 946/10
f 942/196 569/195 571/1101 947/1516
f 947/1517 571/1096 568/1095 948/1518
f 1555/1519 570/1102 573/1105 1571/1520
f 1571/1521 573/1099 569/195 1572/194
f 583/1120 568/1095 574/1098 587/1121
f 587/1127 574/1103 570/1102 584/1124
f 562/279 576/278 578/1111 566/1089
f 566/1094 578/1106 575/12 563/11
f 1556/1522 582/1116 588/1119 1573/1523
f 1573/1524 588/1125 584/1124 1574/1525
f 4953/1526 589/1128 595/1131 4957/1527
f 4957/1528 595/1136 591/1135 4958/1529
f 4954/188 596/187 602/1141 4959/1530
f 4959/1531 602/1146 598/159 4960/158
f 4695/1532 603/1149 609/1152 4699/1533
f 4699/1534 609/1157 605/1156 4700/1535
f 4696/180 610/179 616/1162 4701/1536
f 4701/1537 616/1167 612/151 4702/150
f 5211/1538 617/1170 623/1173 5215/1539
f 5215/1540 623/1178 619/1177 5216/1541
f 5212/176 624/175 630/1181 5217/1542
f 5217/1543 630/1186 626/143 5218/142
f 625/1182 668/1249 671/1252 629/1183
f 629/1188 671/1246 667/144 626/143
f 5309/1544 625/1182 627/1185 5325/1545
f 5325/1546 627/1179 624/175 5326/174
f 659/1233 619/1177 622/1174 662/1234
f 662/1234 622/1174 618/284 660/283
f 5310/1547 666/1242 672/1245 5327/1548
f 5327/1549 672/1250 668/1249 5328/1550
f 611/1163 654/1229 657/1232 615/1164
f 615/1169 657/1226 653/152 612/151
f 4793/1551 611/1163 613/1166 4809/1552
f 4809/1553 613/1160 610/179 4810/178
f 645/1211 605/1156 608/1159 648/1212
f 648/1217 608/1153 604/288 646/287
f 4794/1554 652/1222 658/1225 4811/1555
f 4811/1556 658/1230 654/1229 4812/1557
f 597/1142 640/1207 643/1210 601/1143
f 601/1148 643/1204 639/160 598/159
f 5051/1558 597/1142 599/1145 5067/1559
f 5067/1560 599/1139 596/187 5068/186
f 631/1189 591/1135 594/1138 634/1190
f 634/1195 594/1132 590/276 632/275
f 5052/1561 638/1200 644/1203 5069/1562
f 5069/1563 644/1208 640/1207 5070/1564
f 737/1565 683/1566 684/1567 738/1568
f 744/1569 682/1570 683/1571 737/1572
f 735/1573 680/1574 681/1575 736/1576
f 743/1577 679/1578 680/1579 735/1580
f 687/1581 677/1582 678/1583 688/1584
f 692/1585 676/1586 677/1587 687/1588
f 685/1589 674/1590 675/1591 686/1592
f 691/1593 673/1594 674/1595 685/1596
f 3365/1597 3363/1598 676/1586 692/1585
f 3373/1599 3364/1600 682/1570 744/1569
f 694/1601 686/1592 675/1591 681/1575
f 742/1602 738/1568 684/1567 678/1583
f 706/1603 698/1604 686/1592 694/1601
f 3367/1605 3365/1597 692/1585 704/1606
f 703/1607 691/1593 685/1596 697/1608
f 697/1609 685/1589 686/1592 698/1604
f 704/1606 692/1585 687/1588 699/1610
f 699/1611 687/1581 688/1584 700/1612
f 683/1566 695/1613 696/1614 684/1567
f 682/1570 690/1615 695/1616 683/1571
f 680/1574 693/1617 694/1601 681/1575
f 679/1578 689/1618 693/1619 680/1579
f 3364/1600 3366/1620 690/1615 682/1570
f 678/1583 684/1567 696/1614 688/1584
f 711/1621 699/1611 700/1612 712/1622
f 716/1623 704/1606 699/1610 711/1624
f 709/1625 697/1609 698/1604 710/1626
f 715/1627 703/1607 697/1608 709/1628
f 3369/1629 3367/1605 704/1606 716/1623
f 718/1630 710/1626 698/1604 706/1603
f 695/1613 707/1631 708/1632 696/1614
f 690/1615 702/1633 707/1634 695/1616
f 693/1617 705/1635 706/1603 694/1601
f 689/1618 701/1636 705/1637 693/1619
f 3366/1620 3368/1638 702/1633 690/1615
f 688/1584 696/1614 708/1632 700/1612
f 730/1379 722/1639 710/1626 718/1630
f 3371/1640 3369/1629 716/1623 728/1641
f 727/1642 715/1627 709/1628 721/1643
f 721/1644 709/1625 710/1626 722/1639
f 728/1641 716/1623 711/1624 723/1645
f 723/1646 711/1621 712/1622 724/61
f 707/1631 719/1647 720/1648 708/1632
f 702/1633 714/1649 719/1650 707/1634
f 705/1635 717/1651 718/1630 706/1603
f 701/1636 713/1652 717/1653 705/1637
f 3368/1638 3370/1654 714/1649 702/1633
f 700/1612 708/1632 720/1648 712/1622
f 305/719 723/1646 724/61 303/64
f 302/713 728/1641 723/1645 305/714
f 301/705 721/1644 722/1639 295/702
f 297/709 727/1642 721/1643 301/710
f 3362/1385 3371/1640 728/1641 302/713
f 269/670 295/702 722/1639 730/1379
f 719/1647 731/1381 732/62 720/1648
f 714/1649 726/80 731/1380 719/1650
f 717/1651 729/1378 730/1379 718/1630
f 713/1652 725/1376 729/1377 717/1653
f 3370/1654 3372/77 726/80 714/1649
f 712/1622 720/1648 732/62 724/61
f 754/1655 750/1656 738/1568 742/1602
f 3375/1657 3373/1599 744/1569 756/1658
f 755/1659 743/1577 735/1580 747/1660
f 747/1661 735/1573 736/1576 748/1662
f 756/1658 744/1569 737/1572 749/1663
f 749/1664 737/1565 738/1568 750/1656
f 677/1582 741/1665 742/1602 678/1583
f 676/1586 734/1666 741/1667 677/1587
f 674/1590 739/1668 740/1669 675/1591
f 673/1594 733/1670 739/1671 674/1595
f 3363/1598 3374/1672 734/1666 676/1586
f 681/1575 675/1591 740/1669 736/1576
f 761/1673 749/1664 750/1656 762/1674
f 768/1675 756/1658 749/1663 761/1676
f 759/1677 747/1661 748/1662 760/1678
f 767/1679 755/1659 747/1660 759/1680
f 3377/1681 3375/1657 756/1658 768/1675
f 766/1682 762/1674 750/1656 754/1655
f 741/1665 753/1683 754/1655 742/1602
f 734/1666 746/1684 753/1685 741/1667
f 739/1668 751/1686 752/1687 740/1669
f 733/1670 745/1688 751/1689 739/1671
f 3374/1672 3376/1690 746/1684 734/1666
f 736/1576 740/1669 752/1687 748/1662
f 778/1355 774/1691 762/1674 766/1682
f 3379/1692 3377/1681 768/1675 780/1693
f 779/1694 767/1679 759/1680 771/1695
f 771/1696 759/1677 760/1678 772/65
f 780/1693 768/1675 761/1676 773/1697
f 773/1698 761/1673 762/1674 774/1691
f 753/1683 765/1699 766/1682 754/1655
f 746/1684 758/1700 765/1701 753/1685
f 751/1686 763/1702 764/1703 752/1687
f 745/1688 757/1704 763/1705 751/1689
f 3376/1690 3378/1706 758/1700 746/1684
f 748/1662 752/1687 764/1703 760/1678
f 224/597 773/1698 774/1691 218/594
f 220/602 780/1693 773/1697 224/603
f 217/588 771/1696 772/65 211/68
f 213/590 779/1694 771/1695 217/591
f 3359/1356 3379/1692 780/1693 220/602
f 248/640 218/594 774/1691 778/1355
f 765/1699 777/1354 778/1355 766/1682
f 758/1700 770/220 777/1353 765/1701
f 763/1702 775/1352 776/66 764/1703
f 757/1704 769/1350 775/1351 763/1705
f 3378/1706 3380/217 770/220 758/1700
f 760/1678 764/1703 776/66 772/65
f 845/1707 791/1708 792/1709 846/1710
f 852/1711 790/1712 791/1713 845/1714
f 843/1715 788/1716 789/1717 844/1718
f 851/1719 787/1720 788/1721 843/1722
f 795/1723 785/1724 786/1725 796/1726
f 800/1727 784/1728 785/1729 795/1730
f 793/1731 782/1732 783/1733 794/1734
f 799/1735 781/1736 782/1737 793/1738
f 1321/1739 1319/1740 784/1728 800/1727
f 1329/1741 1320/1742 790/1712 852/1711
f 802/1743 794/1734 783/1733 789/1717
f 850/1744 846/1710 792/1709 786/1725
f 814/1745 806/1746 794/1734 802/1743
f 1323/1747 1321/1739 800/1727 812/1748
f 811/1749 799/1735 793/1738 805/1750
f 805/1751 793/1731 794/1734 806/1746
f 812/1748 800/1727 795/1730 807/1752
f 807/1753 795/1723 796/1726 808/1754
f 791/1708 803/1755 804/1756 792/1709
f 790/1712 798/1757 803/1758 791/1713
f 788/1716 801/1759 802/1743 789/1717
f 787/1720 797/1760 801/1761 788/1721
f 1320/1742 1322/1762 798/1757 790/1712
f 786/1725 792/1709 804/1756 796/1726
f 819/1763 807/1753 808/1754 820/1764
f 824/1765 812/1748 807/1752 819/1766
f 817/1767 805/1751 806/1746 818/1768
f 823/1769 811/1749 805/1750 817/1770
f 1325/1771 1323/1747 812/1748 824/1765
f 826/1772 818/1768 806/1746 814/1745
f 803/1755 815/1773 816/1774 804/1756
f 798/1757 810/1775 815/1776 803/1758
f 801/1759 813/1777 814/1745 802/1743
f 797/1760 809/1778 813/1779 801/1761
f 1322/1762 1324/1780 810/1775 798/1757
f 796/1726 804/1756 816/1774 808/1754
f 838/1320 830/1781 818/1768 826/1772
f 1327/1782 1325/1771 824/1765 836/1783
f 835/1784 823/1769 817/1770 829/1785
f 829/1786 817/1767 818/1768 830/1781
f 836/1783 824/1765 819/1766 831/1787
f 831/1788 819/1763 820/1764 832/13
f 815/1773 827/1789 828/1790 816/1774
f 810/1775 822/1791 827/1792 815/1776
f 813/1777 825/1793 826/1772 814/1745
f 809/1778 821/1794 825/1795 813/1779
f 1324/1780 1326/1796 822/1791 810/1775
f 808/1754 816/1774 828/1790 820/1764
f 193/563 831/1788 832/13 191/16
f 190/557 836/1783 831/1787 193/558
f 189/549 829/1786 830/1781 183/546
f 185/553 835/1784 829/1785 189/554
f 1318/1326 1327/1782 836/1783 190/557
f 143/494 183/546 830/1781 838/1320
f 827/1789 839/1322 840/14 828/1790
f 822/1791 834/40 839/1321 827/1792
f 825/1793 837/1319 838/1320 826/1772
f 821/1794 833/1317 837/1318 825/1795
f 1326/1796 1328/37 834/40 822/1791
f 820/1764 828/1790 840/14 832/13
f 862/1797 858/1798 846/1710 850/1744
f 1331/1799 1329/1741 852/1711 864/1800
f 863/1801 851/1719 843/1722 855/1802
f 855/1803 843/1715 844/1718 856/1804
f 864/1800 852/1711 845/1714 857/1805
f 857/1806 845/1707 846/1710 858/1798
f 785/1724 849/1807 850/1744 786/1725
f 784/1728 842/1808 849/1809 785/1729
f 782/1732 847/1810 848/1811 783/1733
f 781/1736 841/1812 847/1813 782/1737
f 1319/1740 1330/1814 842/1808 784/1728
f 789/1717 783/1733 848/1811 844/1718
f 869/1815 857/1806 858/1798 870/1816
f 876/1817 864/1800 857/1805 869/1818
f 867/1819 855/1803 856/1804 868/1820
f 875/1821 863/1801 855/1802 867/1822
f 1333/1823 1331/1799 864/1800 876/1817
f 874/1824 870/1816 858/1798 862/1797
f 849/1807 861/1825 862/1797 850/1744
f 842/1808 854/1826 861/1827 849/1809
f 847/1810 859/1828 860/1829 848/1811
f 841/1812 853/1830 859/1831 847/1813
f 1330/1814 1332/1832 854/1826 842/1808
f 844/1718 848/1811 860/1829 856/1804
f 886/1283 882/1833 870/1816 874/1824
f 1335/1834 1333/1823 876/1817 888/1835
f 887/1836 875/1821 867/1822 879/1837
f 879/1838 867/1819 868/1820 880/17
f 888/1835 876/1817 869/1818 881/1839
f 881/1840 869/1815 870/1816 882/1833
f 861/1825 873/1841 874/1824 862/1797
f 854/1826 866/1842 873/1843 861/1827
f 859/1828 871/1844 872/1845 860/1829
f 853/1830 865/1846 871/1847 859/1831
f 1332/1832 1334/1848 866/1842 854/1826
f 856/1804 860/1829 872/1845 868/1820
f 70/383 881/1840 882/1833 64/380
f 66/388 888/1835 881/1839 70/389
f 63/374 879/1838 880/17 57/20
f 59/376 887/1836 879/1837 63/377
f 1315/1284 1335/1834 888/1835 66/388
f 108/445 64/380 882/1833 886/1283
f 873/1841 885/1282 886/1283 874/1824
f 866/1842 878/200 885/1281 873/1843
f 871/1844 883/1280 884/18 872/1845
f 865/1846 877/1278 883/1279 871/1847
f 1334/1848 1336/197 878/200 866/1842
f 868/1820 872/1845 884/18 880/17
f 905/1849 899/1850 900/1851 906/1852
f 912/1853 898/1854 899/1855 905/1856
f 903/1857 896/1858 897/1859 904/1860
f 911/1861 895/1862 896/1863 903/1864
f 927/1865 893/1866 894/1867 928/1868
f 932/1869 892/1870 893/1871 927/1872
f 925/1873 890/1874 891/1875 926/1876
f 931/1877 889/1878 890/1879 925/1880
f 1559/1881 1557/1882 898/1854 912/1853
f 1563/1883 1558/1884 892/1870 932/1869
f 908/1885 904/1860 897/1859 891/1875
f 936/1886 928/1868 894/1867 900/1851
f 920/1256 916/1887 904/1860 908/1885
f 1561/1888 1559/1881 912/1853 924/1889
f 923/1890 911/1861 903/1864 915/1891
f 915/1892 903/1857 904/1860 916/1887
f 924/1889 912/1853 905/1856 917/1893
f 917/1894 905/1849 906/1852 918/5
f 893/1866 909/1895 910/1896 894/1867
f 892/1870 902/1897 909/1898 893/1871
f 890/1874 907/1899 908/1885 891/1875
f 889/1878 901/1900 907/1901 890/1879
f 1558/1884 1560/1902 902/1897 892/1870
f 900/1851 894/1867 910/1896 906/1852
f 21/313 917/1894 918/5 15/8
f 17/318 924/1889 917/1893 21/319
f 11/307 915/1892 916/1887 9/304
f 8/300 923/1890 915/1891 11/301
f 1554/1262 1561/1888 924/1889 17/318
f 3/296 9/304 916/1887 920/1256
f 909/1895 921/1258 922/6 910/1896
f 902/1897 914/168 921/1257 909/1898
f 907/1899 919/1255 920/1256 908/1885
f 901/1900 913/1253 919/1254 907/1901
f 1560/1902 1562/165 914/168 902/1897
f 906/1852 910/1896 922/6 918/5
f 948/1518 940/1903 928/1868 936/1886
f 1565/1904 1563/1883 932/1869 944/1905
f 943/1906 931/1877 925/1880 937/1907
f 937/1908 925/1873 926/1876 938/9
f 944/1905 932/1869 927/1872 939/1909
f 939/1910 927/1865 928/1868 940/1903
f 899/1850 935/1911 936/1886 900/1851
f 898/1854 930/1912 935/1913 899/1855
f 896/1858 933/1914 934/1915 897/1859
f 895/1862 929/1916 933/1917 896/1863
f 1557/1882 1564/1918 930/1912 898/1854
f 891/1875 897/1859 934/1915 926/1876
f 585/1123 939/1910 940/1903 583/1120
f 582/1116 944/1905 939/1909 585/1117
f 581/1108 937/1908 938/9 575/12
f 577/1112 943/1906 937/1907 581/1113
f 1556/1522 1565/1904 944/1905 582/1116
f 568/1095 583/1120 940/1903 948/1518
f 935/1911 947/1517 948/1518 936/1886
f 930/1912 942/196 947/1516 935/1913
f 933/1914 945/1515 946/10 934/1915
f 929/1916 941/1513 945/1514 933/1917
f 1564/1918 1566/193 942/196 930/1912
f 926/1876 934/1915 946/10 938/9
f 965/1919 959/1920 960/1921 966/1922
f 972/1923 958/1924 959/1925 965/1926
f 963/1927 956/1928 957/1929 964/1930
f 971/1931 955/1932 956/1933 963/1934
f 1011/1935 953/1936 954/1937 1012/1938
f 1016/1939 952/1940 953/1941 1011/1942
f 1009/1943 950/1944 951/1945 1010/1946
f 1015/1947 949/1948 950/1949 1009/1950
f 1797/1951 1787/1952 952/1940 1016/1939
f 1789/1953 1788/1954 958/1924 972/1923
f 1018/1955 1010/1946 951/1945 957/1929
f 970/1956 966/1922 960/1921 954/1937
f 982/1957 978/1958 966/1922 970/1956
f 1791/1959 1789/1953 972/1923 984/1960
f 983/1961 971/1931 963/1934 975/1962
f 975/1963 963/1927 964/1930 976/1964
f 984/1960 972/1923 965/1926 977/1965
f 977/1966 965/1919 966/1922 978/1958
f 953/1936 969/1967 970/1956 954/1937
f 952/1940 962/1968 969/1969 953/1941
f 950/1944 967/1970 968/1971 951/1945
f 949/1948 961/1972 967/1973 950/1949
f 1787/1952 1790/1974 962/1968 952/1940
f 957/1929 951/1945 968/1971 964/1930
f 989/1975 977/1966 978/1958 990/1976
f 996/1977 984/1960 977/1965 989/1978
f 987/1979 975/1963 976/1964 988/1980
f 995/1981 983/1961 975/1962 987/1982
f 1793/1983 1791/1959 984/1960 996/1977
f 994/1984 990/1976 978/1958 982/1957
f 969/1967 981/1985 982/1957 970/1956
f 962/1968 974/1986 981/1987 969/1969
f 967/1970 979/1988 980/1989 968/1971
f 961/1972 973/1990 979/1991 967/1973
f 1790/1974 1792/1992 974/1986 962/1968
f 964/1930 968/1971 980/1989 976/1964
f 1006/1277 1002/1993 990/1976 994/1984
f 1795/1994 1793/1983 996/1977 1008/1995
f 1007/1996 995/1981 987/1982 999/1997
f 999/1998 987/1979 988/1980 1000/25
f 1008/1995 996/1977 989/1978 1001/1999
f 1001/2000 989/1975 990/1976 1002/1993
f 981/1985 993/2001 994/1984 982/1957
f 974/1986 986/2002 993/2003 981/1987
f 979/1988 991/2004 992/2005 980/1989
f 973/1990 985/2006 991/2007 979/1991
f 1792/1992 1794/2008 986/2002 974/1986
f 976/1964 980/1989 992/2005 988/1980
f 56/363 1001/2000 1002/1993 50/360
f 52/368 1008/1995 1001/1999 56/369
f 49/354 999/1998 1000/25 43/28
f 45/356 1007/1996 999/1997 49/357
f 1783/1291 1795/1994 1008/1995 52/368
f 94/426 50/360 1002/1993 1006/1277
f 993/2001 1005/1276 1006/1277 994/1984
f 986/2002 998/204 1005/1275 993/2003
f 991/2004 1003/1274 1004/26 992/2005
f 985/2006 997/1272 1003/1273 991/2007
f 1794/2008 1796/201 998/204 986/2002
f 988/1980 992/2005 1004/26 1000/25
f 1030/2009 1022/2010 1010/1946 1018/1955
f 1799/2011 1797/1951 1016/1939 1028/2012
f 1027/2013 1015/1947 1009/1950 1021/2014
f 1021/2015 1009/1943 1010/1946 1022/2010
f 1028/2012 1016/1939 1011/1942 1023/2016
f 1023/2017 1011/1935 1012/1938 1024/2018
f 959/1920 1019/2019 1020/2020 960/1921
f 958/1924 1014/2021 1019/2022 959/1925
f 956/1928 1017/2023 1018/1955 957/1929
f 955/1932 1013/2024 1017/2025 956/1933
f 1788/1954 1798/2026 1014/2021 958/1924
f 954/1937 960/1921 1020/2020 1012/1938
f 1035/2027 1023/2017 1024/2018 1036/2028
f 1040/2029 1028/2012 1023/2016 1035/2030
f 1033/2031 1021/2015 1022/2010 1034/2032
f 1039/2033 1027/2013 1021/2014 1033/2034
f 1801/2035 1799/2011 1028/2012 1040/2029
f 1042/2036 1034/2032 1022/2010 1030/2009
f 1019/2019 1031/2037 1032/2038 1020/2020
f 1014/2021 1026/2039 1031/2040 1019/2022
f 1017/2023 1029/2041 1030/2009 1018/1955
f 1013/2024 1025/2042 1029/2043 1017/2025
f 1798/2026 1800/2044 1026/2039 1014/2021
f 1012/1938 1020/2020 1032/2038 1024/2018
f 1054/1314 1046/2045 1034/2032 1042/2036
f 1803/2046 1801/2035 1040/2029 1052/2047
f 1051/2048 1039/2033 1033/2034 1045/2049
f 1045/2050 1033/2031 1034/2032 1046/2045
f 1052/2047 1040/2029 1035/2030 1047/2051
f 1047/2052 1035/2027 1036/2028 1048/21
f 1031/2037 1043/2053 1044/2054 1032/2038
f 1026/2039 1038/2055 1043/2056 1031/2040
f 1029/2041 1041/2057 1042/2036 1030/2009
f 1025/2042 1037/2058 1041/2059 1029/2043
f 1800/2044 1802/2060 1038/2055 1026/2039
f 1024/2018 1032/2038 1044/2054 1036/2028
f 179/543 1047/2052 1048/21 177/24
f 176/537 1052/2047 1047/2051 179/538
f 175/529 1045/2050 1046/2045 169/526
f 171/533 1051/2048 1045/2049 175/534
f 1786/1333 1803/2046 1052/2047 176/537
f 129/475 169/526 1046/2045 1054/1314
f 1043/2053 1055/1316 1056/22 1044/2054
f 1038/2055 1050/48 1055/1315 1043/2056
f 1041/2057 1053/1313 1054/1314 1042/2036
f 1037/2058 1049/1311 1053/1312 1041/2059
f 1802/2060 1804/45 1050/48 1038/2055
f 1036/2028 1044/2054 1056/22 1048/21
f 1143/2061 1067/2062 1068/2063 1144/2064
f 1150/2065 1066/2066 1067/2067 1143/2068
f 1141/2069 1064/2070 1065/2071 1142/2072
f 1149/2073 1063/2074 1064/2075 1141/2076
f 1071/2077 1061/2078 1062/2079 1072/2080
f 1076/2081 1060/2082 1061/2083 1071/2084
f 1069/2085 1058/2086 1059/2087 1070/2088
f 1075/2089 1057/2090 1058/2091 1069/2092
f 2149/2093 2147/2094 1060/2082 1076/2081
f 2157/2095 2148/2096 1066/2066 1150/2065
f 1078/2097 1070/2088 1059/2087 1065/2071
f 1148/2098 1144/2064 1068/2063 1062/2079
f 1090/2099 1082/2100 1070/2088 1078/2097
f 2151/2101 2149/2093 1076/2081 1088/2102
f 1087/2103 1075/2089 1069/2092 1081/2104
f 1081/2105 1069/2085 1070/2088 1082/2100
f 1088/2102 1076/2081 1071/2084 1083/2106
f 1083/2107 1071/2077 1072/2080 1084/2108
f 1067/2062 1079/2109 1080/2110 1068/2063
f 1066/2066 1074/2111 1079/2112 1067/2067
f 1064/2070 1077/2113 1078/2097 1065/2071
f 1063/2074 1073/2114 1077/2115 1064/2075
f 2148/2096 2150/2116 1074/2111 1066/2066
f 1062/2079 1068/2063 1080/2110 1072/2080
f 1095/2117 1083/2107 1084/2108 1096/2118
f 1100/2119 1088/2102 1083/2106 1095/2120
f 1093/2121 1081/2105 1082/2100 1094/2122
f 1099/2123 1087/2103 1081/2104 1093/2124
f 2153/2125 2151/2101 1088/2102 1100/2119
f 1102/2126 1094/2122 1082/2100 1090/2099
f 1079/2109 1091/2127 1092/2128 1080/2110
f 1074/2111 1086/2129 1091/2130 1079/2112
f 1077/2113 1089/2131 1090/2099 1078/2097
f 1073/2114 1085/2132 1089/2133 1077/2115
f 2150/2116 2152/2134 1086/2129 1074/2111
f 1072/2080 1080/2110 1092/2128 1084/2108
f 1114/1308 1106/2135 1094/2122 1102/2126
f 2155/2136 2153/2125 1100/2119 1112/2137
f 1111/2138 1099/2123 1093/2124 1105/2139
f 1105/2140 1093/2121 1094/2122 1106/2135
f 1112/2137 1100/2119 1095/2120 1107/2141
f 1107/2142 1095/2117 1096/2118 1108/29
f 1091/2127 1103/2143 1104/2144 1092/2128
f 1086/2129 1098/2145 1103/2146 1091/2130
f 1089/2131 1101/2147 1102/2126 1090/2099
f 1085/2132 1097/2148 1101/2149 1089/2133
f 2152/2134 2154/2150 1098/2145 1086/2129
f 1084/2108 1092/2128 1104/2144 1096/2118
f 165/523 1107/2142 1108/29 163/32
f 162/517 1112/2137 1107/2141 165/518
f 161/509 1105/2140 1106/2135 155/506
f 157/513 1111/2138 1105/2139 161/514
f 2146/1340 2155/2136 1112/2137 162/517
f 115/456 155/506 1106/2135 1114/1308
f 1103/2143 1115/1310 1116/30 1104/2144
f 1098/2145 1110/56 1115/1309 1103/2146
f 1101/2147 1113/1307 1114/1308 1102/2126
f 1097/2148 1109/1305 1113/1306 1101/2149
f 2154/2150 2156/53 1110/56 1098/2145
f 1096/2118 1104/2144 1116/30 1108/29
f 1952/2151 1954/2152 1138/2153 1136/2154
f 1944/2155 1953/2156 1137/2157 1126/2158
f 1950/2159 1952/2151 1136/2154 1134/2160
f 1953/2156 1951/2161 1135/2162 1137/2157
f 1948/2163 1950/2159 1134/2160 1132/2164
f 1951/2161 1949/2165 1133/2166 1135/2162
f 1946/2167 1948/2163 1132/2164 1130/2168
f 1949/2165 1947/2169 1131/2170 1133/2166
f 1956/2171 1946/2167 1130/2168 1151/2172
f 1947/2169 1945/2173 1129/2174 1131/2170
f 1939/2175 1127/2176 1128/2177 1940/2178
f 1944/2155 1126/2158 1127/2179 1939/2180
f 1937/2181 1124/2182 1125/2183 1938/2184
f 1943/2185 1123/2186 1124/2187 1937/2188
f 1935/2189 1121/2190 1122/2191 1936/2192
f 1942/2193 1120/2194 1121/2195 1935/2196
f 1933/2197 1118/2198 1119/2199 1934/2200
f 1941/2201 1117/2202 1118/2203 1933/2204
f 1962/2205 1936/2192 1122/2191 1194/2206
f 1954/2152 1938/2184 1125/2183 1138/2153
f 2074/2207 2055/2208 1123/2186 1128/2177
f 2054/2209 1120/2194 1119/2199 2068/2210
f 1945/2173 1955/2211 1152/2212 1129/2174
f 1957/2213 1956/2171 1151/2172 1159/2214
f 1163/2215 1158/2216 1144/2064 1148/2098
f 2159/2217 2157/2095 1150/2065 1165/2218
f 1164/2219 1149/2073 1141/2076 1155/2220
f 1155/2221 1141/2069 1142/2072 1156/2222
f 1165/2218 1150/2065 1143/2068 1157/2223
f 1157/2224 1143/2061 1144/2064 1158/2216
f 1061/2078 1147/2225 1148/2098 1062/2079
f 1060/2082 1140/2226 1147/2227 1061/2083
f 1058/2086 1145/2228 1146/2229 1059/2087
f 1057/2090 1139/2230 1145/2231 1058/2091
f 2147/2094 2158/2232 1140/2226 1060/2082
f 1065/2071 1059/2087 1146/2229 1142/2072
f 1171/2233 1157/2224 1158/2216 1172/2234
f 1179/2235 1165/2218 1157/2223 1171/2236
f 1169/2237 1155/2221 1156/2222 1170/2238
f 1178/2239 1164/2219 1155/2220 1169/2240
f 2161/2241 2159/2217 1165/2218 1179/2235
f 1177/2242 1172/2234 1158/2216 1163/2215
f 1959/2243 1957/2213 1159/2214 1173/2244
f 1955/2211 1958/2245 1166/2246 1152/2212
f 1147/2225 1162/2247 1163/2215 1148/2098
f 1140/2226 1154/2248 1162/2249 1147/2227
f 1145/2228 1160/2250 1161/2251 1146/2229
f 1139/2230 1153/2252 1160/2253 1145/2231
f 2158/2232 2160/2254 1154/2248 1140/2226
f 1142/2072 1146/2229 1161/2251 1156/2222
f 1961/2255 1959/2243 1173/2244 1187/2256
f 1191/1271 1186/2257 1172/2234 1177/2242
f 2163/2258 2161/2241 1179/2235 1193/2259
f 1192/2260 1178/2239 1169/2240 1183/2261
f 1183/2262 1169/2237 1170/2238 1184/33
f 1193/2259 1179/2235 1171/2236 1185/2263
f 1185/2264 1171/2233 1172/2234 1186/2257
f 1958/2245 1960/2265 1180/2266 1166/2246
f 1162/2247 1176/2267 1177/2242 1163/2215
f 1154/2248 1168/2268 1176/2269 1162/2249
f 1160/2250 1174/2270 1175/2271 1161/2251
f 1153/2252 1167/2272 1174/2273 1160/2253
f 2160/2254 2162/2274 1168/2268 1154/2248
f 1156/2222 1161/2251 1175/2271 1170/2238
f 42/343 1185/2264 1186/2257 36/340
f 38/348 1193/2259 1185/2263 42/349
f 35/334 1183/2262 1184/33 29/36
f 31/336 1192/2260 1183/2261 35/337
f 2143/1298 2163/2258 1193/2259 38/348
f 80/407 36/340 1186/2257 1191/1271
f 1941/2201 1961/2255 1187/2256 1117/2202
f 1960/2265 1962/2205 1194/2206 1180/2266
f 1176/2267 1190/1270 1191/1271 1177/2242
f 1168/2268 1182/208 1190/1269 1176/2269
f 1174/2270 1188/1268 1189/34 1175/2271
f 1167/2272 1181/1266 1188/1267 1174/2273
f 2162/2274 2164/205 1182/208 1168/2268
f 1170/2238 1175/2271 1189/34 1184/33
f 1372/2275 1374/2276 1224/2277 1222/2278
f 1353/2279 1373/2280 1223/2281 1195/2282
f 1370/2283 1372/2275 1222/2278 1220/2284
f 1373/2280 1371/2285 1221/2286 1223/2281
f 1368/2287 1370/2283 1220/2284 1218/2288
f 1371/2285 1369/2289 1219/2290 1221/2286
f 1357/2291 1368/2287 1218/2288 1207/2292
f 1369/2289 1367/2293 1217/2294 1219/2290
f 1364/2295 1366/2296 1216/2297 1214/2298
f 1356/2299 1365/2300 1215/2301 1204/2302
f 1362/2303 1364/2295 1214/2298 1212/2304
f 1365/2300 1363/2305 1213/2306 1215/2301
f 1360/2307 1362/2303 1212/2304 1210/2308
f 1363/2305 1361/2309 1211/2310 1213/2306
f 1358/2311 1360/2307 1210/2308 1208/2312
f 1361/2309 1359/2313 1209/2314 1211/2310
f 1367/2293 1358/2311 1208/2312 1217/2294
f 1359/2313 1357/2291 1207/2292 1209/2314
f 1351/2315 1205/2316 1206/2317 1352/2318
f 1356/2299 1204/2302 1205/2319 1351/2320
f 1349/2321 1202/2322 1203/2323 1350/2324
f 1355/2325 1201/2326 1202/2327 1349/2328
f 1347/2329 1199/2330 1200/2331 1348/2332
f 1354/2333 1198/2334 1199/2335 1347/2336
f 1345/2337 1196/2338 1197/2339 1346/2340
f 1353/2279 1195/2282 1196/2341 1345/2342
f 1254/2343 1227/2344 1201/2326 1206/2317
f 1374/2276 1348/2332 1200/2331 1224/2277
f 1226/2345 1198/2334 1197/2339 1248/2346
f 1366/2296 1350/2324 1203/2323 1216/2297
f 1256/2347 1226/2345 1248/2346 1278/2348
f 1284/2349 1257/2350 1227/2344 1254/2343
f 1222/2278 1224/2277 1246/2351 1244/2352
f 1195/2282 1223/2281 1245/2353 1225/2354
f 1220/2284 1222/2278 1244/2352 1242/2355
f 1223/2281 1221/2286 1243/2356 1245/2353
f 1218/2288 1220/2284 1242/2355 1240/2357
f 1221/2286 1219/2290 1241/2358 1243/2356
f 1207/2292 1218/2288 1240/2357 1229/2359
f 1219/2290 1217/2294 1239/2360 1241/2358
f 1214/2298 1216/2297 1238/2361 1236/2362
f 1204/2302 1215/2301 1237/2363 1228/2364
f 1212/2304 1214/2298 1236/2362 1234/2365
f 1215/2301 1213/2306 1235/2366 1237/2363
f 1210/2308 1212/2304 1234/2365 1232/2367
f 1213/2306 1211/2310 1233/2368 1235/2366
f 1208/2312 1210/2308 1232/2367 1230/2369
f 1211/2310 1209/2314 1231/2370 1233/2368
f 1217/2294 1208/2312 1230/2369 1239/2360
f 1209/2314 1207/2292 1229/2359 1231/2370
f 1205/2316 1253/2371 1254/2343 1206/2317
f 1204/2302 1228/2364 1253/2372 1205/2319
f 1202/2322 1251/2373 1252/2374 1203/2323
f 1201/2326 1227/2344 1251/2375 1202/2327
f 1199/2330 1249/2376 1250/2377 1200/2331
f 1198/2334 1226/2345 1249/2378 1199/2335
f 1196/2338 1247/2379 1248/2346 1197/2339
f 1195/2282 1225/2354 1247/2380 1196/2341
f 1224/2277 1200/2331 1250/2377 1246/2351
f 1216/2297 1203/2323 1252/2374 1238/2361
f 1314/2381 1287/2382 1257/2350 1284/2349
f 1286/2383 1256/2347 1278/2348 1308/2384
f 1244/2352 1246/2351 1276/2385 1274/2386
f 1225/2354 1245/2353 1275/2387 1255/2388
f 1242/2355 1244/2352 1274/2386 1272/2389
f 1245/2353 1243/2356 1273/2390 1275/2387
f 1240/2357 1242/2355 1272/2389 1270/2391
f 1243/2356 1241/2358 1271/2392 1273/2390
f 1229/2359 1240/2357 1270/2391 1259/2393
f 1241/2358 1239/2360 1269/2394 1271/2392
f 1236/2362 1238/2361 1268/2395 1266/2396
f 1228/2364 1237/2363 1267/2397 1258/2398
f 1234/2365 1236/2362 1266/2396 1264/2399
f 1237/2363 1235/2366 1265/2400 1267/2397
f 1232/2367 1234/2365 1264/2399 1262/2401
f 1235/2366 1233/2368 1263/2402 1265/2400
f 1230/2369 1232/2367 1262/2401 1260/2403
f 1233/2368 1231/2370 1261/2404 1263/2402
f 1239/2360 1230/2369 1260/2403 1269/2394
f 1231/2370 1229/2359 1259/2393 1261/2404
f 1253/2371 1283/2405 1284/2349 1254/2343
f 1228/2364 1258/2398 1283/2406 1253/2372
f 1251/2373 1281/2407 1282/2408 1252/2374
f 1227/2344 1257/2350 1281/2409 1251/2375
f 1249/2376 1279/2410 1280/2411 1250/2377
f 1226/2345 1256/2347 1279/2412 1249/2378
f 1247/2379 1277/2413 1278/2348 1248/2346
f 1225/2354 1255/2388 1277/2414 1247/2380
f 1246/2351 1250/2377 1280/2411 1276/2385
f 1238/2361 1252/2374 1282/2408 1268/2395
f 1316/1288 1286/2383 1308/2384 1338/1287
f 1344/1329 1317/1323 1287/2382 1314/2381
f 1274/2386 1276/2385 1306/2415 1304/2416
f 1255/2388 1275/2387 1305/2417 1285/2418
f 1272/2389 1274/2386 1304/2416 1302/2419
f 1275/2387 1273/2390 1303/2420 1305/2417
f 1270/2391 1272/2389 1302/2419 1300/2421
f 1273/2390 1271/2392 1301/2422 1303/2420
f 1259/2393 1270/2391 1300/2421 1289/2423
f 1271/2392 1269/2394 1299/2424 1301/2422
f 1266/2396 1268/2395 1298/2425 1296/2426
f 1258/2398 1267/2397 1297/2427 1288/2428
f 1264/2399 1266/2396 1296/2426 1294/2429
f 1267/2397 1265/2400 1295/2430 1297/2427
f 1262/2401 1264/2399 1294/2429 1292/2431
f 1265/2400 1263/2402 1293/2432 1295/2430
f 1260/2403 1262/2401 1292/2431 1290/2433
f 1263/2402 1261/2404 1291/2434 1293/2432
f 1269/2394 1260/2403 1290/2433 1299/2424
f 1261/2404 1259/2393 1289/2423 1291/2434
f 1283/2405 1313/2435 1314/2381 1284/2349
f 1258/2398 1288/2428 1313/2436 1283/2406
f 1281/2407 1311/2437 1312/2438 1282/2408
f 1257/2350 1287/2382 1311/2439 1281/2409
f 1279/2410 1309/2440 1310/2441 1280/2411
f 1256/2347 1286/2383 1309/2442 1279/2412
f 1277/2413 1307/2443 1308/2384 1278/2348
f 1255/2388 1285/2418 1307/2444 1277/2414
f 1276/2385 1280/2411 1310/2441 1306/2415
f 1268/2395 1282/2408 1312/2438 1298/2425
f 192/564 149/501 1317/1323 1344/1329
f 107/441 1316/1288 1338/1287 65/384
f 1304/2416 1306/2415 1336/197 1334/1848
f 1285/2418 1305/2417 1335/1834 1315/1284
f 1302/2419 1304/2416 1334/1848 1332/1832
f 1305/2417 1303/2420 1333/1823 1335/1834
f 1300/2421 1302/2419 1332/1832 1330/1814
f 1303/2420 1301/2422 1331/1799 1333/1823
f 1289/2423 1300/2421 1330/1814 1319/1740
f 1301/2422 1299/2424 1329/1741 1331/1799
f 1296/2426 1298/2425 1328/37 1326/1796
f 1288/2428 1297/2427 1327/1782 1318/1326
f 1294/2429 1296/2426 1326/1796 1324/1780
f 1297/2427 1295/2430 1325/1771 1327/1782
f 1292/2431 1294/2429 1324/1780 1322/1762
f 1295/2430 1293/2432 1323/1747 1325/1771
f 1290/2433 1292/2431 1322/1762 1320/1742
f 1293/2432 1291/2434 1321/1739 1323/1747
f 1299/2424 1290/2433 1320/1742 1329/1741
f 1291/2434 1289/2423 1319/1740 1321/1739
f 1313/2435 1343/1328 1344/1329 1314/2381
f 1288/2428 1318/1326 1343/1327 1313/2436
f 1311/2437 1341/1325 1342/38 1312/2438
f 1287/2382 1317/1323 1341/1324 1311/2439
f 1309/2440 1339/1290 1340/198 1310/2441
f 1286/2383 1316/1288 1339/1289 1309/2442
f 1307/2443 1337/1286 1338/1287 1308/2384
f 1285/2418 1315/1284 1337/1285 1307/2444
f 1306/2415 1310/2441 1340/198 1336/197
f 1298/2425 1312/2438 1342/38 1328/37
f 1396/2445 1380/2446 1350/2324 1366/2296
f 1404/2447 1378/2448 1348/2332 1374/2276
f 1383/2449 1353/2279 1345/2342 1375/2450
f 1375/2451 1345/2337 1346/2340 1376/2452
f 1384/2453 1354/2333 1347/2336 1377/2454
f 1377/2455 1347/2329 1348/2332 1378/2448
f 1385/2456 1355/2325 1349/2328 1379/2457
f 1379/2458 1349/2321 1350/2324 1380/2446
f 1386/2459 1356/2299 1351/2320 1381/2460
f 1381/2461 1351/2315 1352/2318 1382/2462
f 1389/2463 1387/2464 1357/2291 1359/2313
f 1397/2465 1388/2466 1358/2311 1367/2293
f 1391/2467 1389/2463 1359/2313 1361/2309
f 1388/2466 1390/2468 1360/2307 1358/2311
f 1393/2469 1391/2467 1361/2309 1363/2305
f 1390/2468 1392/2470 1362/2303 1360/2307
f 1395/2471 1393/2469 1363/2305 1365/2300
f 1392/2470 1394/2472 1364/2295 1362/2303
f 1386/2459 1395/2471 1365/2300 1356/2299
f 1394/2472 1396/2445 1366/2296 1364/2295
f 1399/2473 1397/2465 1367/2293 1369/2289
f 1387/2464 1398/2474 1368/2287 1357/2291
f 1401/2475 1399/2473 1369/2289 1371/2285
f 1398/2474 1400/2476 1370/2283 1368/2287
f 1403/2477 1401/2475 1371/2285 1373/2280
f 1400/2476 1402/2478 1372/2275 1370/2283
f 1383/2449 1403/2477 1373/2280 1353/2279
f 1402/2478 1404/2447 1374/2276 1372/2275
f 1206/2317 1201/2326 1355/2325 1352/2318
f 1198/2334 1354/2333 1346/2340 1197/2339
f 1432/2479 1434/2480 1404/2447 1402/2478
f 1413/2481 1433/2482 1403/2477 1383/2449
f 1430/2483 1432/2479 1402/2478 1400/2476
f 1433/2482 1431/2484 1401/2475 1403/2477
f 1428/2485 1430/2483 1400/2476 1398/2474
f 1431/2484 1429/2486 1399/2473 1401/2475
f 1417/2487 1428/2485 1398/2474 1387/2464
f 1429/2486 1427/2488 1397/2465 1399/2473
f 1424/2489 1426/2490 1396/2445 1394/2472
f 1416/2491 1425/2492 1395/2471 1386/2459
f 1422/2493 1424/2489 1394/2472 1392/2470
f 1425/2492 1423/2494 1393/2469 1395/2471
f 1420/2495 1422/2493 1392/2470 1390/2468
f 1423/2494 1421/2496 1391/2467 1393/2469
f 1418/2497 1420/2495 1390/2468 1388/2466
f 1421/2496 1419/2498 1389/2463 1391/2467
f 1427/2488 1418/2497 1388/2466 1397/2465
f 1419/2498 1417/2487 1387/2464 1389/2463
f 1411/2499 1381/2461 1382/2462 1412/2500
f 1416/2491 1386/2459 1381/2460 1411/2501
f 1409/2502 1379/2458 1380/2446 1410/2503
f 1415/2504 1385/2456 1379/2457 1409/2505
f 1407/2506 1377/2455 1378/2448 1408/2507
f 1414/2508 1384/2453 1377/2454 1407/2509
f 1405/2510 1375/2451 1376/2452 1406/2511
f 1413/2481 1383/2449 1375/2450 1405/2512
f 1434/2480 1408/2507 1378/2448 1404/2447
f 1426/2490 1410/2503 1380/2446 1396/2445
f 1352/2318 1355/2325 1385/2456 1382/2462
f 1354/2333 1384/2453 1376/2452 1346/2340
f 1456/2513 1440/2514 1410/2503 1426/2490
f 1464/2515 1438/2516 1408/2507 1434/2480
f 1443/2517 1413/2481 1405/2512 1435/2518
f 1435/2519 1405/2510 1406/2511 1436/52
f 1444/49 1414/2508 1407/2509 1437/2520
f 1437/2521 1407/2506 1408/2507 1438/2516
f 1445/210 1415/2504 1409/2505 1439/2522
f 1439/2523 1409/2502 1410/2503 1440/2514
f 1446/2524 1416/2491 1411/2501 1441/2525
f 1441/2526 1411/2499 1412/2500 1442/209
f 1449/2527 1447/2528 1417/2487 1419/2498
f 1457/2529 1448/2530 1418/2497 1427/2488
f 1451/2531 1449/2527 1419/2498 1421/2496
f 1448/2530 1450/2532 1420/2495 1418/2497
f 1453/2533 1451/2531 1421/2496 1423/2494
f 1450/2532 1452/2534 1422/2493 1420/2495
f 1455/2535 1453/2533 1423/2494 1425/2492
f 1452/2534 1454/2536 1424/2489 1422/2493
f 1446/2524 1455/2535 1425/2492 1416/2491
f 1454/2536 1456/2513 1426/2490 1424/2489
f 1459/2537 1457/2529 1427/2488 1429/2486
f 1447/2528 1458/2538 1428/2485 1417/2487
f 1461/2539 1459/2537 1429/2486 1431/2484
f 1458/2538 1460/2540 1430/2483 1428/2485
f 1463/2541 1461/2539 1431/2484 1433/2482
f 1460/2540 1462/2542 1432/2479 1430/2483
f 1443/2517 1463/2541 1433/2482 1413/2481
f 1462/2542 1464/2515 1434/2480 1432/2479
f 1382/2462 1385/2456 1415/2504 1412/2500
f 1384/2453 1414/2508 1406/2511 1376/2452
f 875/1821 887/1836 1464/2515 1462/2542
f 100/433 877/1278 1463/2541 1443/2517
f 863/1801 875/1821 1462/2542 1460/2540
f 877/1278 865/1846 1461/2539 1463/2541
f 851/1719 863/1801 1460/2540 1458/2538
f 865/1846 853/1830 1459/2537 1461/2539
f 787/1720 851/1719 1458/2538 1447/2528
f 853/1830 841/1812 1457/2529 1459/2537
f 823/1769 835/1784 1456/2513 1454/2536
f 141/487 833/1317 1455/2535 1446/2524
f 811/1749 823/1769 1454/2536 1452/2534
f 833/1317 821/1794 1453/2533 1455/2535
f 799/1735 811/1749 1452/2534 1450/2532
f 821/1794 809/1778 1451/2531 1453/2533
f 781/1736 799/1735 1450/2532 1448/2530
f 809/1778 797/1760 1449/2527 1451/2531
f 841/1812 781/1736 1448/2530 1457/2529
f 797/1760 787/1720 1447/2528 1449/2527
f 144/493 1441/2526 1442/209 142/212
f 141/487 1446/2524 1441/2525 144/488
f 188/556 1439/2523 1440/2514 185/553
f 184/211 1445/210 1439/2522 188/550
f 62/379 1437/2521 1438/2516 59/376
f 58/50 1444/49 1437/2520 62/375
f 104/437 1435/2519 1436/52 101/51
f 100/433 1443/2517 1435/2518 104/434
f 887/1836 59/376 1438/2516 1464/2515
f 835/1784 185/553 1440/2514 1456/2513
f 1412/2500 1415/2504 1445/210 1442/209
f 1414/2508 1444/49 1436/52 1406/2511
f 1594/2543 1596/2544 1486/2545 1484/2546
f 1586/2547 1595/2548 1485/2549 1474/2550
f 1587/2551 1594/2543 1484/2546 1477/2552
f 1595/2548 1593/2553 1483/2554 1485/2549
f 1590/2555 1592/2556 1482/2557 1480/2558
f 1584/2559 1591/2560 1481/2561 1468/2562
f 1588/2563 1590/2555 1480/2558 1478/2564
f 1591/2560 1589/2565 1479/2566 1481/2561
f 1593/2553 1588/2563 1478/2564 1483/2554
f 1589/2565 1587/2551 1477/2552 1479/2566
f 1581/2567 1475/2568 1476/2569 1582/2570
f 1586/2547 1474/2550 1475/2571 1581/2572
f 1579/2573 1472/2574 1473/2575 1580/2576
f 1585/2577 1471/2578 1472/2579 1579/2580
f 1577/2581 1469/2582 1470/2583 1578/2584
f 1584/2559 1468/2562 1469/2585 1577/2586
f 1575/2587 1466/2588 1467/2589 1576/2590
f 1583/2591 1465/2592 1466/2593 1575/2594
f 1489/2595 1471/2578 1476/2569 1508/2596
f 1596/2544 1580/2576 1473/2575 1486/2545
f 1504/2597 1487/2598 1465/2592 1470/2583
f 1592/2556 1576/2590 1467/2589 1482/2557
f 1526/2599 1509/2600 1487/2598 1504/2597
f 1511/2601 1489/2595 1508/2596 1530/2602
f 1484/2546 1486/2545 1500/2603 1498/2604
f 1474/2550 1485/2549 1499/2605 1490/2606
f 1477/2552 1484/2546 1498/2604 1491/2607
f 1485/2549 1483/2554 1497/2608 1499/2605
f 1480/2558 1482/2557 1496/2609 1494/2610
f 1468/2562 1481/2561 1495/2611 1488/2612
f 1478/2564 1480/2558 1494/2610 1492/2613
f 1481/2561 1479/2566 1493/2614 1495/2611
f 1483/2554 1478/2564 1492/2613 1497/2608
f 1479/2566 1477/2552 1491/2607 1493/2614
f 1475/2568 1507/2615 1508/2596 1476/2569
f 1474/2550 1490/2606 1507/2616 1475/2571
f 1472/2574 1505/2617 1506/2618 1473/2575
f 1471/2578 1489/2595 1505/2619 1472/2579
f 1469/2582 1503/2620 1504/2597 1470/2583
f 1468/2562 1488/2612 1503/2621 1469/2585
f 1466/2588 1501/2622 1502/2623 1467/2589
f 1465/2592 1487/2598 1501/2624 1466/2593
f 1486/2545 1473/2575 1506/2618 1500/2603
f 1482/2557 1467/2589 1502/2623 1496/2609
f 1533/2625 1511/2601 1530/2602 1552/2626
f 1548/2627 1531/2628 1509/2600 1526/2599
f 1498/2604 1500/2603 1522/2629 1520/2630
f 1490/2606 1499/2605 1521/2631 1512/2632
f 1491/2607 1498/2604 1520/2630 1513/2633
f 1499/2605 1497/2608 1519/2634 1521/2631
f 1494/2610 1496/2609 1518/2635 1516/2636
f 1488/2612 1495/2611 1517/2637 1510/2638
f 1492/2613 1494/2610 1516/2636 1514/2639
f 1495/2611 1493/2614 1515/2640 1517/2637
f 1497/2608 1492/2613 1514/2639 1519/2634
f 1493/2614 1491/2607 1513/2633 1515/2640
f 1507/2615 1529/2641 1530/2602 1508/2596
f 1490/2606 1512/2632 1529/2642 1507/2616
f 1505/2617 1527/2643 1528/2644 1506/2618
f 1489/2595 1511/2601 1527/2645 1505/2619
f 1503/2620 1525/2646 1526/2599 1504/2597
f 1488/2612 1510/2638 1525/2647 1503/2621
f 1501/2622 1523/2648 1524/2649 1502/2623
f 1487/2598 1509/2600 1523/2650 1501/2624
f 1500/2603 1506/2618 1528/2644 1522/2629
f 1496/2609 1502/2623 1524/2649 1518/2635
f 1570/1265 1553/1259 1531/2628 1548/2627
f 1555/1519 1533/2625 1552/2626 1574/1525
f 1520/2630 1522/2629 1544/2651 1542/2652
f 1512/2632 1521/2631 1543/2653 1534/2654
f 1513/2633 1520/2630 1542/2652 1535/2655
f 1521/2631 1519/2634 1541/2656 1543/2653
f 1516/2636 1518/2635 1540/2657 1538/2658
f 1510/2638 1517/2637 1539/2659 1532/2660
f 1514/2639 1516/2636 1538/2658 1536/2661
f 1517/2637 1515/2640 1537/2662 1539/2659
f 1519/2634 1514/2639 1536/2661 1541/2656
f 1515/2640 1513/2633 1535/2655 1537/2662
f 1529/2641 1551/2663 1552/2626 1530/2602
f 1512/2632 1534/2654 1551/2664 1529/2642
f 1527/2643 1549/2665 1550/2666 1528/2644
f 1511/2601 1533/2625 1549/2667 1527/2645
f 1525/2646 1547/2668 1548/2627 1526/2599
f 1510/2638 1532/2660 1547/2669 1525/2647
f 1523/2648 1545/2670 1546/2671 1524/2649
f 1509/2600 1531/2628 1545/2672 1523/2650
f 1522/2629 1528/2644 1550/2666 1544/2651
f 1518/2635 1524/2649 1546/2671 1540/2657
f 570/1102 1555/1519 1574/1525 584/1124
f 16/314 23/325 1553/1259 1570/1265
f 1542/2652 1544/2651 1566/193 1564/1918
f 1534/2654 1543/2653 1565/1904 1556/1522
f 1535/2655 1542/2652 1564/1918 1557/1882
f 1543/2653 1541/2656 1563/1883 1565/1904
f 1538/2658 1540/2657 1562/165 1560/1902
f 1532/2660 1539/2659 1561/1888 1554/1262
f 1536/2661 1538/2658 1560/1902 1558/1884
f 1539/2659 1537/2662 1559/1881 1561/1888
f 1541/2656 1536/2661 1558/1884 1563/1883
f 1537/2662 1535/2655 1557/1882 1559/1881
f 1551/2663 1573/1524 1574/1525 1552/2626
f 1534/2654 1556/1522 1573/1523 1551/2664
f 1549/2665 1571/1521 1572/194 1550/2666
f 1533/2625 1555/1519 1571/1520 1549/2667
f 1547/2668 1569/1264 1570/1265 1548/2627
f 1532/2660 1554/1262 1569/1263 1547/2669
f 1545/2670 1567/1261 1568/166 1546/2671
f 1531/2628 1553/1259 1567/1260 1545/2672
f 1544/2651 1550/2666 1572/194 1566/193
f 1540/2657 1546/2671 1568/166 1562/165
f 1614/2673 1598/2674 1576/2590 1592/2556
f 1618/2675 1602/2676 1580/2576 1596/2544
f 1605/2677 1583/2591 1575/2594 1597/2678
f 1597/2679 1575/2587 1576/2590 1598/2674
f 1606/2680 1584/2559 1577/2586 1599/2681
f 1599/2682 1577/2581 1578/2584 1600/2683
f 1607/2684 1585/2577 1579/2580 1601/2685
f 1601/2686 1579/2573 1580/2576 1602/2676
f 1608/2687 1586/2547 1581/2572 1603/2688
f 1603/2689 1581/2567 1582/2570 1604/2690
f 1611/2691 1609/2692 1587/2551 1589/2565
f 1615/2693 1610/2694 1588/2563 1593/2553
f 1613/2695 1611/2691 1589/2565 1591/2560
f 1610/2694 1612/2696 1590/2555 1588/2563
f 1606/2680 1613/2695 1591/2560 1584/2559
f 1612/2696 1614/2673 1592/2556 1590/2555
f 1617/2697 1615/2693 1593/2553 1595/2548
f 1609/2692 1616/2698 1594/2543 1587/2551
f 1608/2687 1617/2697 1595/2548 1586/2547
f 1616/2698 1618/2675 1596/2544 1594/2543
f 1471/2578 1585/2577 1582/2570 1476/2569
f 1470/2583 1465/2592 1583/2591 1578/2584
f 1638/2699 1640/2700 1618/2675 1616/2698
f 1630/2701 1639/2702 1617/2697 1608/2687
f 1631/2703 1638/2699 1616/2698 1609/2692
f 1639/2702 1637/2704 1615/2693 1617/2697
f 1634/2705 1636/2706 1614/2673 1612/2696
f 1628/2707 1635/2708 1613/2695 1606/2680
f 1632/2709 1634/2705 1612/2696 1610/2694
f 1635/2708 1633/2710 1611/2691 1613/2695
f 1637/2704 1632/2709 1610/2694 1615/2693
f 1633/2710 1631/2703 1609/2692 1611/2691
f 1625/2711 1603/2689 1604/2690 1626/2712
f 1630/2701 1608/2687 1603/2688 1625/2713
f 1623/2714 1601/2686 1602/2676 1624/2715
f 1629/2716 1607/2684 1601/2685 1623/2717
f 1621/2718 1599/2682 1600/2683 1622/2719
f 1628/2707 1606/2680 1599/2681 1621/2720
f 1619/2721 1597/2679 1598/2674 1620/2722
f 1627/2723 1605/2677 1597/2678 1619/2724
f 1640/2700 1624/2715 1602/2676 1618/2675
f 1636/2706 1620/2722 1598/2674 1614/2673
f 1585/2577 1607/2684 1604/2690 1582/2570
f 1578/2584 1583/2591 1605/2677 1600/2683
f 1658/2725 1642/2726 1620/2722 1636/2706
f 1662/2727 1646/2728 1624/2715 1640/2700
f 1649/170 1627/2723 1619/2724 1641/2729
f 1641/2730 1619/2721 1620/2722 1642/2726
f 1650/2731 1628/2707 1621/2720 1643/2732
f 1643/2733 1621/2718 1622/2719 1644/169
f 1651/277 1629/2716 1623/2717 1645/2734
f 1645/2735 1623/2714 1624/2715 1646/2728
f 1652/2736 1630/2701 1625/2713 1647/2737
f 1647/2738 1625/2711 1626/2712 1648/280
f 1655/2739 1653/2740 1631/2703 1633/2710
f 1659/2741 1654/2742 1632/2709 1637/2704
f 1657/2743 1655/2739 1633/2710 1635/2708
f 1654/2742 1656/2744 1634/2705 1632/2709
f 1650/2731 1657/2743 1635/2708 1628/2707
f 1656/2744 1658/2725 1636/2706 1634/2705
f 1661/2745 1659/2741 1637/2704 1639/2702
f 1653/2740 1660/2746 1638/2699 1631/2703
f 1652/2736 1661/2745 1639/2702 1630/2701
f 1660/2746 1662/2727 1640/2700 1638/2699
f 1607/2684 1629/2716 1626/2712 1604/2690
f 1600/2683 1605/2677 1627/2723 1622/2719
f 931/1877 943/1906 1662/2727 1660/2746
f 561/1085 941/1513 1661/2745 1652/2736
f 889/1878 931/1877 1660/2746 1653/2740
f 941/1513 929/1916 1659/2741 1661/2745
f 911/1861 923/1890 1658/2725 1656/2744
f 1/289 913/1253 1657/2743 1650/2731
f 895/1862 911/1861 1656/2744 1654/2742
f 913/1253 901/1900 1655/2739 1657/2743
f 929/1916 895/1862 1654/2742 1659/2741
f 901/1900 889/1878 1653/2740 1655/2739
f 564/1091 1647/2738 1648/280 562/279
f 561/1085 1652/2736 1647/2737 564/1086
f 580/1115 1645/2735 1646/2728 577/1112
f 576/278 1651/277 1645/2734 580/1109
f 4/295 1643/2733 1644/169 2/172
f 1/289 1650/2731 1643/2732 4/290
f 14/303 1641/2730 1642/2726 8/300
f 10/171 1649/170 1641/2729 14/308
f 943/1906 577/1112 1646/2728 1662/2727
f 923/1890 8/300 1642/2726 1658/2725
f 1629/2716 1651/277 1648/280 1626/2712
f 1622/2719 1627/2723 1649/170 1644/169
f 1840/2747 1842/2748 1692/2749 1690/2750
f 1824/2751 1841/2752 1691/2753 1672/2754
f 1838/2755 1840/2747 1690/2750 1688/2756
f 1841/2752 1839/2757 1689/2758 1691/2753
f 1836/2759 1838/2755 1688/2756 1686/2760
f 1839/2757 1837/2761 1687/2762 1689/2758
f 1826/2763 1836/2759 1686/2760 1676/2764
f 1837/2761 1835/2765 1685/2766 1687/2762
f 1832/2767 1834/2768 1684/2769 1682/2770
f 1821/2771 1833/2772 1683/2773 1663/2774
f 1830/2775 1832/2767 1682/2770 1680/2776
f 1833/2772 1831/2777 1681/2778 1683/2773
f 1828/2779 1830/2775 1680/2776 1678/2780
f 1831/2777 1829/2781 1679/2782 1681/2778
f 1825/2783 1828/2779 1678/2780 1675/2784
f 1829/2781 1827/2785 1677/2786 1679/2782
f 1827/2785 1826/2763 1676/2764 1677/2786
f 1835/2765 1825/2783 1675/2784 1685/2766
f 1819/2787 1673/2788 1674/2789 1820/2790
f 1824/2751 1672/2754 1673/2791 1819/2792
f 1817/2793 1670/2794 1671/2795 1818/2796
f 1823/2797 1669/2798 1670/2799 1817/2800
f 1815/2801 1667/2802 1668/2803 1816/2804
f 1822/2805 1666/2806 1667/2807 1815/2808
f 1813/2809 1664/2810 1665/2811 1814/2812
f 1821/2771 1663/2774 1664/2813 1813/2814
f 1722/2815 1695/2816 1669/2798 1674/2789
f 1834/2768 1816/2804 1668/2803 1684/2769
f 1694/2817 1666/2806 1665/2811 1716/2818
f 1842/2748 1818/2796 1671/2795 1692/2749
f 1724/2819 1694/2817 1716/2818 1746/2820
f 1752/2821 1725/2822 1695/2816 1722/2815
f 1690/2750 1692/2749 1714/2823 1712/2824
f 1672/2754 1691/2753 1713/2825 1696/2826
f 1688/2756 1690/2750 1712/2824 1710/2827
f 1691/2753 1689/2758 1711/2828 1713/2825
f 1686/2760 1688/2756 1710/2827 1708/2829
f 1689/2758 1687/2762 1709/2830 1711/2828
f 1676/2764 1686/2760 1708/2829 1698/2831
f 1687/2762 1685/2766 1707/2832 1709/2830
f 1682/2770 1684/2769 1706/2833 1704/2834
f 1663/2774 1683/2773 1705/2835 1693/2836
f 1680/2776 1682/2770 1704/2834 1702/2837
f 1683/2773 1681/2778 1703/2838 1705/2835
f 1678/2780 1680/2776 1702/2837 1700/2839
f 1681/2778 1679/2782 1701/2840 1703/2838
f 1675/2784 1678/2780 1700/2839 1697/2841
f 1679/2782 1677/2786 1699/2842 1701/2840
f 1677/2786 1676/2764 1698/2831 1699/2842
f 1685/2766 1675/2784 1697/2841 1707/2832
f 1673/2788 1721/2843 1722/2815 1674/2789
f 1672/2754 1696/2826 1721/2844 1673/2791
f 1670/2794 1719/2845 1720/2846 1671/2795
f 1669/2798 1695/2816 1719/2847 1670/2799
f 1667/2802 1717/2848 1718/2849 1668/2803
f 1666/2806 1694/2817 1717/2850 1667/2807
f 1664/2810 1715/2851 1716/2818 1665/2811
f 1663/2774 1693/2836 1715/2852 1664/2813
f 1684/2769 1668/2803 1718/2849 1706/2833
f 1692/2749 1671/2795 1720/2846 1714/2823
f 1782/2853 1755/2854 1725/2822 1752/2821
f 1754/2855 1724/2819 1746/2820 1776/2856
f 1712/2824 1714/2823 1744/2857 1742/2858
f 1696/2826 1713/2825 1743/2859 1726/2860
f 1710/2827 1712/2824 1742/2858 1740/2861
f 1713/2825 1711/2828 1741/2862 1743/2859
f 1708/2829 1710/2827 1740/2861 1738/2863
f 1711/2828 1709/2830 1739/2864 1741/2862
f 1698/2831 1708/2829 1738/2863 1728/2865
f 1709/2830 1707/2832 1737/2866 1739/2864
f 1704/2834 1706/2833 1736/2867 1734/2868
f 1693/2836 1705/2835 1735/2869 1723/2870
f 1702/2837 1704/2834 1734/2868 1732/2871
f 1705/2835 1703/2838 1733/2872 1735/2869
f 1700/2839 1702/2837 1732/2871 1730/2873
f 1703/2838 1701/2840 1731/2874 1733/2872
f 1697/2841 1700/2839 1730/2873 1727/2875
f 1701/2840 1699/2842 1729/2876 1731/2874
f 1699/2842 1698/2831 1728/2865 1729/2876
f 1707/2832 1697/2841 1727/2875 1737/2866
f 1721/2843 1751/2877 1752/2821 1722/2815
f 1696/2826 1726/2860 1751/2878 1721/2844
f 1719/2845 1749/2879 1750/2880 1720/2846
f 1695/2816 1725/2822 1749/2881 1719/2847
f 1717/2848 1747/2882 1748/2883 1718/2849
f 1694/2817 1724/2819 1747/2884 1717/2850
f 1715/2851 1745/2885 1746/2820 1716/2818
f 1693/2836 1723/2870 1745/2886 1715/2852
f 1706/2833 1718/2849 1748/2883 1736/2867
f 1714/2823 1720/2846 1750/2880 1744/2857
f 1784/1295 1754/2855 1776/2856 1806/1294
f 1812/1336 1785/1330 1755/2854 1782/2853
f 1742/2858 1744/2857 1774/2887 1772/2888
f 1726/2860 1743/2859 1773/2889 1756/2890
f 1740/2861 1742/2858 1772/2888 1770/2891
f 1743/2859 1741/2862 1771/2892 1773/2889
f 1738/2863 1740/2861 1770/2891 1768/2893
f 1741/2862 1739/2864 1769/2894 1771/2892
f 1728/2865 1738/2863 1768/2893 1758/2895
f 1739/2864 1737/2866 1767/2896 1769/2894
f 1734/2868 1736/2867 1766/2897 1764/2898
f 1723/2870 1735/2869 1765/2899 1753/2900
f 1732/2871 1734/2868 1764/2898 1762/2901
f 1735/2869 1733/2872 1763/2902 1765/2899
f 1730/2873 1732/2871 1762/2901 1760/2903
f 1733/2872 1731/2874 1761/2904 1763/2902
f 1727/2875 1730/2873 1760/2903 1757/2905
f 1731/2874 1729/2876 1759/2906 1761/2904
f 1729/2876 1728/2865 1758/2895 1759/2906
f 1737/2866 1727/2875 1757/2905 1767/2896
f 1751/2877 1781/2907 1782/2853 1752/2821
f 1726/2860 1756/2890 1781/2908 1751/2878
f 1749/2879 1779/2909 1780/2910 1750/2880
f 1725/2822 1755/2854 1779/2911 1749/2881
f 1747/2882 1777/2912 1778/2913 1748/2883
f 1724/2819 1754/2855 1777/2914 1747/2884
f 1745/2885 1775/2915 1776/2856 1746/2820
f 1723/2870 1753/2900 1775/2916 1745/2886
f 1736/2867 1748/2883 1778/2913 1766/2897
f 1744/2857 1750/2880 1780/2910 1774/2887
f 178/544 135/482 1785/1330 1812/1336
f 93/422 1784/1295 1806/1294 51/364
f 1772/2888 1774/2887 1804/45 1802/2060
f 1756/2890 1773/2889 1803/2046 1786/1333
f 1770/2891 1772/2888 1802/2060 1800/2044
f 1773/2889 1771/2892 1801/2035 1803/2046
f 1768/2893 1770/2891 1800/2044 1798/2026
f 1771/2892 1769/2894 1799/2011 1801/2035
f 1758/2895 1768/2893 1798/2026 1788/1954
f 1769/2894 1767/2896 1797/1951 1799/2011
f 1764/2898 1766/2897 1796/201 1794/2008
f 1753/2900 1765/2899 1795/1994 1783/1291
f 1762/2901 1764/2898 1794/2008 1792/1992
f 1765/2899 1763/2902 1793/1983 1795/1994
f 1760/2903 1762/2901 1792/1992 1790/1974
f 1763/2902 1761/2904 1791/1959 1793/1983
f 1757/2905 1760/2903 1790/1974 1787/1952
f 1761/2904 1759/2906 1789/1953 1791/1959
f 1759/2906 1758/2895 1788/1954 1789/1953
f 1767/2896 1757/2905 1787/1952 1797/1951
f 1781/2907 1811/1335 1812/1336 1782/2853
f 1756/2890 1786/1333 1811/1334 1781/2908
f 1779/2909 1809/1332 1810/46 1780/2910
f 1755/2854 1785/1330 1809/1331 1779/2911
f 1777/2912 1807/1297 1808/202 1778/2913
f 1754/2855 1784/1295 1807/1296 1777/2914
f 1775/2915 1805/1293 1806/1294 1776/2856
f 1753/2900 1783/1291 1805/1292 1775/2916
f 1766/2897 1778/2913 1808/202 1796/201
f 1774/2887 1780/2910 1810/46 1804/45
f 1872/2917 1848/2918 1818/2796 1842/2748
f 1864/2919 1846/2920 1816/2804 1834/2768
f 1851/2921 1821/2771 1813/2814 1843/2922
f 1843/2923 1813/2809 1814/2812 1844/2924
f 1852/2925 1822/2805 1815/2808 1845/2926
f 1845/2927 1815/2801 1816/2804 1846/2920
f 1853/2928 1823/2797 1817/2800 1847/2929
f 1847/2930 1817/2793 1818/2796 1848/2918
f 1854/2931 1824/2751 1819/2792 1849/2932
f 1849/2933 1819/2787 1820/2790 1850/2934
f 1865/2935 1855/2936 1825/2783 1835/2765
f 1857/2937 1856/2938 1826/2763 1827/2785
f 1859/2939 1857/2937 1827/2785 1829/2781
f 1855/2936 1858/2940 1828/2779 1825/2783
f 1861/2941 1859/2939 1829/2781 1831/2777
f 1858/2940 1860/2942 1830/2775 1828/2779
f 1863/2943 1861/2941 1831/2777 1833/2772
f 1860/2942 1862/2944 1832/2767 1830/2775
f 1851/2921 1863/2943 1833/2772 1821/2771
f 1862/2944 1864/2919 1834/2768 1832/2767
f 1867/2945 1865/2935 1835/2765 1837/2761
f 1856/2938 1866/2946 1836/2759 1826/2763
f 1869/2947 1867/2945 1837/2761 1839/2757
f 1866/2946 1868/2948 1838/2755 1836/2759
f 1871/2949 1869/2947 1839/2757 1841/2752
f 1868/2948 1870/2950 1840/2747 1838/2755
f 1854/2931 1871/2949 1841/2752 1824/2751
f 1870/2950 1872/2917 1842/2748 1840/2747
f 1674/2789 1669/2798 1823/2797 1820/2790
f 1666/2806 1822/2805 1814/2812 1665/2811
f 1900/2951 1902/2952 1872/2917 1870/2950
f 1884/2953 1901/2954 1871/2949 1854/2931
f 1898/2955 1900/2951 1870/2950 1868/2948
f 1901/2954 1899/2956 1869/2947 1871/2949
f 1896/2957 1898/2955 1868/2948 1866/2946
f 1899/2956 1897/2958 1867/2945 1869/2947
f 1886/2959 1896/2957 1866/2946 1856/2938
f 1897/2958 1895/2960 1865/2935 1867/2945
f 1892/2961 1894/2962 1864/2919 1862/2944
f 1881/2963 1893/2964 1863/2943 1851/2921
f 1890/2965 1892/2961 1862/2944 1860/2942
f 1893/2964 1891/2966 1861/2941 1863/2943
f 1888/2967 1890/2965 1860/2942 1858/2940
f 1891/2966 1889/2968 1859/2939 1861/2941
f 1885/2969 1888/2967 1858/2940 1855/2936
f 1889/2968 1887/2970 1857/2937 1859/2939
f 1887/2970 1886/2959 1856/2938 1857/2937
f 1895/2960 1885/2969 1855/2936 1865/2935
f 1879/2971 1849/2933 1850/2934 1880/2972
f 1884/2953 1854/2931 1849/2932 1879/2973
f 1877/2974 1847/2930 1848/2918 1878/2975
f 1883/2976 1853/2928 1847/2929 1877/2977
f 1875/2978 1845/2927 1846/2920 1876/2979
f 1882/2980 1852/2925 1845/2926 1875/2981
f 1873/2982 1843/2923 1844/2924 1874/2983
f 1881/2963 1851/2921 1843/2922 1873/2984
f 1894/2962 1876/2979 1846/2920 1864/2919
f 1902/2952 1878/2975 1848/2918 1872/2917
f 1820/2790 1823/2797 1853/2928 1850/2934
f 1822/2805 1852/2925 1844/2924 1814/2812
f 1932/2985 1908/2986 1878/2975 1902/2952
f 1924/2987 1906/2988 1876/2979 1894/2962
f 1911/2989 1881/2963 1873/2984 1903/2990
f 1903/2991 1873/2982 1874/2983 1904/60
f 1912/57 1882/2980 1875/2981 1905/2992
f 1905/2993 1875/2978 1876/2979 1906/2988
f 1913/214 1883/2976 1877/2977 1907/2994
f 1907/2995 1877/2974 1878/2975 1908/2986
f 1914/2996 1884/2953 1879/2973 1909/2997
f 1909/2998 1879/2971 1880/2972 1910/213
f 1925/2999 1915/3000 1885/2969 1895/2960
f 1917/3001 1916/3002 1886/2959 1887/2970
f 1919/3003 1917/3001 1887/2970 1889/2968
f 1915/3000 1918/3004 1888/2967 1885/2969
f 1921/3005 1919/3003 1889/2968 1891/2966
f 1918/3004 1920/3006 1890/2965 1888/2967
f 1923/3007 1921/3005 1891/2966 1893/2964
f 1920/3006 1922/3008 1892/2961 1890/2965
f 1911/2989 1923/3007 1893/2964 1881/2963
f 1922/3008 1924/2987 1894/2962 1892/2961
f 1927/3009 1925/2999 1895/2960 1897/2958
f 1916/3002 1926/3010 1896/2957 1886/2959
f 1929/3011 1927/3009 1897/2958 1899/2956
f 1926/3010 1928/3012 1898/2955 1896/2957
f 1931/3013 1929/3011 1899/2956 1901/2954
f 1928/3012 1930/3014 1900/2951 1898/2955
f 1914/2996 1931/3013 1901/2954 1884/2953
f 1930/3014 1932/2985 1902/2952 1900/2951
f 1850/2934 1853/2928 1883/2976 1880/2972
f 1852/2925 1882/2980 1874/2983 1844/2924
f 1039/2033 1051/2048 1932/2985 1930/3014
f 127/468 1049/1311 1931/3013 1914/2996
f 1027/2013 1039/2033 1930/3014 1928/3012
f 1049/1311 1037/2058 1929/3011 1931/3013
f 1015/1947 1027/2013 1928/3012 1926/3010
f 1037/2058 1025/2042 1927/3009 1929/3011
f 949/1948 1015/1947 1926/3010 1916/3002
f 1025/2042 1013/2024 1925/2999 1927/3009
f 995/1981 1007/1996 1924/2987 1922/3008
f 86/414 997/1272 1923/3007 1911/2989
f 983/1961 995/1981 1922/3008 1920/3006
f 997/1272 985/2006 1921/3005 1923/3007
f 971/1931 983/1961 1920/3006 1918/3004
f 985/2006 973/1990 1919/3003 1921/3005
f 955/1932 971/1931 1918/3004 1915/3000
f 973/1990 961/1972 1917/3001 1919/3003
f 961/1972 949/1948 1916/3002 1917/3001
f 1013/2024 955/1932 1915/3000 1925/2999
f 130/474 1909/2998 1910/213 128/216
f 127/468 1914/2996 1909/2997 130/469
f 174/536 1907/2995 1908/2986 171/533
f 170/215 1913/214 1907/2994 174/530
f 48/359 1905/2993 1906/2988 45/356
f 44/58 1912/57 1905/2992 48/355
f 90/418 1903/2991 1904/60 87/59
f 86/414 1911/2989 1903/2990 90/415
f 1007/1996 45/356 1906/2988 1924/2987
f 1051/2048 171/533 1908/2986 1932/2985
f 1880/2972 1883/2976 1913/214 1910/213
f 1882/2980 1912/57 1904/60 1874/2983
f 1990/3015 1992/3016 1962/2205 1960/2265
f 1971/3017 1991/3018 1961/2255 1941/2201
f 1988/3019 1990/3015 1960/2265 1958/2245
f 1991/3018 1989/3020 1959/2243 1961/2255
f 1985/3021 1988/3019 1958/2245 1955/2211
f 1989/3020 1987/3022 1957/2213 1959/2243
f 1987/3022 1986/3023 1956/2171 1957/2213
f 1975/3024 1985/3021 1955/2211 1945/2173
f 1984/3025 1968/3026 1938/2184 1954/2152
f 1992/3016 1966/3027 1936/2192 1962/2205
f 1971/3017 1941/2201 1933/2204 1963/3028
f 1963/3029 1933/2197 1934/2200 1964/3030
f 1972/3031 1942/2193 1935/2196 1965/3032
f 1965/3033 1935/2189 1936/2192 1966/3027
f 1973/3034 1943/2185 1937/2188 1967/3035
f 1967/3036 1937/2181 1938/2184 1968/3026
f 1974/3037 1944/2155 1939/2180 1969/3038
f 1969/3039 1939/2175 1940/2178 1970/3040
f 1977/3041 1975/3024 1945/2173 1947/2169
f 1986/3023 1976/3042 1946/2167 1956/2171
f 1979/3043 1977/3041 1947/2169 1949/2165
f 1976/3042 1978/3044 1948/2163 1946/2167
f 1981/3045 1979/3043 1949/2165 1951/2161
f 1978/3044 1980/3046 1950/2159 1948/2163
f 1983/3047 1981/3045 1951/2161 1953/2156
f 1980/3046 1982/3048 1952/2151 1950/2159
f 1974/3037 1983/3047 1953/2156 1944/2155
f 1982/3048 1984/3025 1954/2152 1952/2151
f 1128/2177 1123/2186 1943/2185 1940/2178
f 1120/2194 1942/2193 1934/2200 1119/2199
f 2012/3049 2014/3050 1984/3025 1982/3048
f 2004/3051 2013/3052 1983/3047 1974/3037
f 2010/3053 2012/3049 1982/3048 1980/3046
f 2013/3052 2011/3054 1981/3045 1983/3047
f 2008/3055 2010/3053 1980/3046 1978/3044
f 2011/3054 2009/3056 1979/3043 1981/3045
f 2006/3057 2008/3055 1978/3044 1976/3042
f 2009/3056 2007/3058 1977/3041 1979/3043
f 2016/3059 2006/3057 1976/3042 1986/3023
f 2007/3058 2005/3060 1975/3024 1977/3041
f 1999/3061 1969/3039 1970/3040 2000/3062
f 2004/3051 1974/3037 1969/3038 1999/3063
f 1997/3064 1967/3036 1968/3026 1998/3065
f 2003/3066 1973/3034 1967/3035 1997/3067
f 1995/3068 1965/3033 1966/3027 1996/3069
f 2002/3070 1972/3031 1965/3032 1995/3071
f 1993/3072 1963/3029 1964/3030 1994/3073
f 2001/3074 1971/3017 1963/3028 1993/3075
f 2022/3076 1996/3069 1966/3027 1992/3016
f 2014/3050 1998/3065 1968/3026 1984/3025
f 2005/3060 2015/3077 1985/3021 1975/3024
f 2017/3078 2016/3059 1986/3023 1987/3022
f 2019/3079 2017/3078 1987/3022 1989/3020
f 2015/3077 2018/3080 1988/3019 1985/3021
f 2021/3081 2019/3079 1989/3020 1991/3018
f 2018/3080 2020/3082 1990/3015 1988/3019
f 2001/3074 2021/3081 1991/3018 1971/3017
f 2020/3082 2022/3076 1992/3016 1990/3015
f 1940/2178 1943/2185 1973/3034 1970/3040
f 1942/2193 1972/3031 1964/3030 1934/2200
f 2050/3083 2052/3084 2022/3076 2020/3082
f 2031/3085 2051/3086 2021/3081 2001/3074
f 2048/3087 2050/3083 2020/3082 2018/3080
f 2051/3086 2049/3088 2019/3079 2021/3081
f 2045/3089 2048/3087 2018/3080 2015/3077
f 2049/3088 2047/3090 2017/3078 2019/3079
f 2047/3090 2046/3091 2016/3059 2017/3078
f 2035/3092 2045/3089 2015/3077 2005/3060
f 2044/3093 2028/3094 1998/3065 2014/3050
f 2052/3084 2026/3095 1996/3069 2022/3076
f 2031/3085 2001/3074 1993/3075 2023/3096
f 2023/3097 1993/3072 1994/3073 2024/4
f 2032/1 2002/3070 1995/3071 2025/3098
f 2025/3099 1995/3068 1996/3069 2026/3095
f 2033/42 2003/3066 1997/3067 2027/3100
f 2027/3101 1997/3064 1998/3065 2028/3094
f 2034/3102 2004/3051 1999/3063 2029/3103
f 2029/3104 1999/3061 2000/3062 2030/41
f 2037/3105 2035/3092 2005/3060 2007/3058
f 2046/3091 2036/3106 2006/3057 2016/3059
f 2039/3107 2037/3105 2007/3058 2009/3056
f 2036/3106 2038/3108 2008/3055 2006/3057
f 2041/3109 2039/3107 2009/3056 2011/3054
f 2038/3108 2040/3110 2010/3053 2008/3055
f 2043/3111 2041/3109 2011/3054 2013/3052
f 2040/3110 2042/3112 2012/3049 2010/3053
f 2034/3102 2043/3111 2013/3052 2004/3051
f 2042/3112 2044/3093 2014/3050 2012/3049
f 1970/3040 1973/3034 2003/3066 2000/3062
f 1972/3031 2002/3070 1994/3073 1964/3030
f 1099/2123 1111/2138 2044/3093 2042/3112
f 113/449 1109/1305 2043/3111 2034/3102
f 1087/2103 1099/2123 2042/3112 2040/3110
f 1109/1305 1097/2148 2041/3109 2043/3111
f 1075/2089 1087/2103 2040/3110 2038/3108
f 1097/2148 1085/2132 2039/3107 2041/3109
f 1057/2090 1075/2089 2038/3108 2036/3106
f 1085/2132 1073/2114 2037/3105 2039/3107
f 1139/2230 1057/2090 2036/3106 2046/3091
f 1073/2114 1063/2074 2035/3092 2037/3105
f 116/455 2029/3104 2030/41 114/44
f 113/449 2034/3102 2029/3103 116/450
f 160/516 2027/3101 2028/3094 157/513
f 156/43 2033/42 2027/3100 160/510
f 34/339 2025/3099 2026/3095 31/336
f 30/2 2032/1 2025/3098 34/335
f 76/399 2023/3097 2024/4 73/3
f 72/395 2031/3085 2023/3096 76/396
f 1192/2260 31/336 2026/3095 2052/3084
f 1111/2138 157/513 2028/3094 2044/3093
f 1063/2074 1149/2073 2045/3089 2035/3092
f 1153/2252 1139/2230 2046/3091 2047/3090
f 1167/2272 1153/2252 2047/3090 2049/3088
f 1149/2073 1164/2219 2048/3087 2045/3089
f 1181/1266 1167/2272 2049/3088 2051/3086
f 1164/2219 1178/2239 2050/3083 2048/3087
f 72/395 1181/1266 2051/3086 2031/3085
f 1178/2239 1192/2260 2052/3084 2050/3083
f 2000/3062 2003/3066 2033/42 2030/41
f 2002/3070 2032/1 2024/4 1994/3073
f 1180/2266 1194/2206 2082/3113 2080/3114
f 1117/2202 1187/2256 2081/3115 2053/3116
f 1166/2246 1180/2266 2080/3114 2078/3117
f 1187/2256 1173/2244 2079/3118 2081/3115
f 1152/2212 1166/2246 2078/3117 2076/3119
f 1173/2244 1159/2214 2077/3120 2079/3118
f 1129/2174 1152/2212 2076/3119 2057/3121
f 1159/2214 1151/2172 2075/3122 2077/3120
f 2084/3123 2054/2209 2068/2210 2106/3124
f 2112/3125 2085/3126 2055/2208 2074/2207
f 1136/2154 1138/2153 2066/3127 2064/3128
f 1126/2158 1137/2157 2065/3129 2056/3130
f 1134/2160 1136/2154 2064/3128 2062/3131
f 1137/2157 1135/2162 2063/3132 2065/3129
f 1132/2164 1134/2160 2062/3131 2060/3133
f 1135/2162 1133/2166 2061/3134 2063/3132
f 1130/2168 1132/2164 2060/3133 2058/3135
f 1133/2166 1131/2170 2059/3136 2061/3134
f 1151/2172 1130/2168 2058/3135 2075/3122
f 1131/2170 1129/2174 2057/3121 2059/3136
f 1127/2176 2073/3137 2074/2207 1128/2177
f 1126/2158 2056/3130 2073/3138 1127/2179
f 1124/2182 2071/3139 2072/3140 1125/2183
f 1123/2186 2055/2208 2071/3141 1124/2187
f 1121/2190 2069/3142 2070/3143 1122/2191
f 1120/2194 2054/2209 2069/3144 1121/2195
f 1118/2198 2067/3145 2068/2210 1119/2199
f 1117/2202 2053/3116 2067/3146 1118/2203
f 1194/2206 1122/2191 2070/3143 2082/3113
f 1138/2153 1125/2183 2072/3140 2066/3127
f 2142/3147 2115/3148 2085/3126 2112/3125
f 2114/3149 2084/3123 2106/3124 2136/3150
f 2080/3114 2082/3113 2104/3151 2102/3152
f 2053/3116 2081/3115 2103/3153 2083/3154
f 2078/3117 2080/3114 2102/3152 2100/3155
f 2081/3115 2079/3118 2101/3156 2103/3153
f 2076/3119 2078/3117 2100/3155 2098/3157
f 2079/3118 2077/3120 2099/3158 2101/3156
f 2057/3121 2076/3119 2098/3157 2087/3159
f 2077/3120 2075/3122 2097/3160 2099/3158
f 2064/3128 2066/3127 2096/3161 2094/3162
f 2056/3130 2065/3129 2095/3163 2086/3164
f 2062/3131 2064/3128 2094/3162 2092/3165
f 2065/3129 2063/3132 2093/3166 2095/3163
f 2060/3133 2062/3131 2092/3165 2090/3167
f 2063/3132 2061/3134 2091/3168 2093/3166
f 2058/3135 2060/3133 2090/3167 2088/3169
f 2061/3134 2059/3136 2089/3170 2091/3168
f 2075/3122 2058/3135 2088/3169 2097/3160
f 2059/3136 2057/3121 2087/3159 2089/3170
f 2073/3137 2111/3171 2112/3125 2074/2207
f 2056/3130 2086/3164 2111/3172 2073/3138
f 2071/3139 2109/3173 2110/3174 2072/3140
f 2055/2208 2085/3126 2109/3175 2071/3141
f 2069/3142 2107/3176 2108/3177 2070/3143
f 2054/2209 2084/3123 2107/3178 2069/3144
f 2067/3145 2105/3179 2106/3124 2068/2210
f 2053/3116 2083/3154 2105/3180 2067/3146
f 2082/3113 2070/3143 2108/3177 2104/3151
f 2066/3127 2072/3140 2110/3174 2096/3161
f 2144/1302 2114/3149 2136/3150 2166/1301
f 2172/1343 2145/1337 2115/3148 2142/3147
f 2102/3152 2104/3151 2134/3181 2132/3182
f 2083/3154 2103/3153 2133/3183 2113/3184
f 2100/3155 2102/3152 2132/3182 2130/3185
f 2103/3153 2101/3156 2131/3186 2133/3183
f 2098/3157 2100/3155 2130/3185 2128/3187
f 2101/3156 2099/3158 2129/3188 2131/3186
f 2087/3159 2098/3157 2128/3187 2117/3189
f 2099/3158 2097/3160 2127/3190 2129/3188
f 2094/3162 2096/3161 2126/3191 2124/3192
f 2086/3164 2095/3163 2125/3193 2116/3194
f 2092/3165 2094/3162 2124/3192 2122/3195
f 2095/3163 2093/3166 2123/3196 2125/3193
f 2090/3167 2092/3165 2122/3195 2120/3197
f 2093/3166 2091/3168 2121/3198 2123/3196
f 2088/3169 2090/3167 2120/3197 2118/3199
f 2091/3168 2089/3170 2119/3200 2121/3198
f 2097/3160 2088/3169 2118/3199 2127/3190
f 2089/3170 2087/3159 2117/3189 2119/3200
f 2111/3171 2141/3201 2142/3147 2112/3125
f 2086/3164 2116/3194 2141/3202 2111/3172
f 2109/3173 2139/3203 2140/3204 2110/3174
f 2085/3126 2115/3148 2139/3205 2109/3175
f 2107/3176 2137/3206 2138/3207 2108/3177
f 2084/3123 2114/3149 2137/3208 2107/3178
f 2105/3179 2135/3209 2136/3150 2106/3124
f 2083/3154 2113/3184 2135/3210 2105/3180
f 2104/3151 2108/3177 2138/3207 2134/3181
f 2096/3161 2110/3174 2140/3204 2126/3191
f 164/524 121/463 2145/1337 2172/1343
f 79/403 2144/1302 2166/1301 37/344
f 2132/3182 2134/3181 2164/205 2162/2274
f 2113/3184 2133/3183 2163/2258 2143/1298
f 2130/3185 2132/3182 2162/2274 2160/2254
f 2133/3183 2131/3186 2161/2241 2163/2258
f 2128/3187 2130/3185 2160/2254 2158/2232
f 2131/3186 2129/3188 2159/2217 2161/2241
f 2117/3189 2128/3187 2158/2232 2147/2094
f 2129/3188 2127/3190 2157/2095 2159/2217
f 2124/3192 2126/3191 2156/53 2154/2150
f 2116/3194 2125/3193 2155/2136 2146/1340
f 2122/3195 2124/3192 2154/2150 2152/2134
f 2125/3193 2123/3196 2153/2125 2155/2136
f 2120/3197 2122/3195 2152/2134 2150/2116
f 2123/3196 2121/3198 2151/2101 2153/2125
f 2118/3199 2120/3197 2150/2116 2148/2096
f 2121/3198 2119/3200 2149/2093 2151/2101
f 2127/3190 2118/3199 2148/2096 2157/2095
f 2119/3200 2117/3189 2147/2094 2149/2093
f 2141/3201 2171/1342 2172/1343 2142/3147
f 2116/3194 2146/1340 2171/1341 2141/3202
f 2139/3203 2169/1339 2170/54 2140/3204
f 2115/3148 2145/1337 2169/1338 2139/3205
f 2137/3206 2167/1304 2168/206 2138/3207
f 2114/3149 2144/1302 2167/1303 2137/3208
f 2135/3209 2165/1300 2166/1301 2136/3150
f 2113/3184 2143/1298 2165/1299 2135/3210
f 2134/3181 2138/3207 2168/206 2164/205
f 2126/3191 2140/3204 2170/54 2156/53
f 2420/3211 2428/3212 2210/3213 2223/3214
f 2312/3215 2316/3216 2187/3217 2173/3218
f 2640/3219 2641/3220 2216/3221 2202/3222
f 2554/3223 2556/3224 2208/3225 2422/3226
f 3134/3227 2174/3228 2189/3229 3130/3230
f 3230/3231 3238/3232 2194/3233 2310/3234
f 2173/3218 2176/3235 2177/3236 2179/3237
f 2174/3228 2178/3238 2177/3239 2176/3240
f 2175/3241 2179/3242 2177/3243 2178/3244
f 2180/3245 2183/3246 2184/3247 2186/3248
f 2181/3249 2185/3250 2184/3251 2183/3252
f 2182/3253 2186/3254 2184/3255 2185/3256
f 2187/3217 2190/3257 2191/3258 2193/3259
f 2188/3260 2192/3261 2191/3262 2190/3263
f 2189/3229 2193/3264 2191/3265 2192/3266
f 2194/3233 2197/3267 2198/3268 2200/3269
f 2195/3270 2199/3271 2198/3272 2197/3273
f 2196/3274 2200/3275 2198/3276 2199/3277
f 2201/3278 2204/3279 2205/3280 2207/3281
f 2202/3222 2206/3282 2205/3283 2204/3284
f 2203/3285 2207/3286 2205/3287 2206/3288
f 2208/3225 2211/3289 2212/3290 2214/3291
f 2209/3292 2213/3293 2212/3294 2211/3295
f 2210/3213 2214/3296 2212/3294 2213/3293
f 2215/3297 2218/3298 2219/3299 2221/3300
f 2216/3221 2220/3301 2219/3302 2218/3303
f 2217/3304 2221/3305 2219/3306 2220/3307
f 2222/3308 2225/3309 2226/3310 2228/3311
f 2223/3214 2227/3312 2226/3313 2225/3314
f 2224/3315 2228/3316 2226/3313 2227/3312
f 2309/3317 2188/3260 2190/3263 2315/3318
f 2315/3319 2190/3257 2187/3217 2316/3216
f 2310/3234 2194/3233 2200/3269 2317/3320
f 2317/3321 2200/3275 2196/3274 2318/3322
f 2180/3245 2196/3274 2199/3277 2183/3246
f 2183/3252 2199/3271 2195/3270 2181/3249
f 3217/3323 2182/3253 2185/3256 3235/3324
f 3235/3325 2185/3250 2181/3249 3236/3326
f 2189/3229 2174/3228 2176/3240 2193/3264
f 2193/3259 2176/3235 2173/3218 2187/3217
f 3218/3327 2195/3270 2197/3273 3237/3328
f 3237/3329 2197/3267 2194/3233 3238/3232
f 2421/3330 2201/3278 2207/3281 2425/3331
f 2425/3332 2207/3286 2203/3285 2426/3333
f 2422/3226 2208/3225 2214/3291 2427/3334
f 2427/3335 2214/3296 2210/3213 2428/3212
f 2209/3292 2224/3315 2227/3312 2213/3293
f 2213/3293 2227/3312 2223/3214 2210/3213
f 2533/3336 2209/3292 2211/3295 2555/3337
f 2555/3338 2211/3289 2208/3225 2556/3224
f 2215/3297 2203/3285 2206/3288 2218/3298
f 2218/3303 2206/3282 2202/3222 2216/3221
f 2534/3339 2222/3308 2228/3311 2557/3340
f 2557/3341 2228/3316 2224/3315 2558/3342
f 2265/3343 2239/3344 2240/3345 2266/3346
f 2272/3347 2238/3348 2239/3349 2265/3350
f 2263/3351 2236/3352 2237/3353 2264/3354
f 2271/3355 2235/3356 2236/3357 2263/3358
f 2270/3359 2266/3346 2240/3345 2234/3360
f 3223/3361 3220/3362 2238/3348 2272/3347
f 2539/3363 2536/3364 2248/3365 2280/3366
f 2275/3367 2243/3368 2244/3369 2276/3370
f 2280/3366 2248/3365 2243/3371 2275/3372
f 2282/3373 2274/3374 2242/3375 2250/3376
f 2273/3377 2241/3378 2242/3375 2274/3374
f 2279/3379 2247/3380 2241/3381 2273/3382
f 2238/3383 2253/3384 2240/3385 2239/3386
f 2253/3384 2255/3387 2234/3388 2240/3385
f 2255/3387 2232/3389 2233/3390 2234/3388
f 3220/3391 3221/3392 2253/3384 2238/3383
f 3221/3392 3222/3393 2255/3387 2253/3384
f 3222/3393 3219/3394 2232/3389 2255/3387
f 2230/3395 2231/3396 2254/3397 2229/3398
f 2231/3396 2237/3399 2256/3400 2254/3397
f 2237/3399 2236/3357 2235/3356 2256/3400
f 2243/3401 2248/3402 2257/3403 2244/3404
f 2644/3405 2245/3406 2259/3407 2645/3408
f 2245/3406 2249/3409 2250/3410 2259/3407
f 2244/3404 2257/3403 2258/3411 2252/3412
f 2645/3408 2259/3407 2260/3413 2646/3414
f 2259/3407 2250/3410 2242/3415 2260/3413
f 2252/3412 2258/3411 2246/3416 2251/3417
f 2646/3414 2260/3413 2247/3418 2643/3419
f 2260/3413 2242/3415 2241/3420 2247/3418
f 3234/3421 3223/3361 2272/3347 2338/3422
f 2336/3423 2344/3424 2266/3346 2270/3359
f 2337/3425 2271/3355 2263/3358 2341/3426
f 2341/3427 2263/3351 2264/3354 2342/3428
f 2338/3422 2272/3347 2265/3350 2343/3429
f 2343/3430 2265/3343 2266/3346 2344/3424
f 2233/3431 2269/3432 2270/3359 2234/3360
f 2232/3389 2262/3433 2269/3434 2233/3390
f 2230/3435 2267/3436 2268/3437 2231/3438
f 2229/3439 2261/3440 2267/3441 2230/3442
f 3219/3394 3224/3443 2262/3433 2232/3389
f 2237/3353 2231/3438 2268/3437 2264/3354
f 2381/3444 2279/3379 2273/3382 2387/3445
f 2387/3446 2273/3377 2274/3374 2388/3447
f 2384/3448 2388/3447 2274/3374 2282/3373
f 2382/3449 2280/3366 2275/3372 2389/3450
f 2389/3451 2275/3367 2276/3370 2390/3452
f 2548/3453 2539/3363 2280/3366 2382/3449
f 2251/3454 2283/3455 2284/3456 2252/3457
f 2246/3458 2278/3459 2283/3460 2251/3461
f 2249/3462 2281/3463 2282/3373 2250/3376
f 2245/3464 2277/3465 2281/3466 2249/3467
f 2535/3468 2540/3469 2278/3459 2246/3458
f 2244/3369 2252/3457 2284/3456 2276/3370
f 2301/3470 2289/3471 2290/3472 2302/3473
f 2308/3474 2296/3475 2289/3476 2301/3477
f 2299/3478 2287/3479 2288/3480 2300/3481
f 2307/3482 2295/3483 2287/3484 2299/3485
f 2306/3486 2302/3473 2290/3472 2294/3487
f 3227/3488 3225/3489 2296/3475 2308/3474
f 2323/3490 2293/3491 2294/3487 2324/3492
f 2328/3493 2286/3494 2293/3495 2323/3496
f 2321/3497 2291/3498 2292/3499 2322/3500
f 2327/3501 2285/3502 2291/3503 2321/3504
f 3231/3505 3226/3506 2286/3494 2328/3493
f 2330/3507 2322/3500 2292/3499 2288/3480
f 3229/3508 3227/3488 2308/3474 2320/3509
f 2318/3322 2314/3510 2302/3473 2306/3486
f 2319/3511 2307/3482 2299/3485 2311/3512
f 2311/3513 2299/3478 2300/3481 2312/3215
f 2320/3509 2308/3474 2301/3477 2313/3514
f 2313/3515 2301/3470 2302/3473 2314/3510
f 2293/3491 2305/3516 2306/3486 2294/3487
f 2286/3494 2298/3517 2305/3518 2293/3495
f 2291/3498 2303/3519 2304/3520 2292/3499
f 2285/3502 2297/3521 2303/3522 2291/3503
f 3226/3506 3228/3523 2298/3517 2286/3494
f 2288/3480 2292/3499 2304/3520 2300/3481
f 2186/3248 2313/3515 2314/3510 2180/3245
f 2182/3253 2320/3509 2313/3514 2186/3254
f 2179/3237 2311/3513 2312/3215 2173/3218
f 2175/3241 2319/3511 2311/3512 2179/3242
f 2196/3274 2180/3245 2314/3510 2318/3322
f 3217/3323 3229/3508 2320/3509 2182/3253
f 2305/3516 2317/3321 2318/3322 2306/3486
f 2298/3517 2310/3234 2317/3320 2305/3518
f 2303/3519 2315/3319 2316/3216 2304/3520
f 2297/3521 2309/3317 2315/3318 2303/3522
f 3228/3523 3230/3231 2310/3234 2298/3517
f 2300/3481 2304/3520 2316/3216 2312/3215
f 2342/3428 2334/3524 2322/3500 2330/3507
f 3233/3525 3231/3505 2328/3493 2340/3526
f 2339/3527 2327/3501 2321/3504 2333/3528
f 2333/3529 2321/3497 2322/3500 2334/3524
f 2340/3526 2328/3493 2323/3496 2335/3530
f 2335/3531 2323/3490 2324/3492 2336/3423
f 2289/3471 2331/3532 2332/3533 2290/3472
f 2296/3475 2326/3534 2331/3535 2289/3476
f 2287/3479 2329/3536 2330/3507 2288/3480
f 2295/3483 2325/3537 2329/3538 2287/3484
f 2294/3487 2290/3472 2332/3533 2324/3492
f 3225/3489 3232/3539 2326/3534 2296/3475
f 2269/3432 2335/3531 2336/3423 2270/3359
f 2262/3433 2340/3526 2335/3530 2269/3434
f 2267/3436 2333/3529 2334/3524 2268/3437
f 2261/3440 2339/3527 2333/3528 2267/3441
f 3224/3443 3233/3525 2340/3526 2262/3433
f 2264/3354 2268/3437 2334/3524 2342/3428
f 2331/3532 2343/3430 2344/3424 2332/3533
f 2326/3534 2338/3422 2343/3429 2331/3535
f 2329/3536 2341/3427 2342/3428 2330/3507
f 2325/3537 2337/3425 2341/3426 2329/3538
f 2324/3492 2332/3533 2344/3424 2336/3423
f 3232/3539 3234/3421 2338/3422 2326/3534
f 2549/3540 2541/3541 2352/3542 2400/3543
f 2395/3544 2347/3545 2348/3546 2396/3547
f 2400/3543 2352/3542 2347/3548 2395/3549
f 2402/3550 2394/3551 2346/3552 2354/3553
f 2393/3554 2345/3555 2346/3552 2394/3551
f 2399/3556 2351/3557 2345/3558 2393/3559
f 2361/3560 2355/3561 2356/3562 2362/3563
f 2368/3564 2350/3565 2355/3566 2361/3567
f 2359/3568 2353/3569 2354/3553 2360/3570
f 2367/3571 2349/3572 2353/3573 2359/3574
f 2543/3575 2542/3576 2350/3565 2368/3564
f 2366/3577 2362/3563 2356/3562 2348/3546
f 2378/3578 2374/3579 2362/3563 2366/3577
f 2545/3580 2543/3575 2368/3564 2380/3581
f 2379/3582 2367/3571 2359/3574 2371/3583
f 2371/3584 2359/3568 2360/3570 2372/3585
f 2380/3581 2368/3564 2361/3567 2373/3586
f 2373/3587 2361/3560 2362/3563 2374/3579
f 2541/3541 2544/3588 2358/3589 2352/3542
f 2347/3545 2365/3590 2366/3577 2348/3546
f 2352/3542 2358/3589 2365/3591 2347/3548
f 2354/3553 2346/3552 2364/3592 2360/3570
f 2345/3555 2363/3593 2364/3592 2346/3552
f 2351/3557 2357/3594 2363/3595 2345/3558
f 2385/3596 2373/3587 2374/3579 2386/3597
f 2392/3598 2380/3581 2373/3586 2385/3599
f 2383/3600 2371/3584 2372/3585 2384/3448
f 2391/3601 2379/3582 2371/3583 2383/3602
f 2547/3603 2545/3580 2380/3581 2392/3598
f 2390/3452 2386/3597 2374/3579 2378/3578
f 2544/3588 2546/3604 2370/3605 2358/3589
f 2365/3590 2377/3606 2378/3578 2366/3577
f 2358/3589 2370/3605 2377/3607 2365/3591
f 2360/3570 2364/3592 2376/3608 2372/3585
f 2363/3593 2375/3609 2376/3608 2364/3592
f 2357/3594 2369/3610 2375/3611 2363/3595
f 2276/3370 2284/3456 2386/3597 2390/3452
f 2540/3469 2547/3603 2392/3598 2278/3459
f 2277/3465 2391/3601 2383/3602 2281/3466
f 2281/3463 2383/3600 2384/3448 2282/3373
f 2278/3459 2392/3598 2385/3599 2283/3460
f 2283/3455 2385/3596 2386/3597 2284/3456
f 2546/3604 2548/3453 2382/3449 2370/3605
f 2377/3606 2389/3451 2390/3452 2378/3578
f 2370/3605 2382/3449 2389/3450 2377/3607
f 2372/3585 2376/3608 2388/3447 2384/3448
f 2375/3609 2387/3446 2388/3447 2376/3608
f 2369/3610 2381/3444 2387/3445 2375/3611
f 2411/3612 2399/3556 2393/3559 2405/3613
f 2405/3614 2393/3554 2394/3551 2406/3615
f 2414/3616 2406/3615 2394/3551 2402/3550
f 2412/3617 2400/3543 2395/3549 2407/3618
f 2407/3619 2395/3544 2396/3547 2408/3620
f 2551/3621 2549/3540 2400/3543 2412/3617
f 2355/3561 2403/3622 2404/3623 2356/3562
f 2350/3565 2398/3624 2403/3625 2355/3566
f 2353/3569 2401/3626 2402/3550 2354/3553
f 2349/3572 2397/3627 2401/3628 2353/3573
f 2542/3576 2550/3629 2398/3624 2350/3565
f 2348/3546 2356/3562 2404/3623 2396/3547
f 2553/3630 2551/3621 2412/3617 2424/3631
f 2419/3632 2407/3619 2408/3620 2420/3211
f 2424/3631 2412/3617 2407/3618 2419/3633
f 2426/3333 2418/3634 2406/3615 2414/3616
f 2417/3635 2405/3614 2406/3615 2418/3634
f 2423/3636 2411/3612 2405/3613 2417/3637
f 2403/3622 2415/3638 2416/3639 2404/3623
f 2398/3624 2410/3640 2415/3641 2403/3625
f 2401/3626 2413/3642 2414/3616 2402/3550
f 2397/3627 2409/3643 2413/3644 2401/3628
f 2550/3629 2552/3645 2410/3640 2398/3624
f 2396/3547 2404/3623 2416/3639 2408/3620
f 2217/3304 2423/3636 2417/3637 2221/3305
f 2221/3300 2417/3635 2418/3634 2215/3297
f 2203/3285 2215/3297 2418/3634 2426/3333
f 2222/3308 2424/3631 2419/3633 2225/3309
f 2225/3314 2419/3632 2420/3211 2223/3214
f 2534/3339 2553/3630 2424/3631 2222/3308
f 2415/3638 2427/3335 2428/3212 2416/3639
f 2410/3640 2422/3226 2427/3334 2415/3641
f 2413/3642 2425/3332 2426/3333 2414/3616
f 2409/3643 2421/3330 2425/3331 2413/3644
f 2552/3645 2554/3223 2422/3226 2410/3640
f 2408/3620 2416/3639 2428/3212 2420/3211
f 2582/3646 2584/3647 2454/3648 2452/3649
f 2564/3650 2583/3651 2453/3652 2432/3653
f 2580/3654 2582/3646 2452/3649 2450/3655
f 2583/3651 2581/3656 2451/3657 2453/3652
f 2572/3658 2580/3654 2450/3655 2442/3659
f 2581/3656 2579/3660 2449/3661 2451/3657
f 2576/3662 2578/3663 2448/3664 2446/3665
f 2570/3666 2577/3667 2447/3668 2440/3669
f 2574/3670 2576/3662 2446/3665 2444/3671
f 2577/3667 2575/3672 2445/3673 2447/3668
f 2571/3674 2574/3670 2444/3671 2441/3675
f 2575/3672 2573/3676 2443/3677 2445/3673
f 2573/3676 2572/3658 2442/3659 2443/3677
f 2579/3660 2571/3674 2441/3675 2449/3661
f 2565/3678 2570/3666 2440/3669 2435/3679
f 2578/3663 2569/3680 2439/3681 2448/3664
f 2460/3682 2438/3683 2435/3684 2457/3685
f 2459/3686 2437/3687 2438/3683 2460/3682
f 2458/3688 2436/3689 2437/3687 2459/3686
f 2569/3680 2566/3690 2436/3691 2439/3681
f 2561/3692 2433/3693 2434/3694 2562/3695
f 2564/3650 2432/3653 2433/3696 2561/3697
f 2559/3698 2430/3699 2431/3700 2560/3701
f 2563/3702 2429/3703 2430/3704 2559/3705
f 2584/3647 2560/3701 2431/3700 2454/3648
f 2480/3706 2455/3707 2429/3703 2434/3694
f 2506/3708 2481/3709 2455/3707 2480/3706
f 2484/3710 2458/3688 2459/3686 2485/3711
f 2485/3711 2459/3686 2460/3682 2486/3712
f 2486/3712 2460/3682 2457/3685 2483/3713
f 2452/3649 2454/3648 2476/3714 2474/3715
f 2432/3653 2453/3652 2475/3716 2456/3717
f 2450/3655 2452/3649 2474/3715 2472/3718
f 2453/3652 2451/3657 2473/3719 2475/3716
f 2442/3659 2450/3655 2472/3718 2464/3720
f 2451/3657 2449/3661 2471/3721 2473/3719
f 2446/3665 2448/3664 2470/3722 2468/3723
f 2440/3669 2447/3668 2469/3724 2462/3725
f 2444/3671 2446/3665 2468/3723 2466/3726
f 2447/3668 2445/3673 2467/3727 2469/3724
f 2441/3675 2444/3671 2466/3726 2463/3728
f 2445/3673 2443/3677 2465/3729 2467/3727
f 2443/3677 2442/3659 2464/3720 2465/3729
f 2449/3661 2441/3675 2463/3728 2471/3721
f 2435/3679 2440/3669 2462/3725 2457/3730
f 2448/3664 2439/3681 2461/3731 2470/3722
f 2439/3681 2436/3691 2458/3732 2461/3731
f 2433/3693 2479/3733 2480/3706 2434/3694
f 2432/3653 2456/3717 2479/3734 2433/3696
f 2430/3699 2477/3735 2478/3736 2431/3700
f 2429/3703 2455/3707 2477/3737 2430/3704
f 2454/3648 2431/3700 2478/3736 2476/3714
f 2512/3738 2486/3712 2483/3713 2509/3739
f 2511/3740 2485/3711 2486/3712 2512/3738
f 2510/3741 2484/3710 2485/3711 2511/3740
f 2532/3742 2507/3743 2481/3709 2506/3708
f 2474/3715 2476/3714 2502/3744 2500/3745
f 2456/3717 2475/3716 2501/3746 2482/3747
f 2472/3718 2474/3715 2500/3745 2498/3748
f 2475/3716 2473/3719 2499/3749 2501/3746
f 2464/3720 2472/3718 2498/3748 2490/3750
f 2473/3719 2471/3721 2497/3751 2499/3749
f 2468/3723 2470/3722 2496/3752 2494/3753
f 2462/3725 2469/3724 2495/3754 2488/3755
f 2466/3726 2468/3723 2494/3753 2492/3756
f 2469/3724 2467/3727 2493/3757 2495/3754
f 2463/3728 2466/3726 2492/3756 2489/3758
f 2467/3727 2465/3729 2491/3759 2493/3757
f 2465/3729 2464/3720 2490/3750 2491/3759
f 2471/3721 2463/3728 2489/3758 2497/3751
f 2457/3730 2462/3725 2488/3755 2483/3760
f 2470/3722 2461/3731 2487/3761 2496/3752
f 2461/3731 2458/3732 2484/3762 2487/3761
f 2479/3733 2505/3763 2506/3708 2480/3706
f 2456/3717 2482/3747 2505/3764 2479/3734
f 2477/3735 2503/3765 2504/3766 2478/3736
f 2455/3707 2481/3709 2503/3767 2477/3737
f 2476/3714 2478/3736 2504/3766 2502/3744
f 2558/3342 2533/3336 2507/3743 2532/3742
f 2536/3768 2510/3741 2511/3740 2537/3769
f 2537/3769 2511/3740 2512/3738 2538/3770
f 2538/3770 2512/3738 2509/3739 2535/3771
f 2500/3745 2502/3744 2528/3772 2526/3773
f 2482/3747 2501/3746 2527/3774 2508/3775
f 2498/3748 2500/3745 2526/3773 2524/3776
f 2501/3746 2499/3749 2525/3777 2527/3774
f 2490/3750 2498/3748 2524/3776 2516/3778
f 2499/3749 2497/3751 2523/3779 2525/3777
f 2494/3753 2496/3752 2522/3780 2520/3781
f 2488/3755 2495/3754 2521/3782 2514/3783
f 2492/3756 2494/3753 2520/3781 2518/3784
f 2495/3754 2493/3757 2519/3785 2521/3782
f 2489/3758 2492/3756 2518/3784 2515/3786
f 2493/3757 2491/3759 2517/3787 2519/3785
f 2491/3759 2490/3750 2516/3778 2517/3787
f 2497/3751 2489/3758 2515/3786 2523/3779
f 2483/3760 2488/3755 2514/3783 2509/3788
f 2496/3752 2487/3761 2513/3789 2522/3780
f 2487/3761 2484/3762 2510/3790 2513/3789
f 2505/3763 2531/3791 2532/3742 2506/3708
f 2482/3747 2508/3775 2531/3792 2505/3764
f 2503/3765 2529/3793 2530/3794 2504/3766
f 2481/3709 2507/3743 2529/3795 2503/3767
f 2502/3744 2504/3766 2530/3794 2528/3772
f 2258/3411 2538/3770 2535/3771 2246/3416
f 2257/3403 2537/3769 2538/3770 2258/3411
f 2248/3402 2536/3768 2537/3769 2257/3403
f 2224/3315 2209/3292 2533/3336 2558/3342
f 2526/3773 2528/3772 2554/3223 2552/3645
f 2508/3775 2527/3774 2553/3630 2534/3339
f 2524/3776 2526/3773 2552/3645 2550/3629
f 2527/3774 2525/3777 2551/3621 2553/3630
f 2516/3778 2524/3776 2550/3629 2542/3576
f 2525/3777 2523/3779 2549/3540 2551/3621
f 2520/3781 2522/3780 2548/3453 2546/3604
f 2514/3783 2521/3782 2547/3603 2540/3469
f 2518/3784 2520/3781 2546/3604 2544/3588
f 2521/3782 2519/3785 2545/3580 2547/3603
f 2515/3786 2518/3784 2544/3588 2541/3541
f 2519/3785 2517/3787 2543/3575 2545/3580
f 2517/3787 2516/3778 2542/3576 2543/3575
f 2523/3779 2515/3786 2541/3541 2549/3540
f 2509/3788 2514/3783 2540/3469 2535/3468
f 2522/3780 2513/3789 2539/3363 2548/3453
f 2513/3789 2510/3790 2536/3364 2539/3363
f 2531/3791 2557/3341 2558/3342 2532/3742
f 2508/3775 2534/3339 2557/3340 2531/3792
f 2529/3793 2555/3338 2556/3224 2530/3794
f 2507/3743 2533/3336 2555/3337 2529/3795
f 2528/3772 2530/3794 2556/3224 2554/3223
f 2610/3796 2586/3797 2560/3701 2584/3647
f 2589/3798 2563/3702 2559/3705 2585/3799
f 2585/3800 2559/3698 2560/3701 2586/3797
f 2590/3801 2564/3650 2561/3697 2587/3802
f 2587/3803 2561/3692 2562/3695 2588/3804
f 2595/3805 2592/3806 2566/3690 2569/3680
f 2604/3807 2595/3805 2569/3680 2578/3663
f 2591/3808 2596/3809 2570/3666 2565/3678
f 2605/3810 2597/3811 2571/3674 2579/3660
f 2599/3812 2598/3813 2572/3658 2573/3676
f 2601/3814 2599/3812 2573/3676 2575/3672
f 2597/3811 2600/3815 2574/3670 2571/3674
f 2603/3816 2601/3814 2575/3672 2577/3667
f 2600/3815 2602/3817 2576/3662 2574/3670
f 2596/3809 2603/3816 2577/3667 2570/3666
f 2602/3817 2604/3807 2578/3663 2576/3662
f 2607/3818 2605/3810 2579/3660 2581/3656
f 2598/3813 2606/3819 2580/3654 2572/3658
f 2609/3820 2607/3818 2581/3656 2583/3651
f 2606/3819 2608/3821 2582/3646 2580/3654
f 2590/3801 2609/3820 2583/3651 2564/3650
f 2608/3821 2610/3796 2584/3647 2582/3646
f 2438/3683 2568/3822 2565/3823 2435/3684
f 2437/3687 2567/3824 2568/3822 2438/3683
f 2436/3689 2566/3825 2567/3824 2437/3687
f 2434/3694 2429/3703 2563/3702 2562/3695
f 2634/3826 2636/3827 2610/3796 2608/3821
f 2616/3828 2635/3829 2609/3820 2590/3801
f 2632/3830 2634/3826 2608/3821 2606/3819
f 2635/3829 2633/3831 2607/3818 2609/3820
f 2624/3832 2632/3830 2606/3819 2598/3813
f 2633/3831 2631/3833 2605/3810 2607/3818
f 2628/3834 2630/3835 2604/3807 2602/3817
f 2622/3836 2629/3837 2603/3816 2596/3809
f 2626/3838 2628/3834 2602/3817 2600/3815
f 2629/3837 2627/3839 2601/3814 2603/3816
f 2623/3840 2626/3838 2600/3815 2597/3811
f 2627/3839 2625/3841 2599/3812 2601/3814
f 2625/3841 2624/3832 2598/3813 2599/3812
f 2631/3833 2623/3840 2597/3811 2605/3810
f 2617/3842 2622/3836 2596/3809 2591/3808
f 2630/3835 2621/3843 2595/3805 2604/3807
f 2621/3843 2618/3844 2592/3806 2595/3805
f 2613/3845 2587/3803 2588/3804 2614/3846
f 2616/3828 2590/3801 2587/3802 2613/3847
f 2611/3848 2585/3800 2586/3797 2612/3849
f 2615/3850 2589/3798 2585/3799 2611/3851
f 2636/3827 2612/3849 2586/3797 2610/3796
f 2568/3822 2594/3852 2591/3853 2565/3823
f 2567/3824 2593/3854 2594/3852 2568/3822
f 2566/3825 2592/3855 2593/3854 2567/3824
f 2562/3695 2563/3702 2589/3798 2588/3804
f 2662/3856 2638/3857 2612/3849 2636/3827
f 2641/3220 2615/3850 2611/3851 2637/3858
f 2637/3859 2611/3848 2612/3849 2638/3857
f 2642/3860 2616/3828 2613/3847 2639/3861
f 2639/3862 2613/3845 2614/3846 2640/3219
f 2647/3863 2644/3864 2618/3844 2621/3843
f 2656/3865 2647/3863 2621/3843 2630/3835
f 2643/3866 2648/3867 2622/3836 2617/3842
f 2657/3868 2649/3869 2623/3840 2631/3833
f 2651/3870 2650/3871 2624/3832 2625/3841
f 2653/3872 2651/3870 2625/3841 2627/3839
f 2649/3869 2652/3873 2626/3838 2623/3840
f 2655/3874 2653/3872 2627/3839 2629/3837
f 2652/3873 2654/3875 2628/3834 2626/3838
f 2648/3867 2655/3874 2629/3837 2622/3836
f 2654/3875 2656/3865 2630/3835 2628/3834
f 2659/3876 2657/3868 2631/3833 2633/3831
f 2650/3871 2658/3877 2632/3830 2624/3832
f 2661/3878 2659/3876 2633/3831 2635/3829
f 2658/3877 2660/3879 2634/3826 2632/3830
f 2642/3860 2661/3878 2635/3829 2616/3828
f 2660/3879 2662/3856 2636/3827 2634/3826
f 2594/3852 2620/3880 2617/3881 2591/3853
f 2593/3854 2619/3882 2620/3880 2594/3852
f 2592/3855 2618/3883 2619/3882 2593/3854
f 2588/3804 2589/3798 2615/3850 2614/3846
f 2411/3612 2423/3636 2662/3856 2660/3879
f 2201/3278 2421/3330 2661/3878 2642/3860
f 2399/3556 2411/3612 2660/3879 2658/3877
f 2421/3330 2409/3643 2659/3876 2661/3878
f 2351/3557 2399/3556 2658/3877 2650/3871
f 2409/3643 2397/3627 2657/3868 2659/3876
f 2379/3582 2391/3601 2656/3865 2654/3875
f 2279/3379 2381/3444 2655/3874 2648/3867
f 2367/3571 2379/3582 2654/3875 2652/3873
f 2381/3444 2369/3610 2653/3872 2655/3874
f 2349/3572 2367/3571 2652/3873 2649/3869
f 2369/3610 2357/3594 2651/3870 2653/3872
f 2357/3594 2351/3557 2650/3871 2651/3870
f 2397/3627 2349/3572 2649/3869 2657/3868
f 2247/3380 2279/3379 2648/3867 2643/3866
f 2391/3601 2277/3465 2647/3863 2656/3865
f 2277/3465 2245/3464 2644/3864 2647/3863
f 2204/3284 2639/3862 2640/3219 2202/3222
f 2201/3278 2642/3860 2639/3861 2204/3279
f 2220/3307 2637/3859 2638/3857 2217/3304
f 2216/3221 2641/3220 2637/3858 2220/3301
f 2423/3636 2217/3304 2638/3857 2662/3856
f 2620/3880 2646/3414 2643/3419 2617/3881
f 2619/3882 2645/3408 2646/3414 2620/3880
f 2618/3883 2644/3405 2645/3408 2619/3882
f 2614/3846 2615/3850 2641/3220 2640/3219
f 2691/3884 2673/3885 2674/3886 2692/3887
f 2698/3888 2672/3889 2673/3890 2691/3891
f 2689/3892 2670/3893 2671/3894 2690/3895
f 2697/3896 2669/3897 2670/3898 2689/3899
f 2677/3900 2667/3901 2668/3902 2678/3903
f 2682/3904 2666/3905 2667/3906 2677/3907
f 2675/3908 2664/3909 2665/3910 2676/3911
f 2681/3912 2663/3913 2664/3914 2675/3915
f 2849/3916 2847/3917 2666/3905 2682/3904
f 2851/3918 2848/3919 2672/3889 2698/3888
f 2684/3920 2676/3911 2665/3910 2671/3894
f 2696/3921 2692/3887 2674/3886 2668/3902
f 2870/3922 2862/3923 2676/3911 2684/3920
f 2889/3924 2849/3916 2682/3904 2868/3925
f 2867/3926 2681/3912 2675/3915 2861/3927
f 2861/3928 2675/3908 2676/3911 2862/3923
f 2868/3925 2682/3904 2677/3907 2863/3929
f 2863/3930 2677/3900 2678/3903 2864/3931
f 2673/3885 2685/3932 2686/3933 2674/3886
f 2672/3889 2680/3934 2685/3935 2673/3890
f 2670/3893 2683/3936 2684/3920 2671/3894
f 2669/3897 2679/3937 2683/3938 2670/3898
f 2848/3919 2850/3939 2680/3934 2672/3889
f 2668/3902 2674/3886 2686/3933 2678/3903
f 2960/3940 2956/3941 2692/3887 2696/3921
f 2979/3942 2851/3918 2698/3888 2962/3943
f 2961/3944 2697/3896 2689/3899 2953/3945
f 2953/3946 2689/3892 2690/3895 2954/3947
f 2962/3943 2698/3888 2691/3891 2955/3948
f 2955/3949 2691/3884 2692/3887 2956/3941
f 2667/3901 2695/3950 2696/3921 2668/3902
f 2666/3905 2688/3951 2695/3952 2667/3906
f 2664/3909 2693/3953 2694/3954 2665/3910
f 2663/3913 2687/3955 2693/3956 2664/3914
f 2847/3917 2852/3957 2688/3951 2666/3905
f 2671/3894 2665/3910 2694/3954 2690/3895
f 2729/3958 2734/3959 2716/3960 2711/3961
f 2966/3962 2733/3963 2715/3964 2963/3965
f 2730/3966 2732/3967 2714/3968 2712/3969
f 2876/3970 2731/3971 2713/3972 2873/3973
f 2733/3963 2730/3966 2712/3969 2715/3964
f 2731/3971 2729/3958 2711/3961 2713/3972
f 2723/3974 2709/3975 2710/3976 2724/3977
f 2728/3978 2708/3979 2709/3980 2723/3981
f 2721/3982 2706/3983 2707/3984 2722/3985
f 2727/3986 2705/3987 2706/3988 2721/3989
f 2719/3990 2703/3991 2704/3992 2720/3993
f 2726/3994 2702/3995 2703/3996 2719/3997
f 2717/3998 2700/3999 2701/4000 2718/4001
f 2725/4002 2699/4003 2700/4004 2717/4005
f 2806/4006 2791/4007 2705/3987 2710/3976
f 3033/4008 2720/3993 2704/3992 3032/4009
f 2790/4010 2702/3995 2701/4000 2800/4011
f 2943/4012 2722/3985 2707/3984 2942/4013
f 2944/4014 2740/4015 2722/3985 2943/4012
f 3034/4016 2738/4017 2720/3993 3033/4008
f 2743/4018 2725/4002 2717/4005 2735/4019
f 2735/4020 2717/3998 2718/4001 2736/4021
f 2744/4022 2726/3994 2719/3997 2737/4023
f 2737/4024 2719/3990 2720/3993 2738/4017
f 2745/4025 2727/3986 2721/3989 2739/4026
f 2739/4027 2721/3982 2722/3985 2740/4015
f 2746/4028 2728/3978 2723/3981 2741/4029
f 2741/4030 2723/3974 2724/3977 2742/4031
f 2749/4032 2747/4033 2729/3958 2731/3971
f 2751/4034 2748/4035 2730/3966 2733/3963
f 2877/4036 2749/4032 2731/3971 2876/3970
f 2748/4035 2750/4037 2732/3967 2730/3966
f 2967/4038 2751/4034 2733/3963 2966/3962
f 2747/4033 2752/4039 2734/3959 2729/3958
f 2710/3976 2705/3987 2727/3986 2724/3977
f 2702/3995 2726/3994 2718/4001 2701/4000
f 2765/4040 2770/4041 2752/4039 2747/4033
f 2970/4042 2769/4043 2751/4034 2967/4038
f 2766/4044 2768/4045 2750/4037 2748/4035
f 2880/4046 2767/4047 2749/4032 2877/4036
f 2769/4043 2766/4044 2748/4035 2751/4034
f 2767/4047 2765/4040 2747/4033 2749/4032
f 2759/4048 2741/4030 2742/4031 2760/4049
f 2764/4050 2746/4028 2741/4029 2759/4051
f 2757/4052 2739/4027 2740/4015 2758/4053
f 2763/4054 2745/4025 2739/4026 2757/4055
f 2755/4056 2737/4024 2738/4017 2756/4057
f 2762/4058 2744/4022 2737/4023 2755/4059
f 2753/4060 2735/4020 2736/4021 2754/4061
f 2761/4062 2743/4018 2735/4019 2753/4063
f 3035/4064 2756/4057 2738/4017 3034/4016
f 2945/4065 2758/4053 2740/4015 2944/4014
f 2724/3977 2727/3986 2745/4025 2742/4031
f 2726/3994 2744/4022 2736/4021 2718/4001
f 2946/4066 2776/4067 2758/4053 2945/4065
f 3036/4068 2774/4069 2756/4057 3035/4064
f 2779/4070 2761/4062 2753/4063 2771/4071
f 2771/4072 2753/4060 2754/4061 2772/92
f 2780/89 2762/4058 2755/4059 2773/4073
f 2773/4074 2755/4056 2756/4057 2774/4069
f 2781/234 2763/4054 2757/4055 2775/4075
f 2775/4076 2757/4052 2758/4053 2776/4067
f 2782/4077 2764/4050 2759/4051 2777/4078
f 2777/4079 2759/4048 2760/4049 2778/233
f 2785/4080 2783/4081 2765/4040 2767/4047
f 2787/4082 2784/4083 2766/4044 2769/4043
f 2881/4084 2785/4080 2767/4047 2880/4046
f 2784/4083 2786/4085 2768/4045 2766/4044
f 2971/4086 2787/4082 2769/4043 2970/4042
f 2783/4081 2788/4087 2770/4041 2765/4040
f 2742/4031 2745/4025 2763/4054 2760/4049
f 2744/4022 2762/4058 2754/4061 2736/4021
f 2669/3897 2697/3896 2788/4087 2783/4081
f 2951/4088 2687/3955 2787/4082 2971/4086
f 2663/3913 2681/3912 2786/4085 2784/4083
f 2865/4089 2679/3937 2785/4080 2881/4084
f 2687/3955 2663/3913 2784/4083 2787/4082
f 2679/3937 2669/3897 2783/4081 2785/4080
f 256/650 2777/4079 2778/233 254/236
f 253/644 2782/4077 2777/4078 256/645
f 286/692 2775/4076 2776/4067 283/689
f 282/235 2781/234 2775/4075 286/686
f 202/573 2773/4074 2774/4069 199/570
f 198/90 2780/89 2773/4073 202/569
f 230/613 2771/4072 2772/92 227/91
f 226/609 2779/4070 2771/4071 230/610
f 3030/4090 199/570 2774/4069 3036/4068
f 2936/4091 283/689 2776/4067 2946/4066
f 2760/4049 2763/4054 2781/234 2778/233
f 2762/4058 2780/89 2772/92 2754/4061
f 2808/4092 2790/4010 2800/4011 2818/4093
f 2824/4094 2809/4095 2791/4007 2806/4006
f 2711/3961 2716/3960 2798/4096 2793/4097
f 2963/3965 2715/3964 2797/4098 2973/4099
f 2712/3969 2714/3968 2796/4100 2794/4101
f 2873/3973 2713/3972 2795/4102 2883/4103
f 2715/3964 2712/3969 2794/4101 2797/4098
f 2713/3972 2711/3961 2793/4097 2795/4102
f 2709/3975 2805/4104 2806/4006 2710/3976
f 2708/3979 2792/4105 2805/4106 2709/3980
f 2706/3983 2803/4107 2804/4108 2707/3984
f 2705/3987 2791/4007 2803/4109 2706/3988
f 2703/3991 2801/4110 2802/4111 2704/3992
f 2702/3995 2790/4010 2801/4112 2703/3996
f 2700/3999 2799/4113 2800/4011 2701/4000
f 2699/4003 2789/4114 2799/4115 2700/4004
f 3032/4009 2704/3992 2802/4111 3037/4116
f 2942/4013 2707/3984 2804/4108 2947/4117
f 2842/4118 2827/4119 2809/4095 2824/4094
f 2826/4120 2808/4092 2818/4093 2836/4121
f 2793/4097 2798/4096 2816/4122 2811/4123
f 2973/4099 2797/4098 2815/4124 2975/4125
f 2794/4101 2796/4100 2814/4126 2812/4127
f 2883/4103 2795/4102 2813/4128 2885/4129
f 2797/4098 2794/4101 2812/4127 2815/4124
f 2795/4102 2793/4097 2811/4123 2813/4128
f 2805/4104 2823/4130 2824/4094 2806/4006
f 2792/4105 2810/4131 2823/4132 2805/4106
f 2803/4107 2821/4133 2822/4134 2804/4108
f 2791/4007 2809/4095 2821/4135 2803/4109
f 2801/4110 2819/4136 2820/4137 2802/4111
f 2790/4010 2808/4092 2819/4138 2801/4112
f 2799/4113 2817/4139 2818/4093 2800/4011
f 2789/4114 2807/4140 2817/4141 2799/4115
f 3037/4116 2802/4111 2820/4137 3038/4142
f 2947/4117 2804/4108 2822/4134 2948/4143
f 2844/1367 2826/4120 2836/4121 2854/1366
f 2860/1395 2845/1389 2827/4119 2842/4118
f 2811/4123 2816/4122 2834/4144 2829/4145
f 2975/4125 2815/4124 2833/4146 2977/4147
f 2812/4127 2814/4126 2832/4148 2830/4149
f 2885/4129 2813/4128 2831/4150 2887/4151
f 2815/4124 2812/4127 2830/4149 2833/4146
f 2813/4128 2811/4123 2829/4145 2831/4150
f 2823/4130 2841/4152 2842/4118 2824/4094
f 2810/4131 2828/4153 2841/4154 2823/4132
f 2821/4133 2839/4155 2840/4156 2822/4134
f 2809/4095 2827/4119 2839/4157 2821/4135
f 2819/4136 2837/4158 2838/4159 2820/4137
f 2808/4092 2826/4120 2837/4160 2819/4138
f 2817/4139 2835/4161 2836/4121 2818/4093
f 2807/4140 2825/4162 2835/4163 2817/4141
f 3038/4142 2820/4137 2838/4159 3039/4164
f 2948/4143 2822/4134 2840/4156 2949/4165
f 290/700 261/658 2845/1389 2860/1395
f 233/617 2844/1367 2854/1366 205/578
f 2829/4145 2834/4144 2852/3957 2847/3917
f 2977/4147 2833/4146 2851/3918 2979/3942
f 2830/4149 2832/4148 2850/3939 2848/3919
f 2887/4151 2831/4150 2849/3916 2889/3924
f 2833/4146 2830/4149 2848/3919 2851/3918
f 2831/4150 2829/4145 2847/3917 2849/3916
f 2841/4152 2859/1394 2860/1395 2842/4118
f 2828/4153 2846/1392 2859/1393 2841/4154
f 2839/4155 2857/1391 2858/82 2840/4156
f 2827/4119 2845/1389 2857/1390 2839/4157
f 2837/4158 2855/1369 2856/222 2838/4159
f 2826/4120 2844/1367 2855/1368 2837/4160
f 2835/4161 2853/1365 2854/1366 2836/4121
f 2825/4162 2843/1363 2853/1364 2835/4163
f 3039/4164 2838/4159 2856/222 3040/221
f 2949/4165 2840/4156 2858/82 2950/81
f 2832/4148 2888/4166 2890/4167 2850/3939
f 2904/4168 2887/4151 2889/3924 2905/4169
f 2814/4126 2886/4170 2888/4166 2832/4148
f 2903/4171 2885/4129 2887/4151 2904/4168
f 2796/4100 2884/4172 2886/4170 2814/4126
f 2902/4173 2883/4103 2885/4129 2903/4171
f 2714/3968 2874/4174 2884/4172 2796/4100
f 2897/4175 2873/3973 2883/4103 2902/4173
f 2681/3912 2867/3926 2882/4176 2786/4085
f 2895/4177 2865/4089 2881/4084 2901/4178
f 2901/4178 2881/4084 2880/4046 2900/4179
f 2786/4085 2882/4176 2879/4180 2768/4045
f 2768/4045 2879/4180 2878/4181 2750/4037
f 2900/4179 2880/4046 2877/4036 2899/4182
f 2899/4182 2877/4036 2876/3970 2898/4183
f 2750/4037 2878/4181 2875/4184 2732/3967
f 2732/3967 2875/4184 2874/4174 2714/3968
f 2898/4183 2876/3970 2873/3973 2897/4175
f 2893/4185 2863/3930 2864/3931 2894/4186
f 2907/4187 2868/3925 2863/3929 2893/4188
f 2891/4189 2861/3928 2862/3923 2892/4190
f 2906/4191 2867/3926 2861/3927 2891/4192
f 2905/4169 2889/3924 2868/3925 2907/4187
f 2909/4193 2892/4190 2862/3923 2870/3922
f 2685/3932 2871/4194 2872/4195 2686/3933
f 2680/3934 2866/4196 2871/4197 2685/3935
f 2683/3936 2869/4198 2870/3922 2684/3920
f 2679/3937 2865/4089 2869/4199 2683/3938
f 2850/3939 2890/4167 2866/4196 2680/3934
f 2678/3903 2686/3933 2872/4195 2864/3931
f 2939/1373 2922/4200 2892/4190 2909/4193
f 2935/4201 2905/4169 2907/4187 2937/4202
f 2936/4091 2906/4191 2891/4192 2921/4203
f 2921/4204 2891/4189 2892/4190 2922/4200
f 2937/4202 2907/4187 2893/4188 2923/4205
f 2923/4206 2893/4185 2894/4186 2924/69
f 2928/4207 2898/4183 2897/4175 2927/4208
f 2929/4209 2899/4182 2898/4183 2928/4207
f 2930/4210 2900/4179 2899/4182 2929/4209
f 2931/4211 2901/4178 2900/4179 2930/4210
f 2925/1370 2895/4177 2901/4178 2931/4211
f 2927/4208 2897/4175 2902/4173 2932/4212
f 2932/4212 2902/4173 2903/4171 2933/4213
f 2933/4213 2903/4171 2904/4168 2934/4214
f 2934/4214 2904/4168 2905/4169 2935/4201
f 2888/4166 2919/4215 2920/4216 2890/4167
f 2886/4170 2918/4217 2919/4215 2888/4166
f 2884/4172 2917/4218 2918/4217 2886/4170
f 2874/4174 2912/4219 2917/4218 2884/4172
f 2867/3926 2906/4191 2916/4220 2882/4176
f 2882/4176 2916/4220 2915/4221 2879/4180
f 2879/4180 2915/4221 2914/4222 2878/4181
f 2878/4181 2914/4222 2913/4223 2875/4184
f 2875/4184 2913/4223 2912/4219 2874/4174
f 2871/4194 2910/4224 2911/4225 2872/4195
f 2866/4196 2896/4226 2910/4227 2871/4197
f 2869/4198 2908/4228 2909/4193 2870/3922
f 2865/4089 2895/4177 2908/4229 2869/4199
f 2890/4167 2920/4216 2896/4226 2866/4196
f 2864/3931 2872/4195 2911/4225 2894/4186
f 2828/4153 2934/4214 2935/4201 2846/1392
f 2810/4131 2933/4213 2934/4214 2828/4153
f 2792/4105 2932/4212 2933/4213 2810/4131
f 2708/3979 2927/4208 2932/4212 2792/4105
f 253/644 2925/1370 2931/4211 2782/4077
f 2782/4077 2931/4211 2930/4210 2764/4050
f 2764/4050 2930/4210 2929/4209 2746/4028
f 2746/4028 2929/4209 2928/4207 2728/3978
f 2728/3978 2928/4207 2927/4208 2708/3979
f 291/699 2923/4206 2924/69 289/72
f 288/693 2937/4202 2923/4205 291/694
f 287/685 2921/4204 2922/4200 281/682
f 283/689 2936/4091 2921/4203 287/690
f 2846/1392 2935/4201 2937/4202 288/693
f 255/651 281/682 2922/4200 2939/1373
f 2919/4215 2949/4165 2950/81 2920/4216
f 2918/4217 2948/4143 2949/4165 2919/4215
f 2917/4218 2947/4117 2948/4143 2918/4217
f 2912/4219 2942/4013 2947/4117 2917/4218
f 2906/4191 2936/4091 2946/4066 2916/4220
f 2916/4220 2946/4066 2945/4065 2915/4221
f 2915/4221 2945/4065 2944/4014 2914/4222
f 2914/4222 2944/4014 2943/4012 2913/4223
f 2913/4223 2943/4012 2942/4013 2912/4219
f 2910/4224 2940/1375 2941/70 2911/4225
f 2896/4226 2926/84 2940/1374 2910/4227
f 2908/4228 2938/1372 2939/1373 2909/4193
f 2895/4177 2925/1370 2938/1371 2908/4229
f 2920/4216 2950/81 2926/84 2896/4226
f 2894/4186 2911/4225 2941/70 2924/69
f 2834/4144 2978/4230 2980/4231 2852/3957
f 2994/4232 2977/4147 2979/3942 2995/4233
f 2816/4122 2976/4234 2978/4230 2834/4144
f 2993/4235 2975/4125 2977/4147 2994/4232
f 2798/4096 2974/4236 2976/4234 2816/4122
f 2992/4237 2973/4099 2975/4125 2993/4235
f 2716/3960 2964/4238 2974/4236 2798/4096
f 2987/4239 2963/3965 2973/4099 2992/4237
f 2697/3896 2961/3944 2972/4240 2788/4087
f 2981/4241 2951/4088 2971/4086 2991/4242
f 2991/4242 2971/4086 2970/4042 2990/4243
f 2788/4087 2972/4240 2969/4244 2770/4041
f 2770/4041 2969/4244 2968/4245 2752/4039
f 2990/4243 2970/4042 2967/4038 2989/4246
f 2989/4246 2967/4038 2966/3962 2988/4247
f 2752/4039 2968/4245 2965/4248 2734/3959
f 2734/3959 2965/4248 2964/4238 2716/3960
f 2988/4247 2966/3962 2963/3965 2987/4239
f 2985/4249 2955/3949 2956/3941 2986/4250
f 3001/4251 2962/3943 2955/3948 2985/4252
f 2983/4253 2953/3946 2954/3947 2984/4254
f 3000/4255 2961/3944 2953/3945 2983/4256
f 2995/4233 2979/3942 2962/3943 3001/4251
f 2999/4257 2986/4250 2956/3941 2960/3940
f 2695/3950 2959/4258 2960/3940 2696/3921
f 2688/3951 2952/4259 2959/4260 2695/3952
f 2693/3953 2957/4261 2958/4262 2694/3954
f 2687/3955 2951/4088 2957/4263 2693/3956
f 2852/3957 2980/4231 2952/4259 2688/3951
f 2690/3895 2694/3954 2958/4262 2954/3947
f 3029/1349 3016/4264 2986/4250 2999/4257
f 3025/4265 2995/4233 3001/4251 3031/4266
f 3030/4090 3000/4255 2983/4256 3013/4267
f 3013/4268 2983/4253 2984/4254 3014/73
f 3031/4266 3001/4251 2985/4252 3015/4269
f 3015/4270 2985/4249 2986/4250 3016/4264
f 3018/4271 2988/4247 2987/4239 3017/4272
f 3019/4273 2989/4246 2988/4247 3018/4271
f 3020/4274 2990/4243 2989/4246 3019/4273
f 3021/4275 2991/4242 2990/4243 3020/4274
f 3011/1344 2981/4241 2991/4242 3021/4275
f 3017/4272 2987/4239 2992/4237 3022/4276
f 3022/4276 2992/4237 2993/4235 3023/4277
f 3023/4277 2993/4235 2994/4232 3024/4278
f 3024/4278 2994/4232 2995/4233 3025/4265
f 2978/4230 3009/4279 3010/4280 2980/4231
f 2976/4234 3008/4281 3009/4279 2978/4230
f 2974/4236 3007/4282 3008/4281 2976/4234
f 2964/4238 3002/4283 3007/4282 2974/4236
f 2961/3944 3000/4255 3006/4284 2972/4240
f 2972/4240 3006/4284 3005/4285 2969/4244
f 2969/4244 3005/4285 3004/4286 2968/4245
f 2968/4245 3004/4286 3003/4287 2965/4248
f 2965/4248 3003/4287 3002/4283 2964/4238
f 2959/4258 2998/4288 2999/4257 2960/3940
f 2952/4259 2982/4289 2998/4290 2959/4260
f 2957/4261 2996/4291 2997/4292 2958/4262
f 2951/4088 2981/4241 2996/4293 2957/4263
f 2980/4231 3010/4280 2982/4289 2952/4259
f 2954/3947 2958/4262 2997/4292 2984/4254
f 2825/4162 3024/4278 3025/4265 2843/1363
f 2807/4140 3023/4277 3024/4278 2825/4162
f 2789/4114 3022/4276 3023/4277 2807/4140
f 2699/4003 3017/4272 3022/4276 2789/4114
f 226/609 3011/1344 3021/4275 2779/4070
f 2779/4070 3021/4275 3020/4274 2761/4062
f 2761/4062 3020/4274 3019/4273 2743/4018
f 2743/4018 3019/4273 3018/4271 2725/4002
f 2725/4002 3018/4271 3017/4272 2699/4003
f 210/577 3015/4270 3016/4264 204/574
f 206/582 3031/4266 3015/4269 210/583
f 203/568 3013/4268 3014/73 197/76
f 199/570 3030/4090 3013/4267 203/571
f 2843/1363 3025/4265 3031/4266 206/582
f 234/621 204/574 3016/4264 3029/1349
f 3009/4279 3039/4164 3040/221 3010/4280
f 3008/4281 3038/4142 3039/4164 3009/4279
f 3007/4282 3037/4116 3038/4142 3008/4281
f 3002/4283 3032/4009 3037/4116 3007/4282
f 3000/4255 3030/4090 3036/4068 3006/4284
f 3006/4284 3036/4068 3035/4064 3005/4285
f 3005/4285 3035/4064 3034/4016 3004/4286
f 3004/4286 3034/4016 3033/4008 3003/4287
f 3003/4287 3033/4008 3032/4009 3002/4283
f 2998/4288 3028/1348 3029/1349 2999/4257
f 2982/4289 3012/224 3028/1347 2998/4290
f 2996/4291 3026/1346 3027/74 2997/4292
f 2981/4241 3011/1344 3026/1345 2996/4293
f 3010/4280 3040/221 3012/224 2982/4289
f 2984/4254 2997/4292 3027/74 3014/73
f 3082/4294 3084/4295 3062/4296 3060/4297
f 3074/4298 3083/4299 3061/4300 3052/4301
f 3075/4302 3082/4294 3060/4297 3053/4303
f 3083/4299 3081/4304 3059/4305 3061/4300
f 3078/4306 3080/4307 3058/4308 3056/4309
f 3067/4310 3079/4311 3057/4312 3041/4313
f 3076/4314 3078/4306 3056/4309 3054/4315
f 3079/4311 3077/4316 3055/4317 3057/4312
f 3081/4304 3076/4314 3054/4315 3059/4305
f 3077/4316 3075/4302 3053/4303 3055/4317
f 3069/4318 3074/4298 3052/4301 3047/4319
f 3084/4295 3073/4320 3051/4321 3062/4296
f 3072/4322 3069/4318 3047/4319 3050/4323
f 3071/4324 3072/4322 3050/4323 3049/4325
f 3070/4326 3071/4324 3049/4325 3048/4327
f 3073/4320 3070/4328 3048/4329 3051/4321
f 3065/4330 3045/4331 3046/4332 3066/4333
f 3068/4334 3044/4335 3045/4336 3065/4337
f 3063/4338 3042/4339 3043/4340 3064/4341
f 3067/4310 3041/4313 3042/4342 3063/4343
f 3080/4307 3066/4333 3046/4332 3058/4308
f 3152/4344 3044/4335 3043/4340 3170/4345
f 3102/4346 3088/4347 3066/4333 3080/4307
f 3089/4348 3067/4310 3063/4343 3085/4349
f 3085/4350 3063/4338 3064/4341 3086/4351
f 3090/4352 3068/4334 3065/4337 3087/4353
f 3087/4354 3065/4330 3066/4333 3088/4347
f 3095/4355 3092/4356 3070/4328 3073/4320
f 3092/4357 3093/4358 3071/4324 3070/4326
f 3093/4358 3094/4359 3072/4322 3071/4324
f 3094/4359 3091/4360 3069/4318 3072/4322
f 3106/4361 3095/4355 3073/4320 3084/4295
f 3091/4360 3096/4362 3074/4298 3069/4318
f 3099/4363 3097/4364 3075/4302 3077/4316
f 3103/4365 3098/4366 3076/4314 3081/4304
f 3101/4367 3099/4363 3077/4316 3079/4311
f 3098/4366 3100/4368 3078/4306 3076/4314
f 3089/4348 3101/4367 3079/4311 3067/4310
f 3100/4368 3102/4346 3080/4307 3078/4306
f 3105/4369 3103/4365 3081/4304 3083/4299
f 3097/4364 3104/4370 3082/4294 3075/4302
f 3096/4362 3105/4369 3083/4299 3074/4298
f 3104/4370 3106/4361 3084/4295 3082/4294
f 3044/4335 3068/4334 3064/4341 3043/4340
f 3126/4371 3128/4372 3106/4361 3104/4370
f 3118/4373 3127/4374 3105/4369 3096/4362
f 3119/4375 3126/4371 3104/4370 3097/4364
f 3127/4374 3125/4376 3103/4365 3105/4369
f 3122/4377 3124/4378 3102/4346 3100/4368
f 3111/4379 3123/4380 3101/4367 3089/4348
f 3120/4381 3122/4377 3100/4368 3098/4366
f 3123/4380 3121/4382 3099/4363 3101/4367
f 3125/4376 3120/4381 3098/4366 3103/4365
f 3121/4382 3119/4375 3097/4364 3099/4363
f 3113/4383 3118/4373 3096/4362 3091/4360
f 3128/4372 3117/4384 3095/4355 3106/4361
f 3116/4385 3113/4383 3091/4360 3094/4359
f 3115/4386 3116/4385 3094/4359 3093/4358
f 3114/4387 3115/4386 3093/4358 3092/4357
f 3117/4384 3114/4388 3092/4356 3095/4355
f 3109/4389 3087/4354 3088/4347 3110/4390
f 3112/4391 3090/4352 3087/4353 3109/4392
f 3107/4393 3085/4350 3086/4351 3108/4394
f 3111/4379 3089/4348 3085/4349 3107/4395
f 3124/4378 3110/4390 3088/4347 3102/4346
f 3068/4334 3090/4352 3086/4351 3064/4341
f 3146/4396 3132/4397 3110/4390 3124/4378
f 3133/4398 3111/4379 3107/4395 3129/4399
f 3129/4400 3107/4393 3108/4394 3130/3230
f 3134/3227 3112/4391 3109/4392 3131/4401
f 3131/4402 3109/4389 3110/4390 3132/4397
f 3139/4403 3136/4404 3114/4388 3117/4384
f 3136/4405 3137/4406 3115/4386 3114/4387
f 3137/4406 3138/4407 3116/4385 3115/4386
f 3138/4407 3135/4408 3113/4383 3116/4385
f 3150/4409 3139/4403 3117/4384 3128/4372
f 3135/4408 3140/4410 3118/4373 3113/4383
f 3143/4411 3141/4412 3119/4375 3121/4382
f 3147/4413 3142/4414 3120/4381 3125/4376
f 3145/4415 3143/4411 3121/4382 3123/4380
f 3142/4414 3144/4416 3122/4377 3120/4381
f 3133/4398 3145/4415 3123/4380 3111/4379
f 3144/4416 3146/4396 3124/4378 3122/4377
f 3149/4417 3147/4413 3125/4376 3127/4374
f 3141/4412 3148/4418 3126/4371 3119/4375
f 3140/4410 3149/4417 3127/4374 3118/4373
f 3148/4418 3150/4409 3128/4372 3126/4371
f 3090/4352 3112/4391 3108/4394 3086/4351
f 2327/3501 2339/3527 3150/4409 3148/4418
f 2271/3355 2337/3425 3149/4417 3140/4410
f 2285/3502 2327/3501 3148/4418 3141/4412
f 2337/3425 2325/3537 3147/4413 3149/4417
f 2307/3482 2319/3511 3146/4396 3144/4416
f 2188/3260 2309/3317 3145/4415 3133/4398
f 2295/3483 2307/3482 3144/4416 3142/4414
f 2309/3317 2297/3521 3143/4411 3145/4415
f 2325/3537 2295/3483 3142/4414 3147/4413
f 2297/3521 2285/3502 3141/4412 3143/4411
f 2235/3356 2271/3355 3140/4410 3135/4408
f 2339/3527 2261/3440 3139/4403 3150/4409
f 2256/3400 2235/3356 3135/4408 3138/4407
f 2254/3397 2256/3400 3138/4407 3137/4406
f 2229/3398 2254/3397 3137/4406 3136/4405
f 2261/3440 2229/3439 3136/4404 3139/4403
f 2178/3244 3131/4402 3132/4397 2175/3241
f 2174/3228 3134/3227 3131/4401 2178/3238
f 2192/3266 3129/4400 3130/3230 2189/3229
f 2188/3260 3133/4398 3129/4399 2192/3261
f 2319/3511 2175/3241 3132/4397 3146/4396
f 3112/4391 3134/3227 3130/3230 3108/4394
f 3174/4419 3152/4344 3170/4345 3192/4420
f 3060/4297 3062/4296 3168/4421 3166/4422
f 3052/4301 3061/4300 3167/4423 3158/4424
f 3053/4303 3060/4297 3166/4422 3159/4425
f 3061/4300 3059/4305 3165/4426 3167/4423
f 3056/4309 3058/4308 3164/4427 3162/4428
f 3041/4313 3057/4312 3163/4429 3151/4430
f 3054/4315 3056/4309 3162/4428 3160/4431
f 3057/4312 3055/4317 3161/4432 3163/4429
f 3059/4305 3054/4315 3160/4431 3165/4426
f 3055/4317 3053/4303 3159/4425 3161/4432
f 3047/4319 3052/4301 3158/4424 3153/4433
f 3062/4296 3051/4321 3157/4434 3168/4421
f 3050/4323 3047/4319 3153/4433 3156/4435
f 3049/4325 3050/4323 3156/4435 3155/4436
f 3048/4327 3049/4325 3155/4436 3154/4437
f 3051/4321 3048/4329 3154/4438 3157/4434
f 3045/4331 3171/4439 3172/4440 3046/4332
f 3044/4335 3152/4344 3171/4441 3045/4336
f 3042/4339 3169/4442 3170/4345 3043/4340
f 3041/4313 3151/4430 3169/4443 3042/4342
f 3058/4308 3046/4332 3172/4440 3164/4427
f 3196/4444 3174/4419 3192/4420 3214/4445
f 3166/4422 3168/4421 3190/4446 3188/4447
f 3158/4424 3167/4423 3189/4448 3180/4449
f 3159/4425 3166/4422 3188/4447 3181/4450
f 3167/4423 3165/4426 3187/4451 3189/4448
f 3162/4428 3164/4427 3186/4452 3184/4453
f 3151/4430 3163/4429 3185/4454 3173/4455
f 3160/4431 3162/4428 3184/4453 3182/4456
f 3163/4429 3161/4432 3183/4457 3185/4454
f 3165/4426 3160/4431 3182/4456 3187/4451
f 3161/4432 3159/4425 3181/4450 3183/4457
f 3153/4433 3158/4424 3180/4449 3175/4458
f 3168/4421 3157/4434 3179/4459 3190/4446
f 3156/4435 3153/4433 3175/4458 3178/4460
f 3155/4436 3156/4435 3178/4460 3177/4461
f 3154/4437 3155/4436 3177/4461 3176/4462
f 3157/4434 3154/4438 3176/4463 3179/4459
f 3171/4439 3193/4464 3194/4465 3172/4440
f 3152/4344 3174/4419 3193/4466 3171/4441
f 3169/4442 3191/4467 3192/4420 3170/4345
f 3151/4430 3173/4455 3191/4468 3169/4443
f 3164/4427 3172/4440 3194/4465 3186/4452
f 3218/3327 3196/4444 3214/4445 3236/3326
f 3188/4447 3190/4446 3212/4469 3210/4470
f 3180/4449 3189/4448 3211/4471 3202/4472
f 3181/4450 3188/4447 3210/4470 3203/4473
f 3189/4448 3187/4451 3209/4474 3211/4471
f 3184/4453 3186/4452 3208/4475 3206/4476
f 3173/4455 3185/4454 3207/4477 3195/4478
f 3182/4456 3184/4453 3206/4476 3204/4479
f 3185/4454 3183/4457 3205/4480 3207/4477
f 3187/4451 3182/4456 3204/4479 3209/4474
f 3183/4457 3181/4450 3203/4473 3205/4480
f 3175/4458 3180/4449 3202/4472 3197/4481
f 3190/4446 3179/4459 3201/4482 3212/4469
f 3178/4460 3175/4458 3197/4481 3200/4483
f 3177/4461 3178/4460 3200/4483 3199/4484
f 3176/4462 3177/4461 3199/4484 3198/4485
f 3179/4459 3176/4463 3198/4486 3201/4482
f 3193/4464 3215/4487 3216/4488 3194/4465
f 3174/4419 3196/4444 3215/4489 3193/4466
f 3191/4467 3213/4490 3214/4445 3192/4420
f 3173/4455 3195/4478 3213/4491 3191/4468
f 3186/4452 3194/4465 3216/4488 3208/4475
f 2195/3270 3218/3327 3236/3326 2181/3249
f 3210/4470 3212/4469 3234/3421 3232/3539
f 3202/4472 3211/4471 3233/3525 3224/3443
f 3203/4473 3210/4470 3232/3539 3225/3489
f 3211/4471 3209/4474 3231/3505 3233/3525
f 3206/4476 3208/4475 3230/3231 3228/3523
f 3195/4478 3207/4477 3229/3508 3217/3323
f 3204/4479 3206/4476 3228/3523 3226/3506
f 3207/4477 3205/4480 3227/3488 3229/3508
f 3209/4474 3204/4479 3226/3506 3231/3505
f 3205/4480 3203/4473 3225/3489 3227/3488
f 3197/4481 3202/4472 3224/3443 3219/3394
f 3212/4469 3201/4482 3223/3361 3234/3421
f 3200/4483 3197/4481 3219/3394 3222/3393
f 3199/4484 3200/4483 3222/3393 3221/3392
f 3198/4485 3199/4484 3221/3392 3220/3391
f 3201/4482 3198/4486 3220/3362 3223/3361
f 3215/4487 3237/3329 3238/3232 3216/4488
f 3196/4444 3218/3327 3237/3328 3215/4489
f 3213/4490 3235/3325 3236/3326 3214/4445
f 3195/4478 3217/3323 3235/3324 3213/4491
f 3208/4475 3216/4488 3238/3232 3230/3231
f 3416/4492 3418/4493 3268/4494 3266/4495
f 3397/4496 3417/4497 3267/4498 3239/4499
f 3414/4500 3416/4492 3266/4495 3264/4501
f 3417/4497 3415/4502 3265/4503 3267/4498
f 3412/4504 3414/4500 3264/4501 3262/4505
f 3415/4502 3413/4506 3263/4507 3265/4503
f 3401/4508 3412/4504 3262/4505 3251/4509
f 3413/4506 3411/4510 3261/4511 3263/4507
f 3408/4512 3410/4513 3260/4514 3258/4515
f 3400/4516 3409/4517 3259/4518 3248/4519
f 3406/4520 3408/4512 3258/4515 3256/4521
f 3409/4517 3407/4522 3257/4523 3259/4518
f 3404/4524 3406/4520 3256/4521 3254/4525
f 3407/4522 3405/4526 3255/4527 3257/4523
f 3402/4528 3404/4524 3254/4525 3252/4529
f 3405/4526 3403/4530 3253/4531 3255/4527
f 3411/4510 3402/4528 3252/4529 3261/4511
f 3403/4530 3401/4508 3251/4509 3253/4531
f 3395/4532 3249/4533 3250/4534 3396/4535
f 3400/4516 3248/4519 3249/4536 3395/4537
f 3393/4538 3246/4539 3247/4540 3394/4541
f 3399/4542 3245/4543 3246/4544 3393/4545
f 3391/4546 3243/4547 3244/4548 3392/4549
f 3398/4550 3242/4551 3243/4552 3391/4553
f 3389/4554 3240/4555 3241/4556 3390/4557
f 3397/4496 3239/4499 3240/4558 3389/4559
f 3298/4560 3271/4561 3245/4543 3250/4534
f 3418/4493 3392/4549 3244/4548 3268/4494
f 3270/4562 3242/4551 3241/4556 3292/4563
f 3410/4513 3394/4541 3247/4540 3260/4514
f 3300/4564 3270/4562 3292/4563 3322/4565
f 3328/4566 3301/4567 3271/4561 3298/4560
f 3266/4495 3268/4494 3290/4568 3288/4569
f 3239/4499 3267/4498 3289/4570 3269/4571
f 3264/4501 3266/4495 3288/4569 3286/4572
f 3267/4498 3265/4503 3287/4573 3289/4570
f 3262/4505 3264/4501 3286/4572 3284/4574
f 3265/4503 3263/4507 3285/4575 3287/4573
f 3251/4509 3262/4505 3284/4574 3273/4576
f 3263/4507 3261/4511 3283/4577 3285/4575
f 3258/4515 3260/4514 3282/4578 3280/4579
f 3248/4519 3259/4518 3281/4580 3272/4581
f 3256/4521 3258/4515 3280/4579 3278/4582
f 3259/4518 3257/4523 3279/4583 3281/4580
f 3254/4525 3256/4521 3278/4582 3276/4584
f 3257/4523 3255/4527 3277/4585 3279/4583
f 3252/4529 3254/4525 3276/4584 3274/4586
f 3255/4527 3253/4531 3275/4587 3277/4585
f 3261/4511 3252/4529 3274/4586 3283/4577
f 3253/4531 3251/4509 3273/4576 3275/4587
f 3249/4533 3297/4588 3298/4560 3250/4534
f 3248/4519 3272/4581 3297/4589 3249/4536
f 3246/4539 3295/4590 3296/4591 3247/4540
f 3245/4543 3271/4561 3295/4592 3246/4544
f 3243/4547 3293/4593 3294/4594 3244/4548
f 3242/4551 3270/4562 3293/4595 3243/4552
f 3240/4555 3291/4596 3292/4563 3241/4556
f 3239/4499 3269/4571 3291/4597 3240/4558
f 3268/4494 3244/4548 3294/4594 3290/4568
f 3260/4514 3247/4540 3296/4591 3282/4578
f 3358/4598 3331/4599 3301/4567 3328/4566
f 3330/4600 3300/4564 3322/4565 3352/4601
f 3288/4569 3290/4568 3320/4602 3318/4603
f 3269/4571 3289/4570 3319/4604 3299/4605
f 3286/4572 3288/4569 3318/4603 3316/4606
f 3289/4570 3287/4573 3317/4607 3319/4604
f 3284/4574 3286/4572 3316/4606 3314/4608
f 3287/4573 3285/4575 3315/4609 3317/4607
f 3273/4576 3284/4574 3314/4608 3303/4610
f 3285/4575 3283/4577 3313/4611 3315/4609
f 3280/4579 3282/4578 3312/4612 3310/4613
f 3272/4581 3281/4580 3311/4614 3302/4615
f 3278/4582 3280/4579 3310/4613 3308/4616
f 3281/4580 3279/4583 3309/4617 3311/4614
f 3276/4584 3278/4582 3308/4616 3306/4618
f 3279/4583 3277/4585 3307/4619 3309/4617
f 3274/4586 3276/4584 3306/4618 3304/4620
f 3277/4585 3275/4587 3305/4621 3307/4619
f 3283/4577 3274/4586 3304/4620 3313/4611
f 3275/4587 3273/4576 3303/4610 3305/4621
f 3297/4588 3327/4622 3328/4566 3298/4560
f 3272/4581 3302/4615 3327/4623 3297/4589
f 3295/4590 3325/4624 3326/4625 3296/4591
f 3271/4561 3301/4567 3325/4626 3295/4592
f 3293/4593 3323/4627 3324/4628 3294/4594
f 3270/4562 3300/4564 3323/4629 3293/4595
f 3291/4596 3321/4630 3322/4565 3292/4563
f 3269/4571 3299/4605 3321/4631 3291/4597
f 3290/4568 3294/4594 3324/4628 3320/4602
f 3282/4578 3296/4591 3326/4625 3312/4612
f 3360/1360 3330/4600 3352/4601 3382/1359
f 3388/1388 3361/1382 3331/4599 3358/4598
f 3318/4603 3320/4602 3350/4632 3348/4633
f 3299/4605 3319/4604 3349/4634 3329/4635
f 3316/4606 3318/4603 3348/4633 3346/4636
f 3319/4604 3317/4607 3347/4637 3349/4634
f 3314/4608 3316/4606 3346/4636 3344/4638
f 3317/4607 3315/4609 3345/4639 3347/4637
f 3303/4610 3314/4608 3344/4638 3333/4640
f 3315/4609 3313/4611 3343/4641 3345/4639
f 3310/4613 3312/4612 3342/4642 3340/4643
f 3302/4615 3311/4614 3341/4644 3332/4645
f 3308/4616 3310/4613 3340/4643 3338/4646
f 3311/4614 3309/4617 3339/4647 3341/4644
f 3306/4618 3308/4616 3338/4646 3336/4648
f 3309/4617 3307/4619 3337/4649 3339/4647
f 3304/4620 3306/4618 3336/4648 3334/4650
f 3307/4619 3305/4621 3335/4651 3337/4649
f 3313/4611 3304/4620 3334/4650 3343/4641
f 3305/4621 3303/4610 3333/4640 3335/4651
f 3327/4622 3357/4652 3358/4598 3328/4566
f 3302/4615 3332/4645 3357/4653 3327/4623
f 3325/4624 3355/4654 3356/4655 3326/4625
f 3301/4567 3331/4599 3355/4656 3325/4626
f 3323/4627 3353/4657 3354/4658 3324/4628
f 3300/4564 3330/4600 3353/4659 3323/4629
f 3321/4630 3351/4660 3352/4601 3322/4565
f 3299/4605 3329/4635 3351/4661 3321/4631
f 3320/4602 3324/4628 3354/4658 3350/4632
f 3312/4612 3326/4625 3356/4655 3342/4642
f 304/720 275/677 3361/1382 3388/1388
f 247/636 3360/1360 3382/1359 219/598
f 3348/4633 3350/4632 3380/217 3378/1706
f 3329/4635 3349/4634 3379/1692 3359/1356
f 3346/4636 3348/4633 3378/1706 3376/1690
f 3349/4634 3347/4637 3377/1681 3379/1692
f 3344/4638 3346/4636 3376/1690 3374/1672
f 3347/4637 3345/4639 3375/1657 3377/1681
f 3333/4640 3344/4638 3374/1672 3363/1598
f 3345/4639 3343/4641 3373/1599 3375/1657
f 3340/4643 3342/4642 3372/77 3370/1654
f 3332/4645 3341/4644 3371/1640 3362/1385
f 3338/4646 3340/4643 3370/1654 3368/1638
f 3341/4644 3339/4647 3369/1629 3371/1640
f 3336/4648 3338/4646 3368/1638 3366/1620
f 3339/4647 3337/4649 3367/1605 3369/1629
f 3334/4650 3336/4648 3366/1620 3364/1600
f 3337/4649 3335/4651 3365/1597 3367/1605
f 3343/4641 3334/4650 3364/1600 3373/1599
f 3335/4651 3333/4640 3363/1598 3365/1597
f 3357/4652 3387/1387 3388/1388 3358/4598
f 3332/4645 3362/1385 3387/1386 3357/4653
f 3355/4654 3385/1384 3386/78 3356/4655
f 3331/4599 3361/1382 3385/1383 3355/4656
f 3353/4657 3383/1362 3384/218 3354/4658
f 3330/4600 3360/1360 3383/1361 3353/4659
f 3351/4660 3381/1358 3382/1359 3352/4601
f 3329/4635 3359/1356 3381/1357 3351/4661
f 3350/4632 3354/4658 3384/218 3380/217
f 3342/4642 3356/4655 3386/78 3372/77
f 3440/4662 3424/4663 3394/4541 3410/4513
f 3448/4664 3422/4665 3392/4549 3418/4493
f 3427/4666 3397/4496 3389/4559 3419/4667
f 3419/4668 3389/4554 3390/4557 3420/4669
f 3428/4670 3398/4550 3391/4553 3421/4671
f 3421/4672 3391/4546 3392/4549 3422/4665
f 3429/4673 3399/4542 3393/4545 3423/4674
f 3423/4675 3393/4538 3394/4541 3424/4663
f 3430/4676 3400/4516 3395/4537 3425/4677
f 3425/4678 3395/4532 3396/4535 3426/4679
f 3433/4680 3431/4681 3401/4508 3403/4530
f 3441/4682 3432/4683 3402/4528 3411/4510
f 3435/4684 3433/4680 3403/4530 3405/4526
f 3432/4683 3434/4685 3404/4524 3402/4528
f 3437/4686 3435/4684 3405/4526 3407/4522
f 3434/4685 3436/4687 3406/4520 3404/4524
f 3439/4688 3437/4686 3407/4522 3409/4517
f 3436/4687 3438/4689 3408/4512 3406/4520
f 3430/4676 3439/4688 3409/4517 3400/4516
f 3438/4689 3440/4662 3410/4513 3408/4512
f 3443/4690 3441/4682 3411/4510 3413/4506
f 3431/4681 3442/4691 3412/4504 3401/4508
f 3445/4692 3443/4690 3413/4506 3415/4502
f 3442/4691 3444/4693 3414/4500 3412/4504
f 3447/4694 3445/4692 3415/4502 3417/4497
f 3444/4693 3446/4695 3416/4492 3414/4500
f 3427/4666 3447/4694 3417/4497 3397/4496
f 3446/4695 3448/4664 3418/4493 3416/4492
f 3250/4534 3245/4543 3399/4542 3396/4535
f 3242/4551 3398/4550 3390/4557 3241/4556
f 3476/4696 3478/4697 3448/4664 3446/4695
f 3457/4698 3477/4699 3447/4694 3427/4666
f 3474/4700 3476/4696 3446/4695 3444/4693
f 3477/4699 3475/4701 3445/4692 3447/4694
f 3472/4702 3474/4700 3444/4693 3442/4691
f 3475/4701 3473/4703 3443/4690 3445/4692
f 3461/4704 3472/4702 3442/4691 3431/4681
f 3473/4703 3471/4705 3441/4682 3443/4690
f 3468/4706 3470/4707 3440/4662 3438/4689
f 3460/4708 3469/4709 3439/4688 3430/4676
f 3466/4710 3468/4706 3438/4689 3436/4687
f 3469/4709 3467/4711 3437/4686 3439/4688
f 3464/4712 3466/4710 3436/4687 3434/4685
f 3467/4711 3465/4713 3435/4684 3437/4686
f 3462/4714 3464/4712 3434/4685 3432/4683
f 3465/4713 3463/4715 3433/4680 3435/4684
f 3471/4705 3462/4714 3432/4683 3441/4682
f 3463/4715 3461/4704 3431/4681 3433/4680
f 3455/4716 3425/4678 3426/4679 3456/4717
f 3460/4708 3430/4676 3425/4677 3455/4718
f 3453/4719 3423/4675 3424/4663 3454/4720
f 3459/4721 3429/4673 3423/4674 3453/4722
f 3451/4723 3421/4672 3422/4665 3452/4724
f 3458/4725 3428/4670 3421/4671 3451/4726
f 3449/4727 3419/4668 3420/4669 3450/4728
f 3457/4698 3427/4666 3419/4667 3449/4729
f 3478/4697 3452/4724 3422/4665 3448/4664
f 3470/4707 3454/4720 3424/4663 3440/4662
f 3396/4535 3399/4542 3429/4673 3426/4679
f 3398/4550 3428/4670 3420/4669 3390/4557
f 3500/4730 3484/4731 3454/4720 3470/4707
f 3508/4732 3482/4733 3452/4724 3478/4697
f 3487/4734 3457/4698 3449/4729 3479/4735
f 3479/4736 3449/4727 3450/4728 3480/88
f 3488/85 3458/4725 3451/4726 3481/4737
f 3481/4738 3451/4723 3452/4724 3482/4733
f 3489/230 3459/4721 3453/4722 3483/4739
f 3483/4740 3453/4719 3454/4720 3484/4731
f 3490/4741 3460/4708 3455/4718 3485/4742
f 3485/4743 3455/4716 3456/4717 3486/229
f 3493/4744 3491/4745 3461/4704 3463/4715
f 3501/4746 3492/4747 3462/4714 3471/4705
f 3495/4748 3493/4744 3463/4715 3465/4713
f 3492/4747 3494/4749 3464/4712 3462/4714
f 3497/4750 3495/4748 3465/4713 3467/4711
f 3494/4749 3496/4751 3466/4710 3464/4712
f 3499/4752 3497/4750 3467/4711 3469/4709
f 3496/4751 3498/4753 3468/4706 3466/4710
f 3490/4741 3499/4752 3469/4709 3460/4708
f 3498/4753 3500/4730 3470/4707 3468/4706
f 3503/4754 3501/4746 3471/4705 3473/4703
f 3491/4745 3502/4755 3472/4702 3461/4704
f 3505/4756 3503/4754 3473/4703 3475/4701
f 3502/4755 3504/4757 3474/4700 3472/4702
f 3507/4758 3505/4756 3475/4701 3477/4699
f 3504/4757 3506/4759 3476/4696 3474/4700
f 3487/4734 3507/4758 3477/4699 3457/4698
f 3506/4759 3508/4732 3478/4697 3476/4696
f 3426/4679 3429/4673 3459/4721 3456/4717
f 3428/4670 3458/4725 3450/4728 3420/4669
f 767/1679 779/1694 3508/4732 3506/4759
f 240/628 769/1350 3507/4758 3487/4734
f 755/1659 767/1679 3506/4759 3504/4757
f 769/1350 757/1704 3505/4756 3507/4758
f 743/1577 755/1659 3504/4757 3502/4755
f 757/1704 745/1688 3503/4754 3505/4756
f 679/1578 743/1577 3502/4755 3491/4745
f 745/1688 733/1670 3501/4746 3503/4754
f 715/1627 727/1642 3500/4730 3498/4753
f 267/663 725/1376 3499/4752 3490/4741
f 703/1607 715/1627 3498/4753 3496/4751
f 725/1376 713/1652 3497/4750 3499/4752
f 691/1593 703/1607 3496/4751 3494/4749
f 713/1652 701/1636 3495/4748 3497/4750
f 673/1594 691/1593 3494/4749 3492/4747
f 701/1636 689/1618 3493/4744 3495/4748
f 733/1670 673/1594 3492/4747 3501/4746
f 689/1618 679/1578 3491/4745 3493/4744
f 270/669 3485/4743 3486/229 268/232
f 267/663 3490/4741 3485/4742 270/664
f 300/712 3483/4740 3484/4731 297/709
f 296/231 3489/230 3483/4739 300/706
f 216/593 3481/4738 3482/4733 213/590
f 212/86 3488/85 3481/4737 216/589
f 244/632 3479/4736 3480/88 241/87
f 240/628 3487/4734 3479/4735 244/629
f 779/1694 213/590 3482/4733 3508/4732
f 727/1642 297/709 3484/4731 3500/4730
f 3456/4717 3459/4721 3489/230 3486/229
f 3458/4725 3488/85 3480/88 3450/4728
f 3525/4760 3519/4761 3520/4762 3526/4763
f 3532/4764 3518/4765 3519/4766 3525/4767
f 3523/4768 3516/4769 3517/4770 3524/4771
f 3531/4772 3515/4773 3516/4774 3523/4775
f 3571/4776 3513/4777 3514/4778 3572/4779
f 3576/4780 3512/4781 3513/4782 3571/4783
f 3569/4784 3510/4785 3511/4786 3570/4787
f 3575/4788 3509/4789 3510/4790 3569/4791
f 3751/4792 3741/4793 3512/4781 3576/4780
f 3743/4794 3742/4795 3518/4765 3532/4764
f 3578/4796 3570/4787 3511/4786 3517/4770
f 3530/4797 3526/4763 3520/4762 3514/4778
f 3542/4798 3538/4799 3526/4763 3530/4797
f 3745/4800 3743/4794 3532/4764 3544/4801
f 3543/4802 3531/4772 3523/4775 3535/4803
f 3535/4804 3523/4768 3524/4771 3536/4805
f 3544/4801 3532/4764 3525/4767 3537/4806
f 3537/4807 3525/4760 3526/4763 3538/4799
f 3513/4777 3529/4808 3530/4797 3514/4778
f 3512/4781 3522/4809 3529/4810 3513/4782
f 3510/4785 3527/4811 3528/4812 3511/4786
f 3509/4789 3521/4813 3527/4814 3510/4790
f 3741/4793 3744/4815 3522/4809 3512/4781
f 3517/4770 3511/4786 3528/4812 3524/4771
f 3549/4816 3537/4807 3538/4799 3550/4817
f 3556/4818 3544/4801 3537/4806 3549/4819
f 3547/4820 3535/4804 3536/4805 3548/4821
f 3555/4822 3543/4802 3535/4803 3547/4823
f 3747/4824 3745/4800 3544/4801 3556/4818
f 3554/4825 3550/4817 3538/4799 3542/4798
f 3529/4808 3541/4826 3542/4798 3530/4797
f 3522/4809 3534/4827 3541/4828 3529/4810
f 3527/4811 3539/4829 3540/4830 3528/4812
f 3521/4813 3533/4831 3539/4832 3527/4814
f 3744/4815 3746/4833 3534/4827 3522/4809
f 3524/4771 3528/4812 3540/4830 3536/4805
f 3566/1413 3562/4834 3550/4817 3554/4825
f 3749/4835 3747/4824 3556/4818 3568/4836
f 3567/4837 3555/4822 3547/4823 3559/4838
f 3559/4839 3547/4820 3548/4821 3560/97
f 3568/4836 3556/4818 3549/4819 3561/4840
f 3561/4841 3549/4816 3550/4817 3562/4834
f 3541/4826 3553/4842 3554/4825 3542/4798
f 3534/4827 3546/4843 3553/4844 3541/4828
f 3539/4829 3551/4845 3552/4846 3540/4830
f 3533/4831 3545/4847 3551/4848 3539/4832
f 3746/4833 3748/4849 3546/4843 3534/4827
f 3536/4805 3540/4830 3552/4846 3548/4821
f 350/773 3561/4841 3562/4834 344/770
f 346/778 3568/4836 3561/4840 350/779
f 343/764 3559/4839 3560/97 337/100
f 339/766 3567/4837 3559/4838 343/767
f 3737/1414 3749/4835 3568/4836 346/778
f 388/835 344/770 3562/4834 3566/1413
f 3553/4842 3565/1412 3566/1413 3554/4825
f 3546/4843 3558/240 3565/1411 3553/4844
f 3551/4845 3563/1410 3564/98 3552/4846
f 3545/4847 3557/1408 3563/1409 3551/4848
f 3748/4849 3750/237 3558/240 3546/4843
f 3548/4821 3552/4846 3564/98 3560/97
f 3590/4850 3582/4851 3570/4787 3578/4796
f 3753/4852 3751/4792 3576/4780 3588/4853
f 3587/4854 3575/4788 3569/4791 3581/4855
f 3581/4856 3569/4784 3570/4787 3582/4851
f 3588/4853 3576/4780 3571/4783 3583/4857
f 3583/4858 3571/4776 3572/4779 3584/4859
f 3519/4761 3579/4860 3580/4861 3520/4762
f 3518/4765 3574/4862 3579/4863 3519/4766
f 3516/4769 3577/4864 3578/4796 3517/4770
f 3515/4773 3573/4865 3577/4866 3516/4774
f 3742/4795 3752/4867 3574/4862 3518/4765
f 3514/4778 3520/4762 3580/4861 3572/4779
f 3595/4868 3583/4858 3584/4859 3596/4869
f 3600/4870 3588/4853 3583/4857 3595/4871
f 3593/4872 3581/4856 3582/4851 3594/4873
f 3599/4874 3587/4854 3581/4855 3593/4875
f 3755/4876 3753/4852 3588/4853 3600/4870
f 3602/4877 3594/4873 3582/4851 3590/4850
f 3579/4860 3591/4878 3592/4879 3580/4861
f 3574/4862 3586/4880 3591/4881 3579/4863
f 3577/4864 3589/4882 3590/4850 3578/4796
f 3573/4865 3585/4883 3589/4884 3577/4866
f 3752/4867 3754/4885 3586/4880 3574/4862
f 3572/4779 3580/4861 3592/4879 3584/4859
f 3614/1450 3606/4886 3594/4873 3602/4877
f 3757/4887 3755/4876 3600/4870 3612/4888
f 3611/4889 3599/4874 3593/4875 3605/4890
f 3605/4891 3593/4872 3594/4873 3606/4886
f 3612/4888 3600/4870 3595/4871 3607/4892
f 3607/4893 3595/4868 3596/4869 3608/93
f 3591/4878 3603/4894 3604/4895 3592/4879
f 3586/4880 3598/4896 3603/4897 3591/4881
f 3589/4882 3601/4898 3602/4877 3590/4850
f 3585/4883 3597/4899 3601/4900 3589/4884
f 3754/4885 3756/4901 3598/4896 3586/4880
f 3584/4859 3592/4879 3604/4895 3596/4869
f 473/957 3607/4893 3608/93 471/96
f 470/951 3612/4888 3607/4892 473/952
f 469/943 3605/4891 3606/4886 463/940
f 465/947 3611/4889 3605/4890 469/948
f 3740/1456 3757/4887 3612/4888 470/951
f 423/886 463/940 3606/4886 3614/1450
f 3603/4894 3615/1452 3616/94 3604/4895
f 3598/4896 3610/120 3615/1451 3603/4897
f 3601/4898 3613/1449 3614/1450 3602/4877
f 3597/4899 3609/1447 3613/1448 3601/4900
f 3756/4901 3758/117 3610/120 3598/4896
f 3596/4869 3604/4895 3616/94 3608/93
f 3794/4902 3796/4903 3646/4904 3644/4905
f 3778/4906 3795/4907 3645/4908 3626/4909
f 3792/4910 3794/4902 3644/4905 3642/4911
f 3795/4907 3793/4912 3643/4913 3645/4908
f 3790/4914 3792/4910 3642/4911 3640/4915
f 3793/4912 3791/4916 3641/4917 3643/4913
f 3780/4918 3790/4914 3640/4915 3630/4919
f 3791/4916 3789/4920 3639/4921 3641/4917
f 3786/4922 3788/4923 3638/4924 3636/4925
f 3775/4926 3787/4927 3637/4928 3617/4929
f 3784/4930 3786/4922 3636/4925 3634/4931
f 3787/4927 3785/4932 3635/4933 3637/4928
f 3782/4934 3784/4930 3634/4931 3632/4935
f 3785/4932 3783/4936 3633/4937 3635/4933
f 3779/4938 3782/4934 3632/4935 3629/4939
f 3783/4936 3781/4940 3631/4941 3633/4937
f 3781/4940 3780/4918 3630/4919 3631/4941
f 3789/4920 3779/4938 3629/4939 3639/4921
f 3773/4942 3627/4943 3628/4944 3774/4945
f 3778/4906 3626/4909 3627/4946 3773/4947
f 3771/4948 3624/4949 3625/4950 3772/4951
f 3777/4952 3623/4953 3624/4954 3771/4955
f 3769/4956 3621/4957 3622/4958 3770/4959
f 3776/4960 3620/4961 3621/4962 3769/4963
f 3767/4964 3618/4965 3619/4966 3768/4967
f 3775/4926 3617/4929 3618/4968 3767/4969
f 3676/4970 3649/4971 3623/4953 3628/4944
f 3788/4923 3770/4959 3622/4958 3638/4924
f 3648/4972 3620/4961 3619/4966 3670/4973
f 3796/4903 3772/4951 3625/4950 3646/4904
f 3678/4974 3648/4972 3670/4973 3700/4975
f 3706/4976 3679/4977 3649/4971 3676/4970
f 3644/4905 3646/4904 3668/4978 3666/4979
f 3626/4909 3645/4908 3667/4980 3650/4981
f 3642/4911 3644/4905 3666/4979 3664/4982
f 3645/4908 3643/4913 3665/4983 3667/4980
f 3640/4915 3642/4911 3664/4982 3662/4984
f 3643/4913 3641/4917 3663/4985 3665/4983
f 3630/4919 3640/4915 3662/4984 3652/4986
f 3641/4917 3639/4921 3661/4987 3663/4985
f 3636/4925 3638/4924 3660/4988 3658/4989
f 3617/4929 3637/4928 3659/4990 3647/4991
f 3634/4931 3636/4925 3658/4989 3656/4992
f 3637/4928 3635/4933 3657/4993 3659/4990
f 3632/4935 3634/4931 3656/4992 3654/4994
f 3635/4933 3633/4937 3655/4995 3657/4993
f 3629/4939 3632/4935 3654/4994 3651/4996
f 3633/4937 3631/4941 3653/4997 3655/4995
f 3631/4941 3630/4919 3652/4986 3653/4997
f 3639/4921 3629/4939 3651/4996 3661/4987
f 3627/4943 3675/4998 3676/4970 3628/4944
f 3626/4909 3650/4981 3675/4999 3627/4946
f 3624/4949 3673/5000 3674/5001 3625/4950
f 3623/4953 3649/4971 3673/5002 3624/4954
f 3621/4957 3671/5003 3672/5004 3622/4958
f 3620/4961 3648/4972 3671/5005 3621/4962
f 3618/4965 3669/5006 3670/4973 3619/4966
f 3617/4929 3647/4991 3669/5007 3618/4968
f 3638/4924 3622/4958 3672/5004 3660/4988
f 3646/4904 3625/4950 3674/5001 3668/4978
f 3736/5008 3709/5009 3679/4977 3706/4976
f 3708/5010 3678/4974 3700/4975 3730/5011
f 3666/4979 3668/4978 3698/5012 3696/5013
f 3650/4981 3667/4980 3697/5014 3680/5015
f 3664/4982 3666/4979 3696/5013 3694/5016
f 3667/4980 3665/4983 3695/5017 3697/5014
f 3662/4984 3664/4982 3694/5016 3692/5018
f 3665/4983 3663/4985 3693/5019 3695/5017
f 3652/4986 3662/4984 3692/5018 3682/5020
f 3663/4985 3661/4987 3691/5021 3693/5019
f 3658/4989 3660/4988 3690/5022 3688/5023
f 3647/4991 3659/4990 3689/5024 3677/5025
f 3656/4992 3658/4989 3688/5023 3686/5026
f 3659/4990 3657/4993 3687/5027 3689/5024
f 3654/4994 3656/4992 3686/5026 3684/5028
f 3657/4993 3655/4995 3685/5029 3687/5027
f 3651/4996 3654/4994 3684/5028 3681/5030
f 3655/4995 3653/4997 3683/5031 3685/5029
f 3653/4997 3652/4986 3682/5020 3683/5031
f 3661/4987 3651/4996 3681/5030 3691/5021
f 3675/4998 3705/5032 3706/4976 3676/4970
f 3650/4981 3680/5015 3705/5033 3675/4999
f 3673/5000 3703/5034 3704/5035 3674/5001
f 3649/4971 3679/4977 3703/5036 3673/5002
f 3671/5003 3701/5037 3702/5038 3672/5004
f 3648/4972 3678/4974 3701/5039 3671/5005
f 3669/5006 3699/5040 3700/4975 3670/4973
f 3647/4991 3677/5025 3699/5041 3669/5007
f 3660/4988 3672/5004 3702/5038 3690/5022
f 3668/4978 3674/5001 3704/5035 3698/5012
f 3738/1418 3708/5010 3730/5011 3760/1417
f 3766/1459 3739/1453 3709/5009 3736/5008
f 3696/5013 3698/5012 3728/5042 3726/5043
f 3680/5015 3697/5014 3727/5044 3710/5045
f 3694/5016 3696/5013 3726/5043 3724/5046
f 3697/5014 3695/5017 3725/5047 3727/5044
f 3692/5018 3694/5016 3724/5046 3722/5048
f 3695/5017 3693/5019 3723/5049 3725/5047
f 3682/5020 3692/5018 3722/5048 3712/5050
f 3693/5019 3691/5021 3721/5051 3723/5049
f 3688/5023 3690/5022 3720/5052 3718/5053
f 3677/5025 3689/5024 3719/5054 3707/5055
f 3686/5026 3688/5023 3718/5053 3716/5056
f 3689/5024 3687/5027 3717/5057 3719/5054
f 3684/5028 3686/5026 3716/5056 3714/5058
f 3687/5027 3685/5029 3715/5059 3717/5057
f 3681/5030 3684/5028 3714/5058 3711/5060
f 3685/5029 3683/5031 3713/5061 3715/5059
f 3683/5031 3682/5020 3712/5050 3713/5061
f 3691/5021 3681/5030 3711/5060 3721/5051
f 3705/5032 3735/5062 3736/5008 3706/4976
f 3680/5015 3710/5045 3735/5063 3705/5033
f 3703/5034 3733/5064 3734/5065 3704/5035
f 3679/4977 3709/5009 3733/5066 3703/5036
f 3701/5037 3731/5067 3732/5068 3702/5038
f 3678/4974 3708/5010 3731/5069 3701/5039
f 3699/5040 3729/5070 3730/5011 3700/4975
f 3677/5025 3707/5055 3729/5071 3699/5041
f 3690/5022 3702/5038 3732/5068 3720/5052
f 3698/5012 3704/5035 3734/5065 3728/5042
f 472/958 429/893 3739/1453 3766/1459
f 387/831 3738/1418 3760/1417 345/774
f 3726/5043 3728/5042 3758/117 3756/4901
f 3710/5045 3727/5044 3757/4887 3740/1456
f 3724/5046 3726/5043 3756/4901 3754/4885
f 3727/5044 3725/5047 3755/4876 3757/4887
f 3722/5048 3724/5046 3754/4885 3752/4867
f 3725/5047 3723/5049 3753/4852 3755/4876
f 3712/5050 3722/5048 3752/4867 3742/4795
f 3723/5049 3721/5051 3751/4792 3753/4852
f 3718/5053 3720/5052 3750/237 3748/4849
f 3707/5055 3719/5054 3749/4835 3737/1414
f 3716/5056 3718/5053 3748/4849 3746/4833
f 3719/5054 3717/5057 3747/4824 3749/4835
f 3714/5058 3716/5056 3746/4833 3744/4815
f 3717/5057 3715/5059 3745/4800 3747/4824
f 3711/5060 3714/5058 3744/4815 3741/4793
f 3715/5059 3713/5061 3743/4794 3745/4800
f 3713/5061 3712/5050 3742/4795 3743/4794
f 3721/5051 3711/5060 3741/4793 3751/4792
f 3735/5062 3765/1458 3766/1459 3736/5008
f 3710/5045 3740/1456 3765/1457 3735/5063
f 3733/5064 3763/1455 3764/118 3734/5065
f 3709/5009 3739/1453 3763/1454 3733/5066
f 3731/5067 3761/1420 3762/238 3732/5068
f 3708/5010 3738/1418 3761/1419 3731/5069
f 3729/5070 3759/1416 3760/1417 3730/5011
f 3707/5055 3737/1414 3759/1415 3729/5071
f 3720/5052 3732/5068 3762/238 3750/237
f 3728/5042 3734/5065 3764/118 3758/117
f 3826/5072 3802/5073 3772/4951 3796/4903
f 3818/5074 3800/5075 3770/4959 3788/4923
f 3805/5076 3775/4926 3767/4969 3797/5077
f 3797/5078 3767/4964 3768/4967 3798/5079
f 3806/5080 3776/4960 3769/4963 3799/5081
f 3799/5082 3769/4956 3770/4959 3800/5075
f 3807/5083 3777/4952 3771/4955 3801/5084
f 3801/5085 3771/4948 3772/4951 3802/5073
f 3808/5086 3778/4906 3773/4947 3803/5087
f 3803/5088 3773/4942 3774/4945 3804/5089
f 3819/5090 3809/5091 3779/4938 3789/4920
f 3811/5092 3810/5093 3780/4918 3781/4940
f 3813/5094 3811/5092 3781/4940 3783/4936
f 3809/5091 3812/5095 3782/4934 3779/4938
f 3815/5096 3813/5094 3783/4936 3785/4932
f 3812/5095 3814/5097 3784/4930 3782/4934
f 3817/5098 3815/5096 3785/4932 3787/4927
f 3814/5097 3816/5099 3786/4922 3784/4930
f 3805/5076 3817/5098 3787/4927 3775/4926
f 3816/5099 3818/5074 3788/4923 3786/4922
f 3821/5100 3819/5090 3789/4920 3791/4916
f 3810/5093 3820/5101 3790/4914 3780/4918
f 3823/5102 3821/5100 3791/4916 3793/4912
f 3820/5101 3822/5103 3792/4910 3790/4914
f 3825/5104 3823/5102 3793/4912 3795/4907
f 3822/5103 3824/5105 3794/4902 3792/4910
f 3808/5086 3825/5104 3795/4907 3778/4906
f 3824/5105 3826/5072 3796/4903 3794/4902
f 3628/4944 3623/4953 3777/4952 3774/4945
f 3620/4961 3776/4960 3768/4967 3619/4966
f 3854/5106 3856/5107 3826/5072 3824/5105
f 3838/5108 3855/5109 3825/5104 3808/5086
f 3852/5110 3854/5106 3824/5105 3822/5103
f 3855/5109 3853/5111 3823/5102 3825/5104
f 3850/5112 3852/5110 3822/5103 3820/5101
f 3853/5111 3851/5113 3821/5100 3823/5102
f 3840/5114 3850/5112 3820/5101 3810/5093
f 3851/5113 3849/5115 3819/5090 3821/5100
f 3846/5116 3848/5117 3818/5074 3816/5099
f 3835/5118 3847/5119 3817/5098 3805/5076
f 3844/5120 3846/5116 3816/5099 3814/5097
f 3847/5119 3845/5121 3815/5096 3817/5098
f 3842/5122 3844/5120 3814/5097 3812/5095
f 3845/5121 3843/5123 3813/5094 3815/5096
f 3839/5124 3842/5122 3812/5095 3809/5091
f 3843/5123 3841/5125 3811/5092 3813/5094
f 3841/5125 3840/5114 3810/5093 3811/5092
f 3849/5115 3839/5124 3809/5091 3819/5090
f 3833/5126 3803/5088 3804/5089 3834/5127
f 3838/5108 3808/5086 3803/5087 3833/5128
f 3831/5129 3801/5085 3802/5073 3832/5130
f 3837/5131 3807/5083 3801/5084 3831/5132
f 3829/5133 3799/5082 3800/5075 3830/5134
f 3836/5135 3806/5080 3799/5081 3829/5136
f 3827/5137 3797/5078 3798/5079 3828/5138
f 3835/5118 3805/5076 3797/5077 3827/5139
f 3848/5117 3830/5134 3800/5075 3818/5074
f 3856/5107 3832/5130 3802/5073 3826/5072
f 3774/4945 3777/4952 3807/5083 3804/5089
f 3776/4960 3806/5080 3798/5079 3768/4967
f 3886/5140 3862/5141 3832/5130 3856/5107
f 3878/5142 3860/5143 3830/5134 3848/5117
f 3865/5144 3835/5118 3827/5139 3857/5145
f 3857/5146 3827/5137 3828/5138 3858/132
f 3866/129 3836/5135 3829/5136 3859/5147
f 3859/5148 3829/5133 3830/5134 3860/5143
f 3867/254 3837/5131 3831/5132 3861/5149
f 3861/5150 3831/5129 3832/5130 3862/5141
f 3868/5151 3838/5108 3833/5128 3863/5152
f 3863/5153 3833/5126 3834/5127 3864/253
f 3879/5154 3869/5155 3839/5124 3849/5115
f 3871/5156 3870/5157 3840/5114 3841/5125
f 3873/5158 3871/5156 3841/5125 3843/5123
f 3869/5155 3872/5159 3842/5122 3839/5124
f 3875/5160 3873/5158 3843/5123 3845/5121
f 3872/5159 3874/5161 3844/5120 3842/5122
f 3877/5162 3875/5160 3845/5121 3847/5119
f 3874/5161 3876/5163 3846/5116 3844/5120
f 3865/5144 3877/5162 3847/5119 3835/5118
f 3876/5163 3878/5142 3848/5117 3846/5116
f 3881/5164 3879/5154 3849/5115 3851/5113
f 3870/5157 3880/5165 3850/5112 3840/5114
f 3883/5166 3881/5164 3851/5113 3853/5111
f 3880/5165 3882/5167 3852/5110 3850/5112
f 3885/5168 3883/5166 3853/5111 3855/5109
f 3882/5167 3884/5169 3854/5106 3852/5110
f 3868/5151 3885/5168 3855/5109 3838/5108
f 3884/5169 3886/5140 3856/5107 3854/5106
f 3804/5089 3807/5083 3837/5131 3834/5127
f 3806/5080 3836/5135 3828/5138 3798/5079
f 3599/4874 3611/4889 3886/5140 3884/5169
f 421/879 3609/1447 3885/5168 3868/5151
f 3587/4854 3599/4874 3884/5169 3882/5167
f 3609/1447 3597/4899 3883/5166 3885/5168
f 3575/4788 3587/4854 3882/5167 3880/5165
f 3597/4899 3585/4883 3881/5164 3883/5166
f 3509/4789 3575/4788 3880/5165 3870/5157
f 3585/4883 3573/4865 3879/5154 3881/5164
f 3555/4822 3567/4837 3878/5142 3876/5163
f 380/823 3557/1408 3877/5162 3865/5144
f 3543/4802 3555/4822 3876/5163 3874/5161
f 3557/1408 3545/4847 3875/5160 3877/5162
f 3531/4772 3543/4802 3874/5161 3872/5159
f 3545/4847 3533/4831 3873/5158 3875/5160
f 3515/4773 3531/4772 3872/5159 3869/5155
f 3533/4831 3521/4813 3871/5156 3873/5158
f 3521/4813 3509/4789 3870/5157 3871/5156
f 3573/4865 3515/4773 3869/5155 3879/5154
f 424/885 3863/5153 3864/253 422/256
f 421/879 3868/5151 3863/5152 424/880
f 468/950 3861/5150 3862/5141 465/947
f 464/255 3867/254 3861/5149 468/944
f 342/769 3859/5148 3860/5143 339/766
f 338/130 3866/129 3859/5147 342/765
f 384/827 3857/5146 3858/132 381/131
f 380/823 3865/5144 3857/5145 384/824
f 3567/4837 339/766 3860/5143 3878/5142
f 3611/4889 465/947 3862/5141 3886/5140
f 3834/5127 3837/5131 3867/254 3864/253
f 3836/5135 3866/129 3858/132 3828/5138
f 3903/5170 3897/5171 3898/5172 3904/5173
f 3910/5174 3896/5175 3897/5176 3903/5177
f 3901/5178 3894/5179 3895/5180 3902/5181
f 3909/5182 3893/5183 3894/5184 3901/5185
f 3949/5186 3891/5187 3892/5188 3950/5189
f 3954/5190 3890/5191 3891/5192 3949/5193
f 3947/5194 3888/5195 3889/5196 3948/5197
f 3953/5198 3887/5199 3888/5200 3947/5201
f 4129/5202 4119/5203 3890/5191 3954/5190
f 4121/5204 4120/5205 3896/5175 3910/5174
f 3956/5206 3948/5197 3889/5196 3895/5180
f 3908/5207 3904/5173 3898/5172 3892/5188
f 3920/5208 3916/5209 3904/5173 3908/5207
f 4123/5210 4121/5204 3910/5174 3922/5211
f 3921/5212 3909/5182 3901/5185 3913/5213
f 3913/5214 3901/5178 3902/5181 3914/5215
f 3922/5211 3910/5174 3903/5177 3915/5216
f 3915/5217 3903/5170 3904/5173 3916/5209
f 3891/5187 3907/5218 3908/5207 3892/5188
f 3890/5191 3900/5219 3907/5220 3891/5192
f 3888/5195 3905/5221 3906/5222 3889/5196
f 3887/5199 3899/5223 3905/5224 3888/5200
f 4119/5203 4122/5225 3900/5219 3890/5191
f 3895/5180 3889/5196 3906/5222 3902/5181
f 3927/5226 3915/5217 3916/5209 3928/5227
f 3934/5228 3922/5211 3915/5216 3927/5229
f 3925/5230 3913/5214 3914/5215 3926/5231
f 3933/5232 3921/5212 3913/5213 3925/5233
f 4125/5234 4123/5210 3922/5211 3934/5228
f 3932/5235 3928/5227 3916/5209 3920/5208
f 3907/5218 3919/5236 3920/5208 3908/5207
f 3900/5219 3912/5237 3919/5238 3907/5220
f 3905/5221 3917/5239 3918/5240 3906/5222
f 3899/5223 3911/5241 3917/5242 3905/5224
f 4122/5225 4124/5243 3912/5237 3900/5219
f 3902/5181 3906/5222 3918/5240 3914/5215
f 3944/1401 3940/5244 3928/5227 3932/5235
f 4127/5245 4125/5234 3934/5228 3946/5246
f 3945/5247 3933/5232 3925/5233 3937/5248
f 3937/5249 3925/5230 3926/5231 3938/113
f 3946/5246 3934/5228 3927/5229 3939/5250
f 3939/5251 3927/5226 3928/5227 3940/5244
f 3919/5236 3931/5252 3932/5235 3920/5208
f 3912/5237 3924/5253 3931/5254 3919/5238
f 3917/5239 3929/5255 3930/5256 3918/5240
f 3911/5241 3923/5257 3929/5258 3917/5242
f 4124/5243 4126/5259 3924/5253 3912/5237
f 3914/5215 3918/5240 3930/5256 3926/5231
f 322/733 3939/5251 3940/5244 316/730
f 318/738 3946/5246 3939/5250 322/739
f 315/724 3937/5249 3938/113 309/116
f 311/726 3945/5247 3937/5248 315/727
f 4115/1428 4127/5245 3946/5246 318/738
f 360/797 316/730 3940/5244 3944/1401
f 3931/5252 3943/1400 3944/1401 3932/5235
f 3924/5253 3936/248 3943/1399 3931/5254
f 3929/5255 3941/1398 3942/114 3930/5256
f 3923/5257 3935/1396 3941/1397 3929/5258
f 4126/5259 4128/245 3936/248 3924/5253
f 3926/5231 3930/5256 3942/114 3938/113
f 3968/5260 3960/5261 3948/5197 3956/5206
f 4131/5262 4129/5202 3954/5190 3966/5263
f 3965/5264 3953/5198 3947/5201 3959/5265
f 3959/5266 3947/5194 3948/5197 3960/5261
f 3966/5263 3954/5190 3949/5193 3961/5267
f 3961/5268 3949/5186 3950/5189 3962/5269
f 3897/5171 3957/5270 3958/5271 3898/5172
f 3896/5175 3952/5272 3957/5273 3897/5176
f 3894/5179 3955/5274 3956/5206 3895/5180
f 3893/5183 3951/5275 3955/5276 3894/5184
f 4120/5205 4130/5277 3952/5272 3896/5175
f 3892/5188 3898/5172 3958/5271 3950/5189
f 3973/5278 3961/5268 3962/5269 3974/5279
f 3978/5280 3966/5263 3961/5267 3973/5281
f 3971/5282 3959/5266 3960/5261 3972/5283
f 3977/5284 3965/5264 3959/5265 3971/5285
f 4133/5286 4131/5262 3966/5263 3978/5280
f 3980/5287 3972/5283 3960/5261 3968/5260
f 3957/5270 3969/5288 3970/5289 3958/5271
f 3952/5272 3964/5290 3969/5291 3957/5273
f 3955/5274 3967/5292 3968/5260 3956/5206
f 3951/5275 3963/5293 3967/5294 3955/5276
f 4130/5277 4132/5295 3964/5290 3952/5272
f 3950/5189 3958/5271 3970/5289 3962/5269
f 3992/1438 3984/5296 3972/5283 3980/5287
f 4135/5297 4133/5286 3978/5280 3990/5298
f 3989/5299 3977/5284 3971/5285 3983/5300
f 3983/5301 3971/5282 3972/5283 3984/5296
f 3990/5298 3978/5280 3973/5281 3985/5302
f 3985/5303 3973/5278 3974/5279 3986/109
f 3969/5288 3981/5304 3982/5305 3970/5289
f 3964/5290 3976/5306 3981/5307 3969/5291
f 3967/5292 3979/5308 3980/5287 3968/5260
f 3963/5293 3975/5309 3979/5310 3967/5294
f 4132/5295 4134/5311 3976/5306 3964/5290
f 3962/5269 3970/5289 3982/5305 3974/5279
f 445/915 3985/5303 3986/109 443/112
f 442/909 3990/5298 3985/5302 445/910
f 441/901 3983/5301 3984/5296 435/898
f 437/905 3989/5299 3983/5300 441/906
f 4118/1470 4135/5297 3990/5298 442/909
f 395/846 435/898 3984/5296 3992/1438
f 3981/5304 3993/1440 3994/110 3982/5305
f 3976/5306 3988/136 3993/1439 3981/5307
f 3979/5308 3991/1437 3992/1438 3980/5287
f 3975/5309 3987/1435 3991/1436 3979/5310
f 4134/5311 4136/133 3988/136 3976/5306
f 3974/5279 3982/5305 3994/110 3986/109
f 4172/5312 4174/5313 4024/5314 4022/5315
f 4156/5316 4173/5317 4023/5318 4004/5319
f 4170/5320 4172/5312 4022/5315 4020/5321
f 4173/5317 4171/5322 4021/5323 4023/5318
f 4168/5324 4170/5320 4020/5321 4018/5325
f 4171/5322 4169/5326 4019/5327 4021/5323
f 4158/5328 4168/5324 4018/5325 4008/5329
f 4169/5326 4167/5330 4017/5331 4019/5327
f 4164/5332 4166/5333 4016/5334 4014/5335
f 4153/5336 4165/5337 4015/5338 3995/5339
f 4162/5340 4164/5332 4014/5335 4012/5341
f 4165/5337 4163/5342 4013/5343 4015/5338
f 4160/5344 4162/5340 4012/5341 4010/5345
f 4163/5342 4161/5346 4011/5347 4013/5343
f 4157/5348 4160/5344 4010/5345 4007/5349
f 4161/5346 4159/5350 4009/5351 4011/5347
f 4159/5350 4158/5328 4008/5329 4009/5351
f 4167/5330 4157/5348 4007/5349 4017/5331
f 4151/5352 4005/5353 4006/5354 4152/5355
f 4156/5316 4004/5319 4005/5356 4151/5357
f 4149/5358 4002/5359 4003/5360 4150/5361
f 4155/5362 4001/5363 4002/5364 4149/5365
f 4147/5366 3999/5367 4000/5368 4148/5369
f 4154/5370 3998/5371 3999/5372 4147/5373
f 4145/5374 3996/5375 3997/5376 4146/5377
f 4153/5336 3995/5339 3996/5378 4145/5379
f 4166/5333 4148/5369 4000/5368 4016/5334
f 4026/5380 3998/5371 3997/5376 4048/5381
f 4174/5313 4150/5361 4003/5360 4024/5314
f 4054/5382 4027/5383 4001/5363 4006/5354
f 4084/5384 4057/5385 4027/5383 4054/5382
f 4056/5386 4026/5380 4048/5381 4078/5387
f 4022/5315 4024/5314 4046/5388 4044/5389
f 4004/5319 4023/5318 4045/5390 4028/5391
f 4020/5321 4022/5315 4044/5389 4042/5392
f 4023/5318 4021/5323 4043/5393 4045/5390
f 4018/5325 4020/5321 4042/5392 4040/5394
f 4021/5323 4019/5327 4041/5395 4043/5393
f 4008/5329 4018/5325 4040/5394 4030/5396
f 4019/5327 4017/5331 4039/5397 4041/5395
f 4014/5335 4016/5334 4038/5398 4036/5399
f 3995/5339 4015/5338 4037/5400 4025/5401
f 4012/5341 4014/5335 4036/5399 4034/5402
f 4015/5338 4013/5343 4035/5403 4037/5400
f 4010/5345 4012/5341 4034/5402 4032/5404
f 4013/5343 4011/5347 4033/5405 4035/5403
f 4007/5349 4010/5345 4032/5404 4029/5406
f 4011/5347 4009/5351 4031/5407 4033/5405
f 4009/5351 4008/5329 4030/5396 4031/5407
f 4017/5331 4007/5349 4029/5406 4039/5397
f 4005/5353 4053/5408 4054/5382 4006/5354
f 4004/5319 4028/5391 4053/5409 4005/5356
f 4002/5359 4051/5410 4052/5411 4003/5360
f 4001/5363 4027/5383 4051/5412 4002/5364
f 3999/5367 4049/5413 4050/5414 4000/5368
f 3998/5371 4026/5380 4049/5415 3999/5372
f 3996/5375 4047/5416 4048/5381 3997/5376
f 3995/5339 4025/5401 4047/5417 3996/5378
f 4016/5334 4000/5368 4050/5414 4038/5398
f 4024/5314 4003/5360 4052/5411 4046/5388
f 4086/5418 4056/5386 4078/5387 4108/5419
f 4114/5420 4087/5421 4057/5385 4084/5384
f 4044/5389 4046/5388 4076/5422 4074/5423
f 4028/5391 4045/5390 4075/5424 4058/5425
f 4042/5392 4044/5389 4074/5423 4072/5426
f 4045/5390 4043/5393 4073/5427 4075/5424
f 4040/5394 4042/5392 4072/5426 4070/5428
f 4043/5393 4041/5395 4071/5429 4073/5427
f 4030/5396 4040/5394 4070/5428 4060/5430
f 4041/5395 4039/5397 4069/5431 4071/5429
f 4036/5399 4038/5398 4068/5432 4066/5433
f 4025/5401 4037/5400 4067/5434 4055/5435
f 4034/5402 4036/5399 4066/5433 4064/5436
f 4037/5400 4035/5403 4065/5437 4067/5434
f 4032/5404 4034/5402 4064/5436 4062/5438
f 4035/5403 4033/5405 4063/5439 4065/5437
f 4029/5406 4032/5404 4062/5438 4059/5440
f 4033/5405 4031/5407 4061/5441 4063/5439
f 4031/5407 4030/5396 4060/5430 4061/5441
f 4039/5397 4029/5406 4059/5440 4069/5431
f 4053/5408 4083/5442 4084/5384 4054/5382
f 4028/5391 4058/5425 4083/5443 4053/5409
f 4051/5410 4081/5444 4082/5445 4052/5411
f 4027/5383 4057/5385 4081/5446 4051/5412
f 4049/5413 4079/5447 4080/5448 4050/5414
f 4026/5380 4056/5386 4079/5449 4049/5415
f 4047/5416 4077/5450 4078/5387 4048/5381
f 4025/5401 4055/5435 4077/5451 4047/5417
f 4038/5398 4050/5414 4080/5448 4068/5432
f 4046/5388 4052/5411 4082/5445 4076/5422
f 4144/1473 4117/1467 4087/5421 4114/5420
f 4116/1432 4086/5418 4108/5419 4138/1431
f 4074/5423 4076/5422 4106/5452 4104/5453
f 4058/5425 4075/5424 4105/5454 4088/5455
f 4072/5426 4074/5423 4104/5453 4102/5456
f 4075/5424 4073/5427 4103/5457 4105/5454
f 4070/5428 4072/5426 4102/5456 4100/5458
f 4073/5427 4071/5429 4101/5459 4103/5457
f 4060/5430 4070/5428 4100/5458 4090/5460
f 4071/5429 4069/5431 4099/5461 4101/5459
f 4066/5433 4068/5432 4098/5462 4096/5463
f 4055/5435 4067/5434 4097/5464 4085/5465
f 4064/5436 4066/5433 4096/5463 4094/5466
f 4067/5434 4065/5437 4095/5467 4097/5464
f 4062/5438 4064/5436 4094/5466 4092/5468
f 4065/5437 4063/5439 4093/5469 4095/5467
f 4059/5440 4062/5438 4092/5468 4089/5470
f 4063/5439 4061/5441 4091/5471 4093/5469
f 4061/5441 4060/5430 4090/5460 4091/5471
f 4069/5431 4059/5440 4089/5470 4099/5461
f 4083/5442 4113/5472 4114/5420 4084/5384
f 4058/5425 4088/5455 4113/5473 4083/5443
f 4081/5444 4111/5474 4112/5475 4082/5445
f 4057/5385 4087/5421 4111/5476 4081/5446
f 4079/5447 4109/5477 4110/5478 4080/5448
f 4056/5386 4086/5418 4109/5479 4079/5449
f 4077/5450 4107/5480 4108/5419 4078/5387
f 4055/5435 4085/5465 4107/5481 4077/5451
f 4068/5432 4080/5448 4110/5478 4098/5462
f 4076/5422 4082/5445 4112/5475 4106/5452
f 359/793 4116/1432 4138/1431 317/734
f 444/916 401/853 4117/1467 4144/1473
f 4104/5453 4106/5452 4136/133 4134/5311
f 4088/5455 4105/5454 4135/5297 4118/1470
f 4102/5456 4104/5453 4134/5311 4132/5295
f 4105/5454 4103/5457 4133/5286 4135/5297
f 4100/5458 4102/5456 4132/5295 4130/5277
f 4103/5457 4101/5459 4131/5262 4133/5286
f 4090/5460 4100/5458 4130/5277 4120/5205
f 4101/5459 4099/5461 4129/5202 4131/5262
f 4096/5463 4098/5462 4128/245 4126/5259
f 4085/5465 4097/5464 4127/5245 4115/1428
f 4094/5466 4096/5463 4126/5259 4124/5243
f 4097/5464 4095/5467 4125/5234 4127/5245
f 4092/5468 4094/5466 4124/5243 4122/5225
f 4095/5467 4093/5469 4123/5210 4125/5234
f 4089/5470 4092/5468 4122/5225 4119/5203
f 4093/5469 4091/5471 4121/5204 4123/5210
f 4091/5471 4090/5460 4120/5205 4121/5204
f 4099/5461 4089/5470 4119/5203 4129/5202
f 4113/5472 4143/1472 4144/1473 4114/5420
f 4088/5455 4118/1470 4143/1471 4113/5473
f 4111/5474 4141/1469 4142/134 4112/5475
f 4087/5421 4117/1467 4141/1468 4111/5476
f 4109/5477 4139/1434 4140/246 4110/5478
f 4086/5418 4116/1432 4139/1433 4109/5479
f 4107/5480 4137/1430 4138/1431 4108/5419
f 4085/5465 4115/1428 4137/1429 4107/5481
f 4098/5462 4110/5478 4140/246 4128/245
f 4106/5452 4112/5475 4142/134 4136/133
f 4204/5482 4180/5483 4150/5361 4174/5313
f 4196/5484 4178/5485 4148/5369 4166/5333
f 4183/5486 4153/5336 4145/5379 4175/5487
f 4175/5488 4145/5374 4146/5377 4176/5489
f 4184/5490 4154/5370 4147/5373 4177/5491
f 4177/5492 4147/5366 4148/5369 4178/5485
f 4185/5493 4155/5362 4149/5365 4179/5494
f 4179/5495 4149/5358 4150/5361 4180/5483
f 4186/5496 4156/5316 4151/5357 4181/5497
f 4181/5498 4151/5352 4152/5355 4182/5499
f 4197/5500 4187/5501 4157/5348 4167/5330
f 4189/5502 4188/5503 4158/5328 4159/5350
f 4191/5504 4189/5502 4159/5350 4161/5346
f 4187/5501 4190/5505 4160/5344 4157/5348
f 4193/5506 4191/5504 4161/5346 4163/5342
f 4190/5505 4192/5507 4162/5340 4160/5344
f 4195/5508 4193/5506 4163/5342 4165/5337
f 4192/5507 4194/5509 4164/5332 4162/5340
f 4183/5486 4195/5508 4165/5337 4153/5336
f 4194/5509 4196/5484 4166/5333 4164/5332
f 4199/5510 4197/5500 4167/5330 4169/5326
f 4188/5503 4198/5511 4168/5324 4158/5328
f 4201/5512 4199/5510 4169/5326 4171/5322
f 4198/5511 4200/5513 4170/5320 4168/5324
f 4203/5514 4201/5512 4171/5322 4173/5317
f 4200/5513 4202/5515 4172/5312 4170/5320
f 4186/5496 4203/5514 4173/5317 4156/5316
f 4202/5515 4204/5482 4174/5313 4172/5312
f 3998/5371 4154/5370 4146/5377 3997/5376
f 4006/5354 4001/5363 4155/5362 4152/5355
f 4232/5516 4234/5517 4204/5482 4202/5515
f 4216/5518 4233/5519 4203/5514 4186/5496
f 4230/5520 4232/5516 4202/5515 4200/5513
f 4233/5519 4231/5521 4201/5512 4203/5514
f 4228/5522 4230/5520 4200/5513 4198/5511
f 4231/5521 4229/5523 4199/5510 4201/5512
f 4218/5524 4228/5522 4198/5511 4188/5503
f 4229/5523 4227/5525 4197/5500 4199/5510
f 4224/5526 4226/5527 4196/5484 4194/5509
f 4213/5528 4225/5529 4195/5508 4183/5486
f 4222/5530 4224/5526 4194/5509 4192/5507
f 4225/5529 4223/5531 4193/5506 4195/5508
f 4220/5532 4222/5530 4192/5507 4190/5505
f 4223/5531 4221/5533 4191/5504 4193/5506
f 4217/5534 4220/5532 4190/5505 4187/5501
f 4221/5533 4219/5535 4189/5502 4191/5504
f 4219/5535 4218/5524 4188/5503 4189/5502
f 4227/5525 4217/5534 4187/5501 4197/5500
f 4211/5536 4181/5498 4182/5499 4212/5537
f 4216/5518 4186/5496 4181/5497 4211/5538
f 4209/5539 4179/5495 4180/5483 4210/5540
f 4215/5541 4185/5493 4179/5494 4209/5542
f 4207/5543 4177/5492 4178/5485 4208/5544
f 4214/5545 4184/5490 4177/5491 4207/5546
f 4205/5547 4175/5488 4176/5489 4206/5548
f 4213/5528 4183/5486 4175/5487 4205/5549
f 4226/5527 4208/5544 4178/5485 4196/5484
f 4234/5517 4210/5540 4180/5483 4204/5482
f 4154/5370 4184/5490 4176/5489 4146/5377
f 4152/5355 4155/5362 4185/5493 4182/5499
f 4264/5550 4240/5551 4210/5540 4234/5517
f 4256/5552 4238/5553 4208/5544 4226/5527
f 4243/5554 4213/5528 4205/5549 4235/5555
f 4235/5556 4205/5547 4206/5548 4236/228
f 4244/225 4214/5545 4207/5546 4237/5557
f 4237/5558 4207/5543 4208/5544 4238/5553
f 4245/122 4215/5541 4209/5542 4239/5559
f 4239/5560 4209/5539 4210/5540 4240/5551
f 4246/5561 4216/5518 4211/5538 4241/5562
f 4241/5563 4211/5536 4212/5537 4242/121
f 4257/5564 4247/5565 4217/5534 4227/5525
f 4249/5566 4248/5567 4218/5524 4219/5535
f 4251/5568 4249/5566 4219/5535 4221/5533
f 4247/5565 4250/5569 4220/5532 4217/5534
f 4253/5570 4251/5568 4221/5533 4223/5531
f 4250/5569 4252/5571 4222/5530 4220/5532
f 4255/5572 4253/5570 4223/5531 4225/5529
f 4252/5571 4254/5573 4224/5526 4222/5530
f 4243/5554 4255/5572 4225/5529 4213/5528
f 4254/5573 4256/5552 4226/5527 4224/5526
f 4259/5574 4257/5564 4227/5525 4229/5523
f 4248/5567 4258/5575 4228/5522 4218/5524
f 4261/5576 4259/5574 4229/5523 4231/5521
f 4258/5575 4260/5577 4230/5520 4228/5522
f 4263/5578 4261/5576 4231/5521 4233/5519
f 4260/5577 4262/5579 4232/5516 4230/5520
f 4246/5561 4263/5578 4233/5519 4216/5518
f 4262/5579 4264/5550 4234/5517 4232/5516
f 4184/5490 4214/5545 4206/5548 4176/5489
f 4182/5499 4185/5493 4215/5541 4212/5537
f 3977/5284 3989/5299 4264/5550 4262/5579
f 393/839 3987/1435 4263/5578 4246/5561
f 3965/5264 3977/5284 4262/5579 4260/5577
f 3987/1435 3975/5309 4261/5576 4263/5578
f 3953/5198 3965/5264 4260/5577 4258/5575
f 3975/5309 3963/5293 4259/5574 4261/5576
f 3887/5199 3953/5198 4258/5575 4248/5567
f 3963/5293 3951/5275 4257/5564 4259/5574
f 3933/5232 3945/5247 4256/5552 4254/5573
f 352/785 3935/1396 4255/5572 4243/5554
f 3921/5212 3933/5232 4254/5573 4252/5571
f 3935/1396 3923/5257 4253/5570 4255/5572
f 3909/5182 3921/5212 4252/5571 4250/5569
f 3923/5257 3911/5241 4251/5568 4253/5570
f 3893/5183 3909/5182 4250/5569 4247/5565
f 3911/5241 3899/5223 4249/5566 4251/5568
f 3899/5223 3887/5199 4248/5567 4249/5566
f 3951/5275 3893/5183 4247/5565 4257/5564
f 396/845 4241/5563 4242/121 394/124
f 393/839 4246/5561 4241/5562 396/840
f 440/908 4239/5560 4240/5551 437/905
f 436/123 4245/122 4239/5559 440/902
f 314/729 4237/5558 4238/5553 311/726
f 310/226 4244/225 4237/5557 314/725
f 356/789 4235/5556 4236/228 353/227
f 352/785 4243/5554 4235/5555 356/786
f 3945/5247 311/726 4238/5553 4256/5552
f 3989/5299 437/905 4240/5551 4264/5550
f 4214/5545 4244/225 4236/228 4206/5548
f 4212/5537 4215/5541 4245/122 4242/121
f 4281/5580 4275/5581 4276/5582 4282/5583
f 4288/5584 4274/5585 4275/5586 4281/5587
f 4279/5588 4272/5589 4273/5590 4280/5591
f 4287/5592 4271/5593 4272/5594 4279/5595
f 4327/5596 4269/5597 4270/5598 4328/5599
f 4332/5600 4268/5601 4269/5602 4327/5603
f 4325/5604 4266/5605 4267/5606 4326/5607
f 4331/5608 4265/5609 4266/5610 4325/5611
f 4507/5612 4497/5613 4268/5601 4332/5600
f 4499/5614 4498/5615 4274/5585 4288/5584
f 4334/5616 4326/5607 4267/5606 4273/5590
f 4286/5617 4282/5583 4276/5582 4270/5598
f 4298/5618 4294/5619 4282/5583 4286/5617
f 4501/5620 4499/5614 4288/5584 4300/5621
f 4299/5622 4287/5592 4279/5595 4291/5623
f 4291/5624 4279/5588 4280/5591 4292/5625
f 4300/5621 4288/5584 4281/5587 4293/5626
f 4293/5627 4281/5580 4282/5583 4294/5619
f 4269/5597 4285/5628 4286/5617 4270/5598
f 4268/5601 4278/5629 4285/5630 4269/5602
f 4266/5605 4283/5631 4284/5632 4267/5606
f 4265/5609 4277/5633 4283/5634 4266/5610
f 4497/5613 4500/5635 4278/5629 4268/5601
f 4273/5590 4267/5606 4284/5632 4280/5591
f 4305/5636 4293/5627 4294/5619 4306/5637
f 4312/5638 4300/5621 4293/5626 4305/5639
f 4303/5640 4291/5624 4292/5625 4304/5641
f 4311/5642 4299/5622 4291/5623 4303/5643
f 4503/5644 4501/5620 4300/5621 4312/5638
f 4310/5645 4306/5637 4294/5619 4298/5618
f 4285/5628 4297/5646 4298/5618 4286/5617
f 4278/5629 4290/5647 4297/5648 4285/5630
f 4283/5631 4295/5649 4296/5650 4284/5632
f 4277/5633 4289/5651 4295/5652 4283/5634
f 4500/5635 4502/5653 4290/5647 4278/5629
f 4280/5591 4284/5632 4296/5650 4292/5625
f 4322/1407 4318/5654 4306/5637 4310/5645
f 4505/5655 4503/5644 4312/5638 4324/5656
f 4323/5657 4311/5642 4303/5643 4315/5658
f 4315/5659 4303/5640 4304/5641 4316/105
f 4324/5656 4312/5638 4305/5639 4317/5660
f 4317/5661 4305/5636 4306/5637 4318/5654
f 4297/5646 4309/5662 4310/5645 4298/5618
f 4290/5647 4302/5663 4309/5664 4297/5648
f 4295/5649 4307/5665 4308/5666 4296/5650
f 4289/5651 4301/5667 4307/5668 4295/5652
f 4502/5653 4504/5669 4302/5663 4290/5647
f 4292/5625 4296/5650 4308/5666 4304/5641
f 336/753 4317/5661 4318/5654 330/750
f 332/758 4324/5656 4317/5660 336/759
f 329/744 4315/5659 4316/105 323/108
f 325/746 4323/5657 4315/5658 329/747
f 4493/1421 4505/5655 4324/5656 332/758
f 374/816 330/750 4318/5654 4322/1407
f 4309/5662 4321/1406 4322/1407 4310/5645
f 4302/5663 4314/244 4321/1405 4309/5664
f 4307/5665 4319/1404 4320/106 4308/5666
f 4301/5667 4313/1402 4319/1403 4307/5668
f 4504/5669 4506/241 4314/244 4302/5663
f 4304/5641 4308/5666 4320/106 4316/105
f 4346/5670 4338/5671 4326/5607 4334/5616
f 4509/5672 4507/5612 4332/5600 4344/5673
f 4343/5674 4331/5608 4325/5611 4337/5675
f 4337/5676 4325/5604 4326/5607 4338/5671
f 4344/5673 4332/5600 4327/5603 4339/5677
f 4339/5678 4327/5596 4328/5599 4340/5679
f 4275/5581 4335/5680 4336/5681 4276/5582
f 4274/5585 4330/5682 4335/5683 4275/5586
f 4272/5589 4333/5684 4334/5616 4273/5590
f 4271/5593 4329/5685 4333/5686 4272/5594
f 4498/5615 4508/5687 4330/5682 4274/5585
f 4270/5598 4276/5582 4336/5681 4328/5599
f 4351/5688 4339/5678 4340/5679 4352/5689
f 4356/5690 4344/5673 4339/5677 4351/5691
f 4349/5692 4337/5676 4338/5671 4350/5693
f 4355/5694 4343/5674 4337/5675 4349/5695
f 4511/5696 4509/5672 4344/5673 4356/5690
f 4358/5697 4350/5693 4338/5671 4346/5670
f 4335/5680 4347/5698 4348/5699 4336/5681
f 4330/5682 4342/5700 4347/5701 4335/5683
f 4333/5684 4345/5702 4346/5670 4334/5616
f 4329/5685 4341/5703 4345/5704 4333/5686
f 4508/5687 4510/5705 4342/5700 4330/5682
f 4328/5599 4336/5681 4348/5699 4340/5679
f 4370/1444 4362/5706 4350/5693 4358/5697
f 4513/5707 4511/5696 4356/5690 4368/5708
f 4367/5709 4355/5694 4349/5695 4361/5710
f 4361/5711 4349/5692 4350/5693 4362/5706
f 4368/5708 4356/5690 4351/5691 4363/5712
f 4363/5713 4351/5688 4352/5689 4364/101
f 4347/5698 4359/5714 4360/5715 4348/5699
f 4342/5700 4354/5716 4359/5717 4347/5701
f 4345/5702 4357/5718 4358/5697 4346/5670
f 4341/5703 4353/5719 4357/5720 4345/5704
f 4510/5705 4512/5721 4354/5716 4342/5700
f 4340/5679 4348/5699 4360/5715 4352/5689
f 459/937 4363/5713 4364/101 457/104
f 456/931 4368/5708 4363/5712 459/932
f 455/923 4361/5711 4362/5706 449/920
f 451/927 4367/5709 4361/5710 455/928
f 4496/1463 4513/5707 4368/5708 456/931
f 409/867 449/920 4362/5706 4370/1444
f 4359/5714 4371/1446 4372/102 4360/5715
f 4354/5716 4366/128 4371/1445 4359/5717
f 4357/5718 4369/1443 4370/1444 4358/5697
f 4353/5719 4365/1441 4369/1442 4357/5720
f 4512/5721 4514/125 4366/128 4354/5716
f 4352/5689 4360/5715 4372/102 4364/101
f 4550/5722 4552/5723 4402/5724 4400/5725
f 4534/5726 4551/5727 4401/5728 4382/5729
f 4548/5730 4550/5722 4400/5725 4398/5731
f 4551/5727 4549/5732 4399/5733 4401/5728
f 4546/5734 4548/5730 4398/5731 4396/5735
f 4549/5732 4547/5736 4397/5737 4399/5733
f 4536/5738 4546/5734 4396/5735 4386/5739
f 4547/5736 4545/5740 4395/5741 4397/5737
f 4542/5742 4544/5743 4394/5744 4392/5745
f 4531/5746 4543/5747 4393/5748 4373/5749
f 4540/5750 4542/5742 4392/5745 4390/5751
f 4543/5747 4541/5752 4391/5753 4393/5748
f 4538/5754 4540/5750 4390/5751 4388/5755
f 4541/5752 4539/5756 4389/5757 4391/5753
f 4535/5758 4538/5754 4388/5755 4385/5759
f 4539/5756 4537/5760 4387/5761 4389/5757
f 4537/5760 4536/5738 4386/5739 4387/5761
f 4545/5740 4535/5758 4385/5759 4395/5741
f 4529/5762 4383/5763 4384/5764 4530/5765
f 4534/5726 4382/5729 4383/5766 4529/5767
f 4527/5768 4380/5769 4381/5770 4528/5771
f 4533/5772 4379/5773 4380/5774 4527/5775
f 4525/5776 4377/5777 4378/5778 4526/5779
f 4532/5780 4376/5781 4377/5782 4525/5783
f 4523/5784 4374/5785 4375/5786 4524/5787
f 4531/5746 4373/5749 4374/5788 4523/5789
f 4432/5790 4405/5791 4379/5773 4384/5764
f 4544/5743 4526/5779 4378/5778 4394/5744
f 4404/5792 4376/5781 4375/5786 4426/5793
f 4552/5723 4528/5771 4381/5770 4402/5724
f 4434/5794 4404/5792 4426/5793 4456/5795
f 4462/5796 4435/5797 4405/5791 4432/5790
f 4400/5725 4402/5724 4424/5798 4422/5799
f 4382/5729 4401/5728 4423/5800 4406/5801
f 4398/5731 4400/5725 4422/5799 4420/5802
f 4401/5728 4399/5733 4421/5803 4423/5800
f 4396/5735 4398/5731 4420/5802 4418/5804
f 4399/5733 4397/5737 4419/5805 4421/5803
f 4386/5739 4396/5735 4418/5804 4408/5806
f 4397/5737 4395/5741 4417/5807 4419/5805
f 4392/5745 4394/5744 4416/5808 4414/5809
f 4373/5749 4393/5748 4415/5810 4403/5811
f 4390/5751 4392/5745 4414/5809 4412/5812
f 4393/5748 4391/5753 4413/5813 4415/5810
f 4388/5755 4390/5751 4412/5812 4410/5814
f 4391/5753 4389/5757 4411/5815 4413/5813
f 4385/5759 4388/5755 4410/5814 4407/5816
f 4389/5757 4387/5761 4409/5817 4411/5815
f 4387/5761 4386/5739 4408/5806 4409/5817
f 4395/5741 4385/5759 4407/5816 4417/5807
f 4383/5763 4431/5818 4432/5790 4384/5764
f 4382/5729 4406/5801 4431/5819 4383/5766
f 4380/5769 4429/5820 4430/5821 4381/5770
f 4379/5773 4405/5791 4429/5822 4380/5774
f 4377/5777 4427/5823 4428/5824 4378/5778
f 4376/5781 4404/5792 4427/5825 4377/5782
f 4374/5785 4425/5826 4426/5793 4375/5786
f 4373/5749 4403/5811 4425/5827 4374/5788
f 4394/5744 4378/5778 4428/5824 4416/5808
f 4402/5724 4381/5770 4430/5821 4424/5798
f 4492/5828 4465/5829 4435/5797 4462/5796
f 4464/5830 4434/5794 4456/5795 4486/5831
f 4422/5799 4424/5798 4454/5832 4452/5833
f 4406/5801 4423/5800 4453/5834 4436/5835
f 4420/5802 4422/5799 4452/5833 4450/5836
f 4423/5800 4421/5803 4451/5837 4453/5834
f 4418/5804 4420/5802 4450/5836 4448/5838
f 4421/5803 4419/5805 4449/5839 4451/5837
f 4408/5806 4418/5804 4448/5838 4438/5840
f 4419/5805 4417/5807 4447/5841 4449/5839
f 4414/5809 4416/5808 4446/5842 4444/5843
f 4403/5811 4415/5810 4445/5844 4433/5845
f 4412/5812 4414/5809 4444/5843 4442/5846
f 4415/5810 4413/5813 4443/5847 4445/5844
f 4410/5814 4412/5812 4442/5846 4440/5848
f 4413/5813 4411/5815 4441/5849 4443/5847
f 4407/5816 4410/5814 4440/5848 4437/5850
f 4411/5815 4409/5817 4439/5851 4441/5849
f 4409/5817 4408/5806 4438/5840 4439/5851
f 4417/5807 4407/5816 4437/5850 4447/5841
f 4431/5818 4461/5852 4462/5796 4432/5790
f 4406/5801 4436/5835 4461/5853 4431/5819
f 4429/5820 4459/5854 4460/5855 4430/5821
f 4405/5791 4435/5797 4459/5856 4429/5822
f 4427/5823 4457/5857 4458/5858 4428/5824
f 4404/5792 4434/5794 4457/5859 4427/5825
f 4425/5826 4455/5860 4456/5795 4426/5793
f 4403/5811 4433/5845 4455/5861 4425/5827
f 4416/5808 4428/5824 4458/5858 4446/5842
f 4424/5798 4430/5821 4460/5855 4454/5832
f 4494/1425 4464/5830 4486/5831 4516/1424
f 4522/1466 4495/1460 4465/5829 4492/5828
f 4452/5833 4454/5832 4484/5862 4482/5863
f 4436/5835 4453/5834 4483/5864 4466/5865
f 4450/5836 4452/5833 4482/5863 4480/5866
f 4453/5834 4451/5837 4481/5867 4483/5864
f 4448/5838 4450/5836 4480/5866 4478/5868
f 4451/5837 4449/5839 4479/5869 4481/5867
f 4438/5840 4448/5838 4478/5868 4468/5870
f 4449/5839 4447/5841 4477/5871 4479/5869
f 4444/5843 4446/5842 4476/5872 4474/5873
f 4433/5845 4445/5844 4475/5874 4463/5875
f 4442/5846 4444/5843 4474/5873 4472/5876
f 4445/5844 4443/5847 4473/5877 4475/5874
f 4440/5848 4442/5846 4472/5876 4470/5878
f 4443/5847 4441/5849 4471/5879 4473/5877
f 4437/5850 4440/5848 4470/5878 4467/5880
f 4441/5849 4439/5851 4469/5881 4471/5879
f 4439/5851 4438/5840 4468/5870 4469/5881
f 4447/5841 4437/5850 4467/5880 4477/5871
f 4461/5852 4491/5882 4492/5828 4462/5796
f 4436/5835 4466/5865 4491/5883 4461/5853
f 4459/5854 4489/5884 4490/5885 4460/5855
f 4435/5797 4465/5829 4489/5886 4459/5856
f 4457/5857 4487/5887 4488/5888 4458/5858
f 4434/5794 4464/5830 4487/5889 4457/5859
f 4455/5860 4485/5890 4486/5831 4456/5795
f 4433/5845 4463/5875 4485/5891 4455/5861
f 4446/5842 4458/5858 4488/5888 4476/5872
f 4454/5832 4460/5855 4490/5885 4484/5862
f 458/938 415/874 4495/1460 4522/1466
f 373/812 4494/1425 4516/1424 331/754
f 4482/5863 4484/5862 4514/125 4512/5721
f 4466/5865 4483/5864 4513/5707 4496/1463
f 4480/5866 4482/5863 4512/5721 4510/5705
f 4483/5864 4481/5867 4511/5696 4513/5707
f 4478/5868 4480/5866 4510/5705 4508/5687
f 4481/5867 4479/5869 4509/5672 4511/5696
f 4468/5870 4478/5868 4508/5687 4498/5615
f 4479/5869 4477/5871 4507/5612 4509/5672
f 4474/5873 4476/5872 4506/241 4504/5669
f 4463/5875 4475/5874 4505/5655 4493/1421
f 4472/5876 4474/5873 4504/5669 4502/5653
f 4475/5874 4473/5877 4503/5644 4505/5655
f 4470/5878 4472/5876 4502/5653 4500/5635
f 4473/5877 4471/5879 4501/5620 4503/5644
f 4467/5880 4470/5878 4500/5635 4497/5613
f 4471/5879 4469/5881 4499/5614 4501/5620
f 4469/5881 4468/5870 4498/5615 4499/5614
f 4477/5871 4467/5880 4497/5613 4507/5612
f 4491/5882 4521/1465 4522/1466 4492/5828
f 4466/5865 4496/1463 4521/1464 4491/5883
f 4489/5884 4519/1462 4520/126 4490/5885
f 4465/5829 4495/1460 4519/1461 4489/5886
f 4487/5887 4517/1427 4518/242 4488/5888
f 4464/5830 4494/1425 4517/1426 4487/5889
f 4485/5890 4515/1423 4516/1424 4486/5831
f 4463/5875 4493/1421 4515/1422 4485/5891
f 4476/5872 4488/5888 4518/242 4506/241
f 4484/5862 4490/5885 4520/126 4514/125
f 4582/5892 4558/5893 4528/5771 4552/5723
f 4574/5894 4556/5895 4526/5779 4544/5743
f 4561/5896 4531/5746 4523/5789 4553/5897
f 4553/5898 4523/5784 4524/5787 4554/5899
f 4562/5900 4532/5780 4525/5783 4555/5901
f 4555/5902 4525/5776 4526/5779 4556/5895
f 4563/5903 4533/5772 4527/5775 4557/5904
f 4557/5905 4527/5768 4528/5771 4558/5893
f 4564/5906 4534/5726 4529/5767 4559/5907
f 4559/5908 4529/5762 4530/5765 4560/5909
f 4575/5910 4565/5911 4535/5758 4545/5740
f 4567/5912 4566/5913 4536/5738 4537/5760
f 4569/5914 4567/5912 4537/5760 4539/5756
f 4565/5911 4568/5915 4538/5754 4535/5758
f 4571/5916 4569/5914 4539/5756 4541/5752
f 4568/5915 4570/5917 4540/5750 4538/5754
f 4573/5918 4571/5916 4541/5752 4543/5747
f 4570/5917 4572/5919 4542/5742 4540/5750
f 4561/5896 4573/5918 4543/5747 4531/5746
f 4572/5919 4574/5894 4544/5743 4542/5742
f 4577/5920 4575/5910 4545/5740 4547/5736
f 4566/5913 4576/5921 4546/5734 4536/5738
f 4579/5922 4577/5920 4547/5736 4549/5732
f 4576/5921 4578/5923 4548/5730 4546/5734
f 4581/5924 4579/5922 4549/5732 4551/5727
f 4578/5923 4580/5925 4550/5722 4548/5730
f 4564/5906 4581/5924 4551/5727 4534/5726
f 4580/5925 4582/5892 4552/5723 4550/5722
f 4384/5764 4379/5773 4533/5772 4530/5765
f 4376/5781 4532/5780 4524/5787 4375/5786
f 4610/5926 4612/5927 4582/5892 4580/5925
f 4594/5928 4611/5929 4581/5924 4564/5906
f 4608/5930 4610/5926 4580/5925 4578/5923
f 4611/5929 4609/5931 4579/5922 4581/5924
f 4606/5932 4608/5930 4578/5923 4576/5921
f 4609/5931 4607/5933 4577/5920 4579/5922
f 4596/5934 4606/5932 4576/5921 4566/5913
f 4607/5933 4605/5935 4575/5910 4577/5920
f 4602/5936 4604/5937 4574/5894 4572/5919
f 4591/5938 4603/5939 4573/5918 4561/5896
f 4600/5940 4602/5936 4572/5919 4570/5917
f 4603/5939 4601/5941 4571/5916 4573/5918
f 4598/5942 4600/5940 4570/5917 4568/5915
f 4601/5941 4599/5943 4569/5914 4571/5916
f 4595/5944 4598/5942 4568/5915 4565/5911
f 4599/5943 4597/5945 4567/5912 4569/5914
f 4597/5945 4596/5934 4566/5913 4567/5912
f 4605/5935 4595/5944 4565/5911 4575/5910
f 4589/5946 4559/5908 4560/5909 4590/5947
f 4594/5928 4564/5906 4559/5907 4589/5948
f 4587/5949 4557/5905 4558/5893 4588/5950
f 4593/5951 4563/5903 4557/5904 4587/5952
f 4585/5953 4555/5902 4556/5895 4586/5954
f 4592/5955 4562/5900 4555/5901 4585/5956
f 4583/5957 4553/5898 4554/5899 4584/5958
f 4591/5938 4561/5896 4553/5897 4583/5959
f 4604/5937 4586/5954 4556/5895 4574/5894
f 4612/5927 4588/5950 4558/5893 4582/5892
f 4530/5765 4533/5772 4563/5903 4560/5909
f 4532/5780 4562/5900 4554/5899 4524/5787
f 4642/5960 4618/5961 4588/5950 4612/5927
f 4634/5962 4616/5963 4586/5954 4604/5937
f 4621/5964 4591/5938 4583/5959 4613/5965
f 4613/5966 4583/5957 4584/5958 4614/140
f 4622/137 4592/5955 4585/5956 4615/5967
f 4615/5968 4585/5953 4586/5954 4616/5963
f 4623/258 4593/5951 4587/5952 4617/5969
f 4617/5970 4587/5949 4588/5950 4618/5961
f 4624/5971 4594/5928 4589/5948 4619/5972
f 4619/5973 4589/5946 4590/5947 4620/257
f 4635/5974 4625/5975 4595/5944 4605/5935
f 4627/5976 4626/5977 4596/5934 4597/5945
f 4629/5978 4627/5976 4597/5945 4599/5943
f 4625/5975 4628/5979 4598/5942 4595/5944
f 4631/5980 4629/5978 4599/5943 4601/5941
f 4628/5979 4630/5981 4600/5940 4598/5942
f 4633/5982 4631/5980 4601/5941 4603/5939
f 4630/5981 4632/5983 4602/5936 4600/5940
f 4621/5964 4633/5982 4603/5939 4591/5938
f 4632/5983 4634/5962 4604/5937 4602/5936
f 4637/5984 4635/5974 4605/5935 4607/5933
f 4626/5977 4636/5985 4606/5932 4596/5934
f 4639/5986 4637/5984 4607/5933 4609/5931
f 4636/5985 4638/5987 4608/5930 4606/5932
f 4641/5988 4639/5986 4609/5931 4611/5929
f 4638/5987 4640/5989 4610/5926 4608/5930
f 4624/5971 4641/5988 4611/5929 4594/5928
f 4640/5989 4642/5960 4612/5927 4610/5926
f 4560/5909 4563/5903 4593/5951 4590/5947
f 4562/5900 4592/5955 4584/5958 4554/5899
f 4355/5694 4367/5709 4642/5960 4640/5989
f 407/860 4365/1441 4641/5988 4624/5971
f 4343/5674 4355/5694 4640/5989 4638/5987
f 4365/1441 4353/5719 4639/5986 4641/5988
f 4331/5608 4343/5674 4638/5987 4636/5985
f 4353/5719 4341/5703 4637/5984 4639/5986
f 4265/5609 4331/5608 4636/5985 4626/5977
f 4341/5703 4329/5685 4635/5974 4637/5984
f 4311/5642 4323/5657 4634/5962 4632/5983
f 366/804 4313/1402 4633/5982 4621/5964
f 4299/5622 4311/5642 4632/5983 4630/5981
f 4313/1402 4301/5667 4631/5980 4633/5982
f 4287/5592 4299/5622 4630/5981 4628/5979
f 4301/5667 4289/5651 4629/5978 4631/5980
f 4271/5593 4287/5592 4628/5979 4625/5975
f 4289/5651 4277/5633 4627/5976 4629/5978
f 4277/5633 4265/5609 4626/5977 4627/5976
f 4329/5685 4271/5593 4625/5975 4635/5974
f 410/866 4619/5973 4620/257 408/260
f 407/860 4624/5971 4619/5972 410/861
f 454/930 4617/5970 4618/5961 451/927
f 450/259 4623/258 4617/5969 454/924
f 328/749 4615/5968 4616/5963 325/746
f 324/138 4622/137 4615/5967 328/745
f 370/808 4613/5966 4614/140 367/139
f 366/804 4621/5964 4613/5965 370/805
f 4323/5657 325/746 4616/5963 4634/5962
f 4367/5709 451/927 4618/5961 4642/5960
f 4590/5947 4593/5951 4623/258 4620/257
f 4592/5955 4622/137 4614/140 4584/5958
f 4659/5990 4653/5991 4654/5992 4660/5993
f 4666/5994 4652/5995 4653/5996 4659/5997
f 4657/5998 4650/5999 4651/6000 4658/6001
f 4665/6002 4649/6003 4650/6004 4657/6005
f 4681/6006 4647/6007 4648/6008 4682/6009
f 4686/6010 4646/6011 4647/6012 4681/6013
f 4679/6014 4644/6015 4645/6016 4680/6017
f 4685/6018 4643/6019 4644/6020 4679/6021
f 4801/6022 4795/6023 4646/6011 4686/6010
f 4797/6024 4796/6025 4652/5995 4666/5994
f 4688/6026 4680/6017 4645/6016 4651/6000
f 4664/6027 4660/5993 4654/5992 4648/6008
f 4676/1485 4672/6028 4660/5993 4664/6027
f 4799/6029 4797/6024 4666/5994 4678/6030
f 4677/6031 4665/6002 4657/6005 4669/6032
f 4669/6033 4657/5998 4658/6001 4670/153
f 4678/6030 4666/5994 4659/5997 4671/6034
f 4671/6035 4659/5990 4660/5993 4672/6028
f 4647/6007 4663/6036 4664/6027 4648/6008
f 4646/6011 4656/6037 4663/6038 4647/6012
f 4644/6015 4661/6039 4662/6040 4645/6016
f 4643/6019 4655/6041 4661/6042 4644/6020
f 4795/6023 4798/6043 4656/6037 4646/6011
f 4651/6000 4645/6016 4662/6040 4658/6001
f 504/995 4671/6035 4672/6028 498/992
f 500/1000 4678/6030 4671/6034 504/1001
f 497/984 4669/6033 4670/153 491/156
f 493/988 4677/6031 4669/6032 497/989
f 4791/1499 4799/6029 4678/6030 500/1000
f 542/1062 498/992 4672/6028 4676/1485
f 4663/6036 4675/1484 4676/1485 4664/6027
f 4656/6037 4668/268 4675/1483 4663/6038
f 4661/6039 4673/1482 4674/154 4662/6040
f 4655/6041 4667/1480 4673/1481 4661/6042
f 4798/6043 4800/265 4668/268 4656/6037
f 4658/6001 4662/6040 4674/154 4670/153
f 4700/1535 4692/6044 4680/6017 4688/6026
f 4803/6045 4801/6022 4686/6010 4698/6046
f 4697/6047 4685/6018 4679/6021 4691/6048
f 4691/6049 4679/6014 4680/6017 4692/6044
f 4698/6046 4686/6010 4681/6013 4693/6050
f 4693/6051 4681/6006 4682/6009 4694/149
f 4653/5991 4689/6052 4690/6053 4654/5992
f 4652/5995 4684/6054 4689/6055 4653/5996
f 4650/5999 4687/6056 4688/6026 4651/6000
f 4649/6003 4683/6057 4687/6058 4650/6004
f 4796/6025 4802/6059 4684/6054 4652/5995
f 4648/6008 4654/5992 4690/6053 4682/6009
f 655/1228 4693/6051 4694/149 653/152
f 652/1222 4698/6046 4693/6050 655/1223
f 651/1214 4691/6049 4692/6044 645/1211
f 647/1218 4697/6047 4691/6048 651/1219
f 4794/1554 4803/6045 4698/6046 652/1222
f 605/1156 645/1211 4692/6044 4700/1535
f 4689/6052 4701/1537 4702/150 4690/6053
f 4684/6054 4696/180 4701/1536 4689/6055
f 4687/6056 4699/1534 4700/1535 4688/6026
f 4683/6057 4695/1532 4699/1533 4687/6058
f 4802/6059 4804/177 4696/180 4684/6054
f 4682/6009 4690/6053 4702/150 4694/149
f 4832/6060 4834/6061 4724/6062 4722/6063
f 4824/6064 4833/6065 4723/6066 4712/6067
f 4826/6068 4832/6060 4722/6063 4716/6069
f 4833/6065 4831/6070 4721/6071 4723/6066
f 4828/6072 4830/6073 4720/6074 4718/6075
f 4821/6076 4829/6077 4719/6078 4703/6079
f 4825/6080 4828/6072 4718/6075 4715/6081
f 4829/6077 4827/6082 4717/6083 4719/6078
f 4827/6082 4826/6068 4716/6069 4717/6083
f 4831/6070 4825/6080 4715/6081 4721/6071
f 4819/6084 4713/6085 4714/6086 4820/6087
f 4824/6064 4712/6067 4713/6088 4819/6089
f 4817/6090 4710/6091 4711/6092 4818/6093
f 4823/6094 4709/6095 4710/6096 4817/6097
f 4815/6098 4707/6099 4708/6100 4816/6101
f 4822/6102 4706/6103 4707/6104 4815/6105
f 4813/6106 4704/6107 4705/6108 4814/6109
f 4821/6076 4703/6079 4704/6110 4813/6111
f 4746/6112 4727/6113 4709/6095 4714/6086
f 4830/6073 4816/6101 4708/6100 4720/6074
f 4726/6114 4706/6103 4705/6108 4740/6115
f 4834/6061 4818/6093 4711/6092 4724/6062
f 4748/6116 4726/6114 4740/6115 4762/6117
f 4768/6118 4749/6119 4727/6113 4746/6112
f 4722/6063 4724/6062 4738/6120 4736/6121
f 4712/6067 4723/6066 4737/6122 4728/6123
f 4716/6069 4722/6063 4736/6121 4730/6124
f 4723/6066 4721/6071 4735/6125 4737/6122
f 4718/6075 4720/6074 4734/6126 4732/6127
f 4703/6079 4719/6078 4733/6128 4725/6129
f 4715/6081 4718/6075 4732/6127 4729/6130
f 4719/6078 4717/6083 4731/6131 4733/6128
f 4717/6083 4716/6069 4730/6124 4731/6131
f 4721/6071 4715/6081 4729/6130 4735/6125
f 4713/6085 4745/6132 4746/6112 4714/6086
f 4712/6067 4728/6123 4745/6133 4713/6088
f 4710/6091 4743/6134 4744/6135 4711/6092
f 4709/6095 4727/6113 4743/6136 4710/6096
f 4707/6099 4741/6137 4742/6138 4708/6100
f 4706/6103 4726/6114 4741/6139 4707/6104
f 4704/6107 4739/6140 4740/6115 4705/6108
f 4703/6079 4725/6129 4739/6141 4704/6110
f 4720/6074 4708/6100 4742/6138 4734/6126
f 4724/6062 4711/6092 4744/6135 4738/6120
f 4790/6142 4771/6143 4749/6119 4768/6118
f 4770/6144 4748/6116 4762/6117 4784/6145
f 4736/6121 4738/6120 4760/6146 4758/6147
f 4728/6123 4737/6122 4759/6148 4750/6149
f 4730/6124 4736/6121 4758/6147 4752/6150
f 4737/6122 4735/6125 4757/6151 4759/6148
f 4732/6127 4734/6126 4756/6152 4754/6153
f 4725/6129 4733/6128 4755/6154 4747/6155
f 4729/6130 4732/6127 4754/6153 4751/6156
f 4733/6128 4731/6131 4753/6157 4755/6154
f 4731/6131 4730/6124 4752/6150 4753/6157
f 4735/6125 4729/6130 4751/6156 4757/6151
f 4745/6132 4767/6158 4768/6118 4746/6112
f 4728/6123 4750/6149 4767/6159 4745/6133
f 4743/6134 4765/6160 4766/6161 4744/6135
f 4727/6113 4749/6119 4765/6162 4743/6136
f 4741/6137 4763/6163 4764/6164 4742/6138
f 4726/6114 4748/6116 4763/6165 4741/6139
f 4739/6140 4761/6166 4762/6117 4740/6115
f 4725/6129 4747/6155 4761/6167 4739/6141
f 4734/6126 4742/6138 4764/6164 4756/6152
f 4738/6120 4744/6135 4766/6161 4760/6146
f 4792/1503 4770/6144 4784/6145 4806/1502
f 4812/1557 4793/1551 4771/6143 4790/6142
f 4758/6147 4760/6146 4782/6168 4780/6169
f 4750/6149 4759/6148 4781/6170 4772/6171
f 4752/6150 4758/6147 4780/6169 4774/6172
f 4759/6148 4757/6151 4779/6173 4781/6170
f 4754/6153 4756/6152 4778/6174 4776/6175
f 4747/6155 4755/6154 4777/6176 4769/6177
f 4751/6156 4754/6153 4776/6175 4773/6178
f 4755/6154 4753/6157 4775/6179 4777/6176
f 4753/6157 4752/6150 4774/6172 4775/6179
f 4757/6151 4751/6156 4773/6178 4779/6173
f 4767/6158 4789/6180 4790/6142 4768/6118
f 4750/6149 4772/6171 4789/6181 4767/6159
f 4765/6160 4787/6182 4788/6183 4766/6161
f 4749/6119 4771/6143 4787/6184 4765/6162
f 4763/6163 4785/6185 4786/6186 4764/6164
f 4748/6116 4770/6144 4785/6187 4763/6165
f 4761/6166 4783/6188 4784/6145 4762/6117
f 4747/6155 4769/6177 4783/6189 4761/6167
f 4756/6152 4764/6164 4786/6186 4778/6174
f 4760/6146 4766/6161 4788/6183 4782/6168
f 654/1229 611/1163 4793/1551 4812/1557
f 541/1058 4792/1503 4806/1502 499/996
f 4780/6169 4782/6168 4804/177 4802/6059
f 4772/6171 4781/6170 4803/6045 4794/1554
f 4774/6172 4780/6169 4802/6059 4796/6025
f 4781/6170 4779/6173 4801/6022 4803/6045
f 4776/6175 4778/6174 4800/265 4798/6043
f 4769/6177 4777/6176 4799/6029 4791/1499
f 4773/6178 4776/6175 4798/6043 4795/6023
f 4777/6176 4775/6179 4797/6024 4799/6029
f 4775/6179 4774/6172 4796/6025 4797/6024
f 4779/6173 4773/6178 4795/6023 4801/6022
f 4789/6180 4811/1556 4812/1557 4790/6142
f 4772/6171 4794/1554 4811/1555 4789/6181
f 4787/6182 4809/1553 4810/178 4788/6183
f 4771/6143 4793/1551 4809/1552 4787/6184
f 4785/6185 4807/1505 4808/266 4786/6186
f 4770/6144 4792/1503 4807/1504 4785/6187
f 4783/6188 4805/1501 4806/1502 4784/6145
f 4769/6177 4791/1499 4805/1500 4783/6189
f 4778/6174 4786/6186 4808/266 4800/265
f 4782/6168 4788/6183 4810/178 4804/177
f 4856/6190 4840/6191 4818/6093 4834/6061
f 4852/6192 4838/6193 4816/6101 4830/6073
f 4843/6194 4821/6076 4813/6111 4835/6195
f 4835/6196 4813/6106 4814/6109 4836/6197
f 4844/6198 4822/6102 4815/6105 4837/6199
f 4837/6200 4815/6098 4816/6101 4838/6193
f 4845/6201 4823/6094 4817/6097 4839/6202
f 4839/6203 4817/6090 4818/6093 4840/6191
f 4846/6204 4824/6064 4819/6089 4841/6205
f 4841/6206 4819/6084 4820/6087 4842/6207
f 4853/6208 4847/6209 4825/6080 4831/6070
f 4849/6210 4848/6211 4826/6068 4827/6082
f 4851/6212 4849/6210 4827/6082 4829/6077
f 4847/6209 4850/6213 4828/6072 4825/6080
f 4843/6194 4851/6212 4829/6077 4821/6076
f 4850/6213 4852/6192 4830/6073 4828/6072
f 4855/6214 4853/6208 4831/6070 4833/6065
f 4848/6211 4854/6215 4832/6060 4826/6068
f 4846/6204 4855/6214 4833/6065 4824/6064
f 4854/6215 4856/6190 4834/6061 4832/6060
f 4714/6086 4709/6095 4823/6094 4820/6087
f 4706/6103 4822/6102 4814/6109 4705/6108
f 4876/6216 4878/6217 4856/6190 4854/6215
f 4868/6218 4877/6219 4855/6214 4846/6204
f 4870/6220 4876/6216 4854/6215 4848/6211
f 4877/6219 4875/6221 4853/6208 4855/6214
f 4872/6222 4874/6223 4852/6192 4850/6213
f 4865/6224 4873/6225 4851/6212 4843/6194
f 4869/6226 4872/6222 4850/6213 4847/6209
f 4873/6225 4871/6227 4849/6210 4851/6212
f 4871/6227 4870/6220 4848/6211 4849/6210
f 4875/6221 4869/6226 4847/6209 4853/6208
f 4863/6228 4841/6206 4842/6207 4864/6229
f 4868/6218 4846/6204 4841/6205 4863/6230
f 4861/6231 4839/6203 4840/6191 4862/6232
f 4867/6233 4845/6201 4839/6202 4861/6234
f 4859/6235 4837/6200 4838/6193 4860/6236
f 4866/6237 4844/6198 4837/6199 4859/6238
f 4857/6239 4835/6196 4836/6197 4858/6240
f 4865/6224 4843/6194 4835/6195 4857/6241
f 4874/6223 4860/6236 4838/6193 4852/6192
f 4878/6217 4862/6232 4840/6191 4856/6190
f 4820/6087 4823/6094 4845/6201 4842/6207
f 4822/6102 4844/6198 4836/6197 4814/6109
f 4900/6242 4884/6243 4862/6232 4878/6217
f 4896/6244 4882/6245 4860/6236 4874/6223
f 4887/6246 4865/6224 4857/6241 4879/6247
f 4879/6248 4857/6239 4858/6240 4880/192
f 4888/189 4866/6237 4859/6238 4881/6249
f 4881/6250 4859/6235 4860/6236 4882/6245
f 4889/286 4867/6233 4861/6234 4883/6251
f 4883/6252 4861/6231 4862/6232 4884/6243
f 4890/6253 4868/6218 4863/6230 4885/6254
f 4885/6255 4863/6228 4864/6229 4886/285
f 4897/6256 4891/6257 4869/6226 4875/6221
f 4893/6258 4892/6259 4870/6220 4871/6227
f 4895/6260 4893/6258 4871/6227 4873/6225
f 4891/6257 4894/6261 4872/6222 4869/6226
f 4887/6246 4895/6260 4873/6225 4865/6224
f 4894/6261 4896/6244 4874/6223 4872/6222
f 4899/6262 4897/6256 4875/6221 4877/6219
f 4892/6259 4898/6263 4876/6216 4870/6220
f 4890/6253 4899/6262 4877/6219 4868/6218
f 4898/6263 4900/6242 4878/6217 4876/6216
f 4842/6207 4845/6201 4867/6233 4864/6229
f 4844/6198 4866/6237 4858/6240 4836/6197
f 4685/6018 4697/6047 4900/6242 4898/6263
f 603/1149 4695/1532 4899/6262 4890/6253
f 4643/6019 4685/6018 4898/6263 4892/6259
f 4695/1532 4683/6057 4897/6256 4899/6262
f 4665/6002 4677/6031 4896/6244 4894/6261
f 534/1048 4667/1480 4895/6260 4887/6246
f 4649/6003 4665/6002 4894/6261 4891/6257
f 4667/1480 4655/6041 4893/6258 4895/6260
f 4655/6041 4643/6019 4892/6259 4893/6258
f 4683/6057 4649/6003 4891/6257 4897/6256
f 606/1155 4885/6255 4886/285 604/288
f 603/1149 4890/6253 4885/6254 606/1150
f 650/1221 4883/6252 4884/6243 647/1218
f 646/287 4889/286 4883/6251 650/1215
f 496/991 4881/6250 4882/6245 493/988
f 492/190 4888/189 4881/6249 496/985
f 538/1054 4879/6248 4880/192 535/191
f 534/1048 4887/6246 4879/6247 538/1049
f 4677/6031 493/988 4882/6245 4896/6244
f 4697/6047 647/1218 4884/6243 4900/6242
f 4864/6229 4867/6233 4889/286 4886/285
f 4866/6237 4888/189 4880/192 4858/6240
f 4917/6264 4911/6265 4912/6266 4918/6267
f 4924/6268 4910/6269 4911/6270 4917/6271
f 4915/6272 4908/6273 4909/6274 4916/6275
f 4923/6276 4907/6277 4908/6278 4915/6279
f 4939/6280 4905/6281 4906/6282 4940/6283
f 4944/6284 4904/6285 4905/6286 4939/6287
f 4937/6288 4902/6289 4903/6290 4938/6291
f 4943/6292 4901/6293 4902/6294 4937/6295
f 5059/6296 5053/6297 4904/6285 4944/6284
f 5055/6298 5054/6299 4910/6269 4924/6268
f 4946/6300 4938/6291 4903/6290 4909/6274
f 4922/6301 4918/6267 4912/6266 4906/6282
f 4934/1479 4930/6302 4918/6267 4922/6301
f 5057/6303 5055/6298 4924/6268 4936/6304
f 4935/6305 4923/6276 4915/6279 4927/6306
f 4927/6307 4915/6272 4916/6275 4928/161
f 4936/6304 4924/6268 4917/6271 4929/6308
f 4929/6309 4917/6264 4918/6267 4930/6302
f 4905/6281 4921/6310 4922/6301 4906/6282
f 4904/6285 4914/6311 4921/6312 4905/6286
f 4902/6289 4919/6313 4920/6314 4903/6290
f 4901/6293 4913/6315 4919/6316 4902/6294
f 5053/6297 5056/6317 4914/6311 4904/6285
f 4909/6274 4903/6290 4920/6314 4916/6275
f 490/973 4929/6309 4930/6302 484/970
f 486/978 4936/6304 4929/6308 490/979
f 483/962 4927/6307 4928/161 477/164
f 479/966 4935/6305 4927/6306 483/967
f 5049/1506 5057/6303 4936/6304 486/978
f 528/1041 484/970 4930/6302 4934/1479
f 4921/6310 4933/1478 4934/1479 4922/6301
f 4914/6311 4926/272 4933/1477 4921/6312
f 4919/6313 4931/1476 4932/162 4920/6314
f 4913/6315 4925/1474 4931/1475 4919/6316
f 5056/6317 5058/269 4926/272 4914/6311
f 4916/6275 4920/6314 4932/162 4928/161
f 4958/1529 4950/6318 4938/6291 4946/6300
f 5061/6319 5059/6296 4944/6284 4956/6320
f 4955/6321 4943/6292 4937/6295 4949/6322
f 4949/6323 4937/6288 4938/6291 4950/6318
f 4956/6320 4944/6284 4939/6287 4951/6324
f 4951/6325 4939/6280 4940/6283 4952/157
f 4911/6265 4947/6326 4948/6327 4912/6266
f 4910/6269 4942/6328 4947/6329 4911/6270
f 4908/6273 4945/6330 4946/6300 4909/6274
f 4907/6277 4941/6331 4945/6332 4908/6278
f 5054/6299 5060/6333 4942/6328 4910/6269
f 4906/6282 4912/6266 4948/6327 4940/6283
f 641/1206 4951/6325 4952/157 639/160
f 638/1200 4956/6320 4951/6324 641/1201
f 637/1192 4949/6323 4950/6318 631/1189
f 633/1196 4955/6321 4949/6322 637/1197
f 5052/1561 5061/6319 4956/6320 638/1200
f 591/1135 631/1189 4950/6318 4958/1529
f 4947/6326 4959/1531 4960/158 4948/6327
f 4942/6328 4954/188 4959/1530 4947/6329
f 4945/6330 4957/1528 4958/1529 4946/6300
f 4941/6331 4953/1526 4957/1527 4945/6332
f 5060/6333 5062/185 4954/188 4942/6328
f 4940/6283 4948/6327 4960/158 4952/157
f 5090/6334 5092/6335 4982/6336 4980/6337
f 5082/6338 5091/6339 4981/6340 4970/6341
f 5084/6342 5090/6334 4980/6337 4974/6343
f 5091/6339 5089/6344 4979/6345 4981/6340
f 5086/6346 5088/6347 4978/6348 4976/6349
f 5079/6350 5087/6351 4977/6352 4961/6353
f 5083/6354 5086/6346 4976/6349 4973/6355
f 5087/6351 5085/6356 4975/6357 4977/6352
f 5085/6356 5084/6342 4974/6343 4975/6357
f 5089/6344 5083/6354 4973/6355 4979/6345
f 5077/6358 4971/6359 4972/6360 5078/6361
f 5082/6338 4970/6341 4971/6362 5077/6363
f 5075/6364 4968/6365 4969/6366 5076/6367
f 5081/6368 4967/6369 4968/6370 5075/6371
f 5073/6372 4965/6373 4966/6374 5074/6375
f 5080/6376 4964/6377 4965/6378 5073/6379
f 5071/6380 4962/6381 4963/6382 5072/6383
f 5079/6350 4961/6353 4962/6384 5071/6385
f 5004/6386 4985/6387 4967/6369 4972/6360
f 5088/6347 5074/6375 4966/6374 4978/6348
f 4984/6388 4964/6377 4963/6382 4998/6389
f 5092/6335 5076/6367 4969/6366 4982/6336
f 5006/6390 4984/6388 4998/6389 5020/6391
f 5026/6392 5007/6393 4985/6387 5004/6386
f 4980/6337 4982/6336 4996/6394 4994/6395
f 4970/6341 4981/6340 4995/6396 4986/6397
f 4974/6343 4980/6337 4994/6395 4988/6398
f 4981/6340 4979/6345 4993/6399 4995/6396
f 4976/6349 4978/6348 4992/6400 4990/6401
f 4961/6353 4977/6352 4991/6402 4983/6403
f 4973/6355 4976/6349 4990/6401 4987/6404
f 4977/6352 4975/6357 4989/6405 4991/6402
f 4975/6357 4974/6343 4988/6398 4989/6405
f 4979/6345 4973/6355 4987/6404 4993/6399
f 4971/6359 5003/6406 5004/6386 4972/6360
f 4970/6341 4986/6397 5003/6407 4971/6362
f 4968/6365 5001/6408 5002/6409 4969/6366
f 4967/6369 4985/6387 5001/6410 4968/6370
f 4965/6373 4999/6411 5000/6412 4966/6374
f 4964/6377 4984/6388 4999/6413 4965/6378
f 4962/6381 4997/6414 4998/6389 4963/6382
f 4961/6353 4983/6403 4997/6415 4962/6384
f 4978/6348 4966/6374 5000/6412 4992/6400
f 4982/6336 4969/6366 5002/6409 4996/6394
f 5048/6416 5029/6417 5007/6393 5026/6392
f 5028/6418 5006/6390 5020/6391 5042/6419
f 4994/6395 4996/6394 5018/6420 5016/6421
f 4986/6397 4995/6396 5017/6422 5008/6423
f 4988/6398 4994/6395 5016/6421 5010/6424
f 4995/6396 4993/6399 5015/6425 5017/6422
f 4990/6401 4992/6400 5014/6426 5012/6427
f 4983/6403 4991/6402 5013/6428 5005/6429
f 4987/6404 4990/6401 5012/6427 5009/6430
f 4991/6402 4989/6405 5011/6431 5013/6428
f 4989/6405 4988/6398 5010/6424 5011/6431
f 4993/6399 4987/6404 5009/6430 5015/6425
f 5003/6406 5025/6432 5026/6392 5004/6386
f 4986/6397 5008/6423 5025/6433 5003/6407
f 5001/6408 5023/6434 5024/6435 5002/6409
f 4985/6387 5007/6393 5023/6436 5001/6410
f 4999/6411 5021/6437 5022/6438 5000/6412
f 4984/6388 5006/6390 5021/6439 4999/6413
f 4997/6414 5019/6440 5020/6391 4998/6389
f 4983/6403 5005/6429 5019/6441 4997/6415
f 4992/6400 5000/6412 5022/6438 5014/6426
f 4996/6394 5002/6409 5024/6435 5018/6420
f 5050/1510 5028/6418 5042/6419 5064/1509
f 5070/1564 5051/1558 5029/6417 5048/6416
f 5016/6421 5018/6420 5040/6442 5038/6443
f 5008/6423 5017/6422 5039/6444 5030/6445
f 5010/6424 5016/6421 5038/6443 5032/6446
f 5017/6422 5015/6425 5037/6447 5039/6444
f 5012/6427 5014/6426 5036/6448 5034/6449
f 5005/6429 5013/6428 5035/6450 5027/6451
f 5009/6430 5012/6427 5034/6449 5031/6452
f 5013/6428 5011/6431 5033/6453 5035/6450
f 5011/6431 5010/6424 5032/6446 5033/6453
f 5015/6425 5009/6430 5031/6452 5037/6447
f 5025/6432 5047/6454 5048/6416 5026/6392
f 5008/6423 5030/6445 5047/6455 5025/6433
f 5023/6434 5045/6456 5046/6457 5024/6435
f 5007/6393 5029/6417 5045/6458 5023/6436
f 5021/6437 5043/6459 5044/6460 5022/6438
f 5006/6390 5028/6418 5043/6461 5021/6439
f 5019/6440 5041/6462 5042/6419 5020/6391
f 5005/6429 5027/6451 5041/6463 5019/6441
f 5014/6426 5022/6438 5044/6460 5036/6448
f 5018/6420 5024/6435 5046/6457 5040/6442
f 640/1207 597/1142 5051/1558 5070/1564
f 527/1037 5050/1510 5064/1509 485/974
f 5038/6443 5040/6442 5062/185 5060/6333
f 5030/6445 5039/6444 5061/6319 5052/1561
f 5032/6446 5038/6443 5060/6333 5054/6299
f 5039/6444 5037/6447 5059/6296 5061/6319
f 5034/6449 5036/6448 5058/269 5056/6317
f 5027/6451 5035/6450 5057/6303 5049/1506
f 5031/6452 5034/6449 5056/6317 5053/6297
f 5035/6450 5033/6453 5055/6298 5057/6303
f 5033/6453 5032/6446 5054/6299 5055/6298
f 5037/6447 5031/6452 5053/6297 5059/6296
f 5047/6454 5069/1563 5070/1564 5048/6416
f 5030/6445 5052/1561 5069/1562 5047/6455
f 5045/6456 5067/1560 5068/186 5046/6457
f 5029/6417 5051/1558 5067/1559 5045/6458
f 5043/6459 5065/1512 5066/270 5044/6460
f 5028/6418 5050/1510 5065/1511 5043/6461
f 5041/6462 5063/1508 5064/1509 5042/6419
f 5027/6451 5049/1506 5063/1507 5041/6463
f 5036/6448 5044/6460 5066/270 5058/269
f 5040/6442 5046/6457 5068/186 5062/185
f 5114/6464 5098/6465 5076/6367 5092/6335
f 5110/6466 5096/6467 5074/6375 5088/6347
f 5101/6468 5079/6350 5071/6385 5093/6469
f 5093/6470 5071/6380 5072/6383 5094/6471
f 5102/6472 5080/6376 5073/6379 5095/6473
f 5095/6474 5073/6372 5074/6375 5096/6467
f 5103/6475 5081/6368 5075/6371 5097/6476
f 5097/6477 5075/6364 5076/6367 5098/6465
f 5104/6478 5082/6338 5077/6363 5099/6479
f 5099/6480 5077/6358 5078/6361 5100/6481
f 5111/6482 5105/6483 5083/6354 5089/6344
f 5107/6484 5106/6485 5084/6342 5085/6356
f 5109/6486 5107/6484 5085/6356 5087/6351
f 5105/6483 5108/6487 5086/6346 5083/6354
f 5101/6468 5109/6486 5087/6351 5079/6350
f 5108/6487 5110/6466 5088/6347 5086/6346
f 5113/6488 5111/6482 5089/6344 5091/6339
f 5106/6485 5112/6489 5090/6334 5084/6342
f 5104/6478 5113/6488 5091/6339 5082/6338
f 5112/6489 5114/6464 5092/6335 5090/6334
f 4972/6360 4967/6369 5081/6368 5078/6361
f 4964/6377 5080/6376 5072/6383 4963/6382
f 5134/6490 5136/6491 5114/6464 5112/6489
f 5126/6492 5135/6493 5113/6488 5104/6478
f 5128/6494 5134/6490 5112/6489 5106/6485
f 5135/6493 5133/6495 5111/6482 5113/6488
f 5130/6496 5132/6497 5110/6466 5108/6487
f 5123/6498 5131/6499 5109/6486 5101/6468
f 5127/6500 5130/6496 5108/6487 5105/6483
f 5131/6499 5129/6501 5107/6484 5109/6486
f 5129/6501 5128/6494 5106/6485 5107/6484
f 5133/6495 5127/6500 5105/6483 5111/6482
f 5121/6502 5099/6480 5100/6481 5122/6503
f 5126/6492 5104/6478 5099/6479 5121/6504
f 5119/6505 5097/6477 5098/6465 5120/6506
f 5125/6507 5103/6475 5097/6476 5119/6508
f 5117/6509 5095/6474 5096/6467 5118/6510
f 5124/6511 5102/6472 5095/6473 5117/6512
f 5115/6513 5093/6470 5094/6471 5116/6514
f 5123/6498 5101/6468 5093/6469 5115/6515
f 5132/6497 5118/6510 5096/6467 5110/6466
f 5136/6491 5120/6506 5098/6465 5114/6464
f 5078/6361 5081/6368 5103/6475 5100/6481
f 5080/6376 5102/6472 5094/6471 5072/6383
f 5158/6516 5142/6517 5120/6506 5136/6491
f 5154/6518 5140/6519 5118/6510 5132/6497
f 5145/6520 5123/6498 5115/6515 5137/6521
f 5137/6522 5115/6513 5116/6514 5138/252
f 5146/249 5124/6511 5117/6512 5139/6523
f 5139/6524 5117/6509 5118/6510 5140/6519
f 5147/274 5125/6507 5119/6508 5141/6525
f 5141/6526 5119/6505 5120/6506 5142/6517
f 5148/6527 5126/6492 5121/6504 5143/6528
f 5143/6529 5121/6502 5122/6503 5144/273
f 5155/6530 5149/6531 5127/6500 5133/6495
f 5151/6532 5150/6533 5128/6494 5129/6501
f 5153/6534 5151/6532 5129/6501 5131/6499
f 5149/6531 5152/6535 5130/6496 5127/6500
f 5145/6520 5153/6534 5131/6499 5123/6498
f 5152/6535 5154/6518 5132/6497 5130/6496
f 5157/6536 5155/6530 5133/6495 5135/6493
f 5150/6533 5156/6537 5134/6490 5128/6494
f 5148/6527 5157/6536 5135/6493 5126/6492
f 5156/6537 5158/6516 5136/6491 5134/6490
f 5100/6481 5103/6475 5125/6507 5122/6503
f 5102/6472 5124/6511 5116/6514 5094/6471
f 4943/6292 4955/6321 5158/6516 5156/6537
f 589/1128 4953/1526 5157/6536 5148/6527
f 4901/6293 4943/6292 5156/6537 5150/6533
f 4953/1526 4941/6331 5155/6530 5157/6536
f 4923/6276 4935/6305 5154/6518 5152/6535
f 520/1027 4925/1474 5153/6534 5145/6520
f 4907/6277 4923/6276 5152/6535 5149/6531
f 4925/1474 4913/6315 5151/6532 5153/6534
f 4913/6315 4901/6293 5150/6533 5151/6532
f 4941/6331 4907/6277 5149/6531 5155/6530
f 592/1134 5143/6529 5144/273 590/276
f 589/1128 5148/6527 5143/6528 592/1129
f 636/1199 5141/6526 5142/6517 633/1196
f 632/275 5147/274 5141/6525 636/1193
f 482/969 5139/6524 5140/6519 479/966
f 478/250 5146/249 5139/6523 482/963
f 524/1033 5137/6522 5138/252 521/251
f 520/1027 5145/6520 5137/6521 524/1028
f 4935/6305 479/966 5140/6519 5154/6518
f 4955/6321 633/1196 5142/6517 5158/6516
f 5122/6503 5125/6507 5147/274 5144/273
f 5124/6511 5146/249 5138/252 5116/6514
f 5175/6538 5169/6539 5170/6540 5176/6541
f 5182/6542 5168/6543 5169/6544 5175/6545
f 5173/6546 5166/6547 5167/6548 5174/6549
f 5181/6550 5165/6551 5166/6552 5173/6553
f 5197/6554 5163/6555 5164/6556 5198/6557
f 5202/6558 5162/6559 5163/6560 5197/6561
f 5195/6562 5160/6563 5161/6564 5196/6565
f 5201/6566 5159/6567 5160/6568 5195/6569
f 5317/6570 5311/6571 5162/6559 5202/6558
f 5313/6572 5312/6573 5168/6543 5182/6542
f 5204/6574 5196/6565 5161/6564 5167/6548
f 5180/6575 5176/6541 5170/6540 5164/6556
f 5192/1491 5188/6576 5176/6541 5180/6575
f 5315/6577 5313/6572 5182/6542 5194/6578
f 5193/6579 5181/6550 5173/6553 5185/6580
f 5185/6581 5173/6546 5174/6549 5186/145
f 5194/6578 5182/6542 5175/6545 5187/6582
f 5187/6583 5175/6538 5176/6541 5188/6576
f 5163/6555 5179/6584 5180/6575 5164/6556
f 5162/6559 5172/6585 5179/6586 5163/6560
f 5160/6563 5177/6587 5178/6588 5161/6564
f 5159/6567 5171/6589 5177/6590 5160/6568
f 5311/6571 5314/6591 5172/6585 5162/6559
f 5167/6548 5161/6564 5178/6588 5174/6549
f 518/1017 5187/6583 5188/6576 512/1014
f 514/1020 5194/6578 5187/6582 518/1021
f 511/1006 5185/6581 5186/145 505/148
f 507/1010 5193/6579 5185/6580 511/1011
f 5307/1492 5315/6577 5194/6578 514/1020
f 556/1083 512/1014 5188/6576 5192/1491
f 5179/6584 5191/1490 5192/1491 5180/6575
f 5172/6585 5184/264 5191/1489 5179/6586
f 5177/6587 5189/1488 5190/146 5178/6588
f 5171/6589 5183/1486 5189/1487 5177/6590
f 5314/6591 5316/261 5184/264 5172/6585
f 5174/6549 5178/6588 5190/146 5186/145
f 5216/1541 5208/6592 5196/6565 5204/6574
f 5319/6593 5317/6570 5202/6558 5214/6594
f 5213/6595 5201/6566 5195/6569 5207/6596
f 5207/6597 5195/6562 5196/6565 5208/6592
f 5214/6594 5202/6558 5197/6561 5209/6598
f 5209/6599 5197/6554 5198/6557 5210/141
f 5169/6539 5205/6600 5206/6601 5170/6540
f 5168/6543 5200/6602 5205/6603 5169/6544
f 5166/6547 5203/6604 5204/6574 5167/6548
f 5165/6551 5199/6605 5203/6606 5166/6552
f 5312/6573 5318/6607 5200/6602 5168/6543
f 5164/6556 5170/6540 5206/6601 5198/6557
f 669/1248 5209/6599 5210/141 667/144
f 666/1242 5214/6594 5209/6598 669/1243
f 665/1236 5207/6597 5208/6592 659/1233
f 661/1238 5213/6595 5207/6596 665/1239
f 5310/1547 5319/6593 5214/6594 666/1242
f 619/1177 659/1233 5208/6592 5216/1541
f 5205/6600 5217/1543 5218/142 5206/6601
f 5200/6602 5212/176 5217/1542 5205/6603
f 5203/6604 5215/1540 5216/1541 5204/6574
f 5199/6605 5211/1538 5215/1539 5203/6606
f 5318/6607 5320/173 5212/176 5200/6602
f 5198/6557 5206/6601 5218/142 5210/141
f 5348/6608 5350/6609 5240/6610 5238/6611
f 5340/6612 5349/6613 5239/6614 5228/6615
f 5342/6616 5348/6608 5238/6611 5232/6617
f 5349/6613 5347/6618 5237/6619 5239/6614
f 5344/6620 5346/6621 5236/6622 5234/6623
f 5337/6624 5345/6625 5235/6626 5219/6627
f 5341/6628 5344/6620 5234/6623 5231/6629
f 5345/6625 5343/6630 5233/6631 5235/6626
f 5343/6630 5342/6616 5232/6617 5233/6631
f 5347/6618 5341/6628 5231/6629 5237/6619
f 5335/6632 5229/6633 5230/6634 5336/6635
f 5340/6612 5228/6615 5229/6636 5335/6637
f 5333/6638 5226/6639 5227/6640 5334/6641
f 5339/6642 5225/6643 5226/6644 5333/6645
f 5331/6646 5223/6647 5224/6648 5332/6649
f 5338/6650 5222/6651 5223/6652 5331/6653
f 5329/6654 5220/6655 5221/6656 5330/6657
f 5337/6624 5219/6627 5220/6658 5329/6659
f 5262/6660 5243/6661 5225/6643 5230/6634
f 5346/6621 5332/6649 5224/6648 5236/6622
f 5242/6662 5222/6651 5221/6656 5256/6663
f 5350/6609 5334/6641 5227/6640 5240/6610
f 5264/6664 5242/6662 5256/6663 5278/6665
f 5284/6666 5265/6667 5243/6661 5262/6660
f 5238/6611 5240/6610 5254/6668 5252/6669
f 5228/6615 5239/6614 5253/6670 5244/6671
f 5232/6617 5238/6611 5252/6669 5246/6672
f 5239/6614 5237/6619 5251/6673 5253/6670
f 5234/6623 5236/6622 5250/6674 5248/6675
f 5219/6627 5235/6626 5249/6676 5241/6677
f 5231/6629 5234/6623 5248/6675 5245/6678
f 5235/6626 5233/6631 5247/6679 5249/6676
f 5233/6631 5232/6617 5246/6672 5247/6679
f 5237/6619 5231/6629 5245/6678 5251/6673
f 5229/6633 5261/6680 5262/6660 5230/6634
f 5228/6615 5244/6671 5261/6681 5229/6636
f 5226/6639 5259/6682 5260/6683 5227/6640
f 5225/6643 5243/6661 5259/6684 5226/6644
f 5223/6647 5257/6685 5258/6686 5224/6648
f 5222/6651 5242/6662 5257/6687 5223/6652
f 5220/6655 5255/6688 5256/6663 5221/6656
f 5219/6627 5241/6677 5255/6689 5220/6658
f 5236/6622 5224/6648 5258/6686 5250/6674
f 5240/6610 5227/6640 5260/6683 5254/6668
f 5306/6690 5287/6691 5265/6667 5284/6666
f 5286/6692 5264/6664 5278/6665 5300/6693
f 5252/6669 5254/6668 5276/6694 5274/6695
f 5244/6671 5253/6670 5275/6696 5266/6697
f 5246/6672 5252/6669 5274/6695 5268/6698
f 5253/6670 5251/6673 5273/6699 5275/6696
f 5248/6675 5250/6674 5272/6700 5270/6701
f 5241/6677 5249/6676 5271/6702 5263/6703
f 5245/6678 5248/6675 5270/6701 5267/6704
f 5249/6676 5247/6679 5269/6705 5271/6702
f 5247/6679 5246/6672 5268/6698 5269/6705
f 5251/6673 5245/6678 5267/6704 5273/6699
f 5261/6680 5283/6706 5284/6666 5262/6660
f 5244/6671 5266/6697 5283/6707 5261/6681
f 5259/6682 5281/6708 5282/6709 5260/6683
f 5243/6661 5265/6667 5281/6710 5259/6684
f 5257/6685 5279/6711 5280/6712 5258/6686
f 5242/6662 5264/6664 5279/6713 5257/6687
f 5255/6688 5277/6714 5278/6665 5256/6663
f 5241/6677 5263/6703 5277/6715 5255/6689
f 5250/6674 5258/6686 5280/6712 5272/6700
f 5254/6668 5260/6683 5282/6709 5276/6694
f 5308/1496 5286/6692 5300/6693 5322/1495
f 5328/1550 5309/1544 5287/6691 5306/6690
f 5274/6695 5276/6694 5298/6716 5296/6717
f 5266/6697 5275/6696 5297/6718 5288/6719
f 5268/6698 5274/6695 5296/6717 5290/6720
f 5275/6696 5273/6699 5295/6721 5297/6718
f 5270/6701 5272/6700 5294/6722 5292/6723
f 5263/6703 5271/6702 5293/6724 5285/6725
f 5267/6704 5270/6701 5292/6723 5289/6726
f 5271/6702 5269/6705 5291/6727 5293/6724
f 5269/6705 5268/6698 5290/6720 5291/6727
f 5273/6699 5267/6704 5289/6726 5295/6721
f 5283/6706 5305/6728 5306/6690 5284/6666
f 5266/6697 5288/6719 5305/6729 5283/6707
f 5281/6708 5303/6730 5304/6731 5282/6709
f 5265/6667 5287/6691 5303/6732 5281/6710
f 5279/6711 5301/6733 5302/6734 5280/6712
f 5264/6664 5286/6692 5301/6735 5279/6713
f 5277/6714 5299/6736 5300/6693 5278/6665
f 5263/6703 5285/6725 5299/6737 5277/6715
f 5272/6700 5280/6712 5302/6734 5294/6722
f 5276/6694 5282/6709 5304/6731 5298/6716
f 668/1249 625/1182 5309/1544 5328/1550
f 555/1079 5308/1496 5322/1495 513/1018
f 5296/6717 5298/6716 5320/173 5318/6607
f 5288/6719 5297/6718 5319/6593 5310/1547
f 5290/6720 5296/6717 5318/6607 5312/6573
f 5297/6718 5295/6721 5317/6570 5319/6593
f 5292/6723 5294/6722 5316/261 5314/6591
f 5285/6725 5293/6724 5315/6577 5307/1492
f 5289/6726 5292/6723 5314/6591 5311/6571
f 5293/6724 5291/6727 5313/6572 5315/6577
f 5291/6727 5290/6720 5312/6573 5313/6572
f 5295/6721 5289/6726 5311/6571 5317/6570
f 5305/6728 5327/1549 5328/1550 5306/6690
f 5288/6719 5310/1547 5327/1548 5305/6729
f 5303/6730 5325/1546 5326/174 5304/6731
f 5287/6691 5309/1544 5325/1545 5303/6732
f 5301/6733 5323/1498 5324/262 5302/6734
f 5286/6692 5308/1496 5323/1497 5301/6735
f 5299/6736 5321/1494 5322/1495 5300/6693
f 5285/6725 5307/1492 5321/1493 5299/6737
f 5294/6722 5302/6734 5324/262 5316/261
f 5298/6716 5304/6731 5326/174 5320/173
f 5372/6738 5356/6739 5334/6641 5350/6609
f 5368/6740 5354/6741 5332/6649 5346/6621
f 5359/6742 5337/6624 5329/6659 5351/6743
f 5351/6744 5329/6654 5330/6657 5352/6745
f 5360/6746 5338/6650 5331/6653 5353/6747
f 5353/6748 5331/6646 5332/6649 5354/6741
f 5361/6749 5339/6642 5333/6645 5355/6750
f 5355/6751 5333/6638 5334/6641 5356/6739
f 5362/6752 5340/6612 5335/6637 5357/6753
f 5357/6754 5335/6632 5336/6635 5358/6755
f 5369/6756 5363/6757 5341/6628 5347/6618
f 5365/6758 5364/6759 5342/6616 5343/6630
f 5367/6760 5365/6758 5343/6630 5345/6625
f 5363/6757 5366/6761 5344/6620 5341/6628
f 5359/6742 5367/6760 5345/6625 5337/6624
f 5366/6761 5368/6740 5346/6621 5344/6620
f 5371/6762 5369/6756 5347/6618 5349/6613
f 5364/6759 5370/6763 5348/6608 5342/6616
f 5362/6752 5371/6762 5349/6613 5340/6612
f 5370/6763 5372/6738 5350/6609 5348/6608
f 5230/6634 5225/6643 5339/6642 5336/6635
f 5222/6651 5338/6650 5330/6657 5221/6656
f 5392/6764 5394/6765 5372/6738 5370/6763
f 5384/6766 5393/6767 5371/6762 5362/6752
f 5386/6768 5392/6764 5370/6763 5364/6759
f 5393/6767 5391/6769 5369/6756 5371/6762
f 5388/6770 5390/6771 5368/6740 5366/6761
f 5381/6772 5389/6773 5367/6760 5359/6742
f 5385/6774 5388/6770 5366/6761 5363/6757
f 5389/6773 5387/6775 5365/6758 5367/6760
f 5387/6775 5386/6768 5364/6759 5365/6758
f 5391/6769 5385/6774 5363/6757 5369/6756
f 5379/6776 5357/6754 5358/6755 5380/6777
f 5384/6766 5362/6752 5357/6753 5379/6778
f 5377/6779 5355/6751 5356/6739 5378/6780
f 5383/6781 5361/6749 5355/6750 5377/6782
f 5375/6783 5353/6748 5354/6741 5376/6784
f 5382/6785 5360/6746 5353/6747 5375/6786
f 5373/6787 5351/6744 5352/6745 5374/6788
f 5381/6772 5359/6742 5351/6743 5373/6789
f 5390/6771 5376/6784 5354/6741 5368/6740
f 5394/6765 5378/6780 5356/6739 5372/6738
f 5336/6635 5339/6642 5361/6749 5358/6755
f 5338/6650 5360/6746 5352/6745 5330/6657
f 5416/6790 5400/6791 5378/6780 5394/6765
f 5412/6792 5398/6793 5376/6784 5390/6771
f 5403/6794 5381/6772 5373/6789 5395/6795
f 5395/6796 5373/6787 5374/6788 5396/184
f 5404/181 5382/6785 5375/6786 5397/6797
f 5397/6798 5375/6783 5376/6784 5398/6793
f 5405/282 5383/6781 5377/6782 5399/6799
f 5399/6800 5377/6779 5378/6780 5400/6791
f 5406/6801 5384/6766 5379/6778 5401/6802
f 5401/6803 5379/6776 5380/6777 5402/281
f 5413/6804 5407/6805 5385/6774 5391/6769
f 5409/6806 5408/6807 5386/6768 5387/6775
f 5411/6808 5409/6806 5387/6775 5389/6773
f 5407/6805 5410/6809 5388/6770 5385/6774
f 5403/6794 5411/6808 5389/6773 5381/6772
f 5410/6809 5412/6792 5390/6771 5388/6770
f 5415/6810 5413/6804 5391/6769 5393/6767
f 5408/6807 5414/6811 5392/6764 5386/6768
f 5406/6801 5415/6810 5393/6767 5384/6766
f 5414/6811 5416/6790 5394/6765 5392/6764
f 5358/6755 5361/6749 5383/6781 5380/6777
f 5360/6746 5382/6785 5374/6788 5352/6745
f 5201/6566 5213/6595 5416/6790 5414/6811
f 617/1170 5211/1538 5415/6810 5406/6801
f 5159/6567 5201/6566 5414/6811 5408/6807
f 5211/1538 5199/6605 5413/6804 5415/6810
f 5181/6550 5193/6579 5412/6792 5410/6809
f 548/1069 5183/1486 5411/6808 5403/6794
f 5165/6551 5181/6550 5410/6809 5407/6805
f 5183/1486 5171/6589 5409/6806 5411/6808
f 5171/6589 5159/6567 5408/6807 5409/6806
f 5199/6605 5165/6551 5407/6805 5413/6804
f 620/1176 5401/6803 5402/281 618/284
f 617/1170 5406/6801 5401/6802 620/1171
f 664/1241 5399/6800 5400/6791 661/1238
f 660/283 5405/282 5399/6799 664/1237
f 510/1013 5397/6798 5398/6793 507/1010
f 506/182 5404/181 5397/6797 510/1007
f 552/1075 5395/6796 5396/184 549/183
f 548/1069 5403/6794 5395/6795 552/1070
f 5193/6579 507/1010 5398/6793 5412/6792
f 5213/6595 661/1238 5400/6791 5416/6790
f 5380/6777 5383/6781 5405/282 5402/281
f 5382/6785 5404/181 5396/184 5374/6788
f 5945/6812 5956/6813 5432/6814 5426/6815
f 5665/6816 5686/6817 5462/6818 5454/6819
f 5996/6820 5667/6821 5418/6822 5973/6823
f 5966/6824 5683/6825 5433/6826 5946/6827
f 5766/6828 5773/6829 5448/6830 5440/6831
f 5570/6832 5577/6833 5476/6834 5468/6835
f 5425/6836 5428/6837 5429/6838 5431/6839
f 5426/6815 5430/6840 5429/6841 5428/6842
f 5427/6843 5431/6844 5429/6845 5430/6846
f 5432/6814 5435/6847 5436/6848 5438/6849
f 5433/6826 5437/6850 5436/6851 5435/6852
f 5434/6853 5438/6854 5436/6855 5437/6856
f 5439/6857 5442/6858 5443/6859 5445/6860
f 5440/6831 5444/6861 5443/6862 5442/6863
f 5441/6864 5445/6865 5443/6866 5444/6867
f 5446/6868 5449/6869 5450/6870 5452/6871
f 5447/6872 5451/6873 5450/6874 5449/6875
f 5448/6830 5452/6876 5450/6877 5451/6878
f 5453/6879 5456/6880 5457/6881 5459/6882
f 5454/6819 5458/6883 5457/6884 5456/6885
f 5455/6886 5459/6887 5457/6888 5458/6889
f 5460/6890 5463/6891 5464/6892 5466/6893
f 5461/6894 5465/6895 5464/6896 5463/6897
f 5462/6818 5466/6898 5464/6899 5465/6900
f 5467/6901 5470/6902 5471/6903 5473/6904
f 5468/6835 5472/6905 5471/6906 5470/6907
f 5469/6908 5473/6909 5471/6910 5472/6911
f 5474/6912 5477/6913 5478/6914 5480/6915
f 5475/6916 5479/6917 5478/6918 5477/6919
f 5476/6834 5480/6920 5478/6921 5479/6922
f 5661/6923 5425/6836 5431/6839 5681/6924
f 5681/6925 5431/6844 5427/6843 5682/6926
f 5426/6815 5432/6814 5438/6849 5430/6840
f 5430/6846 5438/6854 5434/6853 5427/6843
f 5767/6927 5446/6868 5452/6871 5772/6928
f 5772/6929 5452/6876 5448/6830 5773/6829
f 5447/6872 5441/6864 5444/6867 5451/6873
f 5451/6878 5444/6861 5440/6831 5448/6830
f 5941/6930 5439/6857 5445/6860 5960/6931
f 5960/6932 5445/6865 5441/6864 5961/6933
f 5571/6934 5474/6912 5480/6915 5578/6935
f 5578/6936 5480/6920 5476/6834 5577/6833
f 5475/6916 5469/6908 5472/6911 5479/6917
f 5479/6922 5472/6905 5468/6835 5476/6834
f 5768/6937 5467/6901 5473/6904 5774/6938
f 5774/6939 5473/6909 5469/6908 5775/6940
f 5666/6941 5460/6890 5466/6893 5685/6942
f 5685/6943 5466/6898 5462/6818 5686/6817
f 5461/6894 5455/6886 5458/6889 5465/6895
f 5465/6900 5458/6883 5454/6819 5462/6818
f 5572/6944 5453/6879 5459/6882 5581/6945
f 5581/6946 5459/6887 5455/6886 5576/6947
f 5946/6827 5433/6826 5435/6852 5957/6948
f 5957/6949 5435/6847 5432/6814 5956/6813
f 5680/6950 5684/6951 5453/6879 5572/6944
f 6011/6952 5483/6953 5484/6954 6012/6955
f 6005/6956 5482/6957 5483/6958 6011/6959
f 5989/6960 5417/6961 5481/6962 5990/6963
f 5973/6823 5418/6822 5417/6964 5989/6965
f 5987/6966 5420/6967 5419/6968 5988/6969
f 5974/6970 5421/6971 5420/6972 5987/6973
f 6007/6974 5423/6975 5422/6976 6008/6977
f 6004/6978 5424/6979 5423/6980 6007/6981
f 5976/6982 5988/6969 5419/6968 5422/6976
f 6022/6983 5668/6984 5482/6957 6005/6956
f 6001/6985 6012/6955 5484/6954 5481/6962
f 5503/6986 5502/6987 5496/6988 5485/6989
f 5671/6990 5669/6991 5489/6992 5507/6993
f 5506/6994 5488/6995 5491/6996 5497/6997
f 5497/6998 5491/6999 5492/7000 5498/7001
f 5507/6993 5489/6992 5495/7002 5501/7003
f 5501/7004 5495/7005 5496/6988 5502/6987
f 6021/7006 5670/7007 5494/7008 6010/7009
f 6006/7010 5490/7011 5485/6989 6001/6985
f 6010/7009 5494/7008 5490/7012 6006/7013
f 6003/7014 5487/7015 5486/7016 6002/7017
f 6009/7018 5493/7019 5487/7020 6003/7021
f 6008/6977 6002/7017 5486/7016 5492/7000
f 5531/7022 5501/7004 5502/6987 5532/7023
f 5537/7024 5507/6993 5501/7003 5531/7025
f 5527/7026 5497/6998 5498/7001 5528/7027
f 5536/7028 5506/6994 5497/6997 5527/7029
f 5673/7030 5671/6990 5507/6993 5537/7024
f 5533/7031 5532/7023 5502/6987 5503/6986
f 5670/7007 5672/7032 5500/7033 5494/7008
f 5490/7011 5508/7034 5503/6986 5485/6989
f 5494/7008 5500/7033 5508/7035 5490/7012
f 5487/7015 5505/7036 5504/7037 5486/7016
f 5493/7019 5499/7038 5505/7039 5487/7020
f 5492/7000 5486/7016 5504/7037 5498/7001
f 5702/7040 5704/7041 5526/7042 5524/7043
f 5706/7044 5703/7045 5525/7046 5539/7047
f 6024/7048 5702/7040 5524/7043 6013/7049
f 5703/7045 5701/7050 5523/7051 5525/7046
f 6023/7052 5700/7053 5522/7054 6014/7055
f 5712/7056 5690/7057 5515/7058 5582/7059
f 5691/7060 5519/7061 5520/7062 5692/7063
f 5698/7064 5518/7065 5519/7066 5691/7067
f 5586/7068 5516/7069 5517/7070 5587/7071
f 5598/7072 5515/7058 5516/7073 5586/7074
f 5584/7075 5513/7076 5514/7077 5585/7078
f 5597/7079 5512/7080 5513/7081 5584/7082
f 5687/7083 5510/7084 5511/7085 5688/7086
f 5693/7087 5509/7088 5510/7089 5687/7090
f 5596/7091 5585/7078 5514/7077 5511/7085
f 5967/7092 5689/7093 5512/7080 5962/7094
f 5997/7095 5699/7096 5521/7097 5992/7098
f 5697/7099 5692/7063 5520/7062 5517/7070
f 5704/7041 5705/7100 5540/7101 5526/7042
f 5707/7102 5706/7044 5539/7047 5547/7103
f 5548/7104 5546/7105 5532/7023 5533/7031
f 5675/7106 5673/7030 5537/7024 5552/7107
f 5551/7108 5536/7028 5527/7029 5541/7109
f 5541/7110 5527/7026 5528/7027 5542/7111
f 5552/7107 5537/7024 5531/7025 5545/7112
f 5545/7113 5531/7022 5532/7023 5546/7105
f 5672/7032 5674/7114 5530/7115 5500/7033
f 5508/7034 5538/7116 5533/7031 5503/6986
f 5500/7033 5530/7115 5538/7117 5508/7035
f 5505/7036 5535/7118 5534/7119 5504/7037
f 5499/7038 5529/7120 5535/7121 5505/7039
f 5498/7001 5504/7037 5534/7119 5528/7027
f 5559/7122 5545/7113 5546/7105 5560/7123
f 5566/7124 5552/7107 5545/7112 5559/7125
f 5555/7126 5541/7110 5542/7111 5556/7127
f 5565/7128 5551/7108 5541/7109 5555/7129
f 5677/7130 5675/7106 5552/7107 5566/7124
f 5562/7131 5560/7123 5546/7105 5548/7104
f 5709/7132 5707/7102 5547/7103 5561/7133
f 5705/7100 5708/7134 5554/7135 5540/7101
f 5674/7114 5676/7136 5544/7137 5530/7115
f 5538/7116 5553/7138 5548/7104 5533/7031
f 5530/7115 5544/7137 5553/7139 5538/7117
f 5535/7118 5550/7140 5549/7141 5534/7119
f 5529/7120 5543/7142 5550/7143 5535/7121
f 5528/7027 5534/7119 5549/7141 5542/7111
f 5711/7144 5709/7132 5561/7133 5575/7145
f 5576/6947 5574/7146 5560/7123 5562/7131
f 5679/7147 5677/7130 5566/7124 5580/7148
f 5579/7149 5565/7128 5555/7129 5569/7150
f 5569/7151 5555/7126 5556/7127 5570/6832
f 5580/7148 5566/7124 5559/7125 5573/7152
f 5573/7153 5559/7122 5560/7123 5574/7146
f 5708/7134 5710/7154 5568/7155 5554/7135
f 5676/7136 5678/7156 5558/7157 5544/7137
f 5553/7138 5567/7158 5562/7131 5548/7104
f 5544/7137 5558/7157 5567/7159 5553/7139
f 5550/7140 5564/7160 5563/7161 5549/7141
f 5543/7142 5557/7162 5564/7163 5550/7143
f 5542/7111 5549/7141 5563/7161 5556/7127
f 5463/6897 5573/7153 5574/7146 5461/6894
f 5460/6890 5580/7148 5573/7152 5463/6891
f 5470/6907 5569/7151 5570/6832 5468/6835
f 5467/6901 5579/7149 5569/7150 5470/6902
f 5666/6941 5679/7147 5580/7148 5460/6890
f 5455/6886 5461/6894 5574/7146 5576/6947
f 5698/7064 5711/7144 5575/7145 5518/7065
f 5710/7154 5712/7056 5582/7059 5568/7155
f 5678/7156 5680/6950 5572/6944 5558/7157
f 5567/7158 5581/6946 5576/6947 5562/7131
f 5558/7157 5572/6944 5581/6945 5567/7159
f 5564/7160 5578/6936 5577/6833 5563/7161
f 5557/7162 5571/6934 5578/6935 5564/7163
f 5556/7127 5563/7161 5577/6833 5570/6832
f 5568/7155 5582/7059 5608/7164 5606/7165
f 5518/7065 5575/7145 5607/7166 5588/7167
f 5554/7135 5568/7155 5606/7165 5604/7168
f 5575/7145 5561/7133 5605/7169 5607/7166
f 5540/7101 5554/7135 5604/7168 5602/7170
f 5561/7133 5547/7103 5603/7171 5605/7169
f 5526/7042 5540/7101 5602/7170 5594/7172
f 5547/7103 5539/7047 5601/7173 5603/7171
f 5630/7174 5611/7175 5585/7078 5596/7091
f 5631/7176 5597/7079 5584/7082 5610/7177
f 5610/7178 5584/7075 5585/7078 5611/7175
f 5632/7179 5598/7072 5586/7074 5612/7180
f 5612/7181 5586/7068 5587/7071 5613/7182
f 5524/7043 5526/7042 5594/7172 5592/7183
f 5539/7047 5525/7046 5593/7184 5601/7173
f 6013/7049 5524/7043 5592/7183 6015/7185
f 5525/7046 5523/7051 5591/7186 5593/7184
f 6014/7055 5522/7054 5590/7187 6016/7188
f 5582/7059 5515/7058 5598/7072 5608/7164
f 5519/7061 5599/7189 5600/7190 5520/7062
f 5518/7065 5588/7167 5599/7191 5519/7066
f 5510/7084 5595/7192 5596/7091 5511/7085
f 5509/7088 5583/7193 5595/7194 5510/7089
f 5962/7094 5512/7080 5597/7079 5963/7195
f 5992/7098 5521/7097 5589/7196 5993/7197
f 5517/7070 5520/7062 5600/7190 5587/7071
f 5638/7198 5612/7181 5613/7182 5639/7199
f 5658/7200 5632/7179 5612/7180 5638/7201
f 5636/7202 5610/7178 5611/7175 5637/7203
f 5657/7204 5631/7176 5610/7177 5636/7205
f 5656/7206 5637/7203 5611/7175 5630/7174
f 5606/7165 5608/7164 5628/7207 5626/7208
f 5588/7167 5607/7166 5627/7209 5614/7210
f 5604/7168 5606/7165 5626/7208 5624/7211
f 5607/7166 5605/7169 5625/7212 5627/7209
f 5602/7170 5604/7168 5624/7211 5622/7213
f 5605/7169 5603/7171 5623/7214 5625/7212
f 5594/7172 5602/7170 5622/7213 5620/7215
f 5603/7171 5601/7173 5621/7216 5623/7214
f 5592/7183 5594/7172 5620/7215 5618/7217
f 5601/7173 5593/7184 5619/7218 5621/7216
f 6015/7185 5592/7183 5618/7217 6017/7219
f 5593/7184 5591/7186 5617/7220 5619/7218
f 6016/7188 5590/7187 5616/7221 6018/7222
f 5608/7164 5598/7072 5632/7179 5628/7207
f 5599/7189 5633/7223 5634/7224 5600/7190
f 5588/7167 5614/7210 5633/7225 5599/7191
f 5595/7192 5629/7226 5630/7174 5596/7091
f 5583/7193 5609/7227 5629/7228 5595/7194
f 5963/7195 5597/7079 5631/7176 5964/7229
f 5993/7197 5589/7196 5615/7230 5994/7231
f 5587/7071 5600/7190 5634/7224 5613/7182
f 5682/6926 5663/7232 5637/7203 5656/7206
f 5683/6825 5657/7204 5636/7205 5662/7233
f 5662/7234 5636/7202 5637/7203 5663/7232
f 5684/6951 5658/7200 5638/7201 5664/7235
f 5664/7236 5638/7198 5639/7199 5665/6816
f 5626/7208 5628/7207 5654/7237 5652/7238
f 5614/7210 5627/7209 5653/7239 5640/7240
f 5624/7211 5626/7208 5652/7238 5650/7241
f 5627/7209 5625/7212 5651/7242 5653/7239
f 5622/7213 5624/7211 5650/7241 5648/7243
f 5625/7212 5623/7214 5649/7244 5651/7242
f 5620/7215 5622/7213 5648/7243 5646/7245
f 5623/7214 5621/7216 5647/7246 5649/7244
f 5618/7217 5620/7215 5646/7245 5644/7247
f 5621/7216 5619/7218 5645/7248 5647/7246
f 6017/7219 5618/7217 5644/7247 6019/7249
f 5619/7218 5617/7220 5643/7250 5645/7248
f 6018/7222 5616/7221 5642/7251 6020/7252
f 5628/7207 5632/7179 5658/7200 5654/7237
f 5633/7223 5659/7253 5660/7254 5634/7224
f 5614/7210 5640/7240 5659/7255 5633/7225
f 5629/7226 5655/7256 5656/7206 5630/7174
f 5609/7227 5635/7257 5655/7258 5629/7228
f 5964/7229 5631/7176 5657/7204 5965/7259
f 5994/7231 5615/7230 5641/7260 5995/7261
f 5613/7182 5634/7224 5660/7254 5639/7199
f 5456/6885 5664/7236 5665/6816 5454/6819
f 5453/6879 5684/6951 5664/7235 5456/6880
f 5437/6856 5662/7234 5663/7232 5434/6853
f 5433/6826 5683/6825 5662/7233 5437/6850
f 5427/6843 5434/6853 5663/7232 5682/6926
f 5652/7238 5654/7237 5680/6950 5678/7156
f 5640/7240 5653/7239 5679/7147 5666/6941
f 5650/7241 5652/7238 5678/7156 5676/7136
f 5653/7239 5651/7242 5677/7130 5679/7147
f 5648/7243 5650/7241 5676/7136 5674/7114
f 5651/7242 5649/7244 5675/7106 5677/7130
f 5646/7245 5648/7243 5674/7114 5672/7032
f 5649/7244 5647/7246 5673/7030 5675/7106
f 5644/7247 5646/7245 5672/7032 5670/7007
f 5647/7246 5645/7248 5671/6990 5673/7030
f 6019/7249 5644/7247 5670/7007 6021/7006
f 5645/7248 5643/7250 5669/6991 5671/6990
f 6020/7252 5642/7251 5668/6984 6022/6983
f 5654/7237 5658/7200 5684/6951 5680/6950
f 5659/7253 5685/6943 5686/6817 5660/7254
f 5640/7240 5666/6941 5685/6942 5659/7255
f 5655/7256 5681/6925 5682/6926 5656/7206
f 5635/7257 5661/6923 5681/6924 5655/7258
f 5965/7259 5657/7204 5683/6825 5966/6824
f 5995/7261 5641/7260 5667/6821 5996/6820
f 5639/7199 5660/7254 5686/6817 5665/6816
f 5736/7262 5738/7263 5712/7056 5710/7154
f 5724/7264 5737/7265 5711/7144 5698/7064
f 5734/7266 5736/7262 5710/7154 5708/7134
f 5737/7265 5735/7267 5709/7132 5711/7144
f 5731/7268 5734/7266 5708/7134 5705/7100
f 5735/7267 5733/7269 5707/7102 5709/7132
f 5733/7269 5732/7270 5706/7044 5707/7102
f 5730/7271 5731/7268 5705/7100 5704/7041
f 5723/7272 5718/7273 5692/7063 5697/7099
f 5998/7274 5725/7275 5699/7096 5997/7095
f 5968/7276 5715/7277 5689/7093 5967/7092
f 5719/7278 5693/7087 5687/7090 5713/7279
f 5713/7280 5687/7083 5688/7086 5714/7281
f 5724/7264 5698/7064 5691/7067 5717/7282
f 5717/7283 5691/7060 5692/7063 5718/7273
f 5738/7263 5716/7284 5690/7057 5712/7056
f 6026/7285 5726/7286 5700/7053 6023/7052
f 5729/7287 5727/7288 5701/7050 5703/7045
f 6025/7289 5728/7290 5702/7040 6024/7048
f 5732/7270 5729/7287 5703/7045 5706/7044
f 5728/7290 5730/7271 5704/7041 5702/7040
f 5516/7069 5696/7291 5697/7099 5517/7070
f 5515/7058 5690/7057 5696/7292 5516/7073
f 5513/7076 5694/7293 5695/7294 5514/7077
f 5512/7080 5689/7093 5694/7295 5513/7081
f 5511/7085 5514/7077 5695/7294 5688/7086
f 5754/7296 5756/7297 5730/7271 5728/7290
f 5758/7298 5755/7299 5729/7287 5732/7270
f 6028/7300 5754/7296 5728/7290 6025/7289
f 5755/7299 5753/7301 5727/7288 5729/7287
f 6027/7302 5752/7303 5726/7286 6026/7285
f 5764/7304 5742/7305 5716/7284 5738/7263
f 5743/7306 5717/7283 5718/7273 5744/7307
f 5750/7308 5724/7264 5717/7282 5743/7309
f 5739/7310 5713/7280 5714/7281 5740/7311
f 5745/7312 5719/7278 5713/7279 5739/7313
f 5969/7314 5741/7315 5715/7277 5968/7276
f 5999/7316 5751/7317 5725/7275 5998/7274
f 5749/7318 5744/7307 5718/7273 5723/7272
f 5756/7297 5757/7319 5731/7268 5730/7271
f 5759/7320 5758/7298 5732/7270 5733/7269
f 5761/7321 5759/7320 5733/7269 5735/7267
f 5757/7319 5760/7322 5734/7266 5731/7268
f 5763/7323 5761/7321 5735/7267 5737/7265
f 5760/7322 5762/7324 5736/7262 5734/7266
f 5750/7308 5763/7323 5737/7265 5724/7264
f 5762/7324 5764/7304 5738/7263 5736/7262
f 5696/7291 5722/7325 5723/7272 5697/7099
f 5690/7057 5716/7284 5722/7326 5696/7292
f 5694/7293 5720/7327 5721/7328 5695/7294
f 5689/7093 5715/7277 5720/7329 5694/7295
f 5688/7086 5695/7294 5721/7328 5714/7281
f 5788/7330 5790/7331 5764/7304 5762/7324
f 5776/7332 5789/7333 5763/7323 5750/7308
f 5786/7334 5788/7330 5762/7324 5760/7322
f 5789/7333 5787/7335 5761/7321 5763/7323
f 5783/7336 5786/7334 5760/7322 5757/7319
f 5787/7335 5785/7337 5759/7320 5761/7321
f 5785/7337 5784/7338 5758/7298 5759/7320
f 5782/7339 5783/7336 5757/7319 5756/7297
f 5775/6940 5770/7340 5744/7307 5749/7318
f 6000/7341 5777/7342 5751/7317 5999/7316
f 5970/7343 5767/6927 5741/7315 5969/7314
f 5771/7344 5745/7312 5739/7313 5765/7345
f 5765/7346 5739/7310 5740/7311 5766/6828
f 5776/7332 5750/7308 5743/7309 5769/7347
f 5769/7348 5743/7306 5744/7307 5770/7340
f 5790/7331 5768/6937 5742/7305 5764/7304
f 6030/7349 5778/7350 5752/7303 6027/7302
f 5781/7351 5779/7352 5753/7301 5755/7299
f 6029/7353 5780/7354 5754/7296 6028/7300
f 5784/7338 5781/7351 5755/7299 5758/7298
f 5780/7354 5782/7339 5756/7297 5754/7296
f 5722/7325 5748/7355 5749/7318 5723/7272
f 5716/7284 5742/7305 5748/7356 5722/7326
f 5720/7327 5746/7357 5747/7358 5721/7328
f 5715/7277 5741/7315 5746/7359 5720/7329
f 5714/7281 5721/7328 5747/7358 5740/7311
f 5488/6995 5506/6994 5782/7339 5780/7354
f 5529/7120 5499/7038 5781/7351 5784/7338
f 6004/6978 5488/6995 5780/7354 6029/7353
f 5499/7038 5493/7019 5779/7352 5781/7351
f 6009/7018 5421/6971 5778/7350 6030/7349
f 5579/7149 5467/6901 5768/6937 5790/7331
f 5477/6919 5769/7348 5770/7340 5475/6916
f 5474/6912 5776/7332 5769/7347 5477/6913
f 5442/6863 5765/7346 5766/6828 5440/6831
f 5439/6857 5771/7344 5765/7345 5442/6858
f 5959/7360 5446/6868 5767/6927 5970/7343
f 5986/7361 5424/6979 5777/7342 6000/7341
f 5469/6908 5475/6916 5770/7340 5775/6940
f 5506/6994 5536/7028 5783/7336 5782/7339
f 5543/7142 5529/7120 5784/7338 5785/7337
f 5557/7162 5543/7142 5785/7337 5787/7335
f 5536/7028 5551/7108 5786/7334 5783/7336
f 5571/6934 5557/7162 5787/7335 5789/7333
f 5551/7108 5565/7128 5788/7330 5786/7334
f 5474/6912 5571/6934 5789/7333 5776/7332
f 5565/7128 5579/7149 5790/7331 5788/7330
f 5748/7355 5774/6939 5775/6940 5749/7318
f 5742/7305 5768/6937 5774/6938 5748/7356
f 5746/7357 5772/6929 5773/6829 5747/7358
f 5741/7315 5767/6927 5772/6928 5746/7359
f 5740/7311 5747/7358 5773/6829 5766/6828
f 5821/7362 5797/7363 5820/7364 5835/7365
f 5974/6970 5794/7366 5819/7367 5985/7368
f 5985/7368 5819/7367 5818/7369 5984/7370
f 5835/7365 5820/7364 5817/7371 5834/7372
f 5834/7372 5817/7371 5816/7373 5833/7374
f 5984/7370 5818/7369 5815/7375 5983/7376
f 5983/7376 5815/7375 5814/7377 5982/7378
f 5833/7374 5816/7373 5813/7379 5832/7380
f 5830/7381 5810/7382 5812/7383 5831/7384
f 5980/7385 5809/7386 5811/7387 5981/7388
f 5829/7389 5808/7390 5810/7382 5830/7381
f 5979/7391 5807/7392 5809/7386 5980/7385
f 5828/7393 5806/7394 5808/7390 5829/7389
f 5978/7395 5805/7396 5807/7392 5979/7391
f 5827/7397 5804/7398 5806/7394 5828/7393
f 5977/7399 5803/7400 5805/7396 5978/7395
f 5832/7380 5813/7379 5804/7398 5827/7397
f 5982/7378 5814/7377 5803/7400 5977/7399
f 5841/7401 5823/7402 5799/7403 5796/7404
f 5839/7405 5794/7366 5798/7406 5822/7407
f 5822/7408 5798/7409 5799/7403 5823/7402
f 5838/7410 5793/7411 5800/7412 5824/7413
f 5824/7414 5800/7415 5801/7416 5825/7417
f 5972/7418 5792/7419 5791/7420 5971/7421
f 5991/7422 5802/7423 5792/7424 5972/7425
f 5975/7426 5795/7427 5796/7404 5976/6982
f 5986/7361 5797/7363 5795/7428 5975/7429
f 5981/7388 5811/7387 5802/7423 5991/7422
f 5831/7384 5812/7383 5793/7411 5838/7410
f 5990/6963 5971/7421 5791/7420 5801/7416
f 5861/7430 5831/7384 5838/7410 5868/7431
f 5854/7432 5824/7414 5825/7417 5855/7433
f 5868/7431 5838/7410 5824/7413 5854/7434
f 5852/7435 5822/7408 5823/7402 5853/7436
f 5869/7437 5839/7405 5822/7407 5852/7438
f 5871/7439 5853/7436 5823/7402 5841/7401
f 5862/7440 5832/7380 5827/7397 5857/7441
f 5857/7441 5827/7397 5828/7393 5858/7442
f 5858/7442 5828/7393 5829/7389 5859/7443
f 5859/7443 5829/7389 5830/7381 5860/7444
f 5860/7444 5830/7381 5831/7384 5861/7430
f 5863/7445 5833/7374 5832/7380 5862/7440
f 5864/7446 5834/7372 5833/7374 5863/7445
f 5865/7447 5835/7365 5834/7372 5864/7446
f 5851/7448 5821/7362 5835/7365 5865/7447
f 5794/7366 5839/7405 5850/7449 5819/7367
f 5819/7367 5850/7449 5849/7450 5818/7369
f 5818/7369 5849/7450 5848/7451 5815/7375
f 5815/7375 5848/7451 5847/7452 5814/7377
f 5809/7386 5845/7453 5846/7454 5811/7387
f 5807/7392 5844/7455 5845/7453 5809/7386
f 5805/7396 5843/7456 5844/7455 5807/7392
f 5803/7400 5842/7457 5843/7456 5805/7396
f 5814/7377 5847/7452 5842/7457 5803/7400
f 5792/7419 5837/7458 5836/7459 5791/7420
f 5802/7423 5826/7460 5837/7461 5792/7424
f 5795/7427 5840/7462 5841/7401 5796/7404
f 5797/7363 5821/7362 5840/7463 5795/7428
f 5811/7387 5846/7454 5826/7460 5802/7423
f 5801/7416 5791/7420 5836/7459 5825/7417
f 5881/7464 5851/7448 5865/7447 5895/7465
f 5895/7465 5865/7447 5864/7446 5894/7466
f 5894/7466 5864/7446 5863/7445 5893/7467
f 5893/7467 5863/7445 5862/7440 5892/7468
f 5890/7469 5860/7444 5861/7430 5891/7470
f 5889/7471 5859/7443 5860/7444 5890/7469
f 5888/7472 5858/7442 5859/7443 5889/7471
f 5887/7473 5857/7441 5858/7442 5888/7472
f 5892/7468 5862/7440 5857/7441 5887/7473
f 5901/7474 5883/7475 5853/7436 5871/7439
f 5899/7476 5869/7437 5852/7438 5882/7477
f 5882/7478 5852/7435 5853/7436 5883/7475
f 5898/7479 5868/7431 5854/7434 5884/7480
f 5884/7481 5854/7432 5855/7433 5885/7482
f 5891/7470 5861/7430 5868/7431 5898/7479
f 5839/7405 5869/7437 5880/7483 5850/7449
f 5850/7449 5880/7483 5879/7484 5849/7450
f 5849/7450 5879/7484 5878/7485 5848/7451
f 5848/7451 5878/7485 5877/7486 5847/7452
f 5845/7453 5875/7487 5876/7488 5846/7454
f 5844/7455 5874/7489 5875/7487 5845/7453
f 5843/7456 5873/7490 5874/7489 5844/7455
f 5842/7457 5872/7491 5873/7490 5843/7456
f 5847/7452 5877/7486 5872/7491 5842/7457
f 5837/7458 5867/7492 5866/7493 5836/7459
f 5826/7460 5856/7494 5867/7495 5837/7461
f 5840/7462 5870/7496 5871/7439 5841/7401
f 5821/7362 5851/7448 5870/7497 5840/7463
f 5846/7454 5876/7488 5856/7494 5826/7460
f 5825/7417 5836/7459 5866/7493 5855/7433
f 5921/7498 5891/7470 5898/7479 5928/7499
f 5914/7500 5884/7481 5885/7482 5915/7501
f 5928/7499 5898/7479 5884/7480 5914/7502
f 5912/7503 5882/7478 5883/7475 5913/7504
f 5929/7505 5899/7476 5882/7477 5912/7506
f 5931/7507 5913/7504 5883/7475 5901/7474
f 5922/7508 5892/7468 5887/7473 5917/7509
f 5917/7509 5887/7473 5888/7472 5918/7510
f 5918/7510 5888/7472 5889/7471 5919/7511
f 5919/7511 5889/7471 5890/7469 5920/7512
f 5920/7512 5890/7469 5891/7470 5921/7498
f 5923/7513 5893/7467 5892/7468 5922/7508
f 5924/7514 5894/7466 5893/7467 5923/7513
f 5925/7515 5895/7465 5894/7466 5924/7514
f 5911/7516 5881/7464 5895/7465 5925/7515
f 5869/7437 5899/7476 5910/7517 5880/7483
f 5880/7483 5910/7517 5909/7518 5879/7484
f 5879/7484 5909/7518 5908/7519 5878/7485
f 5878/7485 5908/7519 5907/7520 5877/7486
f 5875/7487 5905/7521 5906/7522 5876/7488
f 5874/7489 5904/7523 5905/7521 5875/7487
f 5873/7490 5903/7524 5904/7523 5874/7489
f 5872/7491 5902/7525 5903/7524 5873/7490
f 5877/7486 5907/7520 5902/7525 5872/7491
f 5867/7492 5897/7526 5896/7527 5866/7493
f 5856/7494 5886/7528 5897/7529 5867/7495
f 5870/7496 5900/7530 5901/7474 5871/7439
f 5851/7448 5881/7464 5900/7531 5870/7497
f 5876/7488 5906/7522 5886/7528 5856/7494
f 5855/7433 5866/7493 5896/7527 5885/7482
f 5941/6930 5911/7516 5925/7515 5955/7532
f 5955/7532 5925/7515 5924/7514 5954/7533
f 5954/7533 5924/7514 5923/7513 5953/7534
f 5953/7534 5923/7513 5922/7508 5952/7535
f 5950/7536 5920/7512 5921/7498 5951/7537
f 5949/7538 5919/7511 5920/7512 5950/7536
f 5948/7539 5918/7510 5919/7511 5949/7538
f 5947/7540 5917/7509 5918/7510 5948/7539
f 5952/7535 5922/7508 5917/7509 5947/7540
f 5961/6933 5943/7541 5913/7504 5931/7507
f 5959/7360 5929/7505 5912/7506 5942/7542
f 5942/7543 5912/7503 5913/7504 5943/7541
f 5958/7544 5928/7499 5914/7502 5944/7545
f 5944/7546 5914/7500 5915/7501 5945/6812
f 5951/7537 5921/7498 5928/7499 5958/7544
f 5899/7476 5929/7505 5940/7547 5910/7517
f 5910/7517 5940/7547 5939/7548 5909/7518
f 5909/7518 5939/7548 5938/7549 5908/7519
f 5908/7519 5938/7549 5937/7550 5907/7520
f 5905/7521 5935/7551 5936/7552 5906/7522
f 5904/7523 5934/7553 5935/7551 5905/7521
f 5903/7524 5933/7554 5934/7553 5904/7523
f 5902/7525 5932/7555 5933/7554 5903/7524
f 5907/7520 5937/7550 5932/7555 5902/7525
f 5897/7526 5927/7556 5926/7557 5896/7527
f 5886/7528 5916/7558 5927/7559 5897/7529
f 5900/7530 5930/7560 5931/7507 5901/7474
f 5881/7464 5911/7516 5930/7561 5900/7531
f 5906/7522 5936/7552 5916/7558 5886/7528
f 5885/7482 5896/7527 5926/7557 5915/7501
f 5661/6923 5951/7537 5958/7544 5425/6836
f 5428/6842 5944/7546 5945/6812 5426/6815
f 5425/6836 5958/7544 5944/7545 5428/6837
f 5449/6875 5942/7543 5943/7541 5447/6872
f 5446/6868 5959/7360 5942/7542 5449/6869
f 5441/6864 5447/6872 5943/7541 5961/6933
f 5693/7087 5952/7535 5947/7540 5509/7088
f 5509/7088 5947/7540 5948/7539 5583/7193
f 5583/7193 5948/7539 5949/7538 5609/7227
f 5609/7227 5949/7538 5950/7536 5635/7257
f 5635/7257 5950/7536 5951/7537 5661/6923
f 5719/7278 5953/7534 5952/7535 5693/7087
f 5745/7312 5954/7533 5953/7534 5719/7278
f 5771/7344 5955/7532 5954/7533 5745/7312
f 5439/6857 5941/6930 5955/7532 5771/7344
f 5929/7505 5959/7360 5970/7343 5940/7547
f 5940/7547 5970/7343 5969/7314 5939/7548
f 5939/7548 5969/7314 5968/7276 5938/7549
f 5938/7549 5968/7276 5967/7092 5937/7550
f 5935/7551 5965/7259 5966/6824 5936/7552
f 5934/7553 5964/7229 5965/7259 5935/7551
f 5933/7554 5963/7195 5964/7229 5934/7553
f 5932/7555 5962/7094 5963/7195 5933/7554
f 5937/7550 5967/7092 5962/7094 5932/7555
f 5927/7556 5957/6949 5956/6813 5926/7557
f 5916/7558 5946/6827 5957/6948 5927/7559
f 5930/7560 5960/6932 5961/6933 5931/7507
f 5911/7516 5941/6930 5960/6931 5930/7561
f 5936/7552 5966/6824 5946/6827 5916/7558
f 5915/7501 5926/7557 5956/6813 5945/6812
f 5481/6962 5484/6954 5971/7421 5990/6963
f 5668/6984 5981/7388 5991/7422 5482/6957
f 5424/6979 5986/7361 5975/7429 5423/6980
f 5423/6975 5975/7426 5976/6982 5422/6976
f 5482/6957 5991/7422 5972/7425 5483/6958
f 5483/6953 5972/7418 5971/7421 5484/6954
f 5700/7053 5982/7378 5977/7399 5522/7054
f 5522/7054 5977/7399 5978/7395 5590/7187
f 5590/7187 5978/7395 5979/7391 5616/7221
f 5616/7221 5979/7391 5980/7385 5642/7251
f 5642/7251 5980/7385 5981/7388 5668/6984
f 5726/7286 5983/7376 5982/7378 5700/7053
f 5752/7303 5984/7370 5983/7376 5726/7286
f 5778/7350 5985/7368 5984/7370 5752/7303
f 5421/6971 5974/6970 5985/7368 5778/7350
f 5797/7363 5986/7361 6000/7341 5820/7364
f 5820/7364 6000/7341 5999/7316 5817/7371
f 5817/7371 5999/7316 5998/7274 5816/7373
f 5816/7373 5998/7274 5997/7095 5813/7379
f 5810/7382 5995/7261 5996/6820 5812/7383
f 5808/7390 5994/7231 5995/7261 5810/7382
f 5806/7394 5993/7197 5994/7231 5808/7390
f 5804/7398 5992/7098 5993/7197 5806/7394
f 5813/7379 5997/7095 5992/7098 5804/7398
f 5796/7404 5799/7403 5988/6969 5976/6982
f 5794/7366 5974/6970 5987/6973 5798/7406
f 5798/7409 5987/6966 5988/6969 5799/7403
f 5793/7411 5973/6823 5989/6965 5800/7412
f 5800/7415 5989/6960 5990/6963 5801/7416
f 5812/7383 5996/6820 5973/6823 5793/7411
f 5493/7019 6009/7018 6030/7349 5779/7352
f 5424/6979 6004/6978 6029/7353 5777/7342
f 5777/7342 6029/7353 6028/7300 5751/7317
f 5779/7352 6030/7349 6027/7302 5753/7301
f 5753/7301 6027/7302 6026/7285 5727/7288
f 5751/7317 6028/7300 6025/7289 5725/7275
f 5725/7275 6025/7289 6024/7048 5699/7096
f 5727/7288 6026/7285 6023/7052 5701/7050
f 5643/7250 6020/7252 6022/6983 5669/6991
f 5641/7260 6019/7249 6021/7006 5667/6821
f 5617/7220 6018/7222 6020/7252 5643/7250
f 5615/7230 6017/7219 6019/7249 5641/7260
f 5591/7186 6016/7188 6018/7222 5617/7220
f 5589/7196 6015/7185 6017/7219 5615/7230
f 5523/7051 6014/7055 6016/7188 5591/7186
f 5521/7097 6013/7049 6015/7185 5589/7196
f 5701/7050 6023/7052 6014/7055 5523/7051
f 5699/7096 6024/7048 6013/7049 5521/7097
f 5422/6976 5419/6968 6002/7017 6008/6977
f 5421/6971 6009/7018 6003/7021 5420/6972
f 5420/6967 6003/7014 6002/7017 5419/6968
f 5418/6822 6010/7009 6006/7013 5417/6964
f 5417/6961 6006/7010 6001/6985 5481/6962
f 5667/6821 6021/7006 6010/7009 5418/6822
f 5485/6989 5496/6988 6012/6955 6001/6985
f 5669/6991 6022/6983 6005/6956 5489/6992
f 5488/6995 6004/6978 6007/6981 5491/6996
f 5491/6999 6007/6974 6008/6977 5492/7000
f 5489/6992 6005/6956 6011/6959 5495/7002
f 5495/7005 6011/6952 6012/6955 5496/6988
f 6559/7562 6570/7563 6046/7564 6040/7565
f 6279/7566 6300/7567 6076/7568 6068/7569
f 6610/7570 6281/7571 6032/7572 6587/7573
f 6580/7574 6297/7575 6047/7576 6560/7577
f 6380/7578 6387/7579 6062/7580 6054/7581
f 6184/7582 6191/7583 6090/7584 6082/7585
f 6039/7586 6042/7587 6043/7588 6045/7589
f 6040/7565 6044/7590 6043/7591 6042/7592
f 6041/7593 6045/7594 6043/7595 6044/7596
f 6046/7564 6049/7597 6050/7598 6052/7599
f 6047/7576 6051/7600 6050/7601 6049/7602
f 6048/7603 6052/7604 6050/7605 6051/7606
f 6053/7607 6056/7608 6057/7609 6059/7610
f 6054/7581 6058/7611 6057/7612 6056/7613
f 6055/7614 6059/7615 6057/7616 6058/7617
f 6060/7618 6063/7619 6064/7620 6066/7621
f 6061/7622 6065/7623 6064/7624 6063/7625
f 6062/7580 6066/7626 6064/7627 6065/7628
f 6067/7629 6070/7630 6071/7631 6073/7632
f 6068/7569 6072/7633 6071/7634 6070/7635
f 6069/7636 6073/7637 6071/7638 6072/7639
f 6074/7640 6077/7641 6078/7642 6080/7643
f 6075/7644 6079/7645 6078/7646 6077/7647
f 6076/7568 6080/7648 6078/7649 6079/7650
f 6081/7651 6084/7652 6085/7653 6087/7654
f 6082/7585 6086/7655 6085/7656 6084/7657
f 6083/7658 6087/7659 6085/7660 6086/7661
f 6088/7662 6091/7663 6092/7664 6094/7665
f 6089/7666 6093/7667 6092/7668 6091/7669
f 6090/7584 6094/7670 6092/7671 6093/7672
f 6275/7673 6039/7586 6045/7589 6295/7674
f 6295/7675 6045/7594 6041/7593 6296/7676
f 6040/7565 6046/7564 6052/7599 6044/7590
f 6044/7596 6052/7604 6048/7603 6041/7593
f 6381/7677 6060/7618 6066/7621 6386/7678
f 6386/7679 6066/7626 6062/7580 6387/7579
f 6061/7622 6055/7614 6058/7617 6065/7623
f 6065/7628 6058/7611 6054/7581 6062/7580
f 6555/7680 6053/7607 6059/7610 6574/7681
f 6574/7682 6059/7615 6055/7614 6575/7683
f 6185/7684 6088/7662 6094/7665 6192/7685
f 6192/7686 6094/7670 6090/7584 6191/7583
f 6089/7666 6083/7658 6086/7661 6093/7667
f 6093/7672 6086/7655 6082/7585 6090/7584
f 6382/7687 6081/7651 6087/7654 6388/7688
f 6388/7689 6087/7659 6083/7658 6389/7690
f 6280/7691 6074/7640 6080/7643 6299/7692
f 6299/7693 6080/7648 6076/7568 6300/7567
f 6075/7644 6069/7636 6072/7639 6079/7645
f 6079/7650 6072/7633 6068/7569 6076/7568
f 6186/7694 6067/7629 6073/7632 6195/7695
f 6195/7696 6073/7637 6069/7636 6190/7697
f 6560/7577 6047/7576 6049/7602 6571/7698
f 6571/7699 6049/7597 6046/7564 6570/7563
f 6294/7700 6298/7701 6067/7629 6186/7694
f 6625/7702 6097/7703 6098/7704 6626/7705
f 6619/7706 6096/7707 6097/7708 6625/7709
f 6603/7710 6031/7711 6095/7712 6604/7713
f 6587/7573 6032/7572 6031/7714 6603/7715
f 6601/7716 6034/7717 6033/7718 6602/7719
f 6588/7720 6035/7721 6034/7722 6601/7723
f 6621/7724 6037/7725 6036/7726 6622/7727
f 6618/7728 6038/7729 6037/7730 6621/7731
f 6590/7732 6602/7719 6033/7718 6036/7726
f 6636/7733 6282/7734 6096/7707 6619/7706
f 6615/7735 6626/7705 6098/7704 6095/7712
f 6117/7736 6116/7737 6110/7738 6099/7739
f 6285/7740 6283/7741 6103/7742 6121/7743
f 6120/7744 6102/7745 6105/7746 6111/7747
f 6111/7748 6105/7749 6106/7750 6112/7751
f 6121/7743 6103/7742 6109/7752 6115/7753
f 6115/7754 6109/7755 6110/7738 6116/7737
f 6635/7756 6284/7757 6108/7758 6624/7759
f 6620/7760 6104/7761 6099/7739 6615/7735
f 6624/7759 6108/7758 6104/7762 6620/7763
f 6617/7764 6101/7765 6100/7766 6616/7767
f 6623/7768 6107/7769 6101/7770 6617/7771
f 6622/7727 6616/7767 6100/7766 6106/7750
f 6145/7772 6115/7754 6116/7737 6146/7773
f 6151/7774 6121/7743 6115/7753 6145/7775
f 6141/7776 6111/7748 6112/7751 6142/7777
f 6150/7778 6120/7744 6111/7747 6141/7779
f 6287/7780 6285/7740 6121/7743 6151/7774
f 6147/7781 6146/7773 6116/7737 6117/7736
f 6284/7757 6286/7782 6114/7783 6108/7758
f 6104/7761 6122/7784 6117/7736 6099/7739
f 6108/7758 6114/7783 6122/7785 6104/7762
f 6101/7765 6119/7786 6118/7787 6100/7766
f 6107/7769 6113/7788 6119/7789 6101/7770
f 6106/7750 6100/7766 6118/7787 6112/7751
f 6316/7790 6318/7791 6140/7792 6138/7793
f 6320/7794 6317/7795 6139/7796 6153/7797
f 6638/7798 6316/7790 6138/7793 6627/7799
f 6317/7795 6315/7800 6137/7801 6139/7796
f 6637/7802 6314/7803 6136/7804 6628/7805
f 6326/7806 6304/7807 6129/7808 6196/7809
f 6305/7810 6133/7811 6134/7812 6306/7813
f 6312/7814 6132/7815 6133/7816 6305/7817
f 6200/7818 6130/7819 6131/7820 6201/7821
f 6212/7822 6129/7808 6130/7823 6200/7824
f 6198/7825 6127/7826 6128/7827 6199/7828
f 6211/7829 6126/7830 6127/7831 6198/7832
f 6301/7833 6124/7834 6125/7835 6302/7836
f 6307/7837 6123/7838 6124/7839 6301/7840
f 6210/7841 6199/7828 6128/7827 6125/7835
f 6581/7842 6303/7843 6126/7830 6576/7844
f 6611/7845 6313/7846 6135/7847 6606/7848
f 6311/7849 6306/7813 6134/7812 6131/7820
f 6318/7791 6319/7850 6154/7851 6140/7792
f 6321/7852 6320/7794 6153/7797 6161/7853
f 6162/7854 6160/7855 6146/7773 6147/7781
f 6289/7856 6287/7780 6151/7774 6166/7857
f 6165/7858 6150/7778 6141/7779 6155/7859
f 6155/7860 6141/7776 6142/7777 6156/7861
f 6166/7857 6151/7774 6145/7775 6159/7862
f 6159/7863 6145/7772 6146/7773 6160/7855
f 6286/7782 6288/7864 6144/7865 6114/7783
f 6122/7784 6152/7866 6147/7781 6117/7736
f 6114/7783 6144/7865 6152/7867 6122/7785
f 6119/7786 6149/7868 6148/7869 6118/7787
f 6113/7788 6143/7870 6149/7871 6119/7789
f 6112/7751 6118/7787 6148/7869 6142/7777
f 6173/7872 6159/7863 6160/7855 6174/7873
f 6180/7874 6166/7857 6159/7862 6173/7875
f 6169/7876 6155/7860 6156/7861 6170/7877
f 6179/7878 6165/7858 6155/7859 6169/7879
f 6291/7880 6289/7856 6166/7857 6180/7874
f 6176/7881 6174/7873 6160/7855 6162/7854
f 6323/7882 6321/7852 6161/7853 6175/7883
f 6319/7850 6322/7884 6168/7885 6154/7851
f 6288/7864 6290/7886 6158/7887 6144/7865
f 6152/7866 6167/7888 6162/7854 6147/7781
f 6144/7865 6158/7887 6167/7889 6152/7867
f 6149/7868 6164/7890 6163/7891 6148/7869
f 6143/7870 6157/7892 6164/7893 6149/7871
f 6142/7777 6148/7869 6163/7891 6156/7861
f 6325/7894 6323/7882 6175/7883 6189/7895
f 6190/7697 6188/7896 6174/7873 6176/7881
f 6293/7897 6291/7880 6180/7874 6194/7898
f 6193/7899 6179/7878 6169/7879 6183/7900
f 6183/7901 6169/7876 6170/7877 6184/7582
f 6194/7898 6180/7874 6173/7875 6187/7902
f 6187/7903 6173/7872 6174/7873 6188/7896
f 6322/7884 6324/7904 6182/7905 6168/7885
f 6290/7886 6292/7906 6172/7907 6158/7887
f 6167/7888 6181/7908 6176/7881 6162/7854
f 6158/7887 6172/7907 6181/7909 6167/7889
f 6164/7890 6178/7910 6177/7911 6163/7891
f 6157/7892 6171/7912 6178/7913 6164/7893
f 6156/7861 6163/7891 6177/7911 6170/7877
f 6077/7647 6187/7903 6188/7896 6075/7644
f 6074/7640 6194/7898 6187/7902 6077/7641
f 6084/7657 6183/7901 6184/7582 6082/7585
f 6081/7651 6193/7899 6183/7900 6084/7652
f 6280/7691 6293/7897 6194/7898 6074/7640
f 6069/7636 6075/7644 6188/7896 6190/7697
f 6312/7814 6325/7894 6189/7895 6132/7815
f 6324/7904 6326/7806 6196/7809 6182/7905
f 6292/7906 6294/7700 6186/7694 6172/7907
f 6181/7908 6195/7696 6190/7697 6176/7881
f 6172/7907 6186/7694 6195/7695 6181/7909
f 6178/7910 6192/7686 6191/7583 6177/7911
f 6171/7912 6185/7684 6192/7685 6178/7913
f 6170/7877 6177/7911 6191/7583 6184/7582
f 6182/7905 6196/7809 6222/7914 6220/7915
f 6132/7815 6189/7895 6221/7916 6202/7917
f 6168/7885 6182/7905 6220/7915 6218/7918
f 6189/7895 6175/7883 6219/7919 6221/7916
f 6154/7851 6168/7885 6218/7918 6216/7920
f 6175/7883 6161/7853 6217/7921 6219/7919
f 6140/7792 6154/7851 6216/7920 6208/7922
f 6161/7853 6153/7797 6215/7923 6217/7921
f 6244/7924 6225/7925 6199/7828 6210/7841
f 6245/7926 6211/7829 6198/7832 6224/7927
f 6224/7928 6198/7825 6199/7828 6225/7925
f 6246/7929 6212/7822 6200/7824 6226/7930
f 6226/7931 6200/7818 6201/7821 6227/7932
f 6138/7793 6140/7792 6208/7922 6206/7933
f 6153/7797 6139/7796 6207/7934 6215/7923
f 6627/7799 6138/7793 6206/7933 6629/7935
f 6139/7796 6137/7801 6205/7936 6207/7934
f 6628/7805 6136/7804 6204/7937 6630/7938
f 6196/7809 6129/7808 6212/7822 6222/7914
f 6133/7811 6213/7939 6214/7940 6134/7812
f 6132/7815 6202/7917 6213/7941 6133/7816
f 6124/7834 6209/7942 6210/7841 6125/7835
f 6123/7838 6197/7943 6209/7944 6124/7839
f 6576/7844 6126/7830 6211/7829 6577/7945
f 6606/7848 6135/7847 6203/7946 6607/7947
f 6131/7820 6134/7812 6214/7940 6201/7821
f 6252/7948 6226/7931 6227/7932 6253/7949
f 6272/7950 6246/7929 6226/7930 6252/7951
f 6250/7952 6224/7928 6225/7925 6251/7953
f 6271/7954 6245/7926 6224/7927 6250/7955
f 6270/7956 6251/7953 6225/7925 6244/7924
f 6220/7915 6222/7914 6242/7957 6240/7958
f 6202/7917 6221/7916 6241/7959 6228/7960
f 6218/7918 6220/7915 6240/7958 6238/7961
f 6221/7916 6219/7919 6239/7962 6241/7959
f 6216/7920 6218/7918 6238/7961 6236/7963
f 6219/7919 6217/7921 6237/7964 6239/7962
f 6208/7922 6216/7920 6236/7963 6234/7965
f 6217/7921 6215/7923 6235/7966 6237/7964
f 6206/7933 6208/7922 6234/7965 6232/7967
f 6215/7923 6207/7934 6233/7968 6235/7966
f 6629/7935 6206/7933 6232/7967 6631/7969
f 6207/7934 6205/7936 6231/7970 6233/7968
f 6630/7938 6204/7937 6230/7971 6632/7972
f 6222/7914 6212/7822 6246/7929 6242/7957
f 6213/7939 6247/7973 6248/7974 6214/7940
f 6202/7917 6228/7960 6247/7975 6213/7941
f 6209/7942 6243/7976 6244/7924 6210/7841
f 6197/7943 6223/7977 6243/7978 6209/7944
f 6577/7945 6211/7829 6245/7926 6578/7979
f 6607/7947 6203/7946 6229/7980 6608/7981
f 6201/7821 6214/7940 6248/7974 6227/7932
f 6296/7676 6277/7982 6251/7953 6270/7956
f 6297/7575 6271/7954 6250/7955 6276/7983
f 6276/7984 6250/7952 6251/7953 6277/7982
f 6298/7701 6272/7950 6252/7951 6278/7985
f 6278/7986 6252/7948 6253/7949 6279/7566
f 6240/7958 6242/7957 6268/7987 6266/7988
f 6228/7960 6241/7959 6267/7989 6254/7990
f 6238/7961 6240/7958 6266/7988 6264/7991
f 6241/7959 6239/7962 6265/7992 6267/7989
f 6236/7963 6238/7961 6264/7991 6262/7993
f 6239/7962 6237/7964 6263/7994 6265/7992
f 6234/7965 6236/7963 6262/7993 6260/7995
f 6237/7964 6235/7966 6261/7996 6263/7994
f 6232/7967 6234/7965 6260/7995 6258/7997
f 6235/7966 6233/7968 6259/7998 6261/7996
f 6631/7969 6232/7967 6258/7997 6633/7999
f 6233/7968 6231/7970 6257/8000 6259/7998
f 6632/7972 6230/7971 6256/8001 6634/8002
f 6242/7957 6246/7929 6272/7950 6268/7987
f 6247/7973 6273/8003 6274/8004 6248/7974
f 6228/7960 6254/7990 6273/8005 6247/7975
f 6243/7976 6269/8006 6270/7956 6244/7924
f 6223/7977 6249/8007 6269/8008 6243/7978
f 6578/7979 6245/7926 6271/7954 6579/8009
f 6608/7981 6229/7980 6255/8010 6609/8011
f 6227/7932 6248/7974 6274/8004 6253/7949
f 6070/7635 6278/7986 6279/7566 6068/7569
f 6067/7629 6298/7701 6278/7985 6070/7630
f 6051/7606 6276/7984 6277/7982 6048/7603
f 6047/7576 6297/7575 6276/7983 6051/7600
f 6041/7593 6048/7603 6277/7982 6296/7676
f 6266/7988 6268/7987 6294/7700 6292/7906
f 6254/7990 6267/7989 6293/7897 6280/7691
f 6264/7991 6266/7988 6292/7906 6290/7886
f 6267/7989 6265/7992 6291/7880 6293/7897
f 6262/7993 6264/7991 6290/7886 6288/7864
f 6265/7992 6263/7994 6289/7856 6291/7880
f 6260/7995 6262/7993 6288/7864 6286/7782
f 6263/7994 6261/7996 6287/7780 6289/7856
f 6258/7997 6260/7995 6286/7782 6284/7757
f 6261/7996 6259/7998 6285/7740 6287/7780
f 6633/7999 6258/7997 6284/7757 6635/7756
f 6259/7998 6257/8000 6283/7741 6285/7740
f 6634/8002 6256/8001 6282/7734 6636/7733
f 6268/7987 6272/7950 6298/7701 6294/7700
f 6273/8003 6299/7693 6300/7567 6274/8004
f 6254/7990 6280/7691 6299/7692 6273/8005
f 6269/8006 6295/7675 6296/7676 6270/7956
f 6249/8007 6275/7673 6295/7674 6269/8008
f 6579/8009 6271/7954 6297/7575 6580/7574
f 6609/8011 6255/8010 6281/7571 6610/7570
f 6253/7949 6274/8004 6300/7567 6279/7566
f 6350/8012 6352/8013 6326/7806 6324/7904
f 6338/8014 6351/8015 6325/7894 6312/7814
f 6348/8016 6350/8012 6324/7904 6322/7884
f 6351/8015 6349/8017 6323/7882 6325/7894
f 6345/8018 6348/8016 6322/7884 6319/7850
f 6349/8017 6347/8019 6321/7852 6323/7882
f 6347/8019 6346/8020 6320/7794 6321/7852
f 6344/8021 6345/8018 6319/7850 6318/7791
f 6337/8022 6332/8023 6306/7813 6311/7849
f 6612/8024 6339/8025 6313/7846 6611/7845
f 6582/8026 6329/8027 6303/7843 6581/7842
f 6333/8028 6307/7837 6301/7840 6327/8029
f 6327/8030 6301/7833 6302/7836 6328/8031
f 6338/8014 6312/7814 6305/7817 6331/8032
f 6331/8033 6305/7810 6306/7813 6332/8023
f 6352/8013 6330/8034 6304/7807 6326/7806
f 6640/8035 6340/8036 6314/7803 6637/7802
f 6343/8037 6341/8038 6315/7800 6317/7795
f 6639/8039 6342/8040 6316/7790 6638/7798
f 6346/8020 6343/8037 6317/7795 6320/7794
f 6342/8040 6344/8021 6318/7791 6316/7790
f 6130/7819 6310/8041 6311/7849 6131/7820
f 6129/7808 6304/7807 6310/8042 6130/7823
f 6127/7826 6308/8043 6309/8044 6128/7827
f 6126/7830 6303/7843 6308/8045 6127/7831
f 6125/7835 6128/7827 6309/8044 6302/7836
f 6368/8046 6370/8047 6344/8021 6342/8040
f 6372/8048 6369/8049 6343/8037 6346/8020
f 6642/8050 6368/8046 6342/8040 6639/8039
f 6369/8049 6367/8051 6341/8038 6343/8037
f 6641/8052 6366/8053 6340/8036 6640/8035
f 6378/8054 6356/8055 6330/8034 6352/8013
f 6357/8056 6331/8033 6332/8023 6358/8057
f 6364/8058 6338/8014 6331/8032 6357/8059
f 6353/8060 6327/8030 6328/8031 6354/8061
f 6359/8062 6333/8028 6327/8029 6353/8063
f 6583/8064 6355/8065 6329/8027 6582/8026
f 6613/8066 6365/8067 6339/8025 6612/8024
f 6363/8068 6358/8057 6332/8023 6337/8022
f 6370/8047 6371/8069 6345/8018 6344/8021
f 6373/8070 6372/8048 6346/8020 6347/8019
f 6375/8071 6373/8070 6347/8019 6349/8017
f 6371/8069 6374/8072 6348/8016 6345/8018
f 6377/8073 6375/8071 6349/8017 6351/8015
f 6374/8072 6376/8074 6350/8012 6348/8016
f 6364/8058 6377/8073 6351/8015 6338/8014
f 6376/8074 6378/8054 6352/8013 6350/8012
f 6310/8041 6336/8075 6337/8022 6311/7849
f 6304/7807 6330/8034 6336/8076 6310/8042
f 6308/8043 6334/8077 6335/8078 6309/8044
f 6303/7843 6329/8027 6334/8079 6308/8045
f 6302/7836 6309/8044 6335/8078 6328/8031
f 6402/8080 6404/8081 6378/8054 6376/8074
f 6390/8082 6403/8083 6377/8073 6364/8058
f 6400/8084 6402/8080 6376/8074 6374/8072
f 6403/8083 6401/8085 6375/8071 6377/8073
f 6397/8086 6400/8084 6374/8072 6371/8069
f 6401/8085 6399/8087 6373/8070 6375/8071
f 6399/8087 6398/8088 6372/8048 6373/8070
f 6396/8089 6397/8086 6371/8069 6370/8047
f 6389/7690 6384/8090 6358/8057 6363/8068
f 6614/8091 6391/8092 6365/8067 6613/8066
f 6584/8093 6381/7677 6355/8065 6583/8064
f 6385/8094 6359/8062 6353/8063 6379/8095
f 6379/8096 6353/8060 6354/8061 6380/7578
f 6390/8082 6364/8058 6357/8059 6383/8097
f 6383/8098 6357/8056 6358/8057 6384/8090
f 6404/8081 6382/7687 6356/8055 6378/8054
f 6644/8099 6392/8100 6366/8053 6641/8052
f 6395/8101 6393/8102 6367/8051 6369/8049
f 6643/8103 6394/8104 6368/8046 6642/8050
f 6398/8088 6395/8101 6369/8049 6372/8048
f 6394/8104 6396/8089 6370/8047 6368/8046
f 6336/8075 6362/8105 6363/8068 6337/8022
f 6330/8034 6356/8055 6362/8106 6336/8076
f 6334/8077 6360/8107 6361/8108 6335/8078
f 6329/8027 6355/8065 6360/8109 6334/8079
f 6328/8031 6335/8078 6361/8108 6354/8061
f 6102/7745 6120/7744 6396/8089 6394/8104
f 6143/7870 6113/7788 6395/8101 6398/8088
f 6618/7728 6102/7745 6394/8104 6643/8103
f 6113/7788 6107/7769 6393/8102 6395/8101
f 6623/7768 6035/7721 6392/8100 6644/8099
f 6193/7899 6081/7651 6382/7687 6404/8081
f 6091/7669 6383/8098 6384/8090 6089/7666
f 6088/7662 6390/8082 6383/8097 6091/7663
f 6056/7613 6379/8096 6380/7578 6054/7581
f 6053/7607 6385/8094 6379/8095 6056/7608
f 6573/8110 6060/7618 6381/7677 6584/8093
f 6600/8111 6038/7729 6391/8092 6614/8091
f 6083/7658 6089/7666 6384/8090 6389/7690
f 6120/7744 6150/7778 6397/8086 6396/8089
f 6157/7892 6143/7870 6398/8088 6399/8087
f 6171/7912 6157/7892 6399/8087 6401/8085
f 6150/7778 6165/7858 6400/8084 6397/8086
f 6185/7684 6171/7912 6401/8085 6403/8083
f 6165/7858 6179/7878 6402/8080 6400/8084
f 6088/7662 6185/7684 6403/8083 6390/8082
f 6179/7878 6193/7899 6404/8081 6402/8080
f 6362/8105 6388/7689 6389/7690 6363/8068
f 6356/8055 6382/7687 6388/7688 6362/8106
f 6360/8107 6386/7679 6387/7579 6361/8108
f 6355/8065 6381/7677 6386/7678 6360/8109
f 6354/8061 6361/8108 6387/7579 6380/7578
f 6435/8112 6411/8113 6434/8114 6449/8115
f 6588/7720 6408/8116 6433/8117 6599/8118
f 6599/8118 6433/8117 6432/8119 6598/8120
f 6449/8115 6434/8114 6431/8121 6448/8122
f 6448/8122 6431/8121 6430/8123 6447/8124
f 6598/8120 6432/8119 6429/8125 6597/8126
f 6597/8126 6429/8125 6428/8127 6596/8128
f 6447/8124 6430/8123 6427/8129 6446/8130
f 6444/8131 6424/8132 6426/8133 6445/8134
f 6594/8135 6423/8136 6425/8137 6595/8138
f 6443/8139 6422/8140 6424/8132 6444/8131
f 6593/8141 6421/8142 6423/8136 6594/8135
f 6442/8143 6420/8144 6422/8140 6443/8139
f 6592/8145 6419/8146 6421/8142 6593/8141
f 6441/8147 6418/8148 6420/8144 6442/8143
f 6591/8149 6417/8150 6419/8146 6592/8145
f 6446/8130 6427/8129 6418/8148 6441/8147
f 6596/8128 6428/8127 6417/8150 6591/8149
f 6455/8151 6437/8152 6413/8153 6410/8154
f 6453/8155 6408/8116 6412/8156 6436/8157
f 6436/8158 6412/8159 6413/8153 6437/8152
f 6452/8160 6407/8161 6414/8162 6438/8163
f 6438/8164 6414/8165 6415/8166 6439/8167
f 6586/8168 6406/8169 6405/8170 6585/8171
f 6605/8172 6416/8173 6406/8174 6586/8175
f 6589/8176 6409/8177 6410/8154 6590/7732
f 6600/8111 6411/8113 6409/8178 6589/8179
f 6595/8138 6425/8137 6416/8173 6605/8172
f 6445/8134 6426/8133 6407/8161 6452/8160
f 6604/7713 6585/8171 6405/8170 6415/8166
f 6475/8180 6445/8134 6452/8160 6482/8181
f 6468/8182 6438/8164 6439/8167 6469/8183
f 6482/8181 6452/8160 6438/8163 6468/8184
f 6466/8185 6436/8158 6437/8152 6467/8186
f 6483/8187 6453/8155 6436/8157 6466/8188
f 6485/8189 6467/8186 6437/8152 6455/8151
f 6476/8190 6446/8130 6441/8147 6471/8191
f 6471/8191 6441/8147 6442/8143 6472/8192
f 6472/8192 6442/8143 6443/8139 6473/8193
f 6473/8193 6443/8139 6444/8131 6474/8194
f 6474/8194 6444/8131 6445/8134 6475/8180
f 6477/8195 6447/8124 6446/8130 6476/8190
f 6478/8196 6448/8122 6447/8124 6477/8195
f 6479/8197 6449/8115 6448/8122 6478/8196
f 6465/8198 6435/8112 6449/8115 6479/8197
f 6408/8116 6453/8155 6464/8199 6433/8117
f 6433/8117 6464/8199 6463/8200 6432/8119
f 6432/8119 6463/8200 6462/8201 6429/8125
f 6429/8125 6462/8201 6461/8202 6428/8127
f 6423/8136 6459/8203 6460/8204 6425/8137
f 6421/8142 6458/8205 6459/8203 6423/8136
f 6419/8146 6457/8206 6458/8205 6421/8142
f 6417/8150 6456/8207 6457/8206 6419/8146
f 6428/8127 6461/8202 6456/8207 6417/8150
f 6406/8169 6451/8208 6450/8209 6405/8170
f 6416/8173 6440/8210 6451/8211 6406/8174
f 6409/8177 6454/8212 6455/8151 6410/8154
f 6411/8113 6435/8112 6454/8213 6409/8178
f 6425/8137 6460/8204 6440/8210 6416/8173
f 6415/8166 6405/8170 6450/8209 6439/8167
f 6495/8214 6465/8198 6479/8197 6509/8215
f 6509/8215 6479/8197 6478/8196 6508/8216
f 6508/8216 6478/8196 6477/8195 6507/8217
f 6507/8217 6477/8195 6476/8190 6506/8218
f 6504/8219 6474/8194 6475/8180 6505/8220
f 6503/8221 6473/8193 6474/8194 6504/8219
f 6502/8222 6472/8192 6473/8193 6503/8221
f 6501/8223 6471/8191 6472/8192 6502/8222
f 6506/8218 6476/8190 6471/8191 6501/8223
f 6515/8224 6497/8225 6467/8186 6485/8189
f 6513/8226 6483/8187 6466/8188 6496/8227
f 6496/8228 6466/8185 6467/8186 6497/8225
f 6512/8229 6482/8181 6468/8184 6498/8230
f 6498/8231 6468/8182 6469/8183 6499/8232
f 6505/8220 6475/8180 6482/8181 6512/8229
f 6453/8155 6483/8187 6494/8233 6464/8199
f 6464/8199 6494/8233 6493/8234 6463/8200
f 6463/8200 6493/8234 6492/8235 6462/8201
f 6462/8201 6492/8235 6491/8236 6461/8202
f 6459/8203 6489/8237 6490/8238 6460/8204
f 6458/8205 6488/8239 6489/8237 6459/8203
f 6457/8206 6487/8240 6488/8239 6458/8205
f 6456/8207 6486/8241 6487/8240 6457/8206
f 6461/8202 6491/8236 6486/8241 6456/8207
f 6451/8208 6481/8242 6480/8243 6450/8209
f 6440/8210 6470/8244 6481/8245 6451/8211
f 6454/8212 6484/8246 6485/8189 6455/8151
f 6435/8112 6465/8198 6484/8247 6454/8213
f 6460/8204 6490/8238 6470/8244 6440/8210
f 6439/8167 6450/8209 6480/8243 6469/8183
f 6535/8248 6505/8220 6512/8229 6542/8249
f 6528/8250 6498/8231 6499/8232 6529/8251
f 6542/8249 6512/8229 6498/8230 6528/8252
f 6526/8253 6496/8228 6497/8225 6527/8254
f 6543/8255 6513/8226 6496/8227 6526/8256
f 6545/8257 6527/8254 6497/8225 6515/8224
f 6536/8258 6506/8218 6501/8223 6531/8259
f 6531/8259 6501/8223 6502/8222 6532/8260
f 6532/8260 6502/8222 6503/8221 6533/8261
f 6533/8261 6503/8221 6504/8219 6534/8262
f 6534/8262 6504/8219 6505/8220 6535/8248
f 6537/8263 6507/8217 6506/8218 6536/8258
f 6538/8264 6508/8216 6507/8217 6537/8263
f 6539/8265 6509/8215 6508/8216 6538/8264
f 6525/8266 6495/8214 6509/8215 6539/8265
f 6483/8187 6513/8226 6524/8267 6494/8233
f 6494/8233 6524/8267 6523/8268 6493/8234
f 6493/8234 6523/8268 6522/8269 6492/8235
f 6492/8235 6522/8269 6521/8270 6491/8236
f 6489/8237 6519/8271 6520/8272 6490/8238
f 6488/8239 6518/8273 6519/8271 6489/8237
f 6487/8240 6517/8274 6518/8273 6488/8239
f 6486/8241 6516/8275 6517/8274 6487/8240
f 6491/8236 6521/8270 6516/8275 6486/8241
f 6481/8242 6511/8276 6510/8277 6480/8243
f 6470/8244 6500/8278 6511/8279 6481/8245
f 6484/8246 6514/8280 6515/8224 6485/8189
f 6465/8198 6495/8214 6514/8281 6484/8247
f 6490/8238 6520/8272 6500/8278 6470/8244
f 6469/8183 6480/8243 6510/8277 6499/8232
f 6555/7680 6525/8266 6539/8265 6569/8282
f 6569/8282 6539/8265 6538/8264 6568/8283
f 6568/8283 6538/8264 6537/8263 6567/8284
f 6567/8284 6537/8263 6536/8258 6566/8285
f 6564/8286 6534/8262 6535/8248 6565/8287
f 6563/8288 6533/8261 6534/8262 6564/8286
f 6562/8289 6532/8260 6533/8261 6563/8288
f 6561/8290 6531/8259 6532/8260 6562/8289
f 6566/8285 6536/8258 6531/8259 6561/8290
f 6575/7683 6557/8291 6527/8254 6545/8257
f 6573/8110 6543/8255 6526/8256 6556/8292
f 6556/8293 6526/8253 6527/8254 6557/8291
f 6572/8294 6542/8249 6528/8252 6558/8295
f 6558/8296 6528/8250 6529/8251 6559/7562
f 6565/8287 6535/8248 6542/8249 6572/8294
f 6513/8226 6543/8255 6554/8297 6524/8267
f 6524/8267 6554/8297 6553/8298 6523/8268
f 6523/8268 6553/8298 6552/8299 6522/8269
f 6522/8269 6552/8299 6551/8300 6521/8270
f 6519/8271 6549/8301 6550/8302 6520/8272
f 6518/8273 6548/8303 6549/8301 6519/8271
f 6517/8274 6547/8304 6548/8303 6518/8273
f 6516/8275 6546/8305 6547/8304 6517/8274
f 6521/8270 6551/8300 6546/8305 6516/8275
f 6511/8276 6541/8306 6540/8307 6510/8277
f 6500/8278 6530/8308 6541/8309 6511/8279
f 6514/8280 6544/8310 6545/8257 6515/8224
f 6495/8214 6525/8266 6544/8311 6514/8281
f 6520/8272 6550/8302 6530/8308 6500/8278
f 6499/8232 6510/8277 6540/8307 6529/8251
f 6275/7673 6565/8287 6572/8294 6039/7586
f 6042/7592 6558/8296 6559/7562 6040/7565
f 6039/7586 6572/8294 6558/8295 6042/7587
f 6063/7625 6556/8293 6557/8291 6061/7622
f 6060/7618 6573/8110 6556/8292 6063/7619
f 6055/7614 6061/7622 6557/8291 6575/7683
f 6307/7837 6566/8285 6561/8290 6123/7838
f 6123/7838 6561/8290 6562/8289 6197/7943
f 6197/7943 6562/8289 6563/8288 6223/7977
f 6223/7977 6563/8288 6564/8286 6249/8007
f 6249/8007 6564/8286 6565/8287 6275/7673
f 6333/8028 6567/8284 6566/8285 6307/7837
f 6359/8062 6568/8283 6567/8284 6333/8028
f 6385/8094 6569/8282 6568/8283 6359/8062
f 6053/7607 6555/7680 6569/8282 6385/8094
f 6543/8255 6573/8110 6584/8093 6554/8297
f 6554/8297 6584/8093 6583/8064 6553/8298
f 6553/8298 6583/8064 6582/8026 6552/8299
f 6552/8299 6582/8026 6581/7842 6551/8300
f 6549/8301 6579/8009 6580/7574 6550/8302
f 6548/8303 6578/7979 6579/8009 6549/8301
f 6547/8304 6577/7945 6578/7979 6548/8303
f 6546/8305 6576/7844 6577/7945 6547/8304
f 6551/8300 6581/7842 6576/7844 6546/8305
f 6541/8306 6571/7699 6570/7563 6540/8307
f 6530/8308 6560/7577 6571/7698 6541/8309
f 6544/8310 6574/7682 6575/7683 6545/8257
f 6525/8266 6555/7680 6574/7681 6544/8311
f 6550/8302 6580/7574 6560/7577 6530/8308
f 6529/8251 6540/8307 6570/7563 6559/7562
f 6095/7712 6098/7704 6585/8171 6604/7713
f 6282/7734 6595/8138 6605/8172 6096/7707
f 6038/7729 6600/8111 6589/8179 6037/7730
f 6037/7725 6589/8176 6590/7732 6036/7726
f 6096/7707 6605/8172 6586/8175 6097/7708
f 6097/7703 6586/8168 6585/8171 6098/7704
f 6314/7803 6596/8128 6591/8149 6136/7804
f 6136/7804 6591/8149 6592/8145 6204/7937
f 6204/7937 6592/8145 6593/8141 6230/7971
f 6230/7971 6593/8141 6594/8135 6256/8001
f 6256/8001 6594/8135 6595/8138 6282/7734
f 6340/8036 6597/8126 6596/8128 6314/7803
f 6366/8053 6598/8120 6597/8126 6340/8036
f 6392/8100 6599/8118 6598/8120 6366/8053
f 6035/7721 6588/7720 6599/8118 6392/8100
f 6411/8113 6600/8111 6614/8091 6434/8114
f 6434/8114 6614/8091 6613/8066 6431/8121
f 6431/8121 6613/8066 6612/8024 6430/8123
f 6430/8123 6612/8024 6611/7845 6427/8129
f 6424/8132 6609/8011 6610/7570 6426/8133
f 6422/8140 6608/7981 6609/8011 6424/8132
f 6420/8144 6607/7947 6608/7981 6422/8140
f 6418/8148 6606/7848 6607/7947 6420/8144
f 6427/8129 6611/7845 6606/7848 6418/8148
f 6410/8154 6413/8153 6602/7719 6590/7732
f 6408/8116 6588/7720 6601/7723 6412/8156
f 6412/8159 6601/7716 6602/7719 6413/8153
f 6407/8161 6587/7573 6603/7715 6414/8162
f 6414/8165 6603/7710 6604/7713 6415/8166
f 6426/8133 6610/7570 6587/7573 6407/8161
f 6107/7769 6623/7768 6644/8099 6393/8102
f 6038/7729 6618/7728 6643/8103 6391/8092
f 6391/8092 6643/8103 6642/8050 6365/8067
f 6393/8102 6644/8099 6641/8052 6367/8051
f 6367/8051 6641/8052 6640/8035 6341/8038
f 6365/8067 6642/8050 6639/8039 6339/8025
f 6339/8025 6639/8039 6638/7798 6313/7846
f 6341/8038 6640/8035 6637/7802 6315/7800
f 6257/8000 6634/8002 6636/7733 6283/7741
f 6255/8010 6633/7999 6635/7756 6281/7571
f 6231/7970 6632/7972 6634/8002 6257/8000
f 6229/7980 6631/7969 6633/7999 6255/8010
f 6205/7936 6630/7938 6632/7972 6231/7970
f 6203/7946 6629/7935 6631/7969 6229/7980
f 6137/7801 6628/7805 6630/7938 6205/7936
f 6135/7847 6627/7799 6629/7935 6203/7946
f 6315/7800 6637/7802 6628/7805 6137/7801
f 6313/7846 6638/7798 6627/7799 6135/7847
f 6036/7726 6033/7718 6616/7767 6622/7727
f 6035/7721 6623/7768 6617/7771 6034/7722
f 6034/7717 6617/7764 6616/7767 6033/7718
f 6032/7572 6624/7759 6620/7763 6031/7714
f 6031/7711 6620/7760 6615/7735 6095/7712
f 6281/7571 6635/7756 6624/7759 6032/7572
f 6099/7739 6110/7738 6626/7705 6615/7735
f 6283/7741 6636/7733 6619/7706 6103/7742
f 6102/7745 6618/7728 6621/7731 6105/7746
f 6105/7749 6621/7724 6622/7727 6106/7750
f 6103/7742 6619/7706 6625/7709 6109/7752
f 6109/7755 6625/7702 6626/7705 6110/7738
f 7173/8312 7184/8313 6660/8314 6654/8315
f 6893/8316 6914/8317 6690/8318 6682/8319
f 7224/8320 6895/8321 6646/8322 7201/8323
f 7194/8324 6911/8325 6661/8326 7174/8327
f 6994/8328 7001/8329 6676/8330 6668/8331
f 6798/8332 6805/8333 6704/8334 6696/8335
f 6653/8336 6656/8337 6657/8338 6659/8339
f 6654/8315 6658/8340 6657/8341 6656/8342
f 6655/8343 6659/8344 6657/8345 6658/8346
f 6660/8314 6663/8347 6664/8348 6666/8349
f 6661/8326 6665/8350 6664/8351 6663/8352
f 6662/8353 6666/8354 6664/8355 6665/8356
f 6667/8357 6670/8358 6671/8359 6673/8360
f 6668/8331 6672/8361 6671/8362 6670/8363
f 6669/8364 6673/8365 6671/8366 6672/8367
f 6674/8368 6677/8369 6678/8370 6680/8371
f 6675/8372 6679/8373 6678/8374 6677/8375
f 6676/8330 6680/8376 6678/8377 6679/8378
f 6681/8379 6684/8380 6685/8381 6687/8382
f 6682/8319 6686/8383 6685/8384 6684/8385
f 6683/8386 6687/8387 6685/8388 6686/8389
f 6688/8390 6691/8391 6692/8392 6694/8393
f 6689/8394 6693/8395 6692/8396 6691/8397
f 6690/8318 6694/8398 6692/8399 6693/8400
f 6695/8401 6698/8402 6699/8403 6701/8404
f 6696/8335 6700/8405 6699/8406 6698/8407
f 6697/8408 6701/8409 6699/8410 6700/8411
f 6702/8412 6705/8413 6706/8414 6708/8415
f 6703/8416 6707/8417 6706/8418 6705/8419
f 6704/8334 6708/8420 6706/8421 6707/8422
f 6889/8423 6653/8336 6659/8339 6909/8424
f 6909/8425 6659/8344 6655/8343 6910/8426
f 6654/8315 6660/8314 6666/8349 6658/8340
f 6658/8346 6666/8354 6662/8353 6655/8343
f 6995/8427 6674/8368 6680/8371 7000/8428
f 7000/8429 6680/8376 6676/8330 7001/8329
f 6675/8372 6669/8364 6672/8367 6679/8373
f 6679/8378 6672/8361 6668/8331 6676/8330
f 7169/8430 6667/8357 6673/8360 7188/8431
f 7188/8432 6673/8365 6669/8364 7189/8433
f 6799/8434 6702/8412 6708/8415 6806/8435
f 6806/8436 6708/8420 6704/8334 6805/8333
f 6703/8416 6697/8408 6700/8411 6707/8417
f 6707/8422 6700/8405 6696/8335 6704/8334
f 6996/8437 6695/8401 6701/8404 7002/8438
f 7002/8439 6701/8409 6697/8408 7003/8440
f 6894/8441 6688/8390 6694/8393 6913/8442
f 6913/8443 6694/8398 6690/8318 6914/8317
f 6689/8394 6683/8386 6686/8389 6693/8395
f 6693/8400 6686/8383 6682/8319 6690/8318
f 6800/8444 6681/8379 6687/8382 6809/8445
f 6809/8446 6687/8387 6683/8386 6804/8447
f 7174/8327 6661/8326 6663/8352 7185/8448
f 7185/8449 6663/8347 6660/8314 7184/8313
f 6908/8450 6912/8451 6681/8379 6800/8444
f 7239/8452 6711/8453 6712/8454 7240/8455
f 7233/8456 6710/8457 6711/8458 7239/8459
f 7217/8460 6645/8461 6709/8462 7218/8463
f 7201/8323 6646/8322 6645/8464 7217/8465
f 7215/8466 6648/8467 6647/8468 7216/8469
f 7202/8470 6649/8471 6648/8472 7215/8473
f 7235/8474 6651/8475 6650/8476 7236/8477
f 7232/8478 6652/8479 6651/8480 7235/8481
f 7204/8482 7216/8469 6647/8468 6650/8476
f 7250/8483 6896/8484 6710/8457 7233/8456
f 7229/8485 7240/8455 6712/8454 6709/8462
f 6731/8486 6730/8487 6724/8488 6713/8489
f 6899/8490 6897/8491 6717/8492 6735/8493
f 6734/8494 6716/8495 6719/8496 6725/8497
f 6725/8498 6719/8499 6720/8500 6726/8501
f 6735/8493 6717/8492 6723/8502 6729/8503
f 6729/8504 6723/8505 6724/8488 6730/8487
f 7249/8506 6898/8507 6722/8508 7238/8509
f 7234/8510 6718/8511 6713/8489 7229/8485
f 7238/8509 6722/8508 6718/8512 7234/8513
f 7231/8514 6715/8515 6714/8516 7230/8517
f 7237/8518 6721/8519 6715/8520 7231/8521
f 7236/8477 7230/8517 6714/8516 6720/8500
f 6759/8522 6729/8504 6730/8487 6760/8523
f 6765/8524 6735/8493 6729/8503 6759/8525
f 6755/8526 6725/8498 6726/8501 6756/8527
f 6764/8528 6734/8494 6725/8497 6755/8529
f 6901/8530 6899/8490 6735/8493 6765/8524
f 6761/8531 6760/8523 6730/8487 6731/8486
f 6898/8507 6900/8532 6728/8533 6722/8508
f 6718/8511 6736/8534 6731/8486 6713/8489
f 6722/8508 6728/8533 6736/8535 6718/8512
f 6715/8515 6733/8536 6732/8537 6714/8516
f 6721/8519 6727/8538 6733/8539 6715/8520
f 6720/8500 6714/8516 6732/8537 6726/8501
f 6930/8540 6932/8541 6754/8542 6752/8543
f 6934/8544 6931/8545 6753/8546 6767/8547
f 7252/8548 6930/8540 6752/8543 7241/8549
f 6931/8545 6929/8550 6751/8551 6753/8546
f 7251/8552 6928/8553 6750/8554 7242/8555
f 6940/8556 6918/8557 6743/8558 6810/8559
f 6919/8560 6747/8561 6748/8562 6920/8563
f 6926/8564 6746/8565 6747/8566 6919/8567
f 6814/8568 6744/8569 6745/8570 6815/8571
f 6826/8572 6743/8558 6744/8573 6814/8574
f 6812/8575 6741/8576 6742/8577 6813/8578
f 6825/8579 6740/8580 6741/8581 6812/8582
f 6915/8583 6738/8584 6739/8585 6916/8586
f 6921/8587 6737/8588 6738/8589 6915/8590
f 6824/8591 6813/8578 6742/8577 6739/8585
f 7195/8592 6917/8593 6740/8580 7190/8594
f 7225/8595 6927/8596 6749/8597 7220/8598
f 6925/8599 6920/8563 6748/8562 6745/8570
f 6932/8541 6933/8600 6768/8601 6754/8542
f 6935/8602 6934/8544 6767/8547 6775/8603
f 6776/8604 6774/8605 6760/8523 6761/8531
f 6903/8606 6901/8530 6765/8524 6780/8607
f 6779/8608 6764/8528 6755/8529 6769/8609
f 6769/8610 6755/8526 6756/8527 6770/8611
f 6780/8607 6765/8524 6759/8525 6773/8612
f 6773/8613 6759/8522 6760/8523 6774/8605
f 6900/8532 6902/8614 6758/8615 6728/8533
f 6736/8534 6766/8616 6761/8531 6731/8486
f 6728/8533 6758/8615 6766/8617 6736/8535
f 6733/8536 6763/8618 6762/8619 6732/8537
f 6727/8538 6757/8620 6763/8621 6733/8539
f 6726/8501 6732/8537 6762/8619 6756/8527
f 6787/8622 6773/8613 6774/8605 6788/8623
f 6794/8624 6780/8607 6773/8612 6787/8625
f 6783/8626 6769/8610 6770/8611 6784/8627
f 6793/8628 6779/8608 6769/8609 6783/8629
f 6905/8630 6903/8606 6780/8607 6794/8624
f 6790/8631 6788/8623 6774/8605 6776/8604
f 6937/8632 6935/8602 6775/8603 6789/8633
f 6933/8600 6936/8634 6782/8635 6768/8601
f 6902/8614 6904/8636 6772/8637 6758/8615
f 6766/8616 6781/8638 6776/8604 6761/8531
f 6758/8615 6772/8637 6781/8639 6766/8617
f 6763/8618 6778/8640 6777/8641 6762/8619
f 6757/8620 6771/8642 6778/8643 6763/8621
f 6756/8527 6762/8619 6777/8641 6770/8611
f 6939/8644 6937/8632 6789/8633 6803/8645
f 6804/8447 6802/8646 6788/8623 6790/8631
f 6907/8647 6905/8630 6794/8624 6808/8648
f 6807/8649 6793/8628 6783/8629 6797/8650
f 6797/8651 6783/8626 6784/8627 6798/8332
f 6808/8648 6794/8624 6787/8625 6801/8652
f 6801/8653 6787/8622 6788/8623 6802/8646
f 6936/8634 6938/8654 6796/8655 6782/8635
f 6904/8636 6906/8656 6786/8657 6772/8637
f 6781/8638 6795/8658 6790/8631 6776/8604
f 6772/8637 6786/8657 6795/8659 6781/8639
f 6778/8640 6792/8660 6791/8661 6777/8641
f 6771/8642 6785/8662 6792/8663 6778/8643
f 6770/8611 6777/8641 6791/8661 6784/8627
f 6691/8397 6801/8653 6802/8646 6689/8394
f 6688/8390 6808/8648 6801/8652 6691/8391
f 6698/8407 6797/8651 6798/8332 6696/8335
f 6695/8401 6807/8649 6797/8650 6698/8402
f 6894/8441 6907/8647 6808/8648 6688/8390
f 6683/8386 6689/8394 6802/8646 6804/8447
f 6926/8564 6939/8644 6803/8645 6746/8565
f 6938/8654 6940/8556 6810/8559 6796/8655
f 6906/8656 6908/8450 6800/8444 6786/8657
f 6795/8658 6809/8446 6804/8447 6790/8631
f 6786/8657 6800/8444 6809/8445 6795/8659
f 6792/8660 6806/8436 6805/8333 6791/8661
f 6785/8662 6799/8434 6806/8435 6792/8663
f 6784/8627 6791/8661 6805/8333 6798/8332
f 6796/8655 6810/8559 6836/8664 6834/8665
f 6746/8565 6803/8645 6835/8666 6816/8667
f 6782/8635 6796/8655 6834/8665 6832/8668
f 6803/8645 6789/8633 6833/8669 6835/8666
f 6768/8601 6782/8635 6832/8668 6830/8670
f 6789/8633 6775/8603 6831/8671 6833/8669
f 6754/8542 6768/8601 6830/8670 6822/8672
f 6775/8603 6767/8547 6829/8673 6831/8671
f 6858/8674 6839/8675 6813/8578 6824/8591
f 6859/8676 6825/8579 6812/8582 6838/8677
f 6838/8678 6812/8575 6813/8578 6839/8675
f 6860/8679 6826/8572 6814/8574 6840/8680
f 6840/8681 6814/8568 6815/8571 6841/8682
f 6752/8543 6754/8542 6822/8672 6820/8683
f 6767/8547 6753/8546 6821/8684 6829/8673
f 7241/8549 6752/8543 6820/8683 7243/8685
f 6753/8546 6751/8551 6819/8686 6821/8684
f 7242/8555 6750/8554 6818/8687 7244/8688
f 6810/8559 6743/8558 6826/8572 6836/8664
f 6747/8561 6827/8689 6828/8690 6748/8562
f 6746/8565 6816/8667 6827/8691 6747/8566
f 6738/8584 6823/8692 6824/8591 6739/8585
f 6737/8588 6811/8693 6823/8694 6738/8589
f 7190/8594 6740/8580 6825/8579 7191/8695
f 7220/8598 6749/8597 6817/8696 7221/8697
f 6745/8570 6748/8562 6828/8690 6815/8571
f 6866/8698 6840/8681 6841/8682 6867/8699
f 6886/8700 6860/8679 6840/8680 6866/8701
f 6864/8702 6838/8678 6839/8675 6865/8703
f 6885/8704 6859/8676 6838/8677 6864/8705
f 6884/8706 6865/8703 6839/8675 6858/8674
f 6834/8665 6836/8664 6856/8707 6854/8708
f 6816/8667 6835/8666 6855/8709 6842/8710
f 6832/8668 6834/8665 6854/8708 6852/8711
f 6835/8666 6833/8669 6853/8712 6855/8709
f 6830/8670 6832/8668 6852/8711 6850/8713
f 6833/8669 6831/8671 6851/8714 6853/8712
f 6822/8672 6830/8670 6850/8713 6848/8715
f 6831/8671 6829/8673 6849/8716 6851/8714
f 6820/8683 6822/8672 6848/8715 6846/8717
f 6829/8673 6821/8684 6847/8718 6849/8716
f 7243/8685 6820/8683 6846/8717 7245/8719
f 6821/8684 6819/8686 6845/8720 6847/8718
f 7244/8688 6818/8687 6844/8721 7246/8722
f 6836/8664 6826/8572 6860/8679 6856/8707
f 6827/8689 6861/8723 6862/8724 6828/8690
f 6816/8667 6842/8710 6861/8725 6827/8691
f 6823/8692 6857/8726 6858/8674 6824/8591
f 6811/8693 6837/8727 6857/8728 6823/8694
f 7191/8695 6825/8579 6859/8676 7192/8729
f 7221/8697 6817/8696 6843/8730 7222/8731
f 6815/8571 6828/8690 6862/8724 6841/8682
f 6910/8426 6891/8732 6865/8703 6884/8706
f 6911/8325 6885/8704 6864/8705 6890/8733
f 6890/8734 6864/8702 6865/8703 6891/8732
f 6912/8451 6886/8700 6866/8701 6892/8735
f 6892/8736 6866/8698 6867/8699 6893/8316
f 6854/8708 6856/8707 6882/8737 6880/8738
f 6842/8710 6855/8709 6881/8739 6868/8740
f 6852/8711 6854/8708 6880/8738 6878/8741
f 6855/8709 6853/8712 6879/8742 6881/8739
f 6850/8713 6852/8711 6878/8741 6876/8743
f 6853/8712 6851/8714 6877/8744 6879/8742
f 6848/8715 6850/8713 6876/8743 6874/8745
f 6851/8714 6849/8716 6875/8746 6877/8744
f 6846/8717 6848/8715 6874/8745 6872/8747
f 6849/8716 6847/8718 6873/8748 6875/8746
f 7245/8719 6846/8717 6872/8747 7247/8749
f 6847/8718 6845/8720 6871/8750 6873/8748
f 7246/8722 6844/8721 6870/8751 7248/8752
f 6856/8707 6860/8679 6886/8700 6882/8737
f 6861/8723 6887/8753 6888/8754 6862/8724
f 6842/8710 6868/8740 6887/8755 6861/8725
f 6857/8726 6883/8756 6884/8706 6858/8674
f 6837/8727 6863/8757 6883/8758 6857/8728
f 7192/8729 6859/8676 6885/8704 7193/8759
f 7222/8731 6843/8730 6869/8760 7223/8761
f 6841/8682 6862/8724 6888/8754 6867/8699
f 6684/8385 6892/8736 6893/8316 6682/8319
f 6681/8379 6912/8451 6892/8735 6684/8380
f 6665/8356 6890/8734 6891/8732 6662/8353
f 6661/8326 6911/8325 6890/8733 6665/8350
f 6655/8343 6662/8353 6891/8732 6910/8426
f 6880/8738 6882/8737 6908/8450 6906/8656
f 6868/8740 6881/8739 6907/8647 6894/8441
f 6878/8741 6880/8738 6906/8656 6904/8636
f 6881/8739 6879/8742 6905/8630 6907/8647
f 6876/8743 6878/8741 6904/8636 6902/8614
f 6879/8742 6877/8744 6903/8606 6905/8630
f 6874/8745 6876/8743 6902/8614 6900/8532
f 6877/8744 6875/8746 6901/8530 6903/8606
f 6872/8747 6874/8745 6900/8532 6898/8507
f 6875/8746 6873/8748 6899/8490 6901/8530
f 7247/8749 6872/8747 6898/8507 7249/8506
f 6873/8748 6871/8750 6897/8491 6899/8490
f 7248/8752 6870/8751 6896/8484 7250/8483
f 6882/8737 6886/8700 6912/8451 6908/8450
f 6887/8753 6913/8443 6914/8317 6888/8754
f 6868/8740 6894/8441 6913/8442 6887/8755
f 6883/8756 6909/8425 6910/8426 6884/8706
f 6863/8757 6889/8423 6909/8424 6883/8758
f 7193/8759 6885/8704 6911/8325 7194/8324
f 7223/8761 6869/8760 6895/8321 7224/8320
f 6867/8699 6888/8754 6914/8317 6893/8316
f 6964/8762 6966/8763 6940/8556 6938/8654
f 6952/8764 6965/8765 6939/8644 6926/8564
f 6962/8766 6964/8762 6938/8654 6936/8634
f 6965/8765 6963/8767 6937/8632 6939/8644
f 6959/8768 6962/8766 6936/8634 6933/8600
f 6963/8767 6961/8769 6935/8602 6937/8632
f 6961/8769 6960/8770 6934/8544 6935/8602
f 6958/8771 6959/8768 6933/8600 6932/8541
f 6951/8772 6946/8773 6920/8563 6925/8599
f 7226/8774 6953/8775 6927/8596 7225/8595
f 7196/8776 6943/8777 6917/8593 7195/8592
f 6947/8778 6921/8587 6915/8590 6941/8779
f 6941/8780 6915/8583 6916/8586 6942/8781
f 6952/8764 6926/8564 6919/8567 6945/8782
f 6945/8783 6919/8560 6920/8563 6946/8773
f 6966/8763 6944/8784 6918/8557 6940/8556
f 7254/8785 6954/8786 6928/8553 7251/8552
f 6957/8787 6955/8788 6929/8550 6931/8545
f 7253/8789 6956/8790 6930/8540 7252/8548
f 6960/8770 6957/8787 6931/8545 6934/8544
f 6956/8790 6958/8771 6932/8541 6930/8540
f 6744/8569 6924/8791 6925/8599 6745/8570
f 6743/8558 6918/8557 6924/8792 6744/8573
f 6741/8576 6922/8793 6923/8794 6742/8577
f 6740/8580 6917/8593 6922/8795 6741/8581
f 6739/8585 6742/8577 6923/8794 6916/8586
f 6982/8796 6984/8797 6958/8771 6956/8790
f 6986/8798 6983/8799 6957/8787 6960/8770
f 7256/8800 6982/8796 6956/8790 7253/8789
f 6983/8799 6981/8801 6955/8788 6957/8787
f 7255/8802 6980/8803 6954/8786 7254/8785
f 6992/8804 6970/8805 6944/8784 6966/8763
f 6971/8806 6945/8783 6946/8773 6972/8807
f 6978/8808 6952/8764 6945/8782 6971/8809
f 6967/8810 6941/8780 6942/8781 6968/8811
f 6973/8812 6947/8778 6941/8779 6967/8813
f 7197/8814 6969/8815 6943/8777 7196/8776
f 7227/8816 6979/8817 6953/8775 7226/8774
f 6977/8818 6972/8807 6946/8773 6951/8772
f 6984/8797 6985/8819 6959/8768 6958/8771
f 6987/8820 6986/8798 6960/8770 6961/8769
f 6989/8821 6987/8820 6961/8769 6963/8767
f 6985/8819 6988/8822 6962/8766 6959/8768
f 6991/8823 6989/8821 6963/8767 6965/8765
f 6988/8822 6990/8824 6964/8762 6962/8766
f 6978/8808 6991/8823 6965/8765 6952/8764
f 6990/8824 6992/8804 6966/8763 6964/8762
f 6924/8791 6950/8825 6951/8772 6925/8599
f 6918/8557 6944/8784 6950/8826 6924/8792
f 6922/8793 6948/8827 6949/8828 6923/8794
f 6917/8593 6943/8777 6948/8829 6922/8795
f 6916/8586 6923/8794 6949/8828 6942/8781
f 7016/8830 7018/8831 6992/8804 6990/8824
f 7004/8832 7017/8833 6991/8823 6978/8808
f 7014/8834 7016/8830 6990/8824 6988/8822
f 7017/8833 7015/8835 6989/8821 6991/8823
f 7011/8836 7014/8834 6988/8822 6985/8819
f 7015/8835 7013/8837 6987/8820 6989/8821
f 7013/8837 7012/8838 6986/8798 6987/8820
f 7010/8839 7011/8836 6985/8819 6984/8797
f 7003/8440 6998/8840 6972/8807 6977/8818
f 7228/8841 7005/8842 6979/8817 7227/8816
f 7198/8843 6995/8427 6969/8815 7197/8814
f 6999/8844 6973/8812 6967/8813 6993/8845
f 6993/8846 6967/8810 6968/8811 6994/8328
f 7004/8832 6978/8808 6971/8809 6997/8847
f 6997/8848 6971/8806 6972/8807 6998/8840
f 7018/8831 6996/8437 6970/8805 6992/8804
f 7258/8849 7006/8850 6980/8803 7255/8802
f 7009/8851 7007/8852 6981/8801 6983/8799
f 7257/8853 7008/8854 6982/8796 7256/8800
f 7012/8838 7009/8851 6983/8799 6986/8798
f 7008/8854 7010/8839 6984/8797 6982/8796
f 6950/8825 6976/8855 6977/8818 6951/8772
f 6944/8784 6970/8805 6976/8856 6950/8826
f 6948/8827 6974/8857 6975/8858 6949/8828
f 6943/8777 6969/8815 6974/8859 6948/8829
f 6942/8781 6949/8828 6975/8858 6968/8811
f 6716/8495 6734/8494 7010/8839 7008/8854
f 6757/8620 6727/8538 7009/8851 7012/8838
f 7232/8478 6716/8495 7008/8854 7257/8853
f 6727/8538 6721/8519 7007/8852 7009/8851
f 7237/8518 6649/8471 7006/8850 7258/8849
f 6807/8649 6695/8401 6996/8437 7018/8831
f 6705/8419 6997/8848 6998/8840 6703/8416
f 6702/8412 7004/8832 6997/8847 6705/8413
f 6670/8363 6993/8846 6994/8328 6668/8331
f 6667/8357 6999/8844 6993/8845 6670/8358
f 7187/8860 6674/8368 6995/8427 7198/8843
f 7214/8861 6652/8479 7005/8842 7228/8841
f 6697/8408 6703/8416 6998/8840 7003/8440
f 6734/8494 6764/8528 7011/8836 7010/8839
f 6771/8642 6757/8620 7012/8838 7013/8837
f 6785/8662 6771/8642 7013/8837 7015/8835
f 6764/8528 6779/8608 7014/8834 7011/8836
f 6799/8434 6785/8662 7015/8835 7017/8833
f 6779/8608 6793/8628 7016/8830 7014/8834
f 6702/8412 6799/8434 7017/8833 7004/8832
f 6793/8628 6807/8649 7018/8831 7016/8830
f 6976/8855 7002/8439 7003/8440 6977/8818
f 6970/8805 6996/8437 7002/8438 6976/8856
f 6974/8857 7000/8429 7001/8329 6975/8858
f 6969/8815 6995/8427 7000/8428 6974/8859
f 6968/8811 6975/8858 7001/8329 6994/8328
f 7049/8862 7025/8863 7048/8864 7063/8865
f 7202/8470 7022/8866 7047/8867 7213/8868
f 7213/8868 7047/8867 7046/8869 7212/8870
f 7063/8865 7048/8864 7045/8871 7062/8872
f 7062/8872 7045/8871 7044/8873 7061/8874
f 7212/8870 7046/8869 7043/8875 7211/8876
f 7211/8876 7043/8875 7042/8877 7210/8878
f 7061/8874 7044/8873 7041/8879 7060/8880
f 7058/8881 7038/8882 7040/8883 7059/8884
f 7208/8885 7037/8886 7039/8887 7209/8888
f 7057/8889 7036/8890 7038/8882 7058/8881
f 7207/8891 7035/8892 7037/8886 7208/8885
f 7056/8893 7034/8894 7036/8890 7057/8889
f 7206/8895 7033/8896 7035/8892 7207/8891
f 7055/8897 7032/8898 7034/8894 7056/8893
f 7205/8899 7031/8900 7033/8896 7206/8895
f 7060/8880 7041/8879 7032/8898 7055/8897
f 7210/8878 7042/8877 7031/8900 7205/8899
f 7069/8901 7051/8902 7027/8903 7024/8904
f 7067/8905 7022/8866 7026/8906 7050/8907
f 7050/8908 7026/8909 7027/8903 7051/8902
f 7066/8910 7021/8911 7028/8912 7052/8913
f 7052/8914 7028/8915 7029/8916 7053/8917
f 7200/8918 7020/8919 7019/8920 7199/8921
f 7219/8922 7030/8923 7020/8924 7200/8925
f 7203/8926 7023/8927 7024/8904 7204/8482
f 7214/8861 7025/8863 7023/8928 7203/8929
f 7209/8888 7039/8887 7030/8923 7219/8922
f 7059/8884 7040/8883 7021/8911 7066/8910
f 7218/8463 7199/8921 7019/8920 7029/8916
f 7089/8930 7059/8884 7066/8910 7096/8931
f 7082/8932 7052/8914 7053/8917 7083/8933
f 7096/8931 7066/8910 7052/8913 7082/8934
f 7080/8935 7050/8908 7051/8902 7081/8936
f 7097/8937 7067/8905 7050/8907 7080/8938
f 7099/8939 7081/8936 7051/8902 7069/8901
f 7090/8940 7060/8880 7055/8897 7085/8941
f 7085/8941 7055/8897 7056/8893 7086/8942
f 7086/8942 7056/8893 7057/8889 7087/8943
f 7087/8943 7057/8889 7058/8881 7088/8944
f 7088/8944 7058/8881 7059/8884 7089/8930
f 7091/8945 7061/8874 7060/8880 7090/8940
f 7092/8946 7062/8872 7061/8874 7091/8945
f 7093/8947 7063/8865 7062/8872 7092/8946
f 7079/8948 7049/8862 7063/8865 7093/8947
f 7022/8866 7067/8905 7078/8949 7047/8867
f 7047/8867 7078/8949 7077/8950 7046/8869
f 7046/8869 7077/8950 7076/8951 7043/8875
f 7043/8875 7076/8951 7075/8952 7042/8877
f 7037/8886 7073/8953 7074/8954 7039/8887
f 7035/8892 7072/8955 7073/8953 7037/8886
f 7033/8896 7071/8956 7072/8955 7035/8892
f 7031/8900 7070/8957 7071/8956 7033/8896
f 7042/8877 7075/8952 7070/8957 7031/8900
f 7020/8919 7065/8958 7064/8959 7019/8920
f 7030/8923 7054/8960 7065/8961 7020/8924
f 7023/8927 7068/8962 7069/8901 7024/8904
f 7025/8863 7049/8862 7068/8963 7023/8928
f 7039/8887 7074/8954 7054/8960 7030/8923
f 7029/8916 7019/8920 7064/8959 7053/8917
f 7109/8964 7079/8948 7093/8947 7123/8965
f 7123/8965 7093/8947 7092/8946 7122/8966
f 7122/8966 7092/8946 7091/8945 7121/8967
f 7121/8967 7091/8945 7090/8940 7120/8968
f 7118/8969 7088/8944 7089/8930 7119/8970
f 7117/8971 7087/8943 7088/8944 7118/8969
f 7116/8972 7086/8942 7087/8943 7117/8971
f 7115/8973 7085/8941 7086/8942 7116/8972
f 7120/8968 7090/8940 7085/8941 7115/8973
f 7129/8974 7111/8975 7081/8936 7099/8939
f 7127/8976 7097/8937 7080/8938 7110/8977
f 7110/8978 7080/8935 7081/8936 7111/8975
f 7126/8979 7096/8931 7082/8934 7112/8980
f 7112/8981 7082/8932 7083/8933 7113/8982
f 7119/8970 7089/8930 7096/8931 7126/8979
f 7067/8905 7097/8937 7108/8983 7078/8949
f 7078/8949 7108/8983 7107/8984 7077/8950
f 7077/8950 7107/8984 7106/8985 7076/8951
f 7076/8951 7106/8985 7105/8986 7075/8952
f 7073/8953 7103/8987 7104/8988 7074/8954
f 7072/8955 7102/8989 7103/8987 7073/8953
f 7071/8956 7101/8990 7102/8989 7072/8955
f 7070/8957 7100/8991 7101/8990 7071/8956
f 7075/8952 7105/8986 7100/8991 7070/8957
f 7065/8958 7095/8992 7094/8993 7064/8959
f 7054/8960 7084/8994 7095/8995 7065/8961
f 7068/8962 7098/8996 7099/8939 7069/8901
f 7049/8862 7079/8948 7098/8997 7068/8963
f 7074/8954 7104/8988 7084/8994 7054/8960
f 7053/8917 7064/8959 7094/8993 7083/8933
f 7149/8998 7119/8970 7126/8979 7156/8999
f 7142/9000 7112/8981 7113/8982 7143/9001
f 7156/8999 7126/8979 7112/8980 7142/9002
f 7140/9003 7110/8978 7111/8975 7141/9004
f 7157/9005 7127/8976 7110/8977 7140/9006
f 7159/9007 7141/9004 7111/8975 7129/8974
f 7150/9008 7120/8968 7115/8973 7145/9009
f 7145/9009 7115/8973 7116/8972 7146/9010
f 7146/9010 7116/8972 7117/8971 7147/9011
f 7147/9011 7117/8971 7118/8969 7148/9012
f 7148/9012 7118/8969 7119/8970 7149/8998
f 7151/9013 7121/8967 7120/8968 7150/9008
f 7152/9014 7122/8966 7121/8967 7151/9013
f 7153/9015 7123/8965 7122/8966 7152/9014
f 7139/9016 7109/8964 7123/8965 7153/9015
f 7097/8937 7127/8976 7138/9017 7108/8983
f 7108/8983 7138/9017 7137/9018 7107/8984
f 7107/8984 7137/9018 7136/9019 7106/8985
f 7106/8985 7136/9019 7135/9020 7105/8986
f 7103/8987 7133/9021 7134/9022 7104/8988
f 7102/8989 7132/9023 7133/9021 7103/8987
f 7101/8990 7131/9024 7132/9023 7102/8989
f 7100/8991 7130/9025 7131/9024 7101/8990
f 7105/8986 7135/9020 7130/9025 7100/8991
f 7095/8992 7125/9026 7124/9027 7094/8993
f 7084/8994 7114/9028 7125/9029 7095/8995
f 7098/8996 7128/9030 7129/8974 7099/8939
f 7079/8948 7109/8964 7128/9031 7098/8997
f 7104/8988 7134/9022 7114/9028 7084/8994
f 7083/8933 7094/8993 7124/9027 7113/8982
f 7169/8430 7139/9016 7153/9015 7183/9032
f 7183/9032 7153/9015 7152/9014 7182/9033
f 7182/9033 7152/9014 7151/9013 7181/9034
f 7181/9034 7151/9013 7150/9008 7180/9035
f 7178/9036 7148/9012 7149/8998 7179/9037
f 7177/9038 7147/9011 7148/9012 7178/9036
f 7176/9039 7146/9010 7147/9011 7177/9038
f 7175/9040 7145/9009 7146/9010 7176/9039
f 7180/9035 7150/9008 7145/9009 7175/9040
f 7189/8433 7171/9041 7141/9004 7159/9007
f 7187/8860 7157/9005 7140/9006 7170/9042
f 7170/9043 7140/9003 7141/9004 7171/9041
f 7186/9044 7156/8999 7142/9002 7172/9045
f 7172/9046 7142/9000 7143/9001 7173/8312
f 7179/9037 7149/8998 7156/8999 7186/9044
f 7127/8976 7157/9005 7168/9047 7138/9017
f 7138/9017 7168/9047 7167/9048 7137/9018
f 7137/9018 7167/9048 7166/9049 7136/9019
f 7136/9019 7166/9049 7165/9050 7135/9020
f 7133/9021 7163/9051 7164/9052 7134/9022
f 7132/9023 7162/9053 7163/9051 7133/9021
f 7131/9024 7161/9054 7162/9053 7132/9023
f 7130/9025 7160/9055 7161/9054 7131/9024
f 7135/9020 7165/9050 7160/9055 7130/9025
f 7125/9026 7155/9056 7154/9057 7124/9027
f 7114/9028 7144/9058 7155/9059 7125/9029
f 7128/9030 7158/9060 7159/9007 7129/8974
f 7109/8964 7139/9016 7158/9061 7128/9031
f 7134/9022 7164/9052 7144/9058 7114/9028
f 7113/8982 7124/9027 7154/9057 7143/9001
f 6889/8423 7179/9037 7186/9044 6653/8336
f 6656/8342 7172/9046 7173/8312 6654/8315
f 6653/8336 7186/9044 7172/9045 6656/8337
f 6677/8375 7170/9043 7171/9041 6675/8372
f 6674/8368 7187/8860 7170/9042 6677/8369
f 6669/8364 6675/8372 7171/9041 7189/8433
f 6921/8587 7180/9035 7175/9040 6737/8588
f 6737/8588 7175/9040 7176/9039 6811/8693
f 6811/8693 7176/9039 7177/9038 6837/8727
f 6837/8727 7177/9038 7178/9036 6863/8757
f 6863/8757 7178/9036 7179/9037 6889/8423
f 6947/8778 7181/9034 7180/9035 6921/8587
f 6973/8812 7182/9033 7181/9034 6947/8778
f 6999/8844 7183/9032 7182/9033 6973/8812
f 6667/8357 7169/8430 7183/9032 6999/8844
f 7157/9005 7187/8860 7198/8843 7168/9047
f 7168/9047 7198/8843 7197/8814 7167/9048
f 7167/9048 7197/8814 7196/8776 7166/9049
f 7166/9049 7196/8776 7195/8592 7165/9050
f 7163/9051 7193/8759 7194/8324 7164/9052
f 7162/9053 7192/8729 7193/8759 7163/9051
f 7161/9054 7191/8695 7192/8729 7162/9053
f 7160/9055 7190/8594 7191/8695 7161/9054
f 7165/9050 7195/8592 7190/8594 7160/9055
f 7155/9056 7185/8449 7184/8313 7154/9057
f 7144/9058 7174/8327 7185/8448 7155/9059
f 7158/9060 7188/8432 7189/8433 7159/9007
f 7139/9016 7169/8430 7188/8431 7158/9061
f 7164/9052 7194/8324 7174/8327 7144/9058
f 7143/9001 7154/9057 7184/8313 7173/8312
f 6709/8462 6712/8454 7199/8921 7218/8463
f 6896/8484 7209/8888 7219/8922 6710/8457
f 6652/8479 7214/8861 7203/8929 6651/8480
f 6651/8475 7203/8926 7204/8482 6650/8476
f 6710/8457 7219/8922 7200/8925 6711/8458
f 6711/8453 7200/8918 7199/8921 6712/8454
f 6928/8553 7210/8878 7205/8899 6750/8554
f 6750/8554 7205/8899 7206/8895 6818/8687
f 6818/8687 7206/8895 7207/8891 6844/8721
f 6844/8721 7207/8891 7208/8885 6870/8751
f 6870/8751 7208/8885 7209/8888 6896/8484
f 6954/8786 7211/8876 7210/8878 6928/8553
f 6980/8803 7212/8870 7211/8876 6954/8786
f 7006/8850 7213/8868 7212/8870 6980/8803
f 6649/8471 7202/8470 7213/8868 7006/8850
f 7025/8863 7214/8861 7228/8841 7048/8864
f 7048/8864 7228/8841 7227/8816 7045/8871
f 7045/8871 7227/8816 7226/8774 7044/8873
f 7044/8873 7226/8774 7225/8595 7041/8879
f 7038/8882 7223/8761 7224/8320 7040/8883
f 7036/8890 7222/8731 7223/8761 7038/8882
f 7034/8894 7221/8697 7222/8731 7036/8890
f 7032/8898 7220/8598 7221/8697 7034/8894
f 7041/8879 7225/8595 7220/8598 7032/8898
f 7024/8904 7027/8903 7216/8469 7204/8482
f 7022/8866 7202/8470 7215/8473 7026/8906
f 7026/8909 7215/8466 7216/8469 7027/8903
f 7021/8911 7201/8323 7217/8465 7028/8912
f 7028/8915 7217/8460 7218/8463 7029/8916
f 7040/8883 7224/8320 7201/8323 7021/8911
f 6721/8519 7237/8518 7258/8849 7007/8852
f 6652/8479 7232/8478 7257/8853 7005/8842
f 7005/8842 7257/8853 7256/8800 6979/8817
f 7007/8852 7258/8849 7255/8802 6981/8801
f 6981/8801 7255/8802 7254/8785 6955/8788
f 6979/8817 7256/8800 7253/8789 6953/8775
f 6953/8775 7253/8789 7252/8548 6927/8596
f 6955/8788 7254/8785 7251/8552 6929/8550
f 6871/8750 7248/8752 7250/8483 6897/8491
f 6869/8760 7247/8749 7249/8506 6895/8321
f 6845/8720 7246/8722 7248/8752 6871/8750
f 6843/8730 7245/8719 7247/8749 6869/8760
f 6819/8686 7244/8688 7246/8722 6845/8720
f 6817/8696 7243/8685 7245/8719 6843/8730
f 6751/8551 7242/8555 7244/8688 6819/8686
f 6749/8597 7241/8549 7243/8685 6817/8696
f 6929/8550 7251/8552 7242/8555 6751/8551
f 6927/8596 7252/8548 7241/8549 6749/8597
f 6650/8476 6647/8468 7230/8517 7236/8477
f 6649/8471 7237/8518 7231/8521 6648/8472
f 6648/8467 7231/8514 7230/8517 6647/8468
f 6646/8322 7238/8509 7234/8513 6645/8464
f 6645/8461 7234/8510 7229/8485 6709/8462
f 6895/8321 7249/8506 7238/8509 6646/8322
f 6713/8489 6724/8488 7240/8455 7229/8485
f 6897/8491 7250/8483 7233/8456 6717/8492
f 6716/8495 7232/8478 7235/8481 6719/8496
f 6719/8499 7235/8474 7236/8477 6720/8500
f 6717/8492 7233/8456 7239/8459 6723/8502
f 6723/8505 7239/8452 7240/8455 6724/8488
f 7787/9062 7798/9063 7274/9064 7268/9065
f 7507/9066 7528/9067 7304/9068 7296/9069
f 7838/9070 7509/9071 7260/9072 7815/9073
f 7808/9074 7525/9075 7275/9076 7788/9077
f 7608/9078 7615/9079 7290/9080 7282/9081
f 7412/9082 7419/9083 7318/9084 7310/9085
f 7267/9086 7270/9087 7271/9088 7273/9089
f 7268/9065 7272/9090 7271/9091 7270/9092
f 7269/9093 7273/9094 7271/9095 7272/9096
f 7274/9064 7277/9097 7278/9098 7280/9099
f 7275/9076 7279/9100 7278/9101 7277/9102
f 7276/9103 7280/9104 7278/9105 7279/9106
f 7281/9107 7284/9108 7285/9109 7287/9110
f 7282/9081 7286/9111 7285/9112 7284/9113
f 7283/9114 7287/9115 7285/9116 7286/9117
f 7288/9118 7291/9119 7292/9120 7294/9121
f 7289/9122 7293/9123 7292/9124 7291/9125
f 7290/9080 7294/9126 7292/9127 7293/9128
f 7295/9129 7298/9130 7299/9131 7301/9132
f 7296/9069 7300/9133 7299/9134 7298/9135
f 7297/9136 7301/9137 7299/9138 7300/9139
f 7302/9140 7305/9141 7306/9142 7308/9143
f 7303/9144 7307/9145 7306/9146 7305/9147
f 7304/9068 7308/9148 7306/9149 7307/9150
f 7309/9151 7312/9152 7313/9153 7315/9154
f 7310/9085 7314/9155 7313/9156 7312/9157
f 7311/9158 7315/9159 7313/9160 7314/9161
f 7316/9162 7319/9163 7320/9164 7322/9165
f 7317/9166 7321/9167 7320/9168 7319/9169
f 7318/9084 7322/9170 7320/9171 7321/9172
f 7503/9173 7267/9086 7273/9089 7523/9174
f 7523/9175 7273/9094 7269/9093 7524/9176
f 7268/9065 7274/9064 7280/9099 7272/9090
f 7272/9096 7280/9104 7276/9103 7269/9093
f 7609/9177 7288/9118 7294/9121 7614/9178
f 7614/9179 7294/9126 7290/9080 7615/9079
f 7289/9122 7283/9114 7286/9117 7293/9123
f 7293/9128 7286/9111 7282/9081 7290/9080
f 7783/9180 7281/9107 7287/9110 7802/9181
f 7802/9182 7287/9115 7283/9114 7803/9183
f 7413/9184 7316/9162 7322/9165 7420/9185
f 7420/9186 7322/9170 7318/9084 7419/9083
f 7317/9166 7311/9158 7314/9161 7321/9167
f 7321/9172 7314/9155 7310/9085 7318/9084
f 7610/9187 7309/9151 7315/9154 7616/9188
f 7616/9189 7315/9159 7311/9158 7617/9190
f 7508/9191 7302/9140 7308/9143 7527/9192
f 7527/9193 7308/9148 7304/9068 7528/9067
f 7303/9144 7297/9136 7300/9139 7307/9145
f 7307/9150 7300/9133 7296/9069 7304/9068
f 7414/9194 7295/9129 7301/9132 7423/9195
f 7423/9196 7301/9137 7297/9136 7418/9197
f 7788/9077 7275/9076 7277/9102 7799/9198
f 7799/9199 7277/9097 7274/9064 7798/9063
f 7522/9200 7526/9201 7295/9129 7414/9194
f 7853/9202 7325/9203 7326/9204 7854/9205
f 7847/9206 7324/9207 7325/9208 7853/9209
f 7831/9210 7259/9211 7323/9212 7832/9213
f 7815/9073 7260/9072 7259/9214 7831/9215
f 7829/9216 7262/9217 7261/9218 7830/9219
f 7816/9220 7263/9221 7262/9222 7829/9223
f 7849/9224 7265/9225 7264/9226 7850/9227
f 7846/9228 7266/9229 7265/9230 7849/9231
f 7818/9232 7830/9219 7261/9218 7264/9226
f 7864/9233 7510/9234 7324/9207 7847/9206
f 7843/9235 7854/9205 7326/9204 7323/9212
f 7345/9236 7344/9237 7338/9238 7327/9239
f 7513/9240 7511/9241 7331/9242 7349/9243
f 7348/9244 7330/9245 7333/9246 7339/9247
f 7339/9248 7333/9249 7334/9250 7340/9251
f 7349/9243 7331/9242 7337/9252 7343/9253
f 7343/9254 7337/9255 7338/9238 7344/9237
f 7863/9256 7512/9257 7336/9258 7852/9259
f 7848/9260 7332/9261 7327/9239 7843/9235
f 7852/9259 7336/9258 7332/9262 7848/9263
f 7845/9264 7329/9265 7328/9266 7844/9267
f 7851/9268 7335/9269 7329/9270 7845/9271
f 7850/9227 7844/9267 7328/9266 7334/9250
f 7373/9272 7343/9254 7344/9237 7374/9273
f 7379/9274 7349/9243 7343/9253 7373/9275
f 7369/9276 7339/9248 7340/9251 7370/9277
f 7378/9278 7348/9244 7339/9247 7369/9279
f 7515/9280 7513/9240 7349/9243 7379/9274
f 7375/9281 7374/9273 7344/9237 7345/9236
f 7512/9257 7514/9282 7342/9283 7336/9258
f 7332/9261 7350/9284 7345/9236 7327/9239
f 7336/9258 7342/9283 7350/9285 7332/9262
f 7329/9265 7347/9286 7346/9287 7328/9266
f 7335/9269 7341/9288 7347/9289 7329/9270
f 7334/9250 7328/9266 7346/9287 7340/9251
f 7544/9290 7546/9291 7368/9292 7366/9293
f 7548/9294 7545/9295 7367/9296 7381/9297
f 7866/9298 7544/9290 7366/9293 7855/9299
f 7545/9295 7543/9300 7365/9301 7367/9296
f 7865/9302 7542/9303 7364/9304 7856/9305
f 7554/9306 7532/9307 7357/9308 7424/9309
f 7533/9310 7361/9311 7362/9312 7534/9313
f 7540/9314 7360/9315 7361/9316 7533/9317
f 7428/9318 7358/9319 7359/9320 7429/9321
f 7440/9322 7357/9308 7358/9323 7428/9324
f 7426/9325 7355/9326 7356/9327 7427/9328
f 7439/9329 7354/9330 7355/9331 7426/9332
f 7529/9333 7352/9334 7353/9335 7530/9336
f 7535/9337 7351/9338 7352/9339 7529/9340
f 7438/9341 7427/9328 7356/9327 7353/9335
f 7809/9342 7531/9343 7354/9330 7804/9344
f 7839/9345 7541/9346 7363/9347 7834/9348
f 7539/9349 7534/9313 7362/9312 7359/9320
f 7546/9291 7547/9350 7382/9351 7368/9292
f 7549/9352 7548/9294 7381/9297 7389/9353
f 7390/9354 7388/9355 7374/9273 7375/9281
f 7517/9356 7515/9280 7379/9274 7394/9357
f 7393/9358 7378/9278 7369/9279 7383/9359
f 7383/9360 7369/9276 7370/9277 7384/9361
f 7394/9357 7379/9274 7373/9275 7387/9362
f 7387/9363 7373/9272 7374/9273 7388/9355
f 7514/9282 7516/9364 7372/9365 7342/9283
f 7350/9284 7380/9366 7375/9281 7345/9236
f 7342/9283 7372/9365 7380/9367 7350/9285
f 7347/9286 7377/9368 7376/9369 7346/9287
f 7341/9288 7371/9370 7377/9371 7347/9289
f 7340/9251 7346/9287 7376/9369 7370/9277
f 7401/9372 7387/9363 7388/9355 7402/9373
f 7408/9374 7394/9357 7387/9362 7401/9375
f 7397/9376 7383/9360 7384/9361 7398/9377
f 7407/9378 7393/9358 7383/9359 7397/9379
f 7519/9380 7517/9356 7394/9357 7408/9374
f 7404/9381 7402/9373 7388/9355 7390/9354
f 7551/9382 7549/9352 7389/9353 7403/9383
f 7547/9350 7550/9384 7396/9385 7382/9351
f 7516/9364 7518/9386 7386/9387 7372/9365
f 7380/9366 7395/9388 7390/9354 7375/9281
f 7372/9365 7386/9387 7395/9389 7380/9367
f 7377/9368 7392/9390 7391/9391 7376/9369
f 7371/9370 7385/9392 7392/9393 7377/9371
f 7370/9277 7376/9369 7391/9391 7384/9361
f 7553/9394 7551/9382 7403/9383 7417/9395
f 7418/9197 7416/9396 7402/9373 7404/9381
f 7521/9397 7519/9380 7408/9374 7422/9398
f 7421/9399 7407/9378 7397/9379 7411/9400
f 7411/9401 7397/9376 7398/9377 7412/9082
f 7422/9398 7408/9374 7401/9375 7415/9402
f 7415/9403 7401/9372 7402/9373 7416/9396
f 7550/9384 7552/9404 7410/9405 7396/9385
f 7518/9386 7520/9406 7400/9407 7386/9387
f 7395/9388 7409/9408 7404/9381 7390/9354
f 7386/9387 7400/9407 7409/9409 7395/9389
f 7392/9390 7406/9410 7405/9411 7391/9391
f 7385/9392 7399/9412 7406/9413 7392/9393
f 7384/9361 7391/9391 7405/9411 7398/9377
f 7305/9147 7415/9403 7416/9396 7303/9144
f 7302/9140 7422/9398 7415/9402 7305/9141
f 7312/9157 7411/9401 7412/9082 7310/9085
f 7309/9151 7421/9399 7411/9400 7312/9152
f 7508/9191 7521/9397 7422/9398 7302/9140
f 7297/9136 7303/9144 7416/9396 7418/9197
f 7540/9314 7553/9394 7417/9395 7360/9315
f 7552/9404 7554/9306 7424/9309 7410/9405
f 7520/9406 7522/9200 7414/9194 7400/9407
f 7409/9408 7423/9196 7418/9197 7404/9381
f 7400/9407 7414/9194 7423/9195 7409/9409
f 7406/9410 7420/9186 7419/9083 7405/9411
f 7399/9412 7413/9184 7420/9185 7406/9413
f 7398/9377 7405/9411 7419/9083 7412/9082
f 7410/9405 7424/9309 7450/9414 7448/9415
f 7360/9315 7417/9395 7449/9416 7430/9417
f 7396/9385 7410/9405 7448/9415 7446/9418
f 7417/9395 7403/9383 7447/9419 7449/9416
f 7382/9351 7396/9385 7446/9418 7444/9420
f 7403/9383 7389/9353 7445/9421 7447/9419
f 7368/9292 7382/9351 7444/9420 7436/9422
f 7389/9353 7381/9297 7443/9423 7445/9421
f 7472/9424 7453/9425 7427/9328 7438/9341
f 7473/9426 7439/9329 7426/9332 7452/9427
f 7452/9428 7426/9325 7427/9328 7453/9425
f 7474/9429 7440/9322 7428/9324 7454/9430
f 7454/9431 7428/9318 7429/9321 7455/9432
f 7366/9293 7368/9292 7436/9422 7434/9433
f 7381/9297 7367/9296 7435/9434 7443/9423
f 7855/9299 7366/9293 7434/9433 7857/9435
f 7367/9296 7365/9301 7433/9436 7435/9434
f 7856/9305 7364/9304 7432/9437 7858/9438
f 7424/9309 7357/9308 7440/9322 7450/9414
f 7361/9311 7441/9439 7442/9440 7362/9312
f 7360/9315 7430/9417 7441/9441 7361/9316
f 7352/9334 7437/9442 7438/9341 7353/9335
f 7351/9338 7425/9443 7437/9444 7352/9339
f 7804/9344 7354/9330 7439/9329 7805/9445
f 7834/9348 7363/9347 7431/9446 7835/9447
f 7359/9320 7362/9312 7442/9440 7429/9321
f 7480/9448 7454/9431 7455/9432 7481/9449
f 7500/9450 7474/9429 7454/9430 7480/9451
f 7478/9452 7452/9428 7453/9425 7479/9453
f 7499/9454 7473/9426 7452/9427 7478/9455
f 7498/9456 7479/9453 7453/9425 7472/9424
f 7448/9415 7450/9414 7470/9457 7468/9458
f 7430/9417 7449/9416 7469/9459 7456/9460
f 7446/9418 7448/9415 7468/9458 7466/9461
f 7449/9416 7447/9419 7467/9462 7469/9459
f 7444/9420 7446/9418 7466/9461 7464/9463
f 7447/9419 7445/9421 7465/9464 7467/9462
f 7436/9422 7444/9420 7464/9463 7462/9465
f 7445/9421 7443/9423 7463/9466 7465/9464
f 7434/9433 7436/9422 7462/9465 7460/9467
f 7443/9423 7435/9434 7461/9468 7463/9466
f 7857/9435 7434/9433 7460/9467 7859/9469
f 7435/9434 7433/9436 7459/9470 7461/9468
f 7858/9438 7432/9437 7458/9471 7860/9472
f 7450/9414 7440/9322 7474/9429 7470/9457
f 7441/9439 7475/9473 7476/9474 7442/9440
f 7430/9417 7456/9460 7475/9475 7441/9441
f 7437/9442 7471/9476 7472/9424 7438/9341
f 7425/9443 7451/9477 7471/9478 7437/9444
f 7805/9445 7439/9329 7473/9426 7806/9479
f 7835/9447 7431/9446 7457/9480 7836/9481
f 7429/9321 7442/9440 7476/9474 7455/9432
f 7524/9176 7505/9482 7479/9453 7498/9456
f 7525/9075 7499/9454 7478/9455 7504/9483
f 7504/9484 7478/9452 7479/9453 7505/9482
f 7526/9201 7500/9450 7480/9451 7506/9485
f 7506/9486 7480/9448 7481/9449 7507/9066
f 7468/9458 7470/9457 7496/9487 7494/9488
f 7456/9460 7469/9459 7495/9489 7482/9490
f 7466/9461 7468/9458 7494/9488 7492/9491
f 7469/9459 7467/9462 7493/9492 7495/9489
f 7464/9463 7466/9461 7492/9491 7490/9493
f 7467/9462 7465/9464 7491/9494 7493/9492
f 7462/9465 7464/9463 7490/9493 7488/9495
f 7465/9464 7463/9466 7489/9496 7491/9494
f 7460/9467 7462/9465 7488/9495 7486/9497
f 7463/9466 7461/9468 7487/9498 7489/9496
f 7859/9469 7460/9467 7486/9497 7861/9499
f 7461/9468 7459/9470 7485/9500 7487/9498
f 7860/9472 7458/9471 7484/9501 7862/9502
f 7470/9457 7474/9429 7500/9450 7496/9487
f 7475/9473 7501/9503 7502/9504 7476/9474
f 7456/9460 7482/9490 7501/9505 7475/9475
f 7471/9476 7497/9506 7498/9456 7472/9424
f 7451/9477 7477/9507 7497/9508 7471/9478
f 7806/9479 7473/9426 7499/9454 7807/9509
f 7836/9481 7457/9480 7483/9510 7837/9511
f 7455/9432 7476/9474 7502/9504 7481/9449
f 7298/9135 7506/9486 7507/9066 7296/9069
f 7295/9129 7526/9201 7506/9485 7298/9130
f 7279/9106 7504/9484 7505/9482 7276/9103
f 7275/9076 7525/9075 7504/9483 7279/9100
f 7269/9093 7276/9103 7505/9482 7524/9176
f 7494/9488 7496/9487 7522/9200 7520/9406
f 7482/9490 7495/9489 7521/9397 7508/9191
f 7492/9491 7494/9488 7520/9406 7518/9386
f 7495/9489 7493/9492 7519/9380 7521/9397
f 7490/9493 7492/9491 7518/9386 7516/9364
f 7493/9492 7491/9494 7517/9356 7519/9380
f 7488/9495 7490/9493 7516/9364 7514/9282
f 7491/9494 7489/9496 7515/9280 7517/9356
f 7486/9497 7488/9495 7514/9282 7512/9257
f 7489/9496 7487/9498 7513/9240 7515/9280
f 7861/9499 7486/9497 7512/9257 7863/9256
f 7487/9498 7485/9500 7511/9241 7513/9240
f 7862/9502 7484/9501 7510/9234 7864/9233
f 7496/9487 7500/9450 7526/9201 7522/9200
f 7501/9503 7527/9193 7528/9067 7502/9504
f 7482/9490 7508/9191 7527/9192 7501/9505
f 7497/9506 7523/9175 7524/9176 7498/9456
f 7477/9507 7503/9173 7523/9174 7497/9508
f 7807/9509 7499/9454 7525/9075 7808/9074
f 7837/9511 7483/9510 7509/9071 7838/9070
f 7481/9449 7502/9504 7528/9067 7507/9066
f 7578/9512 7580/9513 7554/9306 7552/9404
f 7566/9514 7579/9515 7553/9394 7540/9314
f 7576/9516 7578/9512 7552/9404 7550/9384
f 7579/9515 7577/9517 7551/9382 7553/9394
f 7573/9518 7576/9516 7550/9384 7547/9350
f 7577/9517 7575/9519 7549/9352 7551/9382
f 7575/9519 7574/9520 7548/9294 7549/9352
f 7572/9521 7573/9518 7547/9350 7546/9291
f 7565/9522 7560/9523 7534/9313 7539/9349
f 7840/9524 7567/9525 7541/9346 7839/9345
f 7810/9526 7557/9527 7531/9343 7809/9342
f 7561/9528 7535/9337 7529/9340 7555/9529
f 7555/9530 7529/9333 7530/9336 7556/9531
f 7566/9514 7540/9314 7533/9317 7559/9532
f 7559/9533 7533/9310 7534/9313 7560/9523
f 7580/9513 7558/9534 7532/9307 7554/9306
f 7868/9535 7568/9536 7542/9303 7865/9302
f 7571/9537 7569/9538 7543/9300 7545/9295
f 7867/9539 7570/9540 7544/9290 7866/9298
f 7574/9520 7571/9537 7545/9295 7548/9294
f 7570/9540 7572/9521 7546/9291 7544/9290
f 7358/9319 7538/9541 7539/9349 7359/9320
f 7357/9308 7532/9307 7538/9542 7358/9323
f 7355/9326 7536/9543 7537/9544 7356/9327
f 7354/9330 7531/9343 7536/9545 7355/9331
f 7353/9335 7356/9327 7537/9544 7530/9336
f 7596/9546 7598/9547 7572/9521 7570/9540
f 7600/9548 7597/9549 7571/9537 7574/9520
f 7870/9550 7596/9546 7570/9540 7867/9539
f 7597/9549 7595/9551 7569/9538 7571/9537
f 7869/9552 7594/9553 7568/9536 7868/9535
f 7606/9554 7584/9555 7558/9534 7580/9513
f 7585/9556 7559/9533 7560/9523 7586/9557
f 7592/9558 7566/9514 7559/9532 7585/9559
f 7581/9560 7555/9530 7556/9531 7582/9561
f 7587/9562 7561/9528 7555/9529 7581/9563
f 7811/9564 7583/9565 7557/9527 7810/9526
f 7841/9566 7593/9567 7567/9525 7840/9524
f 7591/9568 7586/9557 7560/9523 7565/9522
f 7598/9547 7599/9569 7573/9518 7572/9521
f 7601/9570 7600/9548 7574/9520 7575/9519
f 7603/9571 7601/9570 7575/9519 7577/9517
f 7599/9569 7602/9572 7576/9516 7573/9518
f 7605/9573 7603/9571 7577/9517 7579/9515
f 7602/9572 7604/9574 7578/9512 7576/9516
f 7592/9558 7605/9573 7579/9515 7566/9514
f 7604/9574 7606/9554 7580/9513 7578/9512
f 7538/9541 7564/9575 7565/9522 7539/9349
f 7532/9307 7558/9534 7564/9576 7538/9542
f 7536/9543 7562/9577 7563/9578 7537/9544
f 7531/9343 7557/9527 7562/9579 7536/9545
f 7530/9336 7537/9544 7563/9578 7556/9531
f 7630/9580 7632/9581 7606/9554 7604/9574
f 7618/9582 7631/9583 7605/9573 7592/9558
f 7628/9584 7630/9580 7604/9574 7602/9572
f 7631/9583 7629/9585 7603/9571 7605/9573
f 7625/9586 7628/9584 7602/9572 7599/9569
f 7629/9585 7627/9587 7601/9570 7603/9571
f 7627/9587 7626/9588 7600/9548 7601/9570
f 7624/9589 7625/9586 7599/9569 7598/9547
f 7617/9190 7612/9590 7586/9557 7591/9568
f 7842/9591 7619/9592 7593/9567 7841/9566
f 7812/9593 7609/9177 7583/9565 7811/9564
f 7613/9594 7587/9562 7581/9563 7607/9595
f 7607/9596 7581/9560 7582/9561 7608/9078
f 7618/9582 7592/9558 7585/9559 7611/9597
f 7611/9598 7585/9556 7586/9557 7612/9590
f 7632/9581 7610/9187 7584/9555 7606/9554
f 7872/9599 7620/9600 7594/9553 7869/9552
f 7623/9601 7621/9602 7595/9551 7597/9549
f 7871/9603 7622/9604 7596/9546 7870/9550
f 7626/9588 7623/9601 7597/9549 7600/9548
f 7622/9604 7624/9589 7598/9547 7596/9546
f 7564/9575 7590/9605 7591/9568 7565/9522
f 7558/9534 7584/9555 7590/9606 7564/9576
f 7562/9577 7588/9607 7589/9608 7563/9578
f 7557/9527 7583/9565 7588/9609 7562/9579
f 7556/9531 7563/9578 7589/9608 7582/9561
f 7330/9245 7348/9244 7624/9589 7622/9604
f 7371/9370 7341/9288 7623/9601 7626/9588
f 7846/9228 7330/9245 7622/9604 7871/9603
f 7341/9288 7335/9269 7621/9602 7623/9601
f 7851/9268 7263/9221 7620/9600 7872/9599
f 7421/9399 7309/9151 7610/9187 7632/9581
f 7319/9169 7611/9598 7612/9590 7317/9166
f 7316/9162 7618/9582 7611/9597 7319/9163
f 7284/9113 7607/9596 7608/9078 7282/9081
f 7281/9107 7613/9594 7607/9595 7284/9108
f 7801/9610 7288/9118 7609/9177 7812/9593
f 7828/9611 7266/9229 7619/9592 7842/9591
f 7311/9158 7317/9166 7612/9590 7617/9190
f 7348/9244 7378/9278 7625/9586 7624/9589
f 7385/9392 7371/9370 7626/9588 7627/9587
f 7399/9412 7385/9392 7627/9587 7629/9585
f 7378/9278 7393/9358 7628/9584 7625/9586
f 7413/9184 7399/9412 7629/9585 7631/9583
f 7393/9358 7407/9378 7630/9580 7628/9584
f 7316/9162 7413/9184 7631/9583 7618/9582
f 7407/9378 7421/9399 7632/9581 7630/9580
f 7590/9605 7616/9189 7617/9190 7591/9568
f 7584/9555 7610/9187 7616/9188 7590/9606
f 7588/9607 7614/9179 7615/9079 7589/9608
f 7583/9565 7609/9177 7614/9178 7588/9609
f 7582/9561 7589/9608 7615/9079 7608/9078
f 7663/9612 7639/9613 7662/9614 7677/9615
f 7816/9220 7636/9616 7661/9617 7827/9618
f 7827/9618 7661/9617 7660/9619 7826/9620
f 7677/9615 7662/9614 7659/9621 7676/9622
f 7676/9622 7659/9621 7658/9623 7675/9624
f 7826/9620 7660/9619 7657/9625 7825/9626
f 7825/9626 7657/9625 7656/9627 7824/9628
f 7675/9624 7658/9623 7655/9629 7674/9630
f 7672/9631 7652/9632 7654/9633 7673/9634
f 7822/9635 7651/9636 7653/9637 7823/9638
f 7671/9639 7650/9640 7652/9632 7672/9631
f 7821/9641 7649/9642 7651/9636 7822/9635
f 7670/9643 7648/9644 7650/9640 7671/9639
f 7820/9645 7647/9646 7649/9642 7821/9641
f 7669/9647 7646/9648 7648/9644 7670/9643
f 7819/9649 7645/9650 7647/9646 7820/9645
f 7674/9630 7655/9629 7646/9648 7669/9647
f 7824/9628 7656/9627 7645/9650 7819/9649
f 7683/9651 7665/9652 7641/9653 7638/9654
f 7681/9655 7636/9616 7640/9656 7664/9657
f 7664/9658 7640/9659 7641/9653 7665/9652
f 7680/9660 7635/9661 7642/9662 7666/9663
f 7666/9664 7642/9665 7643/9666 7667/9667
f 7814/9668 7634/9669 7633/9670 7813/9671
f 7833/9672 7644/9673 7634/9674 7814/9675
f 7817/9676 7637/9677 7638/9654 7818/9232
f 7828/9611 7639/9613 7637/9678 7817/9679
f 7823/9638 7653/9637 7644/9673 7833/9672
f 7673/9634 7654/9633 7635/9661 7680/9660
f 7832/9213 7813/9671 7633/9670 7643/9666
f 7703/9680 7673/9634 7680/9660 7710/9681
f 7696/9682 7666/9664 7667/9667 7697/9683
f 7710/9681 7680/9660 7666/9663 7696/9684
f 7694/9685 7664/9658 7665/9652 7695/9686
f 7711/9687 7681/9655 7664/9657 7694/9688
f 7713/9689 7695/9686 7665/9652 7683/9651
f 7704/9690 7674/9630 7669/9647 7699/9691
f 7699/9691 7669/9647 7670/9643 7700/9692
f 7700/9692 7670/9643 7671/9639 7701/9693
f 7701/9693 7671/9639 7672/9631 7702/9694
f 7702/9694 7672/9631 7673/9634 7703/9680
f 7705/9695 7675/9624 7674/9630 7704/9690
f 7706/9696 7676/9622 7675/9624 7705/9695
f 7707/9697 7677/9615 7676/9622 7706/9696
f 7693/9698 7663/9612 7677/9615 7707/9697
f 7636/9616 7681/9655 7692/9699 7661/9617
f 7661/9617 7692/9699 7691/9700 7660/9619
f 7660/9619 7691/9700 7690/9701 7657/9625
f 7657/9625 7690/9701 7689/9702 7656/9627
f 7651/9636 7687/9703 7688/9704 7653/9637
f 7649/9642 7686/9705 7687/9703 7651/9636
f 7647/9646 7685/9706 7686/9705 7649/9642
f 7645/9650 7684/9707 7685/9706 7647/9646
f 7656/9627 7689/9702 7684/9707 7645/9650
f 7634/9669 7679/9708 7678/9709 7633/9670
f 7644/9673 7668/9710 7679/9711 7634/9674
f 7637/9677 7682/9712 7683/9651 7638/9654
f 7639/9613 7663/9612 7682/9713 7637/9678
f 7653/9637 7688/9704 7668/9710 7644/9673
f 7643/9666 7633/9670 7678/9709 7667/9667
f 7723/9714 7693/9698 7707/9697 7737/9715
f 7737/9715 7707/9697 7706/9696 7736/9716
f 7736/9716 7706/9696 7705/9695 7735/9717
f 7735/9717 7705/9695 7704/9690 7734/9718
f 7732/9719 7702/9694 7703/9680 7733/9720
f 7731/9721 7701/9693 7702/9694 7732/9719
f 7730/9722 7700/9692 7701/9693 7731/9721
f 7729/9723 7699/9691 7700/9692 7730/9722
f 7734/9718 7704/9690 7699/9691 7729/9723
f 7743/9724 7725/9725 7695/9686 7713/9689
f 7741/9726 7711/9687 7694/9688 7724/9727
f 7724/9728 7694/9685 7695/9686 7725/9725
f 7740/9729 7710/9681 7696/9684 7726/9730
f 7726/9731 7696/9682 7697/9683 7727/9732
f 7733/9720 7703/9680 7710/9681 7740/9729
f 7681/9655 7711/9687 7722/9733 7692/9699
f 7692/9699 7722/9733 7721/9734 7691/9700
f 7691/9700 7721/9734 7720/9735 7690/9701
f 7690/9701 7720/9735 7719/9736 7689/9702
f 7687/9703 7717/9737 7718/9738 7688/9704
f 7686/9705 7716/9739 7717/9737 7687/9703
f 7685/9706 7715/9740 7716/9739 7686/9705
f 7684/9707 7714/9741 7715/9740 7685/9706
f 7689/9702 7719/9736 7714/9741 7684/9707
f 7679/9708 7709/9742 7708/9743 7678/9709
f 7668/9710 7698/9744 7709/9745 7679/9711
f 7682/9712 7712/9746 7713/9689 7683/9651
f 7663/9612 7693/9698 7712/9747 7682/9713
f 7688/9704 7718/9738 7698/9744 7668/9710
f 7667/9667 7678/9709 7708/9743 7697/9683
f 7763/9748 7733/9720 7740/9729 7770/9749
f 7756/9750 7726/9731 7727/9732 7757/9751
f 7770/9749 7740/9729 7726/9730 7756/9752
f 7754/9753 7724/9728 7725/9725 7755/9754
f 7771/9755 7741/9726 7724/9727 7754/9756
f 7773/9757 7755/9754 7725/9725 7743/9724
f 7764/9758 7734/9718 7729/9723 7759/9759
f 7759/9759 7729/9723 7730/9722 7760/9760
f 7760/9760 7730/9722 7731/9721 7761/9761
f 7761/9761 7731/9721 7732/9719 7762/9762
f 7762/9762 7732/9719 7733/9720 7763/9748
f 7765/9763 7735/9717 7734/9718 7764/9758
f 7766/9764 7736/9716 7735/9717 7765/9763
f 7767/9765 7737/9715 7736/9716 7766/9764
f 7753/9766 7723/9714 7737/9715 7767/9765
f 7711/9687 7741/9726 7752/9767 7722/9733
f 7722/9733 7752/9767 7751/9768 7721/9734
f 7721/9734 7751/9768 7750/9769 7720/9735
f 7720/9735 7750/9769 7749/9770 7719/9736
f 7717/9737 7747/9771 7748/9772 7718/9738
f 7716/9739 7746/9773 7747/9771 7717/9737
f 7715/9740 7745/9774 7746/9773 7716/9739
f 7714/9741 7744/9775 7745/9774 7715/9740
f 7719/9736 7749/9770 7744/9775 7714/9741
f 7709/9742 7739/9776 7738/9777 7708/9743
f 7698/9744 7728/9778 7739/9779 7709/9745
f 7712/9746 7742/9780 7743/9724 7713/9689
f 7693/9698 7723/9714 7742/9781 7712/9747
f 7718/9738 7748/9772 7728/9778 7698/9744
f 7697/9683 7708/9743 7738/9777 7727/9732
f 7783/9180 7753/9766 7767/9765 7797/9782
f 7797/9782 7767/9765 7766/9764 7796/9783
f 7796/9783 7766/9764 7765/9763 7795/9784
f 7795/9784 7765/9763 7764/9758 7794/9785
f 7792/9786 7762/9762 7763/9748 7793/9787
f 7791/9788 7761/9761 7762/9762 7792/9786
f 7790/9789 7760/9760 7761/9761 7791/9788
f 7789/9790 7759/9759 7760/9760 7790/9789
f 7794/9785 7764/9758 7759/9759 7789/9790
f 7803/9183 7785/9791 7755/9754 7773/9757
f 7801/9610 7771/9755 7754/9756 7784/9792
f 7784/9793 7754/9753 7755/9754 7785/9791
f 7800/9794 7770/9749 7756/9752 7786/9795
f 7786/9796 7756/9750 7757/9751 7787/9062
f 7793/9787 7763/9748 7770/9749 7800/9794
f 7741/9726 7771/9755 7782/9797 7752/9767
f 7752/9767 7782/9797 7781/9798 7751/9768
f 7751/9768 7781/9798 7780/9799 7750/9769
f 7750/9769 7780/9799 7779/9800 7749/9770
f 7747/9771 7777/9801 7778/9802 7748/9772
f 7746/9773 7776/9803 7777/9801 7747/9771
f 7745/9774 7775/9804 7776/9803 7746/9773
f 7744/9775 7774/9805 7775/9804 7745/9774
f 7749/9770 7779/9800 7774/9805 7744/9775
f 7739/9776 7769/9806 7768/9807 7738/9777
f 7728/9778 7758/9808 7769/9809 7739/9779
f 7742/9780 7772/9810 7773/9757 7743/9724
f 7723/9714 7753/9766 7772/9811 7742/9781
f 7748/9772 7778/9802 7758/9808 7728/9778
f 7727/9732 7738/9777 7768/9807 7757/9751
f 7503/9173 7793/9787 7800/9794 7267/9086
f 7270/9092 7786/9796 7787/9062 7268/9065
f 7267/9086 7800/9794 7786/9795 7270/9087
f 7291/9125 7784/9793 7785/9791 7289/9122
f 7288/9118 7801/9610 7784/9792 7291/9119
f 7283/9114 7289/9122 7785/9791 7803/9183
f 7535/9337 7794/9785 7789/9790 7351/9338
f 7351/9338 7789/9790 7790/9789 7425/9443
f 7425/9443 7790/9789 7791/9788 7451/9477
f 7451/9477 7791/9788 7792/9786 7477/9507
f 7477/9507 7792/9786 7793/9787 7503/9173
f 7561/9528 7795/9784 7794/9785 7535/9337
f 7587/9562 7796/9783 7795/9784 7561/9528
f 7613/9594 7797/9782 7796/9783 7587/9562
f 7281/9107 7783/9180 7797/9782 7613/9594
f 7771/9755 7801/9610 7812/9593 7782/9797
f 7782/9797 7812/9593 7811/9564 7781/9798
f 7781/9798 7811/9564 7810/9526 7780/9799
f 7780/9799 7810/9526 7809/9342 7779/9800
f 7777/9801 7807/9509 7808/9074 7778/9802
f 7776/9803 7806/9479 7807/9509 7777/9801
f 7775/9804 7805/9445 7806/9479 7776/9803
f 7774/9805 7804/9344 7805/9445 7775/9804
f 7779/9800 7809/9342 7804/9344 7774/9805
f 7769/9806 7799/9199 7798/9063 7768/9807
f 7758/9808 7788/9077 7799/9198 7769/9809
f 7772/9810 7802/9182 7803/9183 7773/9757
f 7753/9766 7783/9180 7802/9181 7772/9811
f 7778/9802 7808/9074 7788/9077 7758/9808
f 7757/9751 7768/9807 7798/9063 7787/9062
f 7323/9212 7326/9204 7813/9671 7832/9213
f 7510/9234 7823/9638 7833/9672 7324/9207
f 7266/9229 7828/9611 7817/9679 7265/9230
f 7265/9225 7817/9676 7818/9232 7264/9226
f 7324/9207 7833/9672 7814/9675 7325/9208
f 7325/9203 7814/9668 7813/9671 7326/9204
f 7542/9303 7824/9628 7819/9649 7364/9304
f 7364/9304 7819/9649 7820/9645 7432/9437
f 7432/9437 7820/9645 7821/9641 7458/9471
f 7458/9471 7821/9641 7822/9635 7484/9501
f 7484/9501 7822/9635 7823/9638 7510/9234
f 7568/9536 7825/9626 7824/9628 7542/9303
f 7594/9553 7826/9620 7825/9626 7568/9536
f 7620/9600 7827/9618 7826/9620 7594/9553
f 7263/9221 7816/9220 7827/9618 7620/9600
f 7639/9613 7828/9611 7842/9591 7662/9614
f 7662/9614 7842/9591 7841/9566 7659/9621
f 7659/9621 7841/9566 7840/9524 7658/9623
f 7658/9623 7840/9524 7839/9345 7655/9629
f 7652/9632 7837/9511 7838/9070 7654/9633
f 7650/9640 7836/9481 7837/9511 7652/9632
f 7648/9644 7835/9447 7836/9481 7650/9640
f 7646/9648 7834/9348 7835/9447 7648/9644
f 7655/9629 7839/9345 7834/9348 7646/9648
f 7638/9654 7641/9653 7830/9219 7818/9232
f 7636/9616 7816/9220 7829/9223 7640/9656
f 7640/9659 7829/9216 7830/9219 7641/9653
f 7635/9661 7815/9073 7831/9215 7642/9662
f 7642/9665 7831/9210 7832/9213 7643/9666
f 7654/9633 7838/9070 7815/9073 7635/9661
f 7335/9269 7851/9268 7872/9599 7621/9602
f 7266/9229 7846/9228 7871/9603 7619/9592
f 7619/9592 7871/9603 7870/9550 7593/9567
f 7621/9602 7872/9599 7869/9552 7595/9551
f 7595/9551 7869/9552 7868/9535 7569/9538
f 7593/9567 7870/9550 7867/9539 7567/9525
f 7567/9525 7867/9539 7866/9298 7541/9346
f 7569/9538 7868/9535 7865/9302 7543/9300
f 7485/9500 7862/9502 7864/9233 7511/9241
f 7483/9510 7861/9499 7863/9256 7509/9071
f 7459/9470 7860/9472 7862/9502 7485/9500
f 7457/9480 7859/9469 7861/9499 7483/9510
f 7433/9436 7858/9438 7860/9472 7459/9470
f 7431/9446 7857/9435 7859/9469 7457/9480
f 7365/9301 7856/9305 7858/9438 7433/9436
f 7363/9347 7855/9299 7857/9435 7431/9446
f 7543/9300 7865/9302 7856/9305 7365/9301
f 7541/9346 7866/9298 7855/9299 7363/9347
f 7264/9226 7261/9218 7844/9267 7850/9227
f 7263/9221 7851/9268 7845/9271 7262/9222
f 7262/9217 7845/9264 7844/9267 7261/9218
f 7260/9072 7852/9259 7848/9263 7259/9214
f 7259/9211 7848/9260 7843/9235 7323/9212
f 7509/9071 7863/9256 7852/9259 7260/9072
f 7327/9239 7338/9238 7854/9205 7843/9235
f 7511/9241 7864/9233 7847/9206 7331/9242
f 7330/9245 7846/9228 7849/9231 7333/9246
f 7333/9249 7849/9224 7850/9227 7334/9250
f 7331/9242 7847/9206 7853/9209 7337/9252
f 7337/9255 7853/9202 7854/9205 7338/9238
f 7982/9812 7986/9813 7896/9814 7887/9815
f 8090/9816 8092/9817 7894/9818 7978/9819
f 8168/9820 8173/9821 7882/9822 7874/9823
f 8175/9824 7916/9825 7902/9826 8172/9827
f 8086/9828 8096/9829 7909/9830 7958/9831
f 7873/9832 7876/9833 7877/9834 7879/9835
f 7874/9823 7878/9836 7877/9837 7876/9838
f 7875/9839 7879/9840 7877/9841 7878/9842
f 7880/9843 7883/9844 7884/9845 7886/9846
f 7881/9847 7885/9848 7884/9849 7883/9850
f 7882/9822 7886/9851 7884/9852 7885/9853
f 7887/9815 7890/9854 7891/9855 7893/9856
f 7888/9857 7892/9858 7891/9859 7890/9860
f 7889/9861 7893/9862 7891/9863 7892/9864
f 7894/9818 7897/9865 7898/9866 7900/9867
f 7895/9868 7899/9869 7898/9870 7897/9871
f 7896/9814 7900/9872 7898/9873 7899/9874
f 7901/9875 7904/9876 7905/9877 7907/9878
f 7902/9826 7906/9879 7905/9880 7904/9881
f 7903/9882 7907/9883 7905/9884 7906/9885
f 7908/9886 7911/9887 7912/9888 7914/9889
f 7909/9830 7913/9890 7912/9891 7911/9892
f 7910/9893 7914/9894 7912/9895 7913/9896
f 7915/9897 7918/9898 7919/9899 7921/9900
f 7916/9825 7920/9901 7919/9902 7918/9903
f 7917/9904 7921/9905 7919/9906 7920/9907
f 7922/9908 7925/9909 7926/9910 7928/9911
f 7923/9912 7927/9913 7926/9914 7925/9915
f 7924/9916 7928/9917 7926/9918 7927/9919
f 7977/9920 7873/9832 7879/9835 7983/9921
f 7983/9922 7879/9840 7875/9839 7984/9923
f 7978/9819 7894/9818 7900/9867 7985/9924
f 7985/9925 7900/9872 7896/9814 7986/9813
f 7895/9868 7888/9857 7890/9860 7899/9869
f 7899/9874 7890/9854 7887/9815 7896/9814
f 8077/9926 7895/9868 7897/9871 8091/9927
f 8091/9928 7897/9865 7894/9818 8092/9817
f 7881/9847 7875/9839 7878/9842 7885/9848
f 7885/9853 7878/9836 7874/9823 7882/9822
f 8078/9929 7889/9861 7892/9864 8093/9930
f 8093/9931 7892/9858 7888/9857 8094/9932
f 7957/9933 7901/9875 7907/9878 7961/9934
f 7961/9935 7907/9883 7903/9882 7962/9936
f 7958/9831 7909/9830 7911/9892 7963/9937
f 7963/9938 7911/9887 7908/9886 7964/9939
f 8079/9940 7910/9893 7913/9896 8095/9941
f 8095/9942 7913/9890 7909/9830 8096/9829
f 7923/9912 7908/9886 7914/9889 7927/9913
f 7927/9919 7914/9894 7910/9893 7924/9916
f 7902/9826 7916/9825 7918/9903 7906/9879
f 7906/9885 7918/9898 7915/9897 7903/9882
f 8080/9943 7922/9908 7928/9911 8097/9944
f 8097/9945 7928/9917 7924/9916 8098/9946
f 7954/9947 7962/9936 7903/9882 7915/9897
f 7972/9948 7968/9949 7937/9950 7931/9951
f 7969/9952 7939/9953 7940/9954 7970/9955
f 7976/9956 7938/9957 7939/9958 7969/9959
f 7967/9960 7936/9961 7937/9950 7968/9949
f 7975/9962 7935/9963 7936/9964 7967/9965
f 7943/9966 7933/9967 7934/9968 7944/9969
f 7948/9970 7932/9971 7933/9972 7943/9973
f 7941/9974 7930/9975 7931/9951 7942/9976
f 7947/9977 7929/9978 7930/9979 7941/9980
f 8087/9981 8081/9982 7938/9957 7976/9956
f 8083/9983 8082/9984 7932/9971 7948/9970
f 7952/9985 7944/9969 7934/9968 7940/9954
f 7964/9939 7956/9986 7944/9969 7952/9985
f 8085/9987 8083/9983 7948/9970 7960/9988
f 7959/9989 7947/9977 7941/9980 7953/9990
f 7953/9991 7941/9974 7942/9976 7954/9947
f 7960/9988 7948/9970 7943/9973 7955/9992
f 7955/9993 7943/9966 7944/9969 7956/9986
f 7931/9951 7937/9950 7950/9994 7942/9976
f 7939/9953 7951/9995 7952/9985 7940/9954
f 7938/9957 7946/9996 7951/9997 7939/9958
f 7936/9961 7949/9998 7950/9994 7937/9950
f 7935/9963 7945/9999 7949/10000 7936/9964
f 8081/9982 8084/10001 7946/9996 7938/9957
f 7925/9915 7955/9993 7956/9986 7923/9912
f 7922/9908 7960/9988 7955/9992 7925/9909
f 7921/9900 7953/9991 7954/9947 7915/9897
f 7917/9904 7959/9989 7953/9990 7921/9905
f 8080/9943 8085/9987 7960/9988 7922/9908
f 7908/9886 7923/9912 7956/9986 7964/9939
f 7942/9976 7950/9994 7962/9936 7954/9947
f 7951/9995 7963/9938 7964/9939 7952/9985
f 7946/9996 7958/9831 7963/9937 7951/9997
f 7949/9998 7961/9935 7962/9936 7950/9994
f 7945/9999 7957/9933 7961/9934 7949/10000
f 8084/10001 8086/9828 7958/9831 7946/9996
f 8089/10002 8087/9981 7976/9956 7988/10003
f 7987/10004 7975/9962 7967/9965 7979/10005
f 7979/10006 7967/9960 7968/9949 7980/10007
f 7988/10003 7976/9956 7969/9959 7981/10008
f 7981/10009 7969/9952 7970/9955 7982/9812
f 7984/9923 7980/10007 7968/9949 7972/9948
f 7933/9967 7973/10010 7974/10011 7934/9968
f 7932/9971 7966/10012 7973/10013 7933/9972
f 7930/9975 7971/10014 7972/9948 7931/9951
f 7929/9978 7965/10015 7971/10016 7930/9979
f 8082/9984 8088/10017 7966/10012 7932/9971
f 7940/9954 7934/9968 7974/10011 7970/9955
f 7875/9839 7881/9847 7980/10007 7984/9923
f 7893/9856 7981/10009 7982/9812 7887/9815
f 7889/9861 7988/10003 7981/10008 7893/9862
f 7883/9850 7979/10006 7980/10007 7881/9847
f 7880/9843 7987/10004 7979/10005 7883/9844
f 8078/9929 8089/10002 7988/10003 7889/9861
f 7973/10010 7985/9925 7986/9813 7974/10011
f 7966/10012 7978/9819 7985/9924 7973/10013
f 7971/10014 7983/9922 7984/9923 7972/9948
f 7965/10015 7977/9920 7983/9921 7971/10016
f 8088/10017 8090/9816 7978/9819 7966/10012
f 7970/9955 7974/10011 7986/9813 7982/9812
f 8118/10018 8120/10019 8010/10020 8008/10021
f 8108/10022 8119/10023 8009/10024 7992/10025
f 8112/10026 8118/10018 8008/10021 8002/10027
f 8119/10023 8117/10028 8007/10029 8009/10024
f 8114/10030 8116/10031 8006/10032 8004/10033
f 8110/10034 8115/10035 8005/10036 7998/10037
f 8111/10038 8114/10030 8004/10033 8001/10039
f 8115/10035 8113/10040 8003/10041 8005/10036
f 8113/10040 8112/10026 8002/10027 8003/10041
f 8117/10028 8111/10038 8001/10039 8007/10029
f 8105/10042 7999/10043 8000/10044 8106/10045
f 8110/10034 7998/10037 7999/10046 8105/10047
f 8103/10048 7996/10049 7997/10050 8104/10051
f 8109/10052 7995/10053 7996/10054 8103/10055
f 8101/10056 7993/10057 7994/10058 8102/10059
f 8108/10022 7992/10025 7993/10060 8101/10061
f 8099/10062 7990/10063 7991/10064 8100/10065
f 8107/10066 7989/10067 7990/10068 8099/10069
f 8116/10031 8104/10051 7997/10050 8006/10032
f 8013/10070 7995/10053 8000/10044 8032/10071
f 8028/10072 8011/10073 7989/10067 7994/10058
f 8120/10019 8100/10065 7991/10064 8010/10020
f 8050/10074 8033/10075 8011/10073 8028/10072
f 8035/10076 8013/10070 8032/10071 8054/10077
f 8008/10021 8010/10020 8024/10078 8022/10079
f 7992/10025 8009/10024 8023/10080 8012/10081
f 8002/10027 8008/10021 8022/10079 8016/10082
f 8009/10024 8007/10029 8021/10083 8023/10080
f 8004/10033 8006/10032 8020/10084 8018/10085
f 7998/10037 8005/10036 8019/10086 8014/10087
f 8001/10039 8004/10033 8018/10085 8015/10088
f 8005/10036 8003/10041 8017/10089 8019/10086
f 8003/10041 8002/10027 8016/10082 8017/10089
f 8007/10029 8001/10039 8015/10088 8021/10083
f 7999/10043 8031/10090 8032/10071 8000/10044
f 7998/10037 8014/10087 8031/10091 7999/10046
f 7996/10049 8029/10092 8030/10093 7997/10050
f 7995/10053 8013/10070 8029/10094 7996/10054
f 7993/10057 8027/10095 8028/10072 7994/10058
f 7992/10025 8012/10081 8027/10096 7993/10060
f 7990/10063 8025/10097 8026/10098 7991/10064
f 7989/10067 8011/10073 8025/10099 7990/10068
f 8006/10032 7997/10050 8030/10093 8020/10084
f 8010/10020 7991/10064 8026/10098 8024/10078
f 8057/10100 8035/10076 8054/10077 8076/10101
f 8072/10102 8055/10103 8033/10075 8050/10074
f 8022/10079 8024/10078 8046/10104 8044/10105
f 8012/10081 8023/10080 8045/10106 8034/10107
f 8016/10082 8022/10079 8044/10105 8038/10108
f 8023/10080 8021/10083 8043/10109 8045/10106
f 8018/10085 8020/10084 8042/10110 8040/10111
f 8014/10087 8019/10086 8041/10112 8036/10113
f 8015/10088 8018/10085 8040/10111 8037/10114
f 8019/10086 8017/10089 8039/10115 8041/10112
f 8017/10089 8016/10082 8038/10108 8039/10115
f 8021/10083 8015/10088 8037/10114 8043/10109
f 8031/10090 8053/10116 8054/10077 8032/10071
f 8014/10087 8036/10113 8053/10117 8031/10091
f 8029/10092 8051/10118 8052/10119 8030/10093
f 8013/10070 8035/10076 8051/10120 8029/10094
f 8027/10095 8049/10121 8050/10074 8028/10072
f 8012/10081 8034/10107 8049/10122 8027/10096
f 8025/10097 8047/10123 8048/10124 8026/10098
f 8011/10073 8033/10075 8047/10125 8025/10099
f 8020/10084 8030/10093 8052/10119 8042/10110
f 8024/10078 8026/10098 8048/10124 8046/10104
f 8094/9932 8077/9926 8055/10103 8072/10102
f 8079/9940 8057/10100 8076/10101 8098/9946
f 8044/10105 8046/10104 8068/10126 8066/10127
f 8034/10107 8045/10106 8067/10128 8056/10129
f 8038/10108 8044/10105 8066/10127 8060/10130
f 8045/10106 8043/10109 8065/10131 8067/10128
f 8040/10111 8042/10110 8064/10132 8062/10133
f 8036/10113 8041/10112 8063/10134 8058/10135
f 8037/10114 8040/10111 8062/10133 8059/10136
f 8041/10112 8039/10115 8061/10137 8063/10134
f 8039/10115 8038/10108 8060/10130 8061/10137
f 8043/10109 8037/10114 8059/10136 8065/10131
f 8053/10116 8075/10138 8076/10101 8054/10077
f 8036/10113 8058/10135 8075/10139 8053/10117
f 8051/10118 8073/10140 8074/10141 8052/10119
f 8035/10076 8057/10100 8073/10142 8051/10120
f 8049/10121 8071/10143 8072/10102 8050/10074
f 8034/10107 8056/10129 8071/10144 8049/10122
f 8047/10123 8069/10145 8070/10146 8048/10124
f 8033/10075 8055/10103 8069/10147 8047/10125
f 8042/10110 8052/10119 8074/10141 8064/10132
f 8046/10104 8048/10124 8070/10146 8068/10126
f 7910/9893 8079/9940 8098/9946 7924/9916
f 7888/9857 7895/9868 8077/9926 8094/9932
f 8066/10127 8068/10126 8090/9816 8088/10017
f 8056/10129 8067/10128 8089/10002 8078/9929
f 8060/10130 8066/10127 8088/10017 8082/9984
f 8067/10128 8065/10131 8087/9981 8089/10002
f 8062/10133 8064/10132 8086/9828 8084/10001
f 8058/10135 8063/10134 8085/9987 8080/9943
f 8059/10136 8062/10133 8084/10001 8081/9982
f 8063/10134 8061/10137 8083/9983 8085/9987
f 8061/10137 8060/10130 8082/9984 8083/9983
f 8065/10131 8059/10136 8081/9982 8087/9981
f 8075/10138 8097/9945 8098/9946 8076/10101
f 8058/10135 8080/9943 8097/9944 8075/10139
f 8073/10140 8095/9942 8096/9829 8074/10141
f 8057/10100 8079/9940 8095/9941 8073/10142
f 8071/10143 8093/9931 8094/9932 8072/10102
f 8056/10129 8078/9929 8093/9930 8071/10144
f 8069/10145 8091/9928 8092/9817 8070/10146
f 8055/10103 8077/9926 8091/9927 8069/10147
f 8064/10132 8074/10141 8096/9829 8086/9828
f 8068/10126 8070/10146 8092/9817 8090/9816
f 8142/10148 8122/10149 8100/10065 8120/10019
f 8138/10150 8126/10151 8104/10051 8116/10031
f 8129/10152 8107/10066 8099/10069 8121/10153
f 8121/10154 8099/10062 8100/10065 8122/10149
f 8130/10155 8108/10022 8101/10061 8123/10156
f 8123/10157 8101/10056 8102/10059 8124/10158
f 8131/10159 8109/10052 8103/10055 8125/10160
f 8125/10161 8103/10048 8104/10051 8126/10151
f 8132/10162 8110/10034 8105/10047 8127/10163
f 8127/10164 8105/10042 8106/10045 8128/10165
f 8139/10166 8133/10167 8111/10038 8117/10028
f 8135/10168 8134/10169 8112/10026 8113/10040
f 8137/10170 8135/10168 8113/10040 8115/10035
f 8133/10167 8136/10171 8114/10030 8111/10038
f 8132/10162 8137/10170 8115/10035 8110/10034
f 8136/10171 8138/10150 8116/10031 8114/10030
f 8141/10172 8139/10166 8117/10028 8119/10023
f 8134/10169 8140/10173 8118/10018 8112/10026
f 8130/10155 8141/10172 8119/10023 8108/10022
f 8140/10173 8142/10148 8120/10019 8118/10018
f 7995/10053 8109/10052 8106/10045 8000/10044
f 7994/10058 7989/10067 8107/10066 8102/10059
f 8162/10174 8164/10175 8142/10148 8140/10173
f 8152/10176 8163/10177 8141/10172 8130/10155
f 8156/10178 8162/10174 8140/10173 8134/10169
f 8163/10177 8161/10179 8139/10166 8141/10172
f 8158/10180 8160/10181 8138/10150 8136/10171
f 8154/10182 8159/10183 8137/10170 8132/10162
f 8155/10184 8158/10180 8136/10171 8133/10167
f 8159/10183 8157/10185 8135/10168 8137/10170
f 8157/10185 8156/10178 8134/10169 8135/10168
f 8161/10179 8155/10184 8133/10167 8139/10166
f 8149/10186 8127/10164 8128/10165 8150/10187
f 8154/10182 8132/10162 8127/10163 8149/10188
f 8147/10189 8125/10161 8126/10151 8148/10190
f 8153/10191 8131/10159 8125/10160 8147/10192
f 8145/10193 8123/10157 8124/10158 8146/10194
f 8152/10176 8130/10155 8123/10156 8145/10195
f 8143/10196 8121/10154 8122/10149 8144/10197
f 8151/10198 8129/10152 8121/10153 8143/10199
f 8160/10181 8148/10190 8126/10151 8138/10150
f 8164/10175 8144/10197 8122/10149 8142/10148
f 8109/10052 8131/10159 8128/10165 8106/10045
f 8102/10059 8107/10066 8129/10152 8124/10158
f 8186/10200 8166/10201 8144/10197 8164/10175
f 8182/10202 8170/10203 8148/10190 8160/10181
f 8173/9821 8151/10198 8143/10199 8165/10204
f 8165/10205 8143/10196 8144/10197 8166/10201
f 8174/10206 8152/10176 8145/10195 8167/10207
f 8167/10208 8145/10193 8146/10194 8168/9820
f 8175/9824 8153/10191 8147/10192 8169/10209
f 8169/10210 8147/10189 8148/10190 8170/10203
f 8176/10211 8154/10182 8149/10188 8171/10212
f 8171/10213 8149/10186 8150/10187 8172/9827
f 8183/10214 8177/10215 8155/10184 8161/10179
f 8179/10216 8178/10217 8156/10178 8157/10185
f 8181/10218 8179/10216 8157/10185 8159/10183
f 8177/10215 8180/10219 8158/10180 8155/10184
f 8176/10211 8181/10218 8159/10183 8154/10182
f 8180/10219 8182/10202 8160/10181 8158/10180
f 8185/10220 8183/10214 8161/10179 8163/10177
f 8178/10217 8184/10221 8162/10174 8156/10178
f 8174/10206 8185/10220 8163/10177 8152/10176
f 8184/10221 8186/10200 8164/10175 8162/10174
f 8131/10159 8153/10191 8150/10187 8128/10165
f 8124/10158 8129/10152 8151/10198 8146/10194
f 7975/9962 7987/10004 8186/10200 8184/10221
f 7873/9832 7977/9920 8185/10220 8174/10206
f 7935/9963 7975/9962 8184/10221 8178/10217
f 7977/9920 7965/10015 8183/10214 8185/10220
f 7947/9977 7959/9989 8182/10202 8180/10219
f 7901/9875 7957/9933 8181/10218 8176/10211
f 7929/9978 7947/9977 8180/10219 8177/10215
f 7957/9933 7945/9999 8179/10216 8181/10218
f 7945/9999 7935/9963 8178/10217 8179/10216
f 7965/10015 7929/9978 8177/10215 8183/10214
f 7904/9881 8171/10213 8172/9827 7902/9826
f 7901/9875 8176/10211 8171/10212 7904/9876
f 7920/9907 8169/10210 8170/10203 7917/9904
f 7916/9825 8175/9824 8169/10209 7920/9901
f 7876/9838 8167/10208 8168/9820 7874/9823
f 7873/9832 8174/10206 8167/10207 7876/9833
f 7886/9846 8165/10205 8166/10201 7880/9843
f 7882/9822 8173/9821 8165/10204 7886/9851
f 7959/9989 7917/9904 8170/10203 8182/10202
f 7987/10004 7880/9843 8166/10201 8186/10200
f 8153/10191 8175/9824 8172/9827 8150/10187
f 8146/10194 8151/10198 8173/9821 8168/9820
f 8296/10222 8300/10223 8210/10224 8201/10225
f 8268/10226 8276/10227 8217/10228 8229/10229
f 8404/10230 8406/10231 8208/10232 8292/10233
f 8482/10234 8487/10235 8196/10236 8188/10237
f 8400/10238 8410/10239 8223/10240 8272/10241
f 8489/10242 8230/10243 8216/10244 8486/10245
f 8187/10246 8190/10247 8191/10248 8193/10249
f 8188/10237 8192/10250 8191/10251 8190/10252
f 8189/10253 8193/10254 8191/10255 8192/10256
f 8194/10257 8197/10258 8198/10259 8200/10260
f 8195/10261 8199/10262 8198/10263 8197/10264
f 8196/10236 8200/10265 8198/10266 8199/10267
f 8201/10225 8204/10268 8205/10269 8207/10270
f 8202/10271 8206/10272 8205/10273 8204/10274
f 8203/10275 8207/10276 8205/10277 8206/10278
f 8208/10232 8211/10279 8212/10280 8214/10281
f 8209/10282 8213/10283 8212/10284 8211/10285
f 8210/10224 8214/10286 8212/10287 8213/10288
f 8215/10289 8218/10290 8219/10291 8221/10292
f 8216/10244 8220/10293 8219/10294 8218/10295
f 8217/10228 8221/10296 8219/10297 8220/10298
f 8222/10299 8225/10300 8226/10301 8228/10302
f 8223/10240 8227/10303 8226/10304 8225/10305
f 8224/10306 8228/10307 8226/10308 8227/10309
f 8229/10229 8232/10310 8233/10311 8235/10312
f 8230/10243 8234/10313 8233/10314 8232/10315
f 8231/10316 8235/10317 8233/10318 8234/10319
f 8236/10320 8239/10321 8240/10322 8242/10323
f 8237/10324 8241/10325 8240/10326 8239/10327
f 8238/10328 8242/10329 8240/10330 8241/10331
f 8291/10332 8187/10246 8193/10249 8297/10333
f 8297/10334 8193/10254 8189/10253 8298/10335
f 8292/10233 8208/10232 8214/10281 8299/10336
f 8299/10337 8214/10286 8210/10224 8300/10223
f 8209/10282 8202/10271 8204/10274 8213/10283
f 8213/10288 8204/10268 8201/10225 8210/10224
f 8391/10338 8209/10282 8211/10285 8405/10339
f 8405/10340 8211/10279 8208/10232 8406/10231
f 8195/10261 8189/10253 8192/10256 8199/10262
f 8199/10267 8192/10250 8188/10237 8196/10236
f 8392/10341 8203/10275 8206/10278 8407/10342
f 8407/10343 8206/10272 8202/10271 8408/10344
f 8271/10345 8215/10289 8221/10292 8275/10346
f 8275/10347 8221/10296 8217/10228 8276/10227
f 8272/10241 8223/10240 8225/10305 8277/10348
f 8277/10349 8225/10300 8222/10299 8278/10350
f 8393/10351 8224/10306 8227/10309 8409/10352
f 8409/10353 8227/10303 8223/10240 8410/10239
f 8237/10324 8222/10299 8228/10302 8241/10325
f 8241/10331 8228/10307 8224/10306 8238/10328
f 8216/10244 8230/10243 8232/10315 8220/10293
f 8220/10298 8232/10310 8229/10229 8217/10228
f 8394/10354 8236/10320 8242/10323 8411/10355
f 8411/10356 8242/10329 8238/10328 8412/10357
f 8283/10358 8253/10359 8254/10360 8284/10361
f 8290/10362 8252/10363 8253/10364 8283/10365
f 8281/10366 8250/10367 8251/10368 8282/10369
f 8289/10370 8249/10371 8250/10372 8281/10373
f 8257/10374 8247/10375 8248/10376 8258/10377
f 8262/10378 8246/10379 8247/10380 8257/10381
f 8255/10382 8244/10383 8245/10384 8256/10385
f 8261/10386 8243/10387 8244/10388 8255/10389
f 8401/10390 8395/10391 8252/10363 8290/10362
f 8397/10392 8396/10393 8246/10379 8262/10378
f 8286/10394 8282/10369 8251/10368 8245/10384
f 8266/10395 8258/10377 8248/10376 8254/10360
f 8278/10350 8270/10396 8258/10377 8266/10395
f 8399/10397 8397/10392 8262/10378 8274/10398
f 8273/10399 8261/10386 8255/10389 8267/10400
f 8267/10401 8255/10382 8256/10385 8268/10226
f 8274/10398 8262/10378 8257/10381 8269/10402
f 8269/10403 8257/10374 8258/10377 8270/10396
f 8253/10359 8265/10404 8266/10395 8254/10360
f 8252/10363 8260/10405 8265/10406 8253/10364
f 8250/10367 8263/10407 8264/10408 8251/10368
f 8249/10371 8259/10409 8263/10410 8250/10372
f 8395/10391 8398/10411 8260/10405 8252/10363
f 8245/10384 8251/10368 8264/10408 8256/10385
f 8239/10327 8269/10403 8270/10396 8237/10324
f 8236/10320 8274/10398 8269/10402 8239/10321
f 8235/10312 8267/10401 8268/10226 8229/10229
f 8231/10316 8273/10399 8267/10400 8235/10317
f 8394/10354 8399/10397 8274/10398 8236/10320
f 8222/10299 8237/10324 8270/10396 8278/10350
f 8265/10404 8277/10349 8278/10350 8266/10395
f 8260/10405 8272/10241 8277/10348 8265/10406
f 8263/10407 8275/10347 8276/10227 8264/10408
f 8259/10409 8271/10345 8275/10346 8263/10410
f 8398/10411 8400/10238 8272/10241 8260/10405
f 8256/10385 8264/10408 8276/10227 8268/10226
f 8298/10335 8294/10412 8282/10369 8286/10394
f 8403/10413 8401/10390 8290/10362 8302/10414
f 8301/10415 8289/10370 8281/10373 8293/10416
f 8293/10417 8281/10366 8282/10369 8294/10412
f 8302/10414 8290/10362 8283/10365 8295/10418
f 8295/10419 8283/10358 8284/10361 8296/10222
f 8247/10375 8287/10420 8288/10421 8248/10376
f 8246/10379 8280/10422 8287/10423 8247/10380
f 8244/10383 8285/10424 8286/10394 8245/10384
f 8243/10387 8279/10425 8285/10426 8244/10388
f 8396/10393 8402/10427 8280/10422 8246/10379
f 8254/10360 8248/10376 8288/10421 8284/10361
f 8207/10270 8295/10419 8296/10222 8201/10225
f 8203/10275 8302/10414 8295/10418 8207/10276
f 8197/10264 8293/10417 8294/10412 8195/10261
f 8194/10257 8301/10415 8293/10416 8197/10258
f 8392/10341 8403/10413 8302/10414 8203/10275
f 8189/10253 8195/10261 8294/10412 8298/10335
f 8287/10420 8299/10337 8300/10223 8288/10421
f 8280/10422 8292/10233 8299/10336 8287/10423
f 8285/10424 8297/10334 8298/10335 8286/10394
f 8279/10425 8291/10332 8297/10333 8285/10426
f 8402/10427 8404/10230 8292/10233 8280/10422
f 8284/10361 8288/10421 8300/10223 8296/10222
f 8432/10428 8434/10429 8324/10430 8322/10431
f 8422/10432 8433/10433 8323/10434 8306/10435
f 8426/10436 8432/10428 8322/10431 8316/10437
f 8433/10433 8431/10438 8321/10439 8323/10434
f 8428/10440 8430/10441 8320/10442 8318/10443
f 8424/10444 8429/10445 8319/10446 8312/10447
f 8425/10448 8428/10440 8318/10443 8315/10449
f 8429/10445 8427/10450 8317/10451 8319/10446
f 8427/10450 8426/10436 8316/10437 8317/10451
f 8431/10438 8425/10448 8315/10449 8321/10439
f 8419/10452 8313/10453 8314/10454 8420/10455
f 8424/10444 8312/10447 8313/10456 8419/10457
f 8417/10458 8310/10459 8311/10460 8418/10461
f 8423/10462 8309/10463 8310/10464 8417/10465
f 8415/10466 8307/10467 8308/10468 8416/10469
f 8422/10432 8306/10435 8307/10470 8415/10471
f 8413/10472 8304/10473 8305/10474 8414/10475
f 8421/10476 8303/10477 8304/10478 8413/10479
f 8327/10480 8309/10463 8314/10454 8346/10481
f 8430/10441 8418/10461 8311/10460 8320/10442
f 8342/10482 8325/10483 8303/10477 8308/10468
f 8434/10429 8414/10475 8305/10474 8324/10430
f 8364/10484 8347/10485 8325/10483 8342/10482
f 8349/10486 8327/10480 8346/10481 8368/10487
f 8322/10431 8324/10430 8338/10488 8336/10489
f 8306/10435 8323/10434 8337/10490 8326/10491
f 8316/10437 8322/10431 8336/10489 8330/10492
f 8323/10434 8321/10439 8335/10493 8337/10490
f 8318/10443 8320/10442 8334/10494 8332/10495
f 8312/10447 8319/10446 8333/10496 8328/10497
f 8315/10449 8318/10443 8332/10495 8329/10498
f 8319/10446 8317/10451 8331/10499 8333/10496
f 8317/10451 8316/10437 8330/10492 8331/10499
f 8321/10439 8315/10449 8329/10498 8335/10493
f 8313/10453 8345/10500 8346/10481 8314/10454
f 8312/10447 8328/10497 8345/10501 8313/10456
f 8310/10459 8343/10502 8344/10503 8311/10460
f 8309/10463 8327/10480 8343/10504 8310/10464
f 8307/10467 8341/10505 8342/10482 8308/10468
f 8306/10435 8326/10491 8341/10506 8307/10470
f 8304/10473 8339/10507 8340/10508 8305/10474
f 8303/10477 8325/10483 8339/10509 8304/10478
f 8320/10442 8311/10460 8344/10503 8334/10494
f 8324/10430 8305/10474 8340/10508 8338/10488
f 8371/10510 8349/10486 8368/10487 8390/10511
f 8386/10512 8369/10513 8347/10485 8364/10484
f 8336/10489 8338/10488 8360/10514 8358/10515
f 8326/10491 8337/10490 8359/10516 8348/10517
f 8330/10492 8336/10489 8358/10515 8352/10518
f 8337/10490 8335/10493 8357/10519 8359/10516
f 8332/10495 8334/10494 8356/10520 8354/10521
f 8328/10497 8333/10496 8355/10522 8350/10523
f 8329/10498 8332/10495 8354/10521 8351/10524
f 8333/10496 8331/10499 8353/10525 8355/10522
f 8331/10499 8330/10492 8352/10518 8353/10525
f 8335/10493 8329/10498 8351/10524 8357/10519
f 8345/10500 8367/10526 8368/10487 8346/10481
f 8328/10497 8350/10523 8367/10527 8345/10501
f 8343/10502 8365/10528 8366/10529 8344/10503
f 8327/10480 8349/10486 8365/10530 8343/10504
f 8341/10505 8363/10531 8364/10484 8342/10482
f 8326/10491 8348/10517 8363/10532 8341/10506
f 8339/10507 8361/10533 8362/10534 8340/10508
f 8325/10483 8347/10485 8361/10535 8339/10509
f 8334/10494 8344/10503 8366/10529 8356/10520
f 8338/10488 8340/10508 8362/10534 8360/10514
f 8408/10344 8391/10338 8369/10513 8386/10512
f 8393/10351 8371/10510 8390/10511 8412/10357
f 8358/10515 8360/10514 8382/10536 8380/10537
f 8348/10517 8359/10516 8381/10538 8370/10539
f 8352/10518 8358/10515 8380/10537 8374/10540
f 8359/10516 8357/10519 8379/10541 8381/10538
f 8354/10521 8356/10520 8378/10542 8376/10543
f 8350/10523 8355/10522 8377/10544 8372/10545
f 8351/10524 8354/10521 8376/10543 8373/10546
f 8355/10522 8353/10525 8375/10547 8377/10544
f 8353/10525 8352/10518 8374/10540 8375/10547
f 8357/10519 8351/10524 8373/10546 8379/10541
f 8367/10526 8389/10548 8390/10511 8368/10487
f 8350/10523 8372/10545 8389/10549 8367/10527
f 8365/10528 8387/10550 8388/10551 8366/10529
f 8349/10486 8371/10510 8387/10552 8365/10530
f 8363/10531 8385/10553 8386/10512 8364/10484
f 8348/10517 8370/10539 8385/10554 8363/10532
f 8361/10533 8383/10555 8384/10556 8362/10534
f 8347/10485 8369/10513 8383/10557 8361/10535
f 8356/10520 8366/10529 8388/10551 8378/10542
f 8360/10514 8362/10534 8384/10556 8382/10536
f 8224/10306 8393/10351 8412/10357 8238/10328
f 8202/10271 8209/10282 8391/10338 8408/10344
f 8380/10537 8382/10536 8404/10230 8402/10427
f 8370/10539 8381/10538 8403/10413 8392/10341
f 8374/10540 8380/10537 8402/10427 8396/10393
f 8381/10538 8379/10541 8401/10390 8403/10413
f 8376/10543 8378/10542 8400/10238 8398/10411
f 8372/10545 8377/10544 8399/10397 8394/10354
f 8373/10546 8376/10543 8398/10411 8395/10391
f 8377/10544 8375/10547 8397/10392 8399/10397
f 8375/10547 8374/10540 8396/10393 8397/10392
f 8379/10541 8373/10546 8395/10391 8401/10390
f 8389/10548 8411/10356 8412/10357 8390/10511
f 8372/10545 8394/10354 8411/10355 8389/10549
f 8387/10550 8409/10353 8410/10239 8388/10551
f 8371/10510 8393/10351 8409/10352 8387/10552
f 8385/10553 8407/10343 8408/10344 8386/10512
f 8370/10539 8392/10341 8407/10342 8385/10554
f 8383/10555 8405/10340 8406/10231 8384/10556
f 8369/10513 8391/10338 8405/10339 8383/10557
f 8378/10542 8388/10551 8410/10239 8400/10238
f 8382/10536 8384/10556 8406/10231 8404/10230
f 8456/10558 8436/10559 8414/10475 8434/10429
f 8452/10560 8440/10561 8418/10461 8430/10441
f 8443/10562 8421/10476 8413/10479 8435/10563
f 8435/10564 8413/10472 8414/10475 8436/10559
f 8444/10565 8422/10432 8415/10471 8437/10566
f 8437/10567 8415/10466 8416/10469 8438/10568
f 8445/10569 8423/10462 8417/10465 8439/10570
f 8439/10571 8417/10458 8418/10461 8440/10561
f 8446/10572 8424/10444 8419/10457 8441/10573
f 8441/10574 8419/10452 8420/10455 8442/10575
f 8453/10576 8447/10577 8425/10448 8431/10438
f 8449/10578 8448/10579 8426/10436 8427/10450
f 8451/10580 8449/10578 8427/10450 8429/10445
f 8447/10577 8450/10581 8428/10440 8425/10448
f 8446/10572 8451/10580 8429/10445 8424/10444
f 8450/10581 8452/10560 8430/10441 8428/10440
f 8455/10582 8453/10576 8431/10438 8433/10433
f 8448/10579 8454/10583 8432/10428 8426/10436
f 8444/10565 8455/10582 8433/10433 8422/10432
f 8454/10583 8456/10558 8434/10429 8432/10428
f 8309/10463 8423/10462 8420/10455 8314/10454
f 8308/10468 8303/10477 8421/10476 8416/10469
f 8476/10584 8478/10585 8456/10558 8454/10583
f 8466/10586 8477/10587 8455/10582 8444/10565
f 8470/10588 8476/10584 8454/10583 8448/10579
f 8477/10587 8475/10589 8453/10576 8455/10582
f 8472/10590 8474/10591 8452/10560 8450/10581
f 8468/10592 8473/10593 8451/10580 8446/10572
f 8469/10594 8472/10590 8450/10581 8447/10577
f 8473/10593 8471/10595 8449/10578 8451/10580
f 8471/10595 8470/10588 8448/10579 8449/10578
f 8475/10589 8469/10594 8447/10577 8453/10576
f 8463/10596 8441/10574 8442/10575 8464/10597
f 8468/10592 8446/10572 8441/10573 8463/10598
f 8461/10599 8439/10571 8440/10561 8462/10600
f 8467/10601 8445/10569 8439/10570 8461/10602
f 8459/10603 8437/10567 8438/10568 8460/10604
f 8466/10586 8444/10565 8437/10566 8459/10605
f 8457/10606 8435/10564 8436/10559 8458/10607
f 8465/10608 8443/10562 8435/10563 8457/10609
f 8474/10591 8462/10600 8440/10561 8452/10560
f 8478/10585 8458/10607 8436/10559 8456/10558
f 8423/10462 8445/10569 8442/10575 8420/10455
f 8416/10469 8421/10476 8443/10562 8438/10568
f 8500/10610 8480/10611 8458/10607 8478/10585
f 8496/10612 8484/10613 8462/10600 8474/10591
f 8487/10235 8465/10608 8457/10609 8479/10614
f 8479/10615 8457/10606 8458/10607 8480/10611
f 8488/10616 8466/10586 8459/10605 8481/10617
f 8481/10618 8459/10603 8460/10604 8482/10234
f 8489/10242 8467/10601 8461/10602 8483/10619
f 8483/10620 8461/10599 8462/10600 8484/10613
f 8490/10621 8468/10592 8463/10598 8485/10622
f 8485/10623 8463/10596 8464/10597 8486/10245
f 8497/10624 8491/10625 8469/10594 8475/10589
f 8493/10626 8492/10627 8470/10588 8471/10595
f 8495/10628 8493/10626 8471/10595 8473/10593
f 8491/10625 8494/10629 8472/10590 8469/10594
f 8490/10621 8495/10628 8473/10593 8468/10592
f 8494/10629 8496/10612 8474/10591 8472/10590
f 8499/10630 8497/10624 8475/10589 8477/10587
f 8492/10627 8498/10631 8476/10584 8470/10588
f 8488/10616 8499/10630 8477/10587 8466/10586
f 8498/10631 8500/10610 8478/10585 8476/10584
f 8445/10569 8467/10601 8464/10597 8442/10575
f 8438/10568 8443/10562 8465/10608 8460/10604
f 8289/10370 8301/10415 8500/10610 8498/10631
f 8187/10246 8291/10332 8499/10630 8488/10616
f 8249/10371 8289/10370 8498/10631 8492/10627
f 8291/10332 8279/10425 8497/10624 8499/10630
f 8261/10386 8273/10399 8496/10612 8494/10629
f 8215/10289 8271/10345 8495/10628 8490/10621
f 8243/10387 8261/10386 8494/10629 8491/10625
f 8271/10345 8259/10409 8493/10626 8495/10628
f 8259/10409 8249/10371 8492/10627 8493/10626
f 8279/10425 8243/10387 8491/10625 8497/10624
f 8218/10295 8485/10623 8486/10245 8216/10244
f 8215/10289 8490/10621 8485/10622 8218/10290
f 8234/10319 8483/10620 8484/10613 8231/10316
f 8230/10243 8489/10242 8483/10619 8234/10313
f 8190/10252 8481/10618 8482/10234 8188/10237
f 8187/10246 8488/10616 8481/10617 8190/10247
f 8200/10260 8479/10615 8480/10611 8194/10257
f 8196/10236 8487/10235 8479/10614 8200/10265
f 8273/10399 8231/10316 8484/10613 8496/10612
f 8301/10415 8194/10257 8480/10611 8500/10610
f 8467/10601 8489/10242 8486/10245 8464/10597
f 8460/10604 8465/10608 8487/10235 8482/10234
