# 3ds Max Wavefront OBJ Exporter v0.99 - (c)2007 guruware
# File Created: 28.12.2023 17:29:41

mtllib 2.mtl

#
# object Rectangle003
#

v  462.0610 689.7767 208.8931
v  444.2933 689.7767 209.1310
v  442.7936 689.7767 278.7080
v  460.5526 689.7767 278.7080
v  331.1996 1.2708 338.7981
v  313.0300 1.2676 338.7813
v  444.1014 688.5085 208.0886
v  461.8254 688.5052 207.8341
v  461.5997 688.5076 278.8466
v  332.5329 1.2657 358.5526
v  332.4921 1.2734 340.1036
v  463.1186 688.5052 209.1407
v  311.6937 1.2732 340.1041
v  311.7343 1.2656 358.5526
v  441.2554 688.5077 278.8465
v  442.7647 688.5053 209.4125
v  313.0298 1.2834 359.8511
v  331.1995 1.2834 359.8511
v  460.2616 688.4933 280.1488
v  442.5460 688.4933 280.1488
v  330.9807 0.0000 358.7080
v  312.7654 0.0000 358.7080
v  312.7654 0.0000 340.3233
v  330.9807 0.0000 340.3233
v  462.9718 689.4588 208.9460
v  462.7947 689.3013 208.1661
v  462.0165 689.4588 207.9821
v  444.2589 689.4597 208.2242
v  443.4164 689.3017 208.4290
v  443.2648 689.4589 209.2097
v  441.7629 689.4594 278.7428
v  441.8805 689.2990 279.5702
v  442.7176 689.4558 279.7142
v  460.4660 689.4558 279.7142
v  461.2485 689.2989 279.5701
v  461.4605 689.4594 278.7428
v  332.1779 1.2598 339.1222
v  331.8713 0.4759 339.4300
v  331.0354 0.3177 339.2960
v  312.8316 0.3170 339.2917
v  312.0471 0.4749 339.4266
v  312.0366 1.2590 339.1183
v  443.1118 688.5180 208.4218
v  462.8083 688.5172 208.1542
v  461.2553 688.5078 279.8220
v  332.1879 1.2681 359.5277
v  331.8788 0.4770 359.4595
v  332.0147 0.3165 358.6691
v  332.0045 0.3183 340.2684
v  311.8515 0.3183 340.2685
v  311.8617 0.3164 358.6691
v  312.0556 0.4772 359.4592
v  312.0466 1.2680 359.5278
v  441.5682 688.5078 279.8220
v  312.8315 0.3209 359.6398
v  331.0354 0.3209 359.6398
# 56 vertices

vn 0.0169 0.9998 -0.0041
vn -0.0157 0.9999 -0.0048
vn -0.0175 0.9998 0.0043
vn 0.0169 0.9998 0.0046
vn 0.0150 -0.1903 -0.9816
vn -0.0215 -0.1834 -0.9828
vn -0.0270 -0.1814 -0.9830
vn 0.0070 -0.1879 -0.9822
vn 0.9831 -0.1808 0.0273
vn 0.9829 -0.1840 0.0068
vn 0.9821 -0.1883 -0.0079
vn 0.9829 -0.1835 0.0125
vn -0.9824 0.1865 -0.0036
vn -0.9825 0.1861 0.0098
vn -0.9828 0.1841 -0.0148
vn -0.9827 0.1825 -0.0306
vn -0.0210 0.1185 0.9927
vn 0.0135 0.1123 0.9936
vn 0.0217 0.1117 0.9935
vn -0.0142 0.1182 0.9929
vn 0.0159 -0.9997 0.0169
vn -0.0162 -0.9997 0.0159
vn -0.0169 -0.9997 -0.0156
vn 0.0168 -0.9997 -0.0166
vn 0.7377 0.6750 0.0124
vn 0.6354 0.4464 -0.6301
vn 0.0035 0.6712 -0.7412
vn -0.0220 0.6128 -0.7899
vn -0.5471 0.5725 -0.6107
vn -0.6107 0.7917 -0.0161
vn -0.6521 0.7580 -0.0114
vn -0.5218 0.6715 0.5261
vn -0.0102 0.7279 0.6856
vn 0.0114 0.7696 0.6385
vn 0.6053 0.5521 0.5734
vn 0.7838 0.6207 0.0200
vn 0.6865 -0.2601 -0.6790
vn 0.5129 -0.6896 -0.5112
vn 0.0098 -0.7536 -0.6572
vn -0.0109 -0.7905 -0.6124
vn -0.6068 -0.5769 -0.5467
vn -0.7531 0.0183 -0.6576
vn -0.6491 -0.0205 -0.7604
vn 0.6860 -0.2596 -0.6797
vn 0.7398 -0.0609 0.6701
vn 0.6557 -0.0360 0.7541
vn 0.5373 -0.6000 0.5927
vn 0.6193 -0.7851 0.0103
vn 0.6621 -0.7494 -0.0099
vn -0.7883 -0.6152 -0.0108
vn -0.7571 -0.6532 0.0128
vn -0.6288 -0.4695 0.6198
vn -0.7058 0.2111 0.6762
vn -0.6854 0.2103 0.6971
vn -0.0125 -0.6971 0.7169
vn 0.0108 -0.6399 0.7684
# 56 vertex normals

vt -0.3413 0.9239 0.0000
vt -0.3234 0.9248 0.0000
vt -0.3244 0.9947 0.0000
vt -0.3422 0.9941 0.0000
vt 0.5676 -0.3606 0.0000
vt 0.5493 -0.3606 0.0000
vt 0.6810 -1.0513 0.0000
vt 0.6988 -1.0513 0.0000
vt 0.1535 -0.2905 0.0000
vt 0.1125 0.4036 0.0000
vt 0.0942 0.4004 0.0000
vt 0.0845 -0.3026 0.0000
vt 1.1440 1.8384 0.0000
vt 1.1254 1.8384 0.0000
vt 1.2055 1.1477 0.0000
vt 1.2753 1.1477 0.0000
vt -0.1354 1.0710 0.0000
vt -0.1534 1.0678 0.0000
vt -0.1612 0.3651 0.0000
vt -0.1437 0.3682 0.0000
vt -0.3864 -0.8687 0.0000
vt -0.3681 -0.8687 0.0000
vt -0.3681 -0.8502 0.0000
vt -0.3864 -0.8502 0.0000
vt -0.3422 0.9239 0.0000
vt -0.3420 0.9232 0.0000
vt -0.3412 0.9230 0.0000
vt -0.3234 0.9239 0.0000
vt -0.3225 0.9241 0.0000
vt -0.3224 0.9249 0.0000
vt -0.3233 0.9948 0.0000
vt -0.3235 0.9956 0.0000
vt -0.3243 0.9957 0.0000
vt -0.3422 0.9951 0.0000
vt -0.3429 0.9949 0.0000
vt -0.3431 0.9941 0.0000
vt 0.5685 -0.3606 0.0000
vt 0.5682 -0.3598 0.0000
vt 0.5674 -0.3596 0.0000
vt 0.5491 -0.3596 0.0000
vt 0.5483 -0.3598 0.0000
vt 0.5483 -0.3606 0.0000
vt 0.6800 -1.0513 0.0000
vt 0.6803 -1.0521 0.0000
vt 0.6812 -1.0522 0.0000
vt 0.6990 -1.0522 0.0000
vt 0.6998 -1.0521 0.0000
vt 0.6998 -1.0513 0.0000
vt 0.1536 -0.2914 0.0000
vt 0.1544 -0.2911 0.0000
vt 0.1545 -0.2903 0.0000
vt 0.1134 0.4038 0.0000
vt 0.1132 0.4045 0.0000
vt 0.1124 0.4046 0.0000
vt 0.0942 0.4013 0.0000
vt 0.0934 0.4010 0.0000
vt 0.0932 0.4002 0.0000
vt 0.0835 -0.3028 0.0000
vt 0.0837 -0.3036 0.0000
vt 0.0845 -0.3036 0.0000
vt 1.1450 1.8384 0.0000
vt 1.1447 1.8392 0.0000
vt 1.1438 1.8393 0.0000
vt 1.1253 1.8393 0.0000
vt 1.1245 1.8392 0.0000
vt 1.1245 1.8384 0.0000
vt 1.2046 1.1477 0.0000
vt 1.2048 1.1469 0.0000
vt 1.2057 1.1468 0.0000
vt 1.2755 1.1468 0.0000
vt 1.2763 1.1469 0.0000
vt 1.2763 1.1477 0.0000
vt -0.1345 1.0712 0.0000
vt -0.1346 1.0719 0.0000
vt -0.1354 1.0720 0.0000
vt -0.1534 1.0688 0.0000
vt -0.1542 1.0685 0.0000
vt -0.1544 1.0676 0.0000
vt -0.1622 0.3650 0.0000
vt -0.1620 0.3642 0.0000
vt -0.1612 0.3642 0.0000
vt -0.1437 0.3673 0.0000
vt -0.1429 0.3676 0.0000
vt -0.1427 0.3684 0.0000
vt -0.3874 -0.8686 0.0000
vt -0.3873 -0.8694 0.0000
vt -0.3864 -0.8696 0.0000
vt -0.3681 -0.8696 0.0000
vt -0.3674 -0.8694 0.0000
vt -0.3672 -0.8686 0.0000
vt -0.3672 -0.8501 0.0000
vt -0.3674 -0.8493 0.0000
vt -0.3681 -0.8492 0.0000
vt -0.3864 -0.8492 0.0000
vt -0.3873 -0.8493 0.0000
vt -0.3874 -0.8501 0.0000
# 96 texture coords

o Rectangle003
g Rectangle003
usemtl wire_140088225
s 1
f 1/1/1 2/2/2 3/3/3 4/4/4 
s 2
f 5/5/5 6/6/6 7/7/7 8/8/8 
s 4
f 9/9/9 10/10/10 11/11/11 12/12/12 
f 13/13/13 14/14/14 15/15/15 16/16/16 
s 2
f 17/17/17 18/18/18 19/19/19 20/20/20 
s 1
f 21/21/21 22/22/22 23/23/23 24/24/24 
f 1/1/1 25/25/25 26/26/26 27/27/27 
f 2/2/2 28/28/28 29/29/29 30/30/30 
f 3/3/3 31/31/31 32/32/32 33/33/33 
f 4/4/4 34/34/34 35/35/35 36/36/36 
s 2
f 5/5/5 37/37/37 38/38/38 39/39/39 
f 6/6/6 40/40/40 41/41/41 42/42/42 
f 7/7/7 43/43/43 29/44/29 28/45/28 
f 8/8/8 27/46/27 26/47/26 44/48/44 
s 4
f 9/9/9 36/49/36 35/50/35 45/51/45 
f 10/10/10 46/52/46 47/53/47 48/54/48 
f 11/11/11 49/55/49 38/56/38 37/57/37 
f 12/12/12 44/58/44 26/59/26 25/60/25 
f 13/13/13 42/61/42 41/62/41 50/63/50 
f 14/14/14 51/64/51 52/65/52 53/66/53 
f 15/15/15 54/67/54 32/68/32 31/69/31 
f 16/16/16 30/70/30 29/71/29 43/72/43 
s 2
f 17/17/17 53/73/53 52/74/52 55/75/55 
f 18/18/18 56/76/56 47/77/47 46/78/46 
f 19/19/19 45/79/45 35/80/35 34/81/34 
f 20/20/20 33/82/33 32/83/32 54/84/54 
s 1
f 21/21/21 48/85/48 47/86/47 56/87/56 
f 22/22/22 55/88/55 52/89/52 51/90/51 
f 23/23/23 50/91/50 41/92/41 40/93/40 
f 24/24/24 39/94/39 38/95/38 49/96/49 
f 2/2/2 1/1/1 27/27/27 28/28/28 
f 3/3/3 2/2/2 30/30/30 31/31/31 
f 4/4/4 3/3/3 33/33/33 34/34/34 
f 1/1/1 4/4/4 36/36/36 25/25/25 
s 2
f 6/6/6 5/5/5 39/39/39 40/40/40 
f 7/7/7 6/6/6 42/42/42 43/43/43 
f 8/8/8 7/7/7 28/45/28 27/46/27 
f 5/5/5 8/8/8 44/48/44 37/37/37 
s 4
f 10/10/10 9/9/9 45/51/45 46/52/46 
f 11/11/11 10/10/10 48/54/48 49/55/49 
f 12/12/12 11/11/11 37/57/37 44/58/44 
f 9/9/9 12/12/12 25/60/25 36/49/36 
f 14/14/14 13/13/13 50/63/50 51/64/51 
f 15/15/15 14/14/14 53/66/53 54/67/54 
f 16/16/16 15/15/15 31/69/31 30/70/30 
f 13/13/13 16/16/16 43/72/43 42/61/42 
s 2
f 18/18/18 17/17/17 55/75/55 56/76/56 
f 19/19/19 18/18/18 46/78/46 45/79/45 
f 20/20/20 19/19/19 34/81/34 33/82/33 
f 17/17/17 20/20/20 54/84/54 53/73/53 
s 1
f 22/22/22 21/21/21 56/87/56 55/88/55 
f 23/23/23 22/22/22 51/90/51 50/91/50 
f 24/24/24 23/23/23 40/93/40 39/94/39 
f 21/21/21 24/24/24 49/96/49 48/85/48 
# 54 polygons

#
# object Rectangle004
#

v  501.0659 689.7767 208.8931
v  518.8336 689.7767 209.1310
v  520.3334 689.7767 278.7080
v  502.5744 689.7767 278.7080
v  631.9273 1.2708 338.7981
v  650.0970 1.2676 338.7813
v  519.0256 688.5085 208.0886
v  501.3016 688.5052 207.8341
v  501.5272 688.5076 278.8466
v  630.5941 1.2657 358.5526
v  630.6349 1.2734 340.1036
v  500.0084 688.5052 209.1407
v  651.4333 1.2732 340.1041
v  651.3926 1.2656 358.5526
v  521.8716 688.5077 278.8465
v  520.3622 688.5053 209.4125
v  650.0972 1.2834 359.8511
v  631.9275 1.2834 359.8511
v  502.8654 688.4933 280.1488
v  520.5809 688.4933 280.1488
v  632.1462 0.0000 358.7080
v  650.3615 0.0000 358.7080
v  650.3615 0.0000 340.3233
v  632.1462 0.0000 340.3233
v  500.1552 689.4588 208.9460
v  500.3322 689.3013 208.1661
v  501.1105 689.4588 207.9821
v  518.8681 689.4597 208.2242
v  519.7106 689.3017 208.4290
v  519.8621 689.4589 209.2097
v  521.3641 689.4594 278.7428
v  521.2465 689.2990 279.5702
v  520.4093 689.4558 279.7142
v  502.6609 689.4558 279.7142
v  501.8784 689.2989 279.5701
v  501.6665 689.4594 278.7428
v  630.9491 1.2598 339.1222
v  631.2557 0.4759 339.4300
v  632.0915 0.3177 339.2960
v  650.2953 0.3170 339.2917
v  651.0799 0.4749 339.4266
v  651.0903 1.2590 339.1183
v  520.0151 688.5180 208.4218
v  500.3187 688.5172 208.1542
v  501.8716 688.5078 279.8220
v  630.9391 1.2681 359.5277
v  631.2482 0.4770 359.4595
v  631.1122 0.3165 358.6691
v  631.1224 0.3183 340.2684
v  651.2755 0.3183 340.2685
v  651.2653 0.3164 358.6691
v  651.0713 0.4772 359.4592
v  651.0803 1.2680 359.5278
v  521.5588 688.5078 279.8220
v  650.2954 0.3209 359.6398
v  632.0916 0.3209 359.6398
# 56 vertices

vn 0.0169 0.9998 -0.0041
vn -0.0157 0.9999 -0.0048
vn -0.0175 0.9998 0.0043
vn 0.0169 0.9998 0.0046
vn 0.0150 -0.1903 -0.9816
vn -0.0215 -0.1834 -0.9828
vn -0.0270 -0.1814 -0.9830
vn 0.0070 -0.1879 -0.9822
vn 0.9831 -0.1808 0.0273
vn 0.9829 -0.1840 0.0068
vn 0.9821 -0.1883 -0.0079
vn 0.9829 -0.1835 0.0125
vn -0.9824 0.1865 -0.0036
vn -0.9825 0.1861 0.0098
vn -0.9828 0.1841 -0.0148
vn -0.9827 0.1825 -0.0306
vn -0.0210 0.1185 0.9927
vn 0.0135 0.1123 0.9936
vn 0.0217 0.1117 0.9935
vn -0.0142 0.1182 0.9929
vn 0.0159 -0.9997 0.0169
vn -0.0162 -0.9997 0.0159
vn -0.0169 -0.9997 -0.0156
vn 0.0168 -0.9997 -0.0166
vn 0.7377 0.6750 0.0124
vn 0.6354 0.4464 -0.6301
vn 0.0035 0.6712 -0.7412
vn -0.0220 0.6128 -0.7899
vn -0.5471 0.5725 -0.6107
vn -0.6107 0.7917 -0.0161
vn -0.6521 0.7580 -0.0114
vn -0.5218 0.6715 0.5261
vn -0.0102 0.7279 0.6856
vn 0.0114 0.7696 0.6385
vn 0.6053 0.5521 0.5734
vn 0.7838 0.6207 0.0200
vn 0.6865 -0.2601 -0.6790
vn 0.5129 -0.6896 -0.5112
vn 0.0098 -0.7536 -0.6572
vn -0.0109 -0.7905 -0.6124
vn -0.6068 -0.5769 -0.5467
vn -0.7531 0.0183 -0.6576
vn -0.6491 -0.0205 -0.7604
vn 0.6860 -0.2596 -0.6797
vn 0.7398 -0.0609 0.6701
vn 0.6557 -0.0360 0.7541
vn 0.5373 -0.6000 0.5927
vn 0.6193 -0.7851 0.0103
vn 0.6621 -0.7494 -0.0099
vn -0.7883 -0.6152 -0.0108
vn -0.7571 -0.6532 0.0128
vn -0.6288 -0.4695 0.6198
vn -0.7058 0.2111 0.6762
vn -0.6854 0.2103 0.6971
vn -0.0125 -0.6971 0.7169
vn 0.0108 -0.6399 0.7684
# 56 vertex normals

vt -0.3413 0.3582 0.0000
vt -0.3234 0.3591 0.0000
vt -0.3244 0.4290 0.0000
vt -0.3422 0.4284 0.0000
vt 0.5676 0.3724 0.0000
vt 0.5493 0.3724 0.0000
vt 0.6810 -0.3183 0.0000
vt 0.6988 -0.3183 0.0000
vt 0.2768 1.1239 0.0000
vt 0.2357 1.8180 0.0000
vt 0.2175 1.8148 0.0000
vt 0.2078 1.1118 0.0000
vt 0.9517 -0.3606 0.0000
vt 0.9332 -0.3606 0.0000
vt 1.0133 -1.0513 0.0000
vt 1.0831 -1.0513 0.0000
vt -0.2552 0.4028 0.0000
vt -0.2732 0.3997 0.0000
vt -0.2810 -0.3030 0.0000
vt -0.2635 -0.2999 0.0000
vt -0.3416 1.2634 0.0000
vt -0.3233 1.2634 0.0000
vt -0.3233 1.2818 0.0000
vt -0.3416 1.2818 0.0000
vt -0.3422 0.3582 0.0000
vt -0.3420 0.3575 0.0000
vt -0.3412 0.3573 0.0000
vt -0.3234 0.3582 0.0000
vt -0.3225 0.3584 0.0000
vt -0.3224 0.3592 0.0000
vt -0.3233 0.4291 0.0000
vt -0.3235 0.4299 0.0000
vt -0.3243 0.4300 0.0000
vt -0.3422 0.4294 0.0000
vt -0.3429 0.4292 0.0000
vt -0.3431 0.4284 0.0000
vt 0.5685 0.3724 0.0000
vt 0.5682 0.3732 0.0000
vt 0.5674 0.3733 0.0000
vt 0.5491 0.3733 0.0000
vt 0.5483 0.3732 0.0000
vt 0.5483 0.3724 0.0000
vt 0.6800 -0.3183 0.0000
vt 0.6803 -0.3191 0.0000
vt 0.6812 -0.3192 0.0000
vt 0.6990 -0.3192 0.0000
vt 0.6998 -0.3191 0.0000
vt 0.6998 -0.3183 0.0000
vt 0.2768 1.1230 0.0000
vt 0.2776 1.1233 0.0000
vt 0.2777 1.1241 0.0000
vt 0.2367 1.8182 0.0000
vt 0.2365 1.8190 0.0000
vt 0.2357 1.8190 0.0000
vt 0.2175 1.8158 0.0000
vt 0.2167 1.8155 0.0000
vt 0.2165 1.8146 0.0000
vt 0.2068 1.1116 0.0000
vt 0.2070 1.1108 0.0000
vt 0.2078 1.1108 0.0000
vt 0.9527 -0.3606 0.0000
vt 0.9524 -0.3598 0.0000
vt 0.9515 -0.3596 0.0000
vt 0.9331 -0.3596 0.0000
vt 0.9323 -0.3598 0.0000
vt 0.9322 -0.3606 0.0000
vt 1.0123 -1.0513 0.0000
vt 1.0125 -1.0521 0.0000
vt 1.0134 -1.0522 0.0000
vt 1.0833 -1.0522 0.0000
vt 1.0840 -1.0521 0.0000
vt 1.0840 -1.0513 0.0000
vt -0.2542 0.4030 0.0000
vt -0.2544 0.4038 0.0000
vt -0.2552 0.4038 0.0000
vt -0.2732 0.4006 0.0000
vt -0.2740 0.4003 0.0000
vt -0.2742 0.3995 0.0000
vt -0.2820 -0.3032 0.0000
vt -0.2818 -0.3040 0.0000
vt -0.2810 -0.3040 0.0000
vt -0.2635 -0.3009 0.0000
vt -0.2627 -0.3006 0.0000
vt -0.2625 -0.2998 0.0000
vt -0.3427 1.2634 0.0000
vt -0.3425 1.2626 0.0000
vt -0.3417 1.2624 0.0000
vt -0.3234 1.2624 0.0000
vt -0.3226 1.2626 0.0000
vt -0.3224 1.2634 0.0000
vt -0.3224 1.2819 0.0000
vt -0.3226 1.2828 0.0000
vt -0.3234 1.2829 0.0000
vt -0.3417 1.2829 0.0000
vt -0.3425 1.2827 0.0000
vt -0.3427 1.2819 0.0000
# 96 texture coords

o Rectangle004
g Rectangle004
usemtl wire_140088225
s 1
f 60/100/60 59/99/59 58/98/58 57/97/57 
s 2
f 64/104/64 63/103/63 62/102/62 61/101/61 
s 4
f 68/108/68 67/107/67 66/106/66 65/105/65 
f 72/112/72 71/111/71 70/110/70 69/109/69 
s 2
f 76/116/76 75/115/75 74/114/74 73/113/73 
s 1
f 80/120/80 79/119/79 78/118/78 77/117/77 
f 83/123/83 82/122/82 81/121/81 57/97/57 
f 86/126/86 85/125/85 84/124/84 58/98/58 
f 89/129/89 88/128/88 87/127/87 59/99/59 
f 92/132/92 91/131/91 90/130/90 60/100/60 
s 2
f 95/135/95 94/134/94 93/133/93 61/101/61 
f 98/138/98 97/137/97 96/136/96 62/102/62 
f 84/141/84 85/140/85 99/139/99 63/103/63 
f 100/144/100 82/143/82 83/142/83 64/104/64 
s 4
f 101/147/101 91/146/91 92/145/92 65/105/65 
f 104/150/104 103/149/103 102/148/102 66/106/66 
f 93/153/93 94/152/94 105/151/105 67/107/67 
f 81/156/81 82/155/82 100/154/100 68/108/68 
f 106/159/106 97/158/97 98/157/98 69/109/69 
f 109/162/109 108/161/108 107/160/107 70/110/70 
f 87/165/87 88/164/88 110/163/110 71/111/71 
f 99/168/99 85/167/85 86/166/86 72/112/72 
s 2
f 111/171/111 108/170/108 109/169/109 73/113/73 
f 102/174/102 103/173/103 112/172/112 74/114/74 
f 90/177/90 91/176/91 101/175/101 75/115/75 
f 110/180/110 88/179/88 89/178/89 76/116/76 
s 1
f 112/183/112 103/182/103 104/181/104 77/117/77 
f 107/186/107 108/185/108 111/184/111 78/118/78 
f 96/189/96 97/188/97 106/187/106 79/119/79 
f 105/192/105 94/191/94 95/190/95 80/120/80 
f 84/124/84 83/123/83 57/97/57 58/98/58 
f 87/127/87 86/126/86 58/98/58 59/99/59 
f 90/130/90 89/129/89 59/99/59 60/100/60 
f 81/121/81 92/132/92 60/100/60 57/97/57 
s 2
f 96/136/96 95/135/95 61/101/61 62/102/62 
f 99/139/99 98/138/98 62/102/62 63/103/63 
f 83/142/83 84/141/84 63/103/63 64/104/64 
f 93/133/93 100/144/100 64/104/64 61/101/61 
s 4
f 102/148/102 101/147/101 65/105/65 66/106/66 
f 105/151/105 104/150/104 66/106/66 67/107/67 
f 100/154/100 93/153/93 67/107/67 68/108/68 
f 92/145/92 81/156/81 68/108/68 65/105/65 
f 107/160/107 106/159/106 69/109/69 70/110/70 
f 110/163/110 109/162/109 70/110/70 71/111/71 
f 86/166/86 87/165/87 71/111/71 72/112/72 
f 98/157/98 99/168/99 72/112/72 69/109/69 
s 2
f 112/172/112 111/171/111 73/113/73 74/114/74 
f 101/175/101 102/174/102 74/114/74 75/115/75 
f 89/178/89 90/177/90 75/115/75 76/116/76 
f 109/169/109 110/180/110 76/116/76 73/113/73 
s 1
f 111/184/111 112/183/112 77/117/77 78/118/78 
f 106/187/106 107/186/107 78/118/78 79/119/79 
f 95/190/95 96/189/96 79/119/79 80/120/80 
f 104/181/104 105/192/105 80/120/80 77/117/77 
# 54 polygons

#
# object Rectangle005
#

v  462.0610 689.7767 -208.8931
v  444.2933 689.7767 -209.1310
v  442.7936 689.7767 -278.7080
v  460.5526 689.7767 -278.7080
v  331.1996 1.2708 -338.7981
v  313.0300 1.2676 -338.7813
v  444.1014 688.5085 -208.0886
v  461.8254 688.5052 -207.8341
v  461.5997 688.5076 -278.8466
v  332.5329 1.2657 -358.5526
v  332.4921 1.2734 -340.1036
v  463.1186 688.5052 -209.1407
v  311.6937 1.2732 -340.1041
v  311.7343 1.2656 -358.5526
v  441.2554 688.5077 -278.8465
v  442.7647 688.5053 -209.4125
v  313.0298 1.2834 -359.8511
v  331.1995 1.2834 -359.8511
v  460.2616 688.4933 -280.1488
v  442.5460 688.4933 -280.1488
v  330.9807 0.0000 -358.7080
v  312.7654 0.0000 -358.7080
v  312.7654 0.0000 -340.3233
v  330.9807 0.0000 -340.3233
v  462.9718 689.4588 -208.9460
v  462.7947 689.3013 -208.1661
v  462.0165 689.4588 -207.9821
v  444.2589 689.4597 -208.2242
v  443.4164 689.3017 -208.4290
v  443.2648 689.4589 -209.2097
v  441.7629 689.4594 -278.7428
v  441.8805 689.2990 -279.5702
v  442.7176 689.4558 -279.7142
v  460.4660 689.4558 -279.7142
v  461.2485 689.2989 -279.5701
v  461.4605 689.4594 -278.7428
v  332.1779 1.2598 -339.1222
v  331.8713 0.4759 -339.4300
v  331.0354 0.3177 -339.2960
v  312.8316 0.3170 -339.2917
v  312.0471 0.4749 -339.4266
v  312.0366 1.2590 -339.1183
v  443.1118 688.5180 -208.4218
v  462.8083 688.5172 -208.1542
v  461.2553 688.5078 -279.8220
v  332.1879 1.2681 -359.5277
v  331.8788 0.4770 -359.4595
v  332.0147 0.3165 -358.6691
v  332.0045 0.3183 -340.2684
v  311.8515 0.3183 -340.2685
v  311.8617 0.3164 -358.6691
v  312.0556 0.4772 -359.4592
v  312.0466 1.2680 -359.5278
v  441.5682 688.5078 -279.8220
v  312.8315 0.3209 -359.6398
v  331.0354 0.3209 -359.6398
# 56 vertices

vn 0.0169 0.9998 -0.0041
vn -0.0157 0.9999 -0.0048
vn -0.0175 0.9998 0.0043
vn 0.0169 0.9998 0.0046
vn 0.0150 -0.1903 -0.9816
vn -0.0215 -0.1834 -0.9828
vn -0.0270 -0.1814 -0.9830
vn 0.0070 -0.1879 -0.9822
vn 0.9831 -0.1808 0.0273
vn 0.9829 -0.1840 0.0068
vn 0.9821 -0.1883 -0.0079
vn 0.9829 -0.1835 0.0125
vn -0.9824 0.1865 -0.0036
vn -0.9825 0.1861 0.0098
vn -0.9828 0.1841 -0.0148
vn -0.9827 0.1825 -0.0306
vn -0.0210 0.1185 0.9927
vn 0.0135 0.1123 0.9936
vn 0.0217 0.1117 0.9935
vn -0.0142 0.1182 0.9929
vn 0.0159 -0.9997 0.0169
vn -0.0162 -0.9997 0.0159
vn -0.0169 -0.9997 -0.0156
vn 0.0168 -0.9997 -0.0166
vn 0.7377 0.6750 0.0124
vn 0.6354 0.4464 -0.6301
vn 0.0035 0.6712 -0.7412
vn -0.0220 0.6128 -0.7899
vn -0.5471 0.5725 -0.6107
vn -0.6107 0.7917 -0.0161
vn -0.6521 0.7580 -0.0114
vn -0.5218 0.6715 0.5261
vn -0.0102 0.7279 0.6856
vn 0.0114 0.7696 0.6385
vn 0.6053 0.5521 0.5734
vn 0.7838 0.6207 0.0200
vn 0.6865 -0.2601 -0.6790
vn 0.5129 -0.6896 -0.5112
vn 0.0098 -0.7536 -0.6572
vn -0.0109 -0.7905 -0.6124
vn -0.6068 -0.5769 -0.5467
vn -0.7531 0.0183 -0.6576
vn -0.6491 -0.0205 -0.7604
vn 0.6860 -0.2596 -0.6797
vn 0.7398 -0.0609 0.6701
vn 0.6557 -0.0360 0.7541
vn 0.5373 -0.6000 0.5927
vn 0.6193 -0.7851 0.0103
vn 0.6621 -0.7494 -0.0099
vn -0.7883 -0.6152 -0.0108
vn -0.7571 -0.6532 0.0128
vn -0.6288 -0.4695 0.6198
vn -0.7058 0.2111 0.6762
vn -0.6854 0.2103 0.6971
vn -0.0125 -0.6971 0.7169
vn 0.0108 -0.6399 0.7684
# 56 vertex normals

vt -0.3413 0.5845 0.0000
vt -0.3234 0.5854 0.0000
vt -0.3244 0.6553 0.0000
vt -0.3422 0.6547 0.0000
vt 0.7595 1.1054 0.0000
vt 0.7412 1.1054 0.0000
vt 0.8730 0.4147 0.0000
vt 0.8908 0.4147 0.0000
vt 0.1535 1.2067 0.0000
vt 0.1125 1.9008 0.0000
vt 0.0942 1.8976 0.0000
vt 0.0845 1.1946 0.0000
vt 1.1440 0.3724 0.0000
vt 1.1254 0.3724 0.0000
vt 1.2055 -0.3183 0.0000
vt 1.2753 -0.3183 0.0000
vt -0.1354 1.8192 0.0000
vt -0.1534 1.8160 0.0000
vt -0.1612 1.1134 0.0000
vt -0.1437 1.1165 0.0000
vt -0.3864 -0.9295 0.0000
vt -0.3681 -0.9295 0.0000
vt -0.3681 -0.9111 0.0000
vt -0.3864 -0.9111 0.0000
vt -0.3422 0.5845 0.0000
vt -0.3420 0.5837 0.0000
vt -0.3412 0.5836 0.0000
vt -0.3234 0.5844 0.0000
vt -0.3225 0.5847 0.0000
vt -0.3224 0.5855 0.0000
vt -0.3233 0.6554 0.0000
vt -0.3235 0.6562 0.0000
vt -0.3243 0.6563 0.0000
vt -0.3422 0.6557 0.0000
vt -0.3429 0.6555 0.0000
vt -0.3431 0.6547 0.0000
vt 0.7605 1.1054 0.0000
vt 0.7602 1.1062 0.0000
vt 0.7593 1.1063 0.0000
vt 0.7410 1.1063 0.0000
vt 0.7403 1.1062 0.0000
vt 0.7402 1.1054 0.0000
vt 0.8720 0.4147 0.0000
vt 0.8723 0.4139 0.0000
vt 0.8731 0.4138 0.0000
vt 0.8910 0.4138 0.0000
vt 0.8918 0.4139 0.0000
vt 0.8918 0.4147 0.0000
vt 0.1536 1.2058 0.0000
vt 0.1544 1.2061 0.0000
vt 0.1545 1.2069 0.0000
vt 0.1134 1.9010 0.0000
vt 0.1132 1.9017 0.0000
vt 0.1124 1.9017 0.0000
vt 0.0942 1.8985 0.0000
vt 0.0934 1.8982 0.0000
vt 0.0932 1.8974 0.0000
vt 0.0835 1.1944 0.0000
vt 0.0837 1.1936 0.0000
vt 0.0845 1.1936 0.0000
vt 1.1450 0.3724 0.0000
vt 1.1447 0.3732 0.0000
vt 1.1438 0.3733 0.0000
vt 1.1253 0.3733 0.0000
vt 1.1245 0.3732 0.0000
vt 1.1245 0.3724 0.0000
vt 1.2046 -0.3183 0.0000
vt 1.2048 -0.3191 0.0000
vt 1.2057 -0.3192 0.0000
vt 1.2755 -0.3192 0.0000
vt 1.2763 -0.3191 0.0000
vt 1.2763 -0.3183 0.0000
vt -0.1345 1.8194 0.0000
vt -0.1346 1.8202 0.0000
vt -0.1354 1.8202 0.0000
vt -0.1534 1.8170 0.0000
vt -0.1542 1.8167 0.0000
vt -0.1544 1.8159 0.0000
vt -0.1622 1.1132 0.0000
vt -0.1620 1.1124 0.0000
vt -0.1612 1.1124 0.0000
vt -0.1437 1.1155 0.0000
vt -0.1429 1.1158 0.0000
vt -0.1427 1.1166 0.0000
vt -0.3874 -0.9295 0.0000
vt -0.3873 -0.9303 0.0000
vt -0.3864 -0.9305 0.0000
vt -0.3681 -0.9305 0.0000
vt -0.3674 -0.9303 0.0000
vt -0.3672 -0.9295 0.0000
vt -0.3672 -0.9110 0.0000
vt -0.3674 -0.9102 0.0000
vt -0.3681 -0.9100 0.0000
vt -0.3864 -0.9100 0.0000
vt -0.3873 -0.9102 0.0000
vt -0.3874 -0.9110 0.0000
# 96 texture coords

o Rectangle005
g Rectangle005
usemtl wire_140088225
s 1
f 116/196/116 115/195/115 114/194/114 113/193/113 
s 2
f 120/200/120 119/199/119 118/198/118 117/197/117 
s 4
f 124/204/124 123/203/123 122/202/122 121/201/121 
f 128/208/128 127/207/127 126/206/126 125/205/125 
s 2
f 132/212/132 131/211/131 130/210/130 129/209/129 
s 1
f 136/216/136 135/215/135 134/214/134 133/213/133 
f 139/219/139 138/218/138 137/217/137 113/193/113 
f 142/222/142 141/221/141 140/220/140 114/194/114 
f 145/225/145 144/224/144 143/223/143 115/195/115 
f 148/228/148 147/227/147 146/226/146 116/196/116 
s 2
f 151/231/151 150/230/150 149/229/149 117/197/117 
f 154/234/154 153/233/153 152/232/152 118/198/118 
f 140/237/140 141/236/141 155/235/155 119/199/119 
f 156/240/156 138/239/138 139/238/139 120/200/120 
s 4
f 157/243/157 147/242/147 148/241/148 121/201/121 
f 160/246/160 159/245/159 158/244/158 122/202/122 
f 149/249/149 150/248/150 161/247/161 123/203/123 
f 137/252/137 138/251/138 156/250/156 124/204/124 
f 162/255/162 153/254/153 154/253/154 125/205/125 
f 165/258/165 164/257/164 163/256/163 126/206/126 
f 143/261/143 144/260/144 166/259/166 127/207/127 
f 155/264/155 141/263/141 142/262/142 128/208/128 
s 2
f 167/267/167 164/266/164 165/265/165 129/209/129 
f 158/270/158 159/269/159 168/268/168 130/210/130 
f 146/273/146 147/272/147 157/271/157 131/211/131 
f 166/276/166 144/275/144 145/274/145 132/212/132 
s 1
f 168/279/168 159/278/159 160/277/160 133/213/133 
f 163/282/163 164/281/164 167/280/167 134/214/134 
f 152/285/152 153/284/153 162/283/162 135/215/135 
f 161/288/161 150/287/150 151/286/151 136/216/136 
f 140/220/140 139/219/139 113/193/113 114/194/114 
f 143/223/143 142/222/142 114/194/114 115/195/115 
f 146/226/146 145/225/145 115/195/115 116/196/116 
f 137/217/137 148/228/148 116/196/116 113/193/113 
s 2
f 152/232/152 151/231/151 117/197/117 118/198/118 
f 155/235/155 154/234/154 118/198/118 119/199/119 
f 139/238/139 140/237/140 119/199/119 120/200/120 
f 149/229/149 156/240/156 120/200/120 117/197/117 
s 4
f 158/244/158 157/243/157 121/201/121 122/202/122 
f 161/247/161 160/246/160 122/202/122 123/203/123 
f 156/250/156 149/249/149 123/203/123 124/204/124 
f 148/241/148 137/252/137 124/204/124 121/201/121 
f 163/256/163 162/255/162 125/205/125 126/206/126 
f 166/259/166 165/258/165 126/206/126 127/207/127 
f 142/262/142 143/261/143 127/207/127 128/208/128 
f 154/253/154 155/264/155 128/208/128 125/205/125 
s 2
f 168/268/168 167/267/167 129/209/129 130/210/130 
f 157/271/157 158/270/158 130/210/130 131/211/131 
f 145/274/145 146/273/146 131/211/131 132/212/132 
f 165/265/165 166/276/166 132/212/132 129/209/129 
s 1
f 167/280/167 168/279/168 133/213/133 134/214/134 
f 162/283/162 163/282/163 134/214/134 135/215/135 
f 151/286/151 152/285/152 135/215/135 136/216/136 
f 160/277/160 161/288/161 136/216/136 133/213/133 
# 54 polygons

#
# object Rectangle006
#

v  501.0659 689.7767 -208.8931
v  518.8336 689.7767 -209.1310
v  520.3334 689.7767 -278.7080
v  502.5744 689.7767 -278.7080
v  631.9273 1.2708 -338.7981
v  650.0970 1.2676 -338.7813
v  519.0256 688.5085 -208.0886
v  501.3016 688.5052 -207.8341
v  501.5272 688.5076 -278.8466
v  630.5941 1.2657 -358.5526
v  630.6349 1.2734 -340.1036
v  500.0084 688.5052 -209.1407
v  651.4333 1.2732 -340.1041
v  651.3926 1.2656 -358.5526
v  521.8716 688.5077 -278.8465
v  520.3622 688.5053 -209.4125
v  650.0972 1.2834 -359.8511
v  631.9275 1.2834 -359.8511
v  502.8654 688.4933 -280.1488
v  520.5809 688.4933 -280.1488
v  632.1462 0.0000 -358.7080
v  650.3615 0.0000 -358.7080
v  650.3615 0.0000 -340.3233
v  632.1462 0.0000 -340.3233
v  500.1552 689.4588 -208.9460
v  500.3322 689.3013 -208.1661
v  501.1105 689.4588 -207.9821
v  518.8681 689.4597 -208.2242
v  519.7106 689.3017 -208.4290
v  519.8621 689.4589 -209.2097
v  521.3641 689.4594 -278.7428
v  521.2465 689.2990 -279.5702
v  520.4093 689.4558 -279.7142
v  502.6609 689.4558 -279.7142
v  501.8784 689.2989 -279.5701
v  501.6665 689.4594 -278.7428
v  630.9491 1.2598 -339.1222
v  631.2557 0.4759 -339.4300
v  632.0915 0.3177 -339.2960
v  650.2953 0.3170 -339.2917
v  651.0799 0.4749 -339.4266
v  651.0903 1.2590 -339.1183
v  520.0151 688.5180 -208.4218
v  500.3187 688.5172 -208.1542
v  501.8716 688.5078 -279.8220
v  630.9391 1.2681 -359.5277
v  631.2482 0.4770 -359.4595
v  631.1122 0.3165 -358.6691
v  631.1224 0.3183 -340.2684
v  651.2755 0.3183 -340.2685
v  651.2653 0.3164 -358.6691
v  651.0713 0.4772 -359.4592
v  651.0803 1.2680 -359.5278
v  521.5588 688.5078 -279.8220
v  650.2954 0.3209 -359.6398
v  632.0916 0.3209 -359.6398
# 56 vertices

vn 0.0169 0.9998 -0.0041
vn -0.0157 0.9999 -0.0048
vn -0.0175 0.9998 0.0043
vn 0.0169 0.9998 0.0046
vn 0.0150 -0.1903 -0.9816
vn -0.0215 -0.1834 -0.9828
vn -0.0270 -0.1814 -0.9830
vn 0.0070 -0.1879 -0.9822
vn 0.9831 -0.1808 0.0273
vn 0.9829 -0.1840 0.0068
vn 0.9821 -0.1883 -0.0079
vn 0.9829 -0.1835 0.0125
vn -0.9824 0.1865 -0.0036
vn -0.9825 0.1861 0.0098
vn -0.9828 0.1841 -0.0148
vn -0.9827 0.1825 -0.0306
vn -0.0210 0.1185 0.9927
vn 0.0135 0.1123 0.9936
vn 0.0217 0.1117 0.9935
vn -0.0142 0.1182 0.9929
vn 0.0159 -0.9997 0.0169
vn -0.0162 -0.9997 0.0159
vn -0.0169 -0.9997 -0.0156
vn 0.0168 -0.9997 -0.0166
vn 0.7377 0.6750 0.0124
vn 0.6354 0.4464 -0.6301
vn 0.0035 0.6712 -0.7412
vn -0.0220 0.6128 -0.7899
vn -0.5471 0.5725 -0.6107
vn -0.6107 0.7917 -0.0161
vn -0.6521 0.7580 -0.0114
vn -0.5218 0.6715 0.5261
vn -0.0102 0.7279 0.6856
vn 0.0114 0.7696 0.6385
vn 0.6053 0.5521 0.5734
vn 0.7838 0.6207 0.0200
vn 0.6865 -0.2601 -0.6790
vn 0.5129 -0.6896 -0.5112
vn 0.0098 -0.7536 -0.6572
vn -0.0109 -0.7905 -0.6124
vn -0.6068 -0.5769 -0.5467
vn -0.7531 0.0183 -0.6576
vn -0.6491 -0.0205 -0.7604
vn 0.6860 -0.2596 -0.6797
vn 0.7398 -0.0609 0.6701
vn 0.6557 -0.0360 0.7541
vn 0.5373 -0.6000 0.5927
vn 0.6193 -0.7851 0.0103
vn 0.6621 -0.7494 -0.0099
vn -0.7883 -0.6152 -0.0108
vn -0.7571 -0.6532 0.0128
vn -0.6288 -0.4695 0.6198
vn -0.7058 0.2111 0.6762
vn -0.6854 0.2103 0.6971
vn -0.0125 -0.6971 0.7169
vn 0.0108 -0.6399 0.7684
# 56 vertex normals

vt -0.3413 0.6976 0.0000
vt -0.3234 0.6985 0.0000
vt -0.3244 0.7684 0.0000
vt -0.3422 0.7678 0.0000
vt 0.7595 -0.3606 0.0000
vt 0.7412 -0.3606 0.0000
vt 0.8730 -1.0513 0.0000
vt 0.8908 -1.0513 0.0000
vt 0.2768 0.3754 0.0000
vt 0.2357 1.0694 0.0000
vt 0.2175 1.0662 0.0000
vt 0.2078 0.3632 0.0000
vt 1.6441 0.7903 0.0000
vt 1.6255 0.7903 0.0000
vt 1.7056 0.0996 0.0000
vt 1.7754 0.0996 0.0000
vt -0.1870 1.8993 0.0000
vt -0.2050 1.8961 0.0000
vt -0.2128 1.1934 0.0000
vt -0.1953 1.1965 0.0000
vt -0.3864 -0.9904 0.0000
vt -0.3681 -0.9904 0.0000
vt -0.3681 -0.9719 0.0000
vt -0.3864 -0.9719 0.0000
vt -0.3422 0.6977 0.0000
vt -0.3420 0.6969 0.0000
vt -0.3412 0.6967 0.0000
vt -0.3234 0.6976 0.0000
vt -0.3225 0.6978 0.0000
vt -0.3224 0.6986 0.0000
vt -0.3233 0.7685 0.0000
vt -0.3235 0.7693 0.0000
vt -0.3243 0.7694 0.0000
vt -0.3422 0.7688 0.0000
vt -0.3429 0.7686 0.0000
vt -0.3431 0.7678 0.0000
vt 0.7605 -0.3606 0.0000
vt 0.7602 -0.3598 0.0000
vt 0.7593 -0.3596 0.0000
vt 0.7410 -0.3596 0.0000
vt 0.7403 -0.3598 0.0000
vt 0.7402 -0.3606 0.0000
vt 0.8720 -1.0513 0.0000
vt 0.8723 -1.0521 0.0000
vt 0.8731 -1.0522 0.0000
vt 0.8910 -1.0522 0.0000
vt 0.8918 -1.0521 0.0000
vt 0.8918 -1.0513 0.0000
vt 0.2768 0.3744 0.0000
vt 0.2776 0.3747 0.0000
vt 0.2777 0.3755 0.0000
vt 0.2367 1.0696 0.0000
vt 0.2365 1.0704 0.0000
vt 0.2357 1.0704 0.0000
vt 0.2175 1.0672 0.0000
vt 0.2167 1.0669 0.0000
vt 0.2165 1.0660 0.0000
vt 0.2068 0.3630 0.0000
vt 0.2070 0.3622 0.0000
vt 0.2078 0.3622 0.0000
vt 1.6450 0.7903 0.0000
vt 1.6447 0.7911 0.0000
vt 1.6439 0.7912 0.0000
vt 1.6254 0.7912 0.0000
vt 1.6246 0.7911 0.0000
vt 1.6245 0.7903 0.0000
vt 1.7046 0.0996 0.0000
vt 1.7049 0.0988 0.0000
vt 1.7057 0.0987 0.0000
vt 1.7756 0.0987 0.0000
vt 1.7764 0.0988 0.0000
vt 1.7764 0.0996 0.0000
vt -0.1861 1.8995 0.0000
vt -0.1862 1.9002 0.0000
vt -0.1870 1.9003 0.0000
vt -0.2050 1.8971 0.0000
vt -0.2058 1.8968 0.0000
vt -0.2060 1.8959 0.0000
vt -0.2138 1.1933 0.0000
vt -0.2137 1.1925 0.0000
vt -0.2129 1.1925 0.0000
vt -0.1953 1.1956 0.0000
vt -0.1945 1.1959 0.0000
vt -0.1943 1.1967 0.0000
vt -0.3874 -0.9904 0.0000
vt -0.3873 -0.9912 0.0000
vt -0.3864 -0.9913 0.0000
vt -0.3681 -0.9913 0.0000
vt -0.3674 -0.9912 0.0000
vt -0.3672 -0.9904 0.0000
vt -0.3672 -0.9719 0.0000
vt -0.3674 -0.9710 0.0000
vt -0.3681 -0.9709 0.0000
vt -0.3864 -0.9709 0.0000
vt -0.3873 -0.9710 0.0000
vt -0.3874 -0.9719 0.0000
# 96 texture coords

o Rectangle006
g Rectangle006
usemtl wire_140088225
s 1
f 169/289/169 170/290/170 171/291/171 172/292/172 
s 2
f 173/293/173 174/294/174 175/295/175 176/296/176 
s 4
f 177/297/177 178/298/178 179/299/179 180/300/180 
f 181/301/181 182/302/182 183/303/183 184/304/184 
s 2
f 185/305/185 186/306/186 187/307/187 188/308/188 
s 1
f 189/309/189 190/310/190 191/311/191 192/312/192 
f 169/289/169 193/313/193 194/314/194 195/315/195 
f 170/290/170 196/316/196 197/317/197 198/318/198 
f 171/291/171 199/319/199 200/320/200 201/321/201 
f 172/292/172 202/322/202 203/323/203 204/324/204 
s 2
f 173/293/173 205/325/205 206/326/206 207/327/207 
f 174/294/174 208/328/208 209/329/209 210/330/210 
f 175/295/175 211/331/211 197/332/197 196/333/196 
f 176/296/176 195/334/195 194/335/194 212/336/212 
s 4
f 177/297/177 204/337/204 203/338/203 213/339/213 
f 178/298/178 214/340/214 215/341/215 216/342/216 
f 179/299/179 217/343/217 206/344/206 205/345/205 
f 180/300/180 212/346/212 194/347/194 193/348/193 
f 181/301/181 210/349/210 209/350/209 218/351/218 
f 182/302/182 219/352/219 220/353/220 221/354/221 
f 183/303/183 222/355/222 200/356/200 199/357/199 
f 184/304/184 198/358/198 197/359/197 211/360/211 
s 2
f 185/305/185 221/361/221 220/362/220 223/363/223 
f 186/306/186 224/364/224 215/365/215 214/366/214 
f 187/307/187 213/367/213 203/368/203 202/369/202 
f 188/308/188 201/370/201 200/371/200 222/372/222 
s 1
f 189/309/189 216/373/216 215/374/215 224/375/224 
f 190/310/190 223/376/223 220/377/220 219/378/219 
f 191/311/191 218/379/218 209/380/209 208/381/208 
f 192/312/192 207/382/207 206/383/206 217/384/217 
f 170/290/170 169/289/169 195/315/195 196/316/196 
f 171/291/171 170/290/170 198/318/198 199/319/199 
f 172/292/172 171/291/171 201/321/201 202/322/202 
f 169/289/169 172/292/172 204/324/204 193/313/193 
s 2
f 174/294/174 173/293/173 207/327/207 208/328/208 
f 175/295/175 174/294/174 210/330/210 211/331/211 
f 176/296/176 175/295/175 196/333/196 195/334/195 
f 173/293/173 176/296/176 212/336/212 205/325/205 
s 4
f 178/298/178 177/297/177 213/339/213 214/340/214 
f 179/299/179 178/298/178 216/342/216 217/343/217 
f 180/300/180 179/299/179 205/345/205 212/346/212 
f 177/297/177 180/300/180 193/348/193 204/337/204 
f 182/302/182 181/301/181 218/351/218 219/352/219 
f 183/303/183 182/302/182 221/354/221 222/355/222 
f 184/304/184 183/303/183 199/357/199 198/358/198 
f 181/301/181 184/304/184 211/360/211 210/349/210 
s 2
f 186/306/186 185/305/185 223/363/223 224/364/224 
f 187/307/187 186/306/186 214/366/214 213/367/213 
f 188/308/188 187/307/187 202/369/202 201/370/201 
f 185/305/185 188/308/188 222/372/222 221/361/221 
s 1
f 190/310/190 189/309/189 224/375/224 223/376/223 
f 191/311/191 190/310/190 219/378/219 218/379/218 
f 192/312/192 191/311/191 208/381/208 207/382/207 
f 189/309/189 192/312/192 217/384/217 216/373/216 
# 54 polygons

#
# object Rectangle007
#

v  -462.0609 689.7767 -208.8931
v  -444.2932 689.7767 -209.1310
v  -442.7935 689.7767 -278.7080
v  -460.5524 689.7767 -278.7080
v  -331.1995 1.2708 -338.7981
v  -313.0298 1.2676 -338.7813
v  -444.1013 688.5085 -208.0886
v  -461.8253 688.5052 -207.8341
v  -461.5996 688.5076 -278.8466
v  -332.5327 1.2657 -358.5526
v  -332.4919 1.2734 -340.1036
v  -463.1185 688.5052 -209.1407
v  -311.6935 1.2732 -340.1041
v  -311.7342 1.2656 -358.5526
v  -441.2552 688.5077 -278.8465
v  -442.7646 688.5053 -209.4125
v  -313.0297 1.2834 -359.8511
v  -331.1993 1.2834 -359.8511
v  -460.2615 688.4933 -280.1488
v  -442.5459 688.4933 -280.1488
v  -330.9806 0.0000 -358.7080
v  -312.7653 0.0000 -358.7080
v  -312.7653 0.0000 -340.3233
v  -330.9806 0.0000 -340.3233
v  -462.9716 689.4588 -208.9460
v  -462.7946 689.3013 -208.1661
v  -462.0164 689.4588 -207.9821
v  -444.2588 689.4597 -208.2242
v  -443.4163 689.3017 -208.4290
v  -443.2647 689.4589 -209.2097
v  -441.7628 689.4594 -278.7428
v  -441.8803 689.2990 -279.5702
v  -442.7175 689.4558 -279.7142
v  -460.4659 689.4558 -279.7142
v  -461.2484 689.2989 -279.5701
v  -461.4604 689.4594 -278.7428
v  -332.1777 1.2598 -339.1222
v  -331.8712 0.4759 -339.4300
v  -331.0353 0.3177 -339.2960
v  -312.8315 0.3170 -339.2917
v  -312.0469 0.4749 -339.4266
v  -312.0365 1.2590 -339.1183
v  -443.1117 688.5180 -208.4218
v  -462.8081 688.5172 -208.1542
v  -461.2552 688.5078 -279.8220
v  -332.1878 1.2681 -359.5277
v  -331.8787 0.4770 -359.4595
v  -332.0146 0.3165 -358.6691
v  -332.0044 0.3183 -340.2684
v  -311.8514 0.3183 -340.2685
v  -311.8616 0.3164 -358.6691
v  -312.0555 0.4772 -359.4592
v  -312.0465 1.2680 -359.5278
v  -441.5681 688.5078 -279.8220
v  -312.8314 0.3209 -359.6398
v  -331.0353 0.3209 -359.6398
# 56 vertices

vn 0.0169 0.9998 -0.0041
vn -0.0157 0.9999 -0.0048
vn -0.0175 0.9998 0.0043
vn 0.0169 0.9998 0.0046
vn 0.0150 -0.1903 -0.9816
vn -0.0215 -0.1834 -0.9828
vn -0.0270 -0.1814 -0.9830
vn 0.0070 -0.1879 -0.9822
vn 0.9831 -0.1808 0.0273
vn 0.9829 -0.1840 0.0068
vn 0.9821 -0.1883 -0.0079
vn 0.9829 -0.1835 0.0125
vn -0.9824 0.1865 -0.0036
vn -0.9825 0.1861 0.0098
vn -0.9828 0.1841 -0.0148
vn -0.9827 0.1825 -0.0306
vn -0.0210 0.1185 0.9927
vn 0.0135 0.1123 0.9936
vn 0.0217 0.1117 0.9935
vn -0.0142 0.1182 0.9929
vn 0.0159 -0.9997 0.0169
vn -0.0162 -0.9997 0.0159
vn -0.0169 -0.9997 -0.0156
vn 0.0168 -0.9997 -0.0166
vn 0.7377 0.6750 0.0124
vn 0.6354 0.4464 -0.6301
vn 0.0035 0.6712 -0.7412
vn -0.0220 0.6128 -0.7899
vn -0.5471 0.5725 -0.6107
vn -0.6107 0.7917 -0.0161
vn -0.6521 0.7580 -0.0114
vn -0.5218 0.6715 0.5261
vn -0.0102 0.7279 0.6856
vn 0.0114 0.7696 0.6385
vn 0.6053 0.5521 0.5734
vn 0.7838 0.6207 0.0200
vn 0.6865 -0.2601 -0.6790
vn 0.5129 -0.6896 -0.5112
vn 0.0098 -0.7536 -0.6572
vn -0.0109 -0.7905 -0.6124
vn -0.6068 -0.5769 -0.5467
vn -0.7531 0.0183 -0.6576
vn -0.6491 -0.0205 -0.7604
vn 0.6860 -0.2596 -0.6797
vn 0.7398 -0.0609 0.6701
vn 0.6557 -0.0360 0.7541
vn 0.5373 -0.6000 0.5927
vn 0.6193 -0.7851 0.0103
vn 0.6621 -0.7494 -0.0099
vn -0.7883 -0.6152 -0.0108
vn -0.7571 -0.6532 0.0128
vn -0.6288 -0.4695 0.6198
vn -0.7058 0.2111 0.6762
vn -0.6854 0.2103 0.6971
vn -0.0125 -0.6971 0.7169
vn 0.0108 -0.6399 0.7684
# 56 vertex normals

vt -0.3413 1.0371 0.0000
vt -0.3234 1.0379 0.0000
vt -0.3244 1.1079 0.0000
vt -0.3422 1.1072 0.0000
vt 0.9518 1.1054 0.0000
vt 0.9335 1.1054 0.0000
vt 1.0652 0.4147 0.0000
vt 1.0831 0.4147 0.0000
vt 0.2768 -0.3732 0.0000
vt 0.2357 0.3208 0.0000
vt 0.2175 0.3176 0.0000
vt 0.2078 -0.3854 0.0000
vt 1.1440 1.1054 0.0000
vt 1.1254 1.1054 0.0000
vt 1.2055 0.4147 0.0000
vt 1.2753 0.4147 0.0000
vt -0.2552 -0.3454 0.0000
vt -0.2732 -0.3486 0.0000
vt -0.2810 -1.0512 0.0000
vt -0.2635 -1.0481 0.0000
vt -0.3416 1.3242 0.0000
vt -0.3233 1.3242 0.0000
vt -0.3233 1.3427 0.0000
vt -0.3416 1.3427 0.0000
vt -0.3422 1.0371 0.0000
vt -0.3420 1.0363 0.0000
vt -0.3412 1.0362 0.0000
vt -0.3234 1.0370 0.0000
vt -0.3225 1.0373 0.0000
vt -0.3224 1.0380 0.0000
vt -0.3233 1.1079 0.0000
vt -0.3235 1.1088 0.0000
vt -0.3243 1.1089 0.0000
vt -0.3422 1.1083 0.0000
vt -0.3429 1.1081 0.0000
vt -0.3431 1.1072 0.0000
vt 0.9528 1.1054 0.0000
vt 0.9525 1.1062 0.0000
vt 0.9516 1.1063 0.0000
vt 0.9333 1.1063 0.0000
vt 0.9325 1.1062 0.0000
vt 0.9325 1.1054 0.0000
vt 1.0643 0.4147 0.0000
vt 1.0646 0.4139 0.0000
vt 1.0654 0.4138 0.0000
vt 1.0833 0.4138 0.0000
vt 1.0840 0.4139 0.0000
vt 1.0840 0.4147 0.0000
vt 0.2768 -0.3742 0.0000
vt 0.2776 -0.3739 0.0000
vt 0.2777 -0.3731 0.0000
vt 0.2367 0.3210 0.0000
vt 0.2365 0.3218 0.0000
vt 0.2357 0.3218 0.0000
vt 0.2175 0.3186 0.0000
vt 0.2167 0.3183 0.0000
vt 0.2165 0.3174 0.0000
vt 0.2068 -0.3856 0.0000
vt 0.2070 -0.3864 0.0000
vt 0.2078 -0.3864 0.0000
vt 1.1450 1.1054 0.0000
vt 1.1447 1.1062 0.0000
vt 1.1438 1.1063 0.0000
vt 1.1253 1.1063 0.0000
vt 1.1245 1.1062 0.0000
vt 1.1245 1.1054 0.0000
vt 1.2046 0.4147 0.0000
vt 1.2048 0.4139 0.0000
vt 1.2057 0.4138 0.0000
vt 1.2755 0.4138 0.0000
vt 1.2763 0.4139 0.0000
vt 1.2763 0.4147 0.0000
vt -0.2542 -0.3452 0.0000
vt -0.2544 -0.3444 0.0000
vt -0.2552 -0.3444 0.0000
vt -0.2732 -0.3476 0.0000
vt -0.2740 -0.3479 0.0000
vt -0.2742 -0.3487 0.0000
vt -0.2820 -1.0514 0.0000
vt -0.2818 -1.0522 0.0000
vt -0.2810 -1.0522 0.0000
vt -0.2635 -1.0491 0.0000
vt -0.2627 -1.0488 0.0000
vt -0.2625 -1.0480 0.0000
vt -0.3427 1.3243 0.0000
vt -0.3425 1.3235 0.0000
vt -0.3417 1.3233 0.0000
vt -0.3234 1.3233 0.0000
vt -0.3226 1.3235 0.0000
vt -0.3224 1.3243 0.0000
vt -0.3224 1.3428 0.0000
vt -0.3226 1.3436 0.0000
vt -0.3234 1.3438 0.0000
vt -0.3417 1.3438 0.0000
vt -0.3425 1.3436 0.0000
vt -0.3427 1.3428 0.0000
# 96 texture coords

o Rectangle007
g Rectangle007
usemtl wire_140088225
s 1
f 225/385/225 226/386/226 227/387/227 228/388/228 
s 2
f 229/389/229 230/390/230 231/391/231 232/392/232 
s 4
f 233/393/233 234/394/234 235/395/235 236/396/236 
f 237/397/237 238/398/238 239/399/239 240/400/240 
s 2
f 241/401/241 242/402/242 243/403/243 244/404/244 
s 1
f 245/405/245 246/406/246 247/407/247 248/408/248 
f 225/385/225 249/409/249 250/410/250 251/411/251 
f 226/386/226 252/412/252 253/413/253 254/414/254 
f 227/387/227 255/415/255 256/416/256 257/417/257 
f 228/388/228 258/418/258 259/419/259 260/420/260 
s 2
f 229/389/229 261/421/261 262/422/262 263/423/263 
f 230/390/230 264/424/264 265/425/265 266/426/266 
f 231/391/231 267/427/267 253/428/253 252/429/252 
f 232/392/232 251/430/251 250/431/250 268/432/268 
s 4
f 233/393/233 260/433/260 259/434/259 269/435/269 
f 234/394/234 270/436/270 271/437/271 272/438/272 
f 235/395/235 273/439/273 262/440/262 261/441/261 
f 236/396/236 268/442/268 250/443/250 249/444/249 
f 237/397/237 266/445/266 265/446/265 274/447/274 
f 238/398/238 275/448/275 276/449/276 277/450/277 
f 239/399/239 278/451/278 256/452/256 255/453/255 
f 240/400/240 254/454/254 253/455/253 267/456/267 
s 2
f 241/401/241 277/457/277 276/458/276 279/459/279 
f 242/402/242 280/460/280 271/461/271 270/462/270 
f 243/403/243 269/463/269 259/464/259 258/465/258 
f 244/404/244 257/466/257 256/467/256 278/468/278 
s 1
f 245/405/245 272/469/272 271/470/271 280/471/280 
f 246/406/246 279/472/279 276/473/276 275/474/275 
f 247/407/247 274/475/274 265/476/265 264/477/264 
f 248/408/248 263/478/263 262/479/262 273/480/273 
f 226/386/226 225/385/225 251/411/251 252/412/252 
f 227/387/227 226/386/226 254/414/254 255/415/255 
f 228/388/228 227/387/227 257/417/257 258/418/258 
f 225/385/225 228/388/228 260/420/260 249/409/249 
s 2
f 230/390/230 229/389/229 263/423/263 264/424/264 
f 231/391/231 230/390/230 266/426/266 267/427/267 
f 232/392/232 231/391/231 252/429/252 251/430/251 
f 229/389/229 232/392/232 268/432/268 261/421/261 
s 4
f 234/394/234 233/393/233 269/435/269 270/436/270 
f 235/395/235 234/394/234 272/438/272 273/439/273 
f 236/396/236 235/395/235 261/441/261 268/442/268 
f 233/393/233 236/396/236 249/444/249 260/433/260 
f 238/398/238 237/397/237 274/447/274 275/448/275 
f 239/399/239 238/398/238 277/450/277 278/451/278 
f 240/400/240 239/399/239 255/453/255 254/454/254 
f 237/397/237 240/400/240 267/456/267 266/445/266 
s 2
f 242/402/242 241/401/241 279/459/279 280/460/280 
f 243/403/243 242/402/242 270/462/270 269/463/269 
f 244/404/244 243/403/243 258/465/258 257/466/257 
f 241/401/241 244/404/244 278/468/278 277/457/277 
s 1
f 246/406/246 245/405/245 280/471/280 279/472/279 
f 247/407/247 246/406/246 275/474/275 274/475/274 
f 248/408/248 247/407/247 264/477/264 263/478/263 
f 245/405/245 248/408/248 273/480/273 272/469/272 
# 54 polygons

#
# object Rectangle008
#

v  -501.0658 689.7767 -208.8931
v  -518.8335 689.7767 -209.1310
v  -520.3333 689.7767 -278.7080
v  -502.5743 689.7767 -278.7080
v  -631.9272 1.2708 -338.7981
v  -650.0969 1.2676 -338.7813
v  -519.0255 688.5085 -208.0886
v  -501.3015 688.5052 -207.8341
v  -501.5271 688.5076 -278.8466
v  -630.5940 1.2657 -358.5526
v  -630.6348 1.2734 -340.1036
v  -500.0082 688.5052 -209.1407
v  -651.4332 1.2732 -340.1041
v  -651.3925 1.2656 -358.5526
v  -521.8715 688.5077 -278.8465
v  -520.3621 688.5053 -209.4125
v  -650.0970 1.2834 -359.8511
v  -631.9274 1.2834 -359.8511
v  -502.8652 688.4933 -280.1488
v  -520.5808 688.4933 -280.1488
v  -632.1461 0.0000 -358.7080
v  -650.3614 0.0000 -358.7080
v  -650.3614 0.0000 -340.3233
v  -632.1461 0.0000 -340.3233
v  -500.1551 689.4588 -208.9460
v  -500.3321 689.3013 -208.1661
v  -501.1104 689.4588 -207.9821
v  -518.8680 689.4597 -208.2242
v  -519.7104 689.3017 -208.4290
v  -519.8620 689.4589 -209.2097
v  -521.3640 689.4594 -278.7428
v  -521.2464 689.2990 -279.5702
v  -520.4092 689.4558 -279.7142
v  -502.6608 689.4558 -279.7142
v  -501.8783 689.2989 -279.5701
v  -501.6664 689.4594 -278.7428
v  -630.9490 1.2598 -339.1222
v  -631.2556 0.4759 -339.4300
v  -632.0914 0.3177 -339.2960
v  -650.2952 0.3170 -339.2917
v  -651.0798 0.4749 -339.4266
v  -651.0902 1.2590 -339.1183
v  -520.0150 688.5180 -208.4218
v  -500.3186 688.5172 -208.1542
v  -501.8715 688.5078 -279.8220
v  -630.9390 1.2681 -359.5277
v  -631.2480 0.4770 -359.4595
v  -631.1121 0.3165 -358.6691
v  -631.1223 0.3183 -340.2684
v  -651.2753 0.3183 -340.2685
v  -651.2651 0.3164 -358.6691
v  -651.0712 0.4772 -359.4592
v  -651.0802 1.2680 -359.5278
v  -521.5587 688.5078 -279.8220
v  -650.2953 0.3209 -359.6398
v  -632.0914 0.3209 -359.6398
# 56 vertices

vn 0.0169 0.9998 -0.0041
vn -0.0157 0.9999 -0.0048
vn -0.0175 0.9998 0.0043
vn 0.0169 0.9998 0.0046
vn 0.0150 -0.1903 -0.9816
vn -0.0215 -0.1834 -0.9828
vn -0.0270 -0.1814 -0.9830
vn 0.0070 -0.1879 -0.9822
vn 0.9831 -0.1808 0.0273
vn 0.9829 -0.1840 0.0068
vn 0.9821 -0.1883 -0.0079
vn 0.9829 -0.1835 0.0125
vn -0.9824 0.1865 -0.0036
vn -0.9825 0.1861 0.0098
vn -0.9828 0.1841 -0.0148
vn -0.9827 0.1825 -0.0306
vn -0.0210 0.1185 0.9927
vn 0.0135 0.1123 0.9936
vn 0.0217 0.1117 0.9935
vn -0.0142 0.1182 0.9929
vn 0.0159 -0.9997 0.0169
vn -0.0162 -0.9997 0.0159
vn -0.0169 -0.9997 -0.0156
vn 0.0168 -0.9997 -0.0166
vn 0.7377 0.6750 0.0124
vn 0.6354 0.4464 -0.6301
vn 0.0035 0.6712 -0.7412
vn -0.0220 0.6128 -0.7899
vn -0.5471 0.5725 -0.6107
vn -0.6107 0.7917 -0.0161
vn -0.6521 0.7580 -0.0114
vn -0.5218 0.6715 0.5261
vn -0.0102 0.7279 0.6856
vn 0.0114 0.7696 0.6385
vn 0.6053 0.5521 0.5734
vn 0.7838 0.6207 0.0200
vn 0.6865 -0.2601 -0.6790
vn 0.5129 -0.6896 -0.5112
vn 0.0098 -0.7536 -0.6572
vn -0.0109 -0.7905 -0.6124
vn -0.6068 -0.5769 -0.5467
vn -0.7531 0.0183 -0.6576
vn -0.6491 -0.0205 -0.7604
vn 0.6860 -0.2596 -0.6797
vn 0.7398 -0.0609 0.6701
vn 0.6557 -0.0360 0.7541
vn 0.5373 -0.6000 0.5927
vn 0.6193 -0.7851 0.0103
vn 0.6621 -0.7494 -0.0099
vn -0.7883 -0.6152 -0.0108
vn -0.7571 -0.6532 0.0128
vn -0.6288 -0.4695 0.6198
vn -0.7058 0.2111 0.6762
vn -0.6854 0.2103 0.6971
vn -0.0125 -0.6971 0.7169
vn 0.0108 -0.6399 0.7684
# 56 vertex normals

vt -0.3413 1.1502 0.0000
vt -0.3234 1.1511 0.0000
vt -0.3244 1.2210 0.0000
vt -0.3422 1.2204 0.0000
vt 0.9518 1.8384 0.0000
vt 0.9335 1.8384 0.0000
vt 1.0652 1.1477 0.0000
vt 1.0831 1.1477 0.0000
vt 0.0422 -1.0391 0.0000
vt 0.0011 -0.3450 0.0000
vt -0.0171 -0.3482 0.0000
vt -0.0268 -1.0512 0.0000
vt 1.6441 1.5233 0.0000
vt 1.6255 1.5233 0.0000
vt 1.7056 0.8326 0.0000
vt 1.7754 0.8326 0.0000
vt -0.1870 0.4028 0.0000
vt -0.2050 0.3997 0.0000
vt -0.2128 -0.3030 0.0000
vt -0.1953 -0.2999 0.0000
vt -0.3416 1.3851 0.0000
vt -0.3233 1.3851 0.0000
vt -0.3233 1.4036 0.0000
vt -0.3416 1.4036 0.0000
vt -0.3422 1.1502 0.0000
vt -0.3420 1.1495 0.0000
vt -0.3412 1.1493 0.0000
vt -0.3234 1.1502 0.0000
vt -0.3225 1.1504 0.0000
vt -0.3224 1.1512 0.0000
vt -0.3233 1.2211 0.0000
vt -0.3235 1.2219 0.0000
vt -0.3243 1.2220 0.0000
vt -0.3422 1.2214 0.0000
vt -0.3429 1.2212 0.0000
vt -0.3431 1.2204 0.0000
vt 0.9528 1.8384 0.0000
vt 0.9525 1.8392 0.0000
vt 0.9516 1.8393 0.0000
vt 0.9333 1.8393 0.0000
vt 0.9325 1.8392 0.0000
vt 0.9325 1.8384 0.0000
vt 1.0643 1.1477 0.0000
vt 1.0646 1.1469 0.0000
vt 1.0654 1.1468 0.0000
vt 1.0833 1.1468 0.0000
vt 1.0840 1.1469 0.0000
vt 1.0840 1.1477 0.0000
vt 0.0422 -1.0400 0.0000
vt 0.0430 -1.0397 0.0000
vt 0.0431 -1.0389 0.0000
vt 0.0021 -0.3448 0.0000
vt 0.0019 -0.3441 0.0000
vt 0.0011 -0.3440 0.0000
vt -0.0171 -0.3473 0.0000
vt -0.0179 -0.3476 0.0000
vt -0.0181 -0.3484 0.0000
vt -0.0278 -1.0514 0.0000
vt -0.0277 -1.0522 0.0000
vt -0.0269 -1.0522 0.0000
vt 1.6450 1.5233 0.0000
vt 1.6447 1.5241 0.0000
vt 1.6439 1.5242 0.0000
vt 1.6254 1.5242 0.0000
vt 1.6246 1.5241 0.0000
vt 1.6245 1.5233 0.0000
vt 1.7046 0.8326 0.0000
vt 1.7049 0.8318 0.0000
vt 1.7057 0.8317 0.0000
vt 1.7756 0.8317 0.0000
vt 1.7764 0.8318 0.0000
vt 1.7764 0.8326 0.0000
vt -0.1861 0.4030 0.0000
vt -0.1862 0.4038 0.0000
vt -0.1870 0.4038 0.0000
vt -0.2050 0.4006 0.0000
vt -0.2058 0.4003 0.0000
vt -0.2060 0.3995 0.0000
vt -0.2138 -0.3032 0.0000
vt -0.2137 -0.3040 0.0000
vt -0.2129 -0.3040 0.0000
vt -0.1953 -0.3009 0.0000
vt -0.1945 -0.3006 0.0000
vt -0.1943 -0.2998 0.0000
vt -0.3427 1.3852 0.0000
vt -0.3425 1.3844 0.0000
vt -0.3417 1.3842 0.0000
vt -0.3234 1.3842 0.0000
vt -0.3226 1.3844 0.0000
vt -0.3224 1.3852 0.0000
vt -0.3224 1.4036 0.0000
vt -0.3226 1.4045 0.0000
vt -0.3234 1.4046 0.0000
vt -0.3417 1.4046 0.0000
vt -0.3425 1.4045 0.0000
vt -0.3427 1.4036 0.0000
# 96 texture coords

o Rectangle008
g Rectangle008
usemtl wire_140088225
s 1
f 284/484/284 283/483/283 282/482/282 281/481/281 
s 2
f 288/488/288 287/487/287 286/486/286 285/485/285 
s 4
f 292/492/292 291/491/291 290/490/290 289/489/289 
f 296/496/296 295/495/295 294/494/294 293/493/293 
s 2
f 300/500/300 299/499/299 298/498/298 297/497/297 
s 1
f 304/504/304 303/503/303 302/502/302 301/501/301 
f 307/507/307 306/506/306 305/505/305 281/481/281 
f 310/510/310 309/509/309 308/508/308 282/482/282 
f 313/513/313 312/512/312 311/511/311 283/483/283 
f 316/516/316 315/515/315 314/514/314 284/484/284 
s 2
f 319/519/319 318/518/318 317/517/317 285/485/285 
f 322/522/322 321/521/321 320/520/320 286/486/286 
f 308/525/308 309/524/309 323/523/323 287/487/287 
f 324/528/324 306/527/306 307/526/307 288/488/288 
s 4
f 325/531/325 315/530/315 316/529/316 289/489/289 
f 328/534/328 327/533/327 326/532/326 290/490/290 
f 317/537/317 318/536/318 329/535/329 291/491/291 
f 305/540/305 306/539/306 324/538/324 292/492/292 
f 330/543/330 321/542/321 322/541/322 293/493/293 
f 333/546/333 332/545/332 331/544/331 294/494/294 
f 311/549/311 312/548/312 334/547/334 295/495/295 
f 323/552/323 309/551/309 310/550/310 296/496/296 
s 2
f 335/555/335 332/554/332 333/553/333 297/497/297 
f 326/558/326 327/557/327 336/556/336 298/498/298 
f 314/561/314 315/560/315 325/559/325 299/499/299 
f 334/564/334 312/563/312 313/562/313 300/500/300 
s 1
f 336/567/336 327/566/327 328/565/328 301/501/301 
f 331/570/331 332/569/332 335/568/335 302/502/302 
f 320/573/320 321/572/321 330/571/330 303/503/303 
f 329/576/329 318/575/318 319/574/319 304/504/304 
f 308/508/308 307/507/307 281/481/281 282/482/282 
f 311/511/311 310/510/310 282/482/282 283/483/283 
f 314/514/314 313/513/313 283/483/283 284/484/284 
f 305/505/305 316/516/316 284/484/284 281/481/281 
s 2
f 320/520/320 319/519/319 285/485/285 286/486/286 
f 323/523/323 322/522/322 286/486/286 287/487/287 
f 307/526/307 308/525/308 287/487/287 288/488/288 
f 317/517/317 324/528/324 288/488/288 285/485/285 
s 4
f 326/532/326 325/531/325 289/489/289 290/490/290 
f 329/535/329 328/534/328 290/490/290 291/491/291 
f 324/538/324 317/537/317 291/491/291 292/492/292 
f 316/529/316 305/540/305 292/492/292 289/489/289 
f 331/544/331 330/543/330 293/493/293 294/494/294 
f 334/547/334 333/546/333 294/494/294 295/495/295 
f 310/550/310 311/549/311 295/495/295 296/496/296 
f 322/541/322 323/552/323 296/496/296 293/493/293 
s 2
f 336/556/336 335/555/335 297/497/297 298/498/298 
f 325/559/325 326/558/326 298/498/298 299/499/299 
f 313/562/313 314/561/314 299/499/299 300/500/300 
f 333/553/333 334/564/334 300/500/300 297/497/297 
s 1
f 335/568/335 336/567/336 301/501/301 302/502/302 
f 330/571/330 331/570/331 302/502/302 303/503/303 
f 319/574/319 320/573/320 303/503/303 304/504/304 
f 328/565/328 329/576/329 304/504/304 301/501/301 
# 54 polygons

#
# object Rectangle009
#

v  -462.0609 689.7767 208.8931
v  -444.2932 689.7767 209.1310
v  -442.7935 689.7767 278.7080
v  -460.5524 689.7767 278.7080
v  -331.1995 1.2708 338.7981
v  -313.0298 1.2676 338.7813
v  -444.1013 688.5085 208.0886
v  -461.8253 688.5052 207.8341
v  -461.5996 688.5076 278.8466
v  -332.5327 1.2657 358.5526
v  -332.4919 1.2734 340.1036
v  -463.1185 688.5052 209.1407
v  -311.6935 1.2732 340.1041
v  -311.7342 1.2656 358.5526
v  -441.2552 688.5077 278.8465
v  -442.7646 688.5053 209.4125
v  -313.0297 1.2834 359.8511
v  -331.1993 1.2834 359.8511
v  -460.2615 688.4933 280.1488
v  -442.5459 688.4933 280.1488
v  -330.9806 0.0000 358.7080
v  -312.7653 0.0000 358.7080
v  -312.7653 0.0000 340.3233
v  -330.9806 0.0000 340.3233
v  -462.9716 689.4588 208.9460
v  -462.7946 689.3013 208.1661
v  -462.0164 689.4588 207.9821
v  -444.2588 689.4597 208.2242
v  -443.4163 689.3017 208.4290
v  -443.2647 689.4589 209.2097
v  -441.7628 689.4594 278.7428
v  -441.8803 689.2990 279.5702
v  -442.7175 689.4558 279.7142
v  -460.4659 689.4558 279.7142
v  -461.2484 689.2989 279.5701
v  -461.4604 689.4594 278.7428
v  -332.1777 1.2598 339.1222
v  -331.8712 0.4759 339.4300
v  -331.0353 0.3177 339.2960
v  -312.8315 0.3170 339.2917
v  -312.0469 0.4749 339.4266
v  -312.0365 1.2590 339.1183
v  -443.1117 688.5180 208.4218
v  -462.8081 688.5172 208.1542
v  -461.2552 688.5078 279.8220
v  -332.1878 1.2681 359.5277
v  -331.8787 0.4770 359.4595
v  -332.0146 0.3165 358.6691
v  -332.0044 0.3183 340.2684
v  -311.8514 0.3183 340.2685
v  -311.8616 0.3164 358.6691
v  -312.0555 0.4772 359.4592
v  -312.0465 1.2680 359.5278
v  -441.5681 688.5078 279.8220
v  -312.8314 0.3209 359.6398
v  -331.0353 0.3209 359.6398
# 56 vertices

vn 0.0169 0.9998 -0.0041
vn -0.0157 0.9999 -0.0048
vn -0.0175 0.9998 0.0043
vn 0.0169 0.9998 0.0046
vn 0.0150 -0.1903 -0.9816
vn -0.0215 -0.1834 -0.9828
vn -0.0270 -0.1814 -0.9830
vn 0.0070 -0.1879 -0.9822
vn 0.9831 -0.1808 0.0273
vn 0.9829 -0.1840 0.0068
vn 0.9821 -0.1883 -0.0079
vn 0.9829 -0.1835 0.0125
vn -0.9824 0.1865 -0.0036
vn -0.9825 0.1861 0.0098
vn -0.9828 0.1841 -0.0148
vn -0.9827 0.1825 -0.0306
vn -0.0210 0.1185 0.9927
vn 0.0135 0.1123 0.9936
vn 0.0217 0.1117 0.9935
vn -0.0142 0.1182 0.9929
vn 0.0159 -0.9997 0.0169
vn -0.0162 -0.9997 0.0159
vn -0.0169 -0.9997 -0.0156
vn 0.0168 -0.9997 -0.0166
vn 0.7377 0.6750 0.0124
vn 0.6354 0.4464 -0.6301
vn 0.0035 0.6712 -0.7412
vn -0.0220 0.6128 -0.7899
vn -0.5471 0.5725 -0.6107
vn -0.6107 0.7917 -0.0161
vn -0.6521 0.7580 -0.0114
vn -0.5218 0.6715 0.5261
vn -0.0102 0.7279 0.6856
vn 0.0114 0.7696 0.6385
vn 0.6053 0.5521 0.5734
vn 0.7838 0.6207 0.0200
vn 0.6865 -0.2601 -0.6790
vn 0.5129 -0.6896 -0.5112
vn 0.0098 -0.7536 -0.6572
vn -0.0109 -0.7905 -0.6124
vn -0.6068 -0.5769 -0.5467
vn -0.7531 0.0183 -0.6576
vn -0.6491 -0.0205 -0.7604
vn 0.6860 -0.2596 -0.6797
vn 0.7398 -0.0609 0.6701
vn 0.6557 -0.0360 0.7541
vn 0.5373 -0.6000 0.5927
vn 0.6193 -0.7851 0.0103
vn 0.6621 -0.7494 -0.0099
vn -0.7883 -0.6152 -0.0108
vn -0.7571 -0.6532 0.0128
vn -0.6288 -0.4695 0.6198
vn -0.7058 0.2111 0.6762
vn -0.6854 0.2103 0.6971
vn -0.0125 -0.6971 0.7169
vn 0.0108 -0.6399 0.7684
# 56 vertex normals

vt -0.3413 0.8108 0.0000
vt -0.3234 0.8116 0.0000
vt -0.3244 0.8816 0.0000
vt -0.3422 0.8810 0.0000
vt 0.7595 0.3724 0.0000
vt 0.7412 0.3724 0.0000
vt 0.8730 -0.3183 0.0000
vt 0.8908 -0.3183 0.0000
vt 0.1535 -1.0391 0.0000
vt 0.1125 -0.3450 0.0000
vt 0.0942 -0.3482 0.0000
vt 0.0845 -1.0512 0.0000
vt 1.1440 -0.3606 0.0000
vt 1.1254 -0.3606 0.0000
vt 1.2055 -1.0513 0.0000
vt 1.2753 -1.0513 0.0000
vt -0.1870 1.1510 0.0000
vt -0.2050 1.1479 0.0000
vt -0.2128 0.4452 0.0000
vt -0.1953 0.4483 0.0000
vt -0.3864 -1.0513 0.0000
vt -0.3681 -1.0513 0.0000
vt -0.3681 -1.0328 0.0000
vt -0.3864 -1.0328 0.0000
vt -0.3422 0.8108 0.0000
vt -0.3420 0.8100 0.0000
vt -0.3412 0.8099 0.0000
vt -0.3234 0.8107 0.0000
vt -0.3225 0.8110 0.0000
vt -0.3224 0.8118 0.0000
vt -0.3233 0.8816 0.0000
vt -0.3235 0.8825 0.0000
vt -0.3243 0.8826 0.0000
vt -0.3422 0.8820 0.0000
vt -0.3429 0.8818 0.0000
vt -0.3431 0.8810 0.0000
vt 0.7605 0.3724 0.0000
vt 0.7602 0.3732 0.0000
vt 0.7593 0.3733 0.0000
vt 0.7410 0.3733 0.0000
vt 0.7403 0.3732 0.0000
vt 0.7402 0.3724 0.0000
vt 0.8720 -0.3183 0.0000
vt 0.8723 -0.3191 0.0000
vt 0.8731 -0.3192 0.0000
vt 0.8910 -0.3192 0.0000
vt 0.8918 -0.3191 0.0000
vt 0.8918 -0.3183 0.0000
vt 0.1536 -1.0400 0.0000
vt 0.1544 -1.0397 0.0000
vt 0.1545 -1.0389 0.0000
vt 0.1134 -0.3448 0.0000
vt 0.1132 -0.3441 0.0000
vt 0.1124 -0.3440 0.0000
vt 0.0942 -0.3473 0.0000
vt 0.0934 -0.3476 0.0000
vt 0.0932 -0.3484 0.0000
vt 0.0835 -1.0514 0.0000
vt 0.0837 -1.0522 0.0000
vt 0.0845 -1.0522 0.0000
vt 1.1450 -0.3606 0.0000
vt 1.1447 -0.3598 0.0000
vt 1.1438 -0.3596 0.0000
vt 1.1253 -0.3596 0.0000
vt 1.1245 -0.3598 0.0000
vt 1.1245 -0.3606 0.0000
vt 1.2046 -1.0513 0.0000
vt 1.2048 -1.0521 0.0000
vt 1.2057 -1.0522 0.0000
vt 1.2755 -1.0522 0.0000
vt 1.2763 -1.0521 0.0000
vt 1.2763 -1.0513 0.0000
vt -0.1861 1.1512 0.0000
vt -0.1862 1.1520 0.0000
vt -0.1870 1.1520 0.0000
vt -0.2050 1.1489 0.0000
vt -0.2058 1.1486 0.0000
vt -0.2060 1.1477 0.0000
vt -0.2138 0.4450 0.0000
vt -0.2137 0.4443 0.0000
vt -0.2129 0.4442 0.0000
vt -0.1953 0.4473 0.0000
vt -0.1945 0.4476 0.0000
vt -0.1943 0.4485 0.0000
vt -0.3874 -1.0512 0.0000
vt -0.3873 -1.0520 0.0000
vt -0.3864 -1.0522 0.0000
vt -0.3681 -1.0522 0.0000
vt -0.3674 -1.0520 0.0000
vt -0.3672 -1.0512 0.0000
vt -0.3672 -1.0327 0.0000
vt -0.3674 -1.0319 0.0000
vt -0.3681 -1.0318 0.0000
vt -0.3864 -1.0318 0.0000
vt -0.3873 -1.0319 0.0000
vt -0.3874 -1.0327 0.0000
# 96 texture coords

o Rectangle009
g Rectangle009
usemtl wire_140088225
s 1
f 340/580/340 339/579/339 338/578/338 337/577/337 
s 2
f 344/584/344 343/583/343 342/582/342 341/581/341 
s 4
f 348/588/348 347/587/347 346/586/346 345/585/345 
f 352/592/352 351/591/351 350/590/350 349/589/349 
s 2
f 356/596/356 355/595/355 354/594/354 353/593/353 
s 1
f 360/600/360 359/599/359 358/598/358 357/597/357 
f 363/603/363 362/602/362 361/601/361 337/577/337 
f 366/606/366 365/605/365 364/604/364 338/578/338 
f 369/609/369 368/608/368 367/607/367 339/579/339 
f 372/612/372 371/611/371 370/610/370 340/580/340 
s 2
f 375/615/375 374/614/374 373/613/373 341/581/341 
f 378/618/378 377/617/377 376/616/376 342/582/342 
f 364/621/364 365/620/365 379/619/379 343/583/343 
f 380/624/380 362/623/362 363/622/363 344/584/344 
s 4
f 381/627/381 371/626/371 372/625/372 345/585/345 
f 384/630/384 383/629/383 382/628/382 346/586/346 
f 373/633/373 374/632/374 385/631/385 347/587/347 
f 361/636/361 362/635/362 380/634/380 348/588/348 
f 386/639/386 377/638/377 378/637/378 349/589/349 
f 389/642/389 388/641/388 387/640/387 350/590/350 
f 367/645/367 368/644/368 390/643/390 351/591/351 
f 379/648/379 365/647/365 366/646/366 352/592/352 
s 2
f 391/651/391 388/650/388 389/649/389 353/593/353 
f 382/654/382 383/653/383 392/652/392 354/594/354 
f 370/657/370 371/656/371 381/655/381 355/595/355 
f 390/660/390 368/659/368 369/658/369 356/596/356 
s 1
f 392/663/392 383/662/383 384/661/384 357/597/357 
f 387/666/387 388/665/388 391/664/391 358/598/358 
f 376/669/376 377/668/377 386/667/386 359/599/359 
f 385/672/385 374/671/374 375/670/375 360/600/360 
f 364/604/364 363/603/363 337/577/337 338/578/338 
f 367/607/367 366/606/366 338/578/338 339/579/339 
f 370/610/370 369/609/369 339/579/339 340/580/340 
f 361/601/361 372/612/372 340/580/340 337/577/337 
s 2
f 376/616/376 375/615/375 341/581/341 342/582/342 
f 379/619/379 378/618/378 342/582/342 343/583/343 
f 363/622/363 364/621/364 343/583/343 344/584/344 
f 373/613/373 380/624/380 344/584/344 341/581/341 
s 4
f 382/628/382 381/627/381 345/585/345 346/586/346 
f 385/631/385 384/630/384 346/586/346 347/587/347 
f 380/634/380 373/633/373 347/587/347 348/588/348 
f 372/625/372 361/636/361 348/588/348 345/585/345 
f 387/640/387 386/639/386 349/589/349 350/590/350 
f 390/643/390 389/642/389 350/590/350 351/591/351 
f 366/646/366 367/645/367 351/591/351 352/592/352 
f 378/637/378 379/648/379 352/592/352 349/589/349 
s 2
f 392/652/392 391/651/391 353/593/353 354/594/354 
f 381/655/381 382/654/382 354/594/354 355/595/355 
f 369/658/369 370/657/370 355/595/355 356/596/356 
f 389/649/389 390/660/390 356/596/356 353/593/353 
s 1
f 391/664/391 392/663/392 357/597/357 358/598/358 
f 386/667/386 387/666/387 358/598/358 359/599/359 
f 375/670/375 376/669/376 359/599/359 360/600/360 
f 384/661/384 385/672/385 360/600/360 357/597/357 
# 54 polygons

#
# object Rectangle010
#

v  -501.0658 689.7767 208.8931
v  -518.8335 689.7767 209.1310
v  -520.3333 689.7767 278.7080
v  -502.5743 689.7767 278.7080
v  -631.9272 1.2708 338.7981
v  -650.0969 1.2676 338.7813
v  -519.0255 688.5085 208.0886
v  -501.3015 688.5052 207.8341
v  -501.5271 688.5076 278.8466
v  -630.5940 1.2657 358.5526
v  -630.6348 1.2734 340.1036
v  -500.0082 688.5052 209.1407
v  -651.4332 1.2732 340.1041
v  -651.3925 1.2656 358.5526
v  -521.8715 688.5077 278.8465
v  -520.3621 688.5053 209.4125
v  -650.0970 1.2834 359.8511
v  -631.9274 1.2834 359.8511
v  -502.8652 688.4933 280.1488
v  -520.5808 688.4933 280.1488
v  -632.1461 0.0000 358.7080
v  -650.3614 0.0000 358.7080
v  -650.3614 0.0000 340.3233
v  -632.1461 0.0000 340.3233
v  -500.1551 689.4588 208.9460
v  -500.3321 689.3013 208.1661
v  -501.1104 689.4588 207.9821
v  -518.8680 689.4597 208.2242
v  -519.7104 689.3017 208.4290
v  -519.8620 689.4589 209.2097
v  -521.3640 689.4594 278.7428
v  -521.2464 689.2990 279.5702
v  -520.4092 689.4558 279.7142
v  -502.6608 689.4558 279.7142
v  -501.8783 689.2989 279.5701
v  -501.6664 689.4594 278.7428
v  -630.9490 1.2598 339.1222
v  -631.2556 0.4759 339.4300
v  -632.0914 0.3177 339.2960
v  -650.2952 0.3170 339.2917
v  -651.0798 0.4749 339.4266
v  -651.0902 1.2590 339.1183
v  -520.0150 688.5180 208.4218
v  -500.3186 688.5172 208.1542
v  -501.8715 688.5078 279.8220
v  -630.9390 1.2681 359.5277
v  -631.2480 0.4770 359.4595
v  -631.1121 0.3165 358.6691
v  -631.1223 0.3183 340.2684
v  -651.2753 0.3183 340.2685
v  -651.2651 0.3164 358.6691
v  -651.0712 0.4772 359.4592
v  -651.0802 1.2680 359.5278
v  -521.5587 688.5078 279.8220
v  -650.2953 0.3209 359.6398
v  -632.0914 0.3209 359.6398
# 56 vertices

vn 0.0169 0.9998 -0.0041
vn -0.0157 0.9999 -0.0048
vn -0.0175 0.9998 0.0043
vn 0.0169 0.9998 0.0046
vn 0.0150 -0.1903 -0.9816
vn -0.0215 -0.1834 -0.9828
vn -0.0270 -0.1814 -0.9830
vn 0.0070 -0.1879 -0.9822
vn 0.9831 -0.1808 0.0273
vn 0.9829 -0.1840 0.0068
vn 0.9821 -0.1883 -0.0079
vn 0.9829 -0.1835 0.0125
vn -0.9824 0.1865 -0.0036
vn -0.9825 0.1861 0.0098
vn -0.9828 0.1841 -0.0148
vn -0.9827 0.1825 -0.0306
vn -0.0210 0.1185 0.9927
vn 0.0135 0.1123 0.9936
vn 0.0217 0.1117 0.9935
vn -0.0142 0.1182 0.9929
vn 0.0159 -0.9997 0.0169
vn -0.0162 -0.9997 0.0159
vn -0.0169 -0.9997 -0.0156
vn 0.0168 -0.9997 -0.0166
vn 0.7377 0.6750 0.0124
vn 0.6354 0.4464 -0.6301
vn 0.0035 0.6712 -0.7412
vn -0.0220 0.6128 -0.7899
vn -0.5471 0.5725 -0.6107
vn -0.6107 0.7917 -0.0161
vn -0.6521 0.7580 -0.0114
vn -0.5218 0.6715 0.5261
vn -0.0102 0.7279 0.6856
vn 0.0114 0.7696 0.6385
vn 0.6053 0.5521 0.5734
vn 0.7838 0.6207 0.0200
vn 0.6865 -0.2601 -0.6790
vn 0.5129 -0.6896 -0.5112
vn 0.0098 -0.7536 -0.6572
vn -0.0109 -0.7905 -0.6124
vn -0.6068 -0.5769 -0.5467
vn -0.7531 0.0183 -0.6576
vn -0.6491 -0.0205 -0.7604
vn 0.6860 -0.2596 -0.6797
vn 0.7398 -0.0609 0.6701
vn 0.6557 -0.0360 0.7541
vn 0.5373 -0.6000 0.5927
vn 0.6193 -0.7851 0.0103
vn 0.6621 -0.7494 -0.0099
vn -0.7883 -0.6152 -0.0108
vn -0.7571 -0.6532 0.0128
vn -0.6288 -0.4695 0.6198
vn -0.7058 0.2111 0.6762
vn -0.6854 0.2103 0.6971
vn -0.0125 -0.6971 0.7169
vn 0.0108 -0.6399 0.7684
# 56 vertex normals

vt -0.3413 0.4713 0.0000
vt -0.3234 0.4722 0.0000
vt -0.3244 0.5421 0.0000
vt -0.3422 0.5415 0.0000
vt 0.7595 1.8384 0.0000
vt 0.7412 1.8384 0.0000
vt 0.8730 1.1477 0.0000
vt 0.8908 1.1477 0.0000
vt 0.1535 0.4581 0.0000
vt 0.1125 1.1522 0.0000
vt 0.0942 1.1490 0.0000
vt 0.0845 0.4460 0.0000
vt 0.9517 0.3724 0.0000
vt 0.9332 0.3724 0.0000
vt 1.0133 -0.3183 0.0000
vt 1.0831 -0.3183 0.0000
vt -0.1870 -0.3454 0.0000
vt -0.2050 -0.3486 0.0000
vt -0.2128 -1.0512 0.0000
vt -0.1953 -1.0481 0.0000
vt -0.3416 1.4460 0.0000
vt -0.3233 1.4460 0.0000
vt -0.3233 1.4645 0.0000
vt -0.3416 1.4645 0.0000
vt -0.3422 0.4714 0.0000
vt -0.3420 0.4706 0.0000
vt -0.3412 0.4704 0.0000
vt -0.3234 0.4713 0.0000
vt -0.3225 0.4715 0.0000
vt -0.3224 0.4723 0.0000
vt -0.3233 0.5422 0.0000
vt -0.3235 0.5430 0.0000
vt -0.3243 0.5432 0.0000
vt -0.3422 0.5425 0.0000
vt -0.3429 0.5424 0.0000
vt -0.3431 0.5415 0.0000
vt 0.7605 1.8384 0.0000
vt 0.7602 1.8392 0.0000
vt 0.7593 1.8393 0.0000
vt 0.7410 1.8393 0.0000
vt 0.7403 1.8392 0.0000
vt 0.7402 1.8384 0.0000
vt 0.8720 1.1477 0.0000
vt 0.8723 1.1469 0.0000
vt 0.8731 1.1468 0.0000
vt 0.8910 1.1468 0.0000
vt 0.8918 1.1469 0.0000
vt 0.8918 1.1477 0.0000
vt 0.1536 0.4572 0.0000
vt 0.1544 0.4575 0.0000
vt 0.1545 0.4583 0.0000
vt 0.1134 1.1524 0.0000
vt 0.1132 1.1531 0.0000
vt 0.1124 1.1532 0.0000
vt 0.0942 1.1499 0.0000
vt 0.0934 1.1496 0.0000
vt 0.0932 1.1488 0.0000
vt 0.0835 0.4458 0.0000
vt 0.0837 0.4450 0.0000
vt 0.0845 0.4450 0.0000
vt 0.9527 0.3724 0.0000
vt 0.9524 0.3732 0.0000
vt 0.9515 0.3733 0.0000
vt 0.9331 0.3733 0.0000
vt 0.9323 0.3732 0.0000
vt 0.9322 0.3724 0.0000
vt 1.0123 -0.3183 0.0000
vt 1.0125 -0.3191 0.0000
vt 1.0134 -0.3192 0.0000
vt 1.0833 -0.3192 0.0000
vt 1.0840 -0.3191 0.0000
vt 1.0840 -0.3183 0.0000
vt -0.1861 -0.3452 0.0000
vt -0.1862 -0.3444 0.0000
vt -0.1870 -0.3444 0.0000
vt -0.2050 -0.3476 0.0000
vt -0.2058 -0.3479 0.0000
vt -0.2060 -0.3487 0.0000
vt -0.2138 -1.0514 0.0000
vt -0.2137 -1.0522 0.0000
vt -0.2129 -1.0522 0.0000
vt -0.1953 -1.0491 0.0000
vt -0.1945 -1.0488 0.0000
vt -0.1943 -1.0480 0.0000
vt -0.3427 1.4460 0.0000
vt -0.3425 1.4452 0.0000
vt -0.3417 1.4450 0.0000
vt -0.3234 1.4450 0.0000
vt -0.3226 1.4452 0.0000
vt -0.3224 1.4460 0.0000
vt -0.3224 1.4645 0.0000
vt -0.3226 1.4654 0.0000
vt -0.3234 1.4655 0.0000
vt -0.3417 1.4655 0.0000
vt -0.3425 1.4654 0.0000
vt -0.3427 1.4645 0.0000
# 96 texture coords

o Rectangle010
g Rectangle010
usemtl wire_140088225
s 1
f 393/673/393 394/674/394 395/675/395 396/676/396 
s 2
f 397/677/397 398/678/398 399/679/399 400/680/400 
s 4
f 401/681/401 402/682/402 403/683/403 404/684/404 
f 405/685/405 406/686/406 407/687/407 408/688/408 
s 2
f 409/689/409 410/690/410 411/691/411 412/692/412 
s 1
f 413/693/413 414/694/414 415/695/415 416/696/416 
f 393/673/393 417/697/417 418/698/418 419/699/419 
f 394/674/394 420/700/420 421/701/421 422/702/422 
f 395/675/395 423/703/423 424/704/424 425/705/425 
f 396/676/396 426/706/426 427/707/427 428/708/428 
s 2
f 397/677/397 429/709/429 430/710/430 431/711/431 
f 398/678/398 432/712/432 433/713/433 434/714/434 
f 399/679/399 435/715/435 421/716/421 420/717/420 
f 400/680/400 419/718/419 418/719/418 436/720/436 
s 4
f 401/681/401 428/721/428 427/722/427 437/723/437 
f 402/682/402 438/724/438 439/725/439 440/726/440 
f 403/683/403 441/727/441 430/728/430 429/729/429 
f 404/684/404 436/730/436 418/731/418 417/732/417 
f 405/685/405 434/733/434 433/734/433 442/735/442 
f 406/686/406 443/736/443 444/737/444 445/738/445 
f 407/687/407 446/739/446 424/740/424 423/741/423 
f 408/688/408 422/742/422 421/743/421 435/744/435 
s 2
f 409/689/409 445/745/445 444/746/444 447/747/447 
f 410/690/410 448/748/448 439/749/439 438/750/438 
f 411/691/411 437/751/437 427/752/427 426/753/426 
f 412/692/412 425/754/425 424/755/424 446/756/446 
s 1
f 413/693/413 440/757/440 439/758/439 448/759/448 
f 414/694/414 447/760/447 444/761/444 443/762/443 
f 415/695/415 442/763/442 433/764/433 432/765/432 
f 416/696/416 431/766/431 430/767/430 441/768/441 
f 394/674/394 393/673/393 419/699/419 420/700/420 
f 395/675/395 394/674/394 422/702/422 423/703/423 
f 396/676/396 395/675/395 425/705/425 426/706/426 
f 393/673/393 396/676/396 428/708/428 417/697/417 
s 2
f 398/678/398 397/677/397 431/711/431 432/712/432 
f 399/679/399 398/678/398 434/714/434 435/715/435 
f 400/680/400 399/679/399 420/717/420 419/718/419 
f 397/677/397 400/680/400 436/720/436 429/709/429 
s 4
f 402/682/402 401/681/401 437/723/437 438/724/438 
f 403/683/403 402/682/402 440/726/440 441/727/441 
f 404/684/404 403/683/403 429/729/429 436/730/436 
f 401/681/401 404/684/404 417/732/417 428/721/428 
f 406/686/406 405/685/405 442/735/442 443/736/443 
f 407/687/407 406/686/406 445/738/445 446/739/446 
f 408/688/408 407/687/407 423/741/423 422/742/422 
f 405/685/405 408/688/408 435/744/435 434/733/434 
s 2
f 410/690/410 409/689/409 447/747/447 448/748/448 
f 411/691/411 410/690/410 438/750/438 437/751/437 
f 412/692/412 411/691/411 426/753/426 425/754/425 
f 409/689/409 412/692/412 446/756/446 445/745/445 
s 1
f 414/694/414 413/693/413 448/759/448 447/760/447 
f 415/695/415 414/694/414 443/762/443 442/763/442 
f 416/696/416 415/695/415 432/765/432 431/766/431 
f 413/693/413 416/696/416 441/768/441 440/757/440 
# 54 polygons

#
# object Rectangle011
#

v  524.9730 691.2601 -311.4734
v  437.9759 691.2601 -311.4734
v  441.0574 708.7401 -311.4734
v  521.8898 708.7401 -311.4734
v  436.6931 691.2409 -310.2134
v  436.6931 691.2409 310.2134
v  439.7813 708.7592 310.2134
v  439.7813 708.7592 -310.2134
v  437.9759 691.2601 311.4734
v  524.9730 691.2601 311.4734
v  521.8898 708.7401 311.4734
v  441.0574 708.7401 311.4734
v  526.2558 691.2409 310.2134
v  526.2558 691.2409 -310.2134
v  523.1658 708.7592 -310.2134
v  523.1658 708.7592 310.2134
v  437.7344 690.0001 310.2134
v  437.7344 690.0001 -310.2134
v  525.2147 690.0001 -310.2134
v  525.2147 690.0001 310.2134
v  441.2601 710.0001 310.2134
v  521.6870 710.0001 310.2134
v  521.6870 710.0001 -310.2134
v  441.2601 710.0001 -310.2134
v  525.9351 691.2457 -311.1584
v  525.9165 690.4684 -311.0015
v  525.1542 690.3151 -311.1584
v  437.7947 690.3151 -311.1584
v  437.0325 690.4684 -311.0015
v  437.0138 691.2457 -311.1584
v  440.1003 708.7544 -311.1584
v  440.3931 709.5317 -311.0015
v  441.2094 709.6851 -311.1584
v  521.7377 709.6851 -311.1584
v  522.5540 709.5317 -311.0015
v  522.8468 708.7545 -311.1584
v  436.8441 690.3103 -310.2134
v  436.8441 690.3103 310.2134
v  437.0325 690.4684 311.0015
v  437.0138 691.2457 311.1584
v  440.1003 708.7544 311.1584
v  440.3931 709.5317 311.0015
v  440.2604 709.6898 310.2134
v  440.2604 709.6898 -310.2134
v  437.7947 690.3151 311.1584
v  525.1542 690.3151 311.1584
v  525.9165 690.4684 311.0015
v  525.9351 691.2457 311.1584
v  522.8468 708.7545 311.1584
v  522.5540 709.5317 311.0015
v  521.7377 709.6851 311.1584
v  441.2094 709.6851 311.1584
v  526.1050 690.3103 310.2134
v  526.1050 690.3103 -310.2134
v  522.6866 709.6898 -310.2134
v  522.6866 709.6898 310.2134
# 56 vertices

vn 0.0045 -0.0210 -0.9998
vn -0.0045 -0.0210 -0.9998
vn -0.0030 0.0141 -0.9999
vn 0.0030 0.0141 -0.9999
vn -0.9876 0.1572 -0.0005
vn -0.9876 0.1572 0.0005
vn -0.9818 0.1898 0.0005
vn -0.9818 0.1898 -0.0005
vn -0.0045 -0.0210 0.9998
vn 0.0045 -0.0210 0.9998
vn 0.0030 0.0141 0.9999
vn -0.0030 0.0141 0.9999
vn 0.9875 0.1573 0.0005
vn 0.9875 0.1573 -0.0005
vn 0.9818 0.1899 -0.0005
vn 0.9818 0.1899 0.0005
vn -0.0035 -1.0000 0.0005
vn -0.0035 -1.0000 -0.0005
vn 0.0035 -1.0000 -0.0005
vn 0.0035 -1.0000 0.0005
vn -0.0038 1.0000 0.0005
vn 0.0038 1.0000 0.0005
vn 0.0038 1.0000 -0.0005
vn -0.0038 1.0000 -0.0005
vn 0.7224 0.1155 -0.6818
vn 0.6162 -0.5170 -0.5941
vn 0.0025 -0.7344 -0.6787
vn -0.0025 -0.7344 -0.6787
vn -0.6162 -0.5171 -0.5941
vn -0.7223 0.1154 -0.6818
vn -0.6753 0.1295 -0.7261
vn -0.5306 0.6323 -0.5645
vn -0.0023 0.6849 -0.7287
vn 0.0023 0.6849 -0.7287
vn 0.5306 0.6323 -0.5645
vn 0.6753 0.1296 -0.7261
vn -0.7660 -0.6428 -0.0004
vn -0.7660 -0.6428 0.0004
vn -0.6162 -0.5171 0.5941
vn -0.7223 0.1154 0.6818
vn -0.6753 0.1295 0.7261
vn -0.5306 0.6323 0.5645
vn -0.6428 0.7660 0.0003
vn -0.6428 0.7660 -0.0003
vn -0.0025 -0.7344 0.6787
vn 0.0025 -0.7344 0.6787
vn 0.6162 -0.5170 0.5941
vn 0.7224 0.1155 0.6818
vn 0.6753 0.1296 0.7261
vn 0.5306 0.6323 0.5645
vn 0.0023 0.6849 0.7287
vn -0.0023 0.6849 0.7287
vn 0.7661 -0.6428 0.0004
vn 0.7661 -0.6428 -0.0004
vn 0.6428 0.7661 -0.0003
vn 0.6428 0.7661 0.0003
# 56 vertex normals

vt -0.5681 1.2084 0.0000
vt -0.5681 1.2958 0.0000
vt -0.5856 1.2927 0.0000
vt -0.5856 1.2115 0.0000
vt -0.4685 0.4161 0.0000
vt -0.4685 1.0396 0.0000
vt -0.4861 1.0396 0.0000
vt -0.4861 0.4161 0.0000
vt -0.5681 0.9685 0.0000
vt -0.5681 1.0559 0.0000
vt -0.5856 1.0528 0.0000
vt -0.5856 0.9716 0.0000
vt -0.3681 -0.1622 0.0000
vt -0.3681 0.4613 0.0000
vt -0.3857 0.4613 0.0000
vt -0.3857 -0.1622 0.0000
vt 0.3869 -0.4960 0.0000
vt 0.3869 0.1275 0.0000
vt 0.2990 0.1275 0.0000
vt 0.2990 -0.4960 0.0000
vt 0.3868 1.4591 0.0000
vt 0.3060 1.4591 0.0000
vt 0.3060 0.8356 0.0000
vt 0.3868 0.8356 0.0000
vt -0.5680 1.2074 0.0000
vt -0.5673 1.2074 0.0000
vt -0.5671 1.2082 0.0000
vt -0.5671 1.2960 0.0000
vt -0.5673 1.2967 0.0000
vt -0.5680 1.2968 0.0000
vt -0.5856 1.2937 0.0000
vt -0.5864 1.2934 0.0000
vt -0.5866 1.2925 0.0000
vt -0.5866 1.2116 0.0000
vt -0.5864 1.2108 0.0000
vt -0.5856 1.2105 0.0000
vt -0.4685 0.4151 0.0000
vt -0.4677 0.4153 0.0000
vt -0.4675 0.4161 0.0000
vt -0.4675 1.0396 0.0000
vt -0.4677 1.0404 0.0000
vt -0.4685 1.0405 0.0000
vt -0.4861 1.0405 0.0000
vt -0.4869 1.0404 0.0000
vt -0.4870 1.0396 0.0000
vt -0.4870 0.4161 0.0000
vt -0.4869 0.4153 0.0000
vt -0.4861 0.4151 0.0000
vt -0.5680 0.9675 0.0000
vt -0.5673 0.9675 0.0000
vt -0.5671 0.9683 0.0000
vt -0.5671 1.0561 0.0000
vt -0.5673 1.0569 0.0000
vt -0.5680 1.0569 0.0000
vt -0.5856 1.0538 0.0000
vt -0.5864 1.0535 0.0000
vt -0.5866 1.0527 0.0000
vt -0.5866 0.9717 0.0000
vt -0.5864 0.9709 0.0000
vt -0.5856 0.9706 0.0000
vt -0.3681 -0.1631 0.0000
vt -0.3673 -0.1630 0.0000
vt -0.3672 -0.1622 0.0000
vt -0.3672 0.4613 0.0000
vt -0.3673 0.4621 0.0000
vt -0.3681 0.4623 0.0000
vt -0.3857 0.4623 0.0000
vt -0.3865 0.4621 0.0000
vt -0.3866 0.4613 0.0000
vt -0.3866 -0.1622 0.0000
vt -0.3865 -0.1630 0.0000
vt -0.3857 -0.1631 0.0000
vt 0.3869 -0.4970 0.0000
vt 0.3876 -0.4968 0.0000
vt 0.3878 -0.4960 0.0000
vt 0.3878 0.1275 0.0000
vt 0.3876 0.1283 0.0000
vt 0.3869 0.1284 0.0000
vt 0.2991 0.1284 0.0000
vt 0.2983 0.1283 0.0000
vt 0.2981 0.1275 0.0000
vt 0.2981 -0.4960 0.0000
vt 0.2983 -0.4968 0.0000
vt 0.2991 -0.4970 0.0000
vt 0.3878 1.4591 0.0000
vt 0.3877 1.4599 0.0000
vt 0.3869 1.4601 0.0000
vt 0.3059 1.4601 0.0000
vt 0.3051 1.4599 0.0000
vt 0.3050 1.4591 0.0000
vt 0.3050 0.8356 0.0000
vt 0.3051 0.8348 0.0000
vt 0.3059 0.8347 0.0000
vt 0.3869 0.8347 0.0000
vt 0.3877 0.8348 0.0000
vt 0.3878 0.8356 0.0000
# 96 texture coords

o Rectangle011
g Rectangle011
usemtl wire_225087143
s 1
f 449/769/449 450/770/450 451/771/451 452/772/452 
s 2
f 453/773/453 454/774/454 455/775/455 456/776/456 
s 1
f 457/777/457 458/778/458 459/779/459 460/780/460 
s 2
f 461/781/461 462/782/462 463/783/463 464/784/464 
s 4
f 465/785/465 466/786/466 467/787/467 468/788/468 
f 469/789/469 470/790/470 471/791/471 472/792/472 
s 1
f 449/769/449 473/793/473 474/794/474 475/795/475 
f 450/770/450 476/796/476 477/797/477 478/798/478 
f 451/771/451 479/799/479 480/800/480 481/801/481 
f 452/772/452 482/802/482 483/803/483 484/804/484 
s 2
f 453/773/453 478/805/478 477/806/477 485/807/485 
f 454/774/454 486/808/486 487/809/487 488/810/488 
f 455/775/455 489/811/489 490/812/490 491/813/491 
f 456/776/456 492/814/492 480/815/480 479/816/479 
s 1
f 457/777/457 488/817/488 487/818/487 493/819/493 
f 458/778/458 494/820/494 495/821/495 496/822/496 
f 459/779/459 497/823/497 498/824/498 499/825/499 
f 460/780/460 500/826/500 490/827/490 489/828/489 
s 2
f 461/781/461 496/829/496 495/830/495 501/831/501 
f 462/782/462 502/832/502 474/833/474 473/834/473 
f 463/783/463 484/835/484 483/836/483 503/837/503 
f 464/784/464 504/838/504 498/839/498 497/840/497 
s 4
f 465/785/465 493/841/493 487/842/487 486/843/486 
f 466/786/466 485/844/485 477/845/477 476/846/476 
f 467/787/467 475/847/475 474/848/474 502/849/502 
f 468/788/468 501/850/501 495/851/495 494/852/494 
f 469/789/469 491/853/491 490/854/490 500/855/500 
f 470/790/470 499/856/499 498/857/498 504/858/504 
f 471/791/471 503/859/503 483/860/483 482/861/482 
f 472/792/472 481/862/481 480/863/480 492/864/492 
s 1
f 450/770/450 449/769/449 475/795/475 476/796/476 
f 451/771/451 450/770/450 478/798/478 479/799/479 
f 452/772/452 451/771/451 481/801/481 482/802/482 
f 449/769/449 452/772/452 484/804/484 473/793/473 
s 2
f 454/774/454 453/773/453 485/807/485 486/808/486 
f 455/775/455 454/774/454 488/810/488 489/811/489 
f 456/776/456 455/775/455 491/813/491 492/814/492 
f 453/773/453 456/776/456 479/816/479 478/805/478 
s 1
f 458/778/458 457/777/457 493/819/493 494/820/494 
f 459/779/459 458/778/458 496/822/496 497/823/497 
f 460/780/460 459/779/459 499/825/499 500/826/500 
f 457/777/457 460/780/460 489/828/489 488/817/488 
s 2
f 462/782/462 461/781/461 501/831/501 502/832/502 
f 463/783/463 462/782/462 473/834/473 484/835/484 
f 464/784/464 463/783/463 503/837/503 504/838/504 
f 461/781/461 464/784/464 497/840/497 496/829/496 
s 4
f 466/786/466 465/785/465 486/843/486 485/844/485 
f 467/787/467 466/786/466 476/846/476 475/847/475 
f 468/788/468 467/787/467 502/849/502 501/850/501 
f 465/785/465 468/788/468 494/852/494 493/841/493 
f 470/790/470 469/789/469 500/855/500 499/856/499 
f 471/791/471 470/790/470 504/858/504 503/859/503 
f 472/792/472 471/791/471 482/861/482 481/862/481 
f 469/789/469 472/792/472 492/864/492 491/853/491 
# 54 polygons

#
# object Rectangle012
#

v  -524.9728 691.2601 -311.4734
v  -437.9758 691.2601 -311.4734
v  -441.0573 708.7401 -311.4734
v  -521.8896 708.7401 -311.4734
v  -436.6930 691.2409 -310.2134
v  -436.6930 691.2409 310.2134
v  -439.7812 708.7592 310.2134
v  -439.7812 708.7592 -310.2134
v  -437.9758 691.2601 311.4734
v  -524.9728 691.2601 311.4734
v  -521.8896 708.7401 311.4734
v  -441.0573 708.7401 311.4734
v  -526.2557 691.2409 310.2134
v  -526.2557 691.2409 -310.2134
v  -523.1657 708.7592 -310.2134
v  -523.1657 708.7592 310.2134
v  -437.7343 690.0001 310.2134
v  -437.7343 690.0001 -310.2134
v  -525.2145 690.0001 -310.2134
v  -525.2145 690.0001 310.2134
v  -441.2599 710.0001 310.2134
v  -521.6868 710.0001 310.2134
v  -521.6868 710.0001 -310.2134
v  -441.2599 710.0001 -310.2134
v  -525.9350 691.2457 -311.1584
v  -525.9164 690.4684 -311.0015
v  -525.1541 690.3151 -311.1584
v  -437.7946 690.3151 -311.1584
v  -437.0324 690.4684 -311.0015
v  -437.0137 691.2457 -311.1584
v  -440.1002 708.7544 -311.1584
v  -440.3930 709.5317 -311.0015
v  -441.2093 709.6851 -311.1584
v  -521.7375 709.6851 -311.1584
v  -522.5538 709.5317 -311.0015
v  -522.8467 708.7545 -311.1584
v  -436.8439 690.3103 -310.2134
v  -436.8439 690.3103 310.2134
v  -437.0324 690.4684 311.0015
v  -437.0137 691.2457 311.1584
v  -440.1002 708.7544 311.1584
v  -440.3930 709.5317 311.0015
v  -440.2603 709.6898 310.2134
v  -440.2603 709.6898 -310.2134
v  -437.7946 690.3151 311.1584
v  -525.1541 690.3151 311.1584
v  -525.9164 690.4684 311.0015
v  -525.9350 691.2457 311.1584
v  -522.8467 708.7545 311.1584
v  -522.5538 709.5317 311.0015
v  -521.7375 709.6851 311.1584
v  -441.2093 709.6851 311.1584
v  -526.1049 690.3103 310.2134
v  -526.1049 690.3103 -310.2134
v  -522.6865 709.6898 -310.2134
v  -522.6865 709.6898 310.2134
# 56 vertices

vn 0.0045 -0.0210 -0.9998
vn -0.0045 -0.0210 -0.9998
vn -0.0030 0.0141 -0.9999
vn 0.0030 0.0141 -0.9999
vn -0.9876 0.1572 -0.0005
vn -0.9876 0.1572 0.0005
vn -0.9818 0.1898 0.0005
vn -0.9818 0.1898 -0.0005
vn -0.0045 -0.0210 0.9998
vn 0.0045 -0.0210 0.9998
vn 0.0030 0.0141 0.9999
vn -0.0030 0.0141 0.9999
vn 0.9875 0.1573 0.0005
vn 0.9875 0.1573 -0.0005
vn 0.9818 0.1899 -0.0005
vn 0.9818 0.1899 0.0005
vn -0.0035 -1.0000 0.0005
vn -0.0035 -1.0000 -0.0005
vn 0.0035 -1.0000 -0.0005
vn 0.0035 -1.0000 0.0005
vn -0.0038 1.0000 0.0005
vn 0.0038 1.0000 0.0005
vn 0.0038 1.0000 -0.0005
vn -0.0038 1.0000 -0.0005
vn 0.7224 0.1155 -0.6818
vn 0.6162 -0.5170 -0.5941
vn 0.0025 -0.7344 -0.6787
vn -0.0025 -0.7344 -0.6787
vn -0.6162 -0.5171 -0.5941
vn -0.7223 0.1154 -0.6818
vn -0.6753 0.1295 -0.7261
vn -0.5306 0.6323 -0.5645
vn -0.0023 0.6849 -0.7287
vn 0.0023 0.6849 -0.7287
vn 0.5306 0.6323 -0.5645
vn 0.6753 0.1296 -0.7261
vn -0.7660 -0.6428 -0.0004
vn -0.7660 -0.6428 0.0004
vn -0.6162 -0.5171 0.5941
vn -0.7223 0.1154 0.6818
vn -0.6753 0.1295 0.7261
vn -0.5306 0.6323 0.5645
vn -0.6428 0.7660 0.0003
vn -0.6428 0.7660 -0.0003
vn -0.0025 -0.7344 0.6787
vn 0.0025 -0.7344 0.6787
vn 0.6162 -0.5170 0.5941
vn 0.7224 0.1155 0.6818
vn 0.6753 0.1296 0.7261
vn 0.5306 0.6323 0.5645
vn 0.0023 0.6849 0.7287
vn -0.0023 0.6849 0.7287
vn 0.7661 -0.6428 0.0004
vn 0.7661 -0.6428 -0.0004
vn 0.6428 0.7661 -0.0003
vn 0.6428 0.7661 0.0003
# 56 vertex normals

vt -0.6676 -0.5508 0.0000
vt -0.6676 -0.4634 0.0000
vt -0.6852 -0.4664 0.0000
vt -0.6852 -0.5477 0.0000
vt -0.4685 1.0617 0.0000
vt -0.4685 1.6852 0.0000
vt -0.4861 1.6852 0.0000
vt -0.4861 1.0617 0.0000
vt -0.6676 0.8618 0.0000
vt -0.6676 0.9493 0.0000
vt -0.6852 0.9462 0.0000
vt -0.6852 0.8649 0.0000
vt -0.3681 -0.8078 0.0000
vt -0.3681 -0.1843 0.0000
vt -0.3857 -0.1843 0.0000
vt -0.3857 -0.8078 0.0000
vt 0.3869 0.1698 0.0000
vt 0.3869 0.7933 0.0000
vt 0.2990 0.7933 0.0000
vt 0.2990 0.1698 0.0000
vt 0.2767 -0.4278 0.0000
vt 0.1959 -0.4278 0.0000
vt 0.1959 -1.0513 0.0000
vt 0.2767 -1.0513 0.0000
vt -0.6676 -0.5517 0.0000
vt -0.6668 -0.5517 0.0000
vt -0.6667 -0.5510 0.0000
vt -0.6667 -0.4632 0.0000
vt -0.6668 -0.4624 0.0000
vt -0.6676 -0.4624 0.0000
vt -0.6852 -0.4655 0.0000
vt -0.6860 -0.4658 0.0000
vt -0.6861 -0.4666 0.0000
vt -0.6861 -0.5475 0.0000
vt -0.6860 -0.5483 0.0000
vt -0.6852 -0.5486 0.0000
vt -0.4685 1.0607 0.0000
vt -0.4677 1.0609 0.0000
vt -0.4675 1.0617 0.0000
vt -0.4675 1.6852 0.0000
vt -0.4677 1.6860 0.0000
vt -0.4685 1.6861 0.0000
vt -0.4861 1.6861 0.0000
vt -0.4869 1.6860 0.0000
vt -0.4870 1.6852 0.0000
vt -0.4870 1.0617 0.0000
vt -0.4869 1.0609 0.0000
vt -0.4861 1.0607 0.0000
vt -0.6676 0.8609 0.0000
vt -0.6668 0.8609 0.0000
vt -0.6667 0.8617 0.0000
vt -0.6667 0.9494 0.0000
vt -0.6668 0.9502 0.0000
vt -0.6676 0.9502 0.0000
vt -0.6852 0.9471 0.0000
vt -0.6860 0.9468 0.0000
vt -0.6861 0.9460 0.0000
vt -0.6861 0.8651 0.0000
vt -0.6860 0.8643 0.0000
vt -0.6852 0.8640 0.0000
vt -0.3681 -0.8087 0.0000
vt -0.3673 -0.8086 0.0000
vt -0.3672 -0.8078 0.0000
vt -0.3672 -0.1843 0.0000
vt -0.3673 -0.1835 0.0000
vt -0.3681 -0.1833 0.0000
vt -0.3857 -0.1833 0.0000
vt -0.3865 -0.1835 0.0000
vt -0.3866 -0.1843 0.0000
vt -0.3866 -0.8078 0.0000
vt -0.3865 -0.8086 0.0000
vt -0.3857 -0.8087 0.0000
vt 0.3869 0.1688 0.0000
vt 0.3876 0.1690 0.0000
vt 0.3878 0.1698 0.0000
vt 0.3878 0.7933 0.0000
vt 0.3876 0.7941 0.0000
vt 0.3869 0.7943 0.0000
vt 0.2991 0.7943 0.0000
vt 0.2983 0.7941 0.0000
vt 0.2981 0.7933 0.0000
vt 0.2981 0.1698 0.0000
vt 0.2983 0.1690 0.0000
vt 0.2991 0.1688 0.0000
vt 0.2777 -0.4278 0.0000
vt 0.2776 -0.4270 0.0000
vt 0.2768 -0.4268 0.0000
vt 0.1959 -0.4268 0.0000
vt 0.1950 -0.4270 0.0000
vt 0.1949 -0.4278 0.0000
vt 0.1949 -1.0513 0.0000
vt 0.1950 -1.0521 0.0000
vt 0.1959 -1.0522 0.0000
vt 0.2768 -1.0522 0.0000
vt 0.2776 -1.0521 0.0000
vt 0.2777 -1.0513 0.0000
# 96 texture coords

o Rectangle012
g Rectangle012
usemtl wire_225087143
s 1
f 508/868/508 507/867/507 506/866/506 505/865/505 
s 2
f 512/872/512 511/871/511 510/870/510 509/869/509 
s 1
f 516/876/516 515/875/515 514/874/514 513/873/513 
s 2
f 520/880/520 519/879/519 518/878/518 517/877/517 
s 4
f 524/884/524 523/883/523 522/882/522 521/881/521 
f 528/888/528 527/887/527 526/886/526 525/885/525 
s 1
f 531/891/531 530/890/530 529/889/529 505/865/505 
f 534/894/534 533/893/533 532/892/532 506/866/506 
f 537/897/537 536/896/536 535/895/535 507/867/507 
f 540/900/540 539/899/539 538/898/538 508/868/508 
s 2
f 541/903/541 533/902/533 534/901/534 509/869/509 
f 544/906/544 543/905/543 542/904/542 510/870/510 
f 547/909/547 546/908/546 545/907/545 511/871/511 
f 535/912/535 536/911/536 548/910/548 512/872/512 
s 1
f 549/915/549 543/914/543 544/913/544 513/873/513 
f 552/918/552 551/917/551 550/916/550 514/874/514 
f 555/921/555 554/920/554 553/919/553 515/875/515 
f 545/924/545 546/923/546 556/922/556 516/876/516 
s 2
f 557/927/557 551/926/551 552/925/552 517/877/517 
f 529/930/529 530/929/530 558/928/558 518/878/518 
f 559/933/559 539/932/539 540/931/540 519/879/519 
f 553/936/553 554/935/554 560/934/560 520/880/520 
s 4
f 542/939/542 543/938/543 549/937/549 521/881/521 
f 532/942/532 533/941/533 541/940/541 522/882/522 
f 558/945/558 530/944/530 531/943/531 523/883/523 
f 550/948/550 551/947/551 557/946/557 524/884/524 
f 556/951/556 546/950/546 547/949/547 525/885/525 
f 560/954/560 554/953/554 555/952/555 526/886/526 
f 538/957/538 539/956/539 559/955/559 527/887/527 
f 548/960/548 536/959/536 537/958/537 528/888/528 
s 1
f 532/892/532 531/891/531 505/865/505 506/866/506 
f 535/895/535 534/894/534 506/866/506 507/867/507 
f 538/898/538 537/897/537 507/867/507 508/868/508 
f 529/889/529 540/900/540 508/868/508 505/865/505 
s 2
f 542/904/542 541/903/541 509/869/509 510/870/510 
f 545/907/545 544/906/544 510/870/510 511/871/511 
f 548/910/548 547/909/547 511/871/511 512/872/512 
f 534/901/534 535/912/535 512/872/512 509/869/509 
s 1
f 550/916/550 549/915/549 513/873/513 514/874/514 
f 553/919/553 552/918/552 514/874/514 515/875/515 
f 556/922/556 555/921/555 515/875/515 516/876/516 
f 544/913/544 545/924/545 516/876/516 513/873/513 
s 2
f 558/928/558 557/927/557 517/877/517 518/878/518 
f 540/931/540 529/930/529 518/878/518 519/879/519 
f 560/934/560 559/933/559 519/879/519 520/880/520 
f 552/925/552 553/936/553 520/880/520 517/877/517 
s 4
f 541/940/541 542/939/542 521/881/521 522/882/522 
f 531/943/531 532/942/532 522/882/522 523/883/523 
f 557/946/557 558/945/558 523/883/523 524/884/524 
f 549/937/549 550/948/550 524/884/524 521/881/521 
f 555/952/555 556/951/556 525/885/525 526/886/526 
f 559/955/559 560/954/560 526/886/526 527/887/527 
f 537/958/537 538/957/538 527/887/527 528/888/528 
f 547/949/547 548/960/548 528/888/528 525/885/525 
# 54 polygons

#
# object Line002
#

v  -531.2261 648.6802 281.1265
v  -549.4777 551.8061 292.3583
v  -549.4777 553.1744 304.6624
v  -531.2261 650.0485 293.4306
v  -548.4495 550.5759 292.5009
v  -414.4974 550.5759 292.5009
v  -414.4974 551.9442 304.8051
v  -548.4495 551.9442 304.8051
v  -413.4692 551.8061 292.3583
v  -431.7209 648.6802 281.1265
v  -431.7209 650.0485 293.4306
v  -413.4692 553.1744 304.6624
v  -433.2126 649.9104 280.9838
v  -529.7343 649.9104 280.9838
v  -529.7343 651.2787 293.2880
v  -433.2126 651.2787 293.2880
v  -548.1918 551.6882 291.1035
v  -529.9482 648.5195 279.8767
v  -432.9987 648.5195 279.8767
v  -414.7551 551.6882 291.1035
v  -548.1918 553.3350 305.9122
v  -414.7551 553.3350 305.9122
v  -432.9987 650.1664 294.6854
v  -529.9482 650.1664 294.6854
v  -530.7372 649.6028 281.0195
v  -530.6058 649.3585 280.2545
v  -530.9066 648.5704 280.1879
v  -549.1562 551.7070 291.4185
v  -549.1460 550.9534 291.6637
v  -549.3365 550.8834 292.4653
v  -549.3365 552.2517 304.7694
v  -549.1460 552.4960 305.5345
v  -549.1562 553.2842 305.6010
v  -530.9066 650.1476 294.3705
v  -530.6058 650.9011 294.1251
v  -530.7372 650.9712 293.3236
v  -548.3851 550.7843 291.5254
v  -414.5618 550.7843 291.5254
v  -413.8009 550.9534 291.6637
v  -413.6104 550.8834 292.4653
v  -413.6104 552.2517 304.7694
v  -413.8009 552.4960 305.5345
v  -414.5618 552.3615 305.7080
v  -548.3851 552.3615 305.7080
v  -413.7907 551.7070 291.4185
v  -432.0403 648.5704 280.1879
v  -432.3411 649.3585 280.2545
v  -432.2097 649.6028 281.0195
v  -432.2097 650.9712 293.3236
v  -432.3411 650.9011 294.1251
v  -432.0403 650.1476 294.3705
v  -413.7907 553.2842 305.6010
v  -433.1591 649.4931 280.0809
v  -529.7877 649.4931 280.0809
v  -529.7877 651.0703 294.2635
v  -433.1591 651.0703 294.2635
# 56 vertices

vn -0.9821 -0.0244 -0.1868
vn -0.9833 -0.0226 -0.1808
vn -0.9832 0.0228 -0.1810
vn -0.9821 0.0242 -0.1870
vn -0.0023 -0.0227 0.9997
vn 0.0023 -0.0227 0.9997
vn 0.0023 0.0227 0.9997
vn -0.0023 0.0227 0.9997
vn 0.9833 -0.0226 -0.1808
vn 0.9821 -0.0244 -0.1868
vn 0.9821 0.0242 -0.1870
vn 0.9832 0.0228 -0.1810
vn 0.0031 -0.0243 -0.9997
vn -0.0031 -0.0243 -0.9997
vn -0.0031 0.0243 -0.9997
vn 0.0031 0.0243 -0.9997
vn -0.0034 -1.0000 0.0087
vn -0.0022 -1.0000 0.0021
vn 0.0022 -1.0000 0.0021
vn 0.0034 -1.0000 0.0087
vn -0.0034 1.0000 -0.0006
vn 0.0034 1.0000 -0.0006
vn 0.0022 1.0000 -0.0073
vn -0.0022 1.0000 -0.0073
vn -0.6382 -0.0147 -0.7697
vn -0.5280 -0.5650 -0.6340
vn -0.6717 -0.7303 -0.1242
vn -0.7246 -0.6767 -0.1302
vn -0.6179 -0.5941 0.5149
vn -0.7699 -0.0171 0.6379
vn -0.7687 0.0172 0.6394
vn -0.6186 0.5963 0.5116
vn -0.7228 0.6775 -0.1362
vn -0.6724 0.7285 -0.1312
vn -0.5271 0.5626 -0.6369
vn -0.6392 0.0146 -0.7689
vn -0.0016 -0.6751 0.7377
vn 0.0016 -0.6751 0.7377
vn 0.6179 -0.5941 0.5149
vn 0.7699 -0.0171 0.6379
vn 0.7687 0.0172 0.6394
vn 0.6186 0.5963 0.5116
vn 0.0016 0.6782 0.7349
vn -0.0016 0.6782 0.7349
vn 0.7246 -0.6767 -0.1302
vn 0.6717 -0.7303 -0.1242
vn 0.5280 -0.5650 -0.6340
vn 0.6382 -0.0147 -0.7697
vn 0.6392 0.0146 -0.7689
vn 0.5271 0.5626 -0.6369
vn 0.6724 0.7285 -0.1312
vn 0.7228 0.6775 -0.1362
vn 0.0020 -0.7315 -0.6818
vn -0.0020 -0.7315 -0.6818
vn -0.0019 0.7281 -0.6855
vn 0.0019 0.7281 -0.6855
# 56 vertex normals

vt -0.6676 1.3418 0.0000
vt -0.6681 1.4398 0.0000
vt -0.6805 1.4398 0.0000
vt -0.6801 1.3418 0.0000
vt -0.7073 -0.0567 0.0000
vt -0.7073 0.0779 0.0000
vt -0.7197 0.0779 0.0000
vt -0.7197 -0.0567 0.0000
vt -0.6681 1.4619 0.0000
vt -0.6676 1.5599 0.0000
vt -0.6801 1.5599 0.0000
vt -0.6805 1.4619 0.0000
vt -0.7073 -0.1758 0.0000
vt -0.7073 -0.0788 0.0000
vt -0.7197 -0.0788 0.0000
vt -0.7197 -0.1758 0.0000
vt 0.6009 1.4573 0.0000
vt 0.6989 1.4756 0.0000
vt 0.6989 1.5730 0.0000
vt 0.6009 1.5914 0.0000
vt 0.5069 -0.8950 0.0000
vt 0.5069 -0.7609 0.0000
vt 0.4090 -0.7792 0.0000
vt 0.4090 -0.8767 0.0000
vt -0.6676 1.3409 0.0000
vt -0.6668 1.3411 0.0000
vt -0.6667 1.3418 0.0000
vt -0.6671 1.4398 0.0000
vt -0.6673 1.4406 0.0000
vt -0.6681 1.4408 0.0000
vt -0.6805 1.4408 0.0000
vt -0.6813 1.4406 0.0000
vt -0.6815 1.4398 0.0000
vt -0.6810 1.3418 0.0000
vt -0.6809 1.3411 0.0000
vt -0.6801 1.3409 0.0000
vt -0.7073 -0.0576 0.0000
vt -0.7065 -0.0574 0.0000
vt -0.7064 -0.0566 0.0000
vt -0.7064 0.0779 0.0000
vt -0.7065 0.0786 0.0000
vt -0.7073 0.0788 0.0000
vt -0.7197 0.0788 0.0000
vt -0.7205 0.0786 0.0000
vt -0.7207 0.0779 0.0000
vt -0.7207 -0.0566 0.0000
vt -0.7205 -0.0574 0.0000
vt -0.7197 -0.0576 0.0000
vt -0.6681 1.4610 0.0000
vt -0.6673 1.4611 0.0000
vt -0.6671 1.4619 0.0000
vt -0.6667 1.5599 0.0000
vt -0.6668 1.5607 0.0000
vt -0.6676 1.5609 0.0000
vt -0.6801 1.5609 0.0000
vt -0.6809 1.5607 0.0000
vt -0.6810 1.5599 0.0000
vt -0.6815 1.4619 0.0000
vt -0.6813 1.4611 0.0000
vt -0.6805 1.4610 0.0000
vt -0.7073 -0.1768 0.0000
vt -0.7065 -0.1767 0.0000
vt -0.7064 -0.1759 0.0000
vt -0.7064 -0.0787 0.0000
vt -0.7065 -0.0779 0.0000
vt -0.7073 -0.0778 0.0000
vt -0.7197 -0.0778 0.0000
vt -0.7205 -0.0779 0.0000
vt -0.7207 -0.0787 0.0000
vt -0.7207 -0.1759 0.0000
vt -0.7205 -0.1767 0.0000
vt -0.7197 -0.1768 0.0000
vt 0.6000 1.4571 0.0000
vt 0.6001 1.4563 0.0000
vt 0.6009 1.4563 0.0000
vt 0.6989 1.4746 0.0000
vt 0.6997 1.4749 0.0000
vt 0.6998 1.4758 0.0000
vt 0.6998 1.5729 0.0000
vt 0.6997 1.5737 0.0000
vt 0.6989 1.5740 0.0000
vt 0.6009 1.5923 0.0000
vt 0.6001 1.5923 0.0000
vt 0.6000 1.5916 0.0000
vt 0.5069 -0.8960 0.0000
vt 0.5077 -0.8960 0.0000
vt 0.5079 -0.8952 0.0000
vt 0.5079 -0.7607 0.0000
vt 0.5077 -0.7599 0.0000
vt 0.5069 -0.7599 0.0000
vt 0.4090 -0.7783 0.0000
vt 0.4082 -0.7786 0.0000
vt 0.4080 -0.7794 0.0000
vt 0.4080 -0.8765 0.0000
vt 0.4082 -0.8773 0.0000
vt 0.4090 -0.8776 0.0000
# 96 texture coords

o Line002
g Line002
usemtl wire_229154215
s 1
f 561/961/561 562/962/562 563/963/563 564/964/564 
s 2
f 565/965/565 566/966/566 567/967/567 568/968/568 
s 1
f 569/969/569 570/970/570 571/971/571 572/972/572 
s 2
f 573/973/573 574/974/574 575/975/575 576/976/576 
s 4
f 577/977/577 578/978/578 579/979/579 580/980/580 
f 581/981/581 582/982/582 583/983/583 584/984/584 
s 1
f 561/961/561 585/985/585 586/986/586 587/987/587 
f 562/962/562 588/988/588 589/989/589 590/990/590 
f 563/963/563 591/991/591 592/992/592 593/993/593 
f 564/964/564 594/994/594 595/995/595 596/996/596 
s 2
f 565/965/565 590/997/590 589/998/589 597/999/597 
f 566/966/566 598/1000/598 599/1001/599 600/1002/600 
f 567/967/567 601/1003/601 602/1004/602 603/1005/603 
f 568/968/568 604/1006/604 592/1007/592 591/1008/591 
s 1
f 569/969/569 600/1009/600 599/1010/599 605/1011/605 
f 570/970/570 606/1012/606 607/1013/607 608/1014/608 
f 571/971/571 609/1015/609 610/1016/610 611/1017/611 
f 572/972/572 612/1018/612 602/1019/602 601/1020/601 
s 2
f 573/973/573 608/1021/608 607/1022/607 613/1023/613 
f 574/974/574 614/1024/614 586/1025/586 585/1026/585 
f 575/975/575 596/1027/596 595/1028/595 615/1029/615 
f 576/976/576 616/1030/616 610/1031/610 609/1032/609 
s 4
f 577/977/577 597/1033/597 589/1034/589 588/1035/588 
f 578/978/578 587/1036/587 586/1037/586 614/1038/614 
f 579/979/579 613/1039/613 607/1040/607 606/1041/606 
f 580/980/580 605/1042/605 599/1043/599 598/1044/598 
f 581/981/581 593/1045/593 592/1046/592 604/1047/604 
f 582/982/582 603/1048/603 602/1049/602 612/1050/612 
f 583/983/583 611/1051/611 610/1052/610 616/1053/616 
f 584/984/584 615/1054/615 595/1055/595 594/1056/594 
s 1
f 562/962/562 561/961/561 587/987/587 588/988/588 
f 563/963/563 562/962/562 590/990/590 591/991/591 
f 564/964/564 563/963/563 593/993/593 594/994/594 
f 561/961/561 564/964/564 596/996/596 585/985/585 
s 2
f 566/966/566 565/965/565 597/999/597 598/1000/598 
f 567/967/567 566/966/566 600/1002/600 601/1003/601 
f 568/968/568 567/967/567 603/1005/603 604/1006/604 
f 565/965/565 568/968/568 591/1008/591 590/997/590 
s 1
f 570/970/570 569/969/569 605/1011/605 606/1012/606 
f 571/971/571 570/970/570 608/1014/608 609/1015/609 
f 572/972/572 571/971/571 611/1017/611 612/1018/612 
f 569/969/569 572/972/572 601/1020/601 600/1009/600 
s 2
f 574/974/574 573/973/573 613/1023/613 614/1024/614 
f 575/975/575 574/974/574 585/1026/585 596/1027/596 
f 576/976/576 575/975/575 615/1029/615 616/1030/616 
f 573/973/573 576/976/576 609/1032/609 608/1021/608 
s 4
f 578/978/578 577/977/577 588/1035/588 587/1036/587 
f 579/979/579 578/978/578 614/1038/614 613/1039/613 
f 580/980/580 579/979/579 606/1041/606 605/1042/605 
f 577/977/577 580/980/580 598/1044/598 597/1033/597 
f 582/982/582 581/981/581 604/1047/604 603/1048/603 
f 583/983/583 582/982/582 612/1050/612 611/1051/611 
f 584/984/584 583/983/583 616/1053/616 615/1054/615 
f 581/981/581 584/984/584 594/1056/594 593/1045/593 
# 54 polygons

#
# object Line003
#

v  -531.2261 648.6801 -281.1266
v  -549.4777 551.8060 -292.3583
v  -549.4777 553.1743 -304.6625
v  -531.2261 650.0483 -293.4307
v  -548.4495 550.5757 -292.5010
v  -414.4974 550.5757 -292.5010
v  -414.4974 551.9440 -304.8051
v  -548.4495 551.9440 -304.8051
v  -413.4692 551.8060 -292.3583
v  -431.7209 648.6801 -281.1266
v  -431.7209 650.0483 -293.4307
v  -413.4692 553.1743 -304.6625
v  -433.2126 649.9103 -280.9839
v  -529.7343 649.9103 -280.9839
v  -529.7343 651.2786 -293.2881
v  -433.2126 651.2786 -293.2881
v  -548.1918 551.6881 -291.1036
v  -529.9482 648.5194 -279.8767
v  -432.9987 648.5194 -279.8767
v  -414.7551 551.6881 -291.1036
v  -548.1918 553.3349 -305.9123
v  -414.7551 553.3349 -305.9123
v  -432.9987 650.1663 -294.6855
v  -529.9482 650.1663 -294.6855
v  -530.7372 649.6027 -281.0196
v  -530.6058 649.3584 -280.2545
v  -530.9066 648.5703 -280.1880
v  -549.1562 551.7069 -291.4185
v  -549.1460 550.9533 -291.6638
v  -549.3365 550.8833 -292.4653
v  -549.3365 552.2516 -304.7695
v  -549.1460 552.4958 -305.5345
v  -549.1562 553.2841 -305.6011
v  -530.9066 650.1475 -294.3705
v  -530.6058 650.9009 -294.1252
v  -530.7372 650.9711 -293.3237
v  -548.3851 550.7842 -291.5255
v  -414.5618 550.7842 -291.5255
v  -413.8009 550.9533 -291.6638
v  -413.6104 550.8833 -292.4653
v  -413.6104 552.2516 -304.7695
v  -413.8009 552.4958 -305.5345
v  -414.5618 552.3614 -305.7081
v  -548.3851 552.3614 -305.7081
v  -413.7907 551.7069 -291.4185
v  -432.0403 648.5703 -280.1880
v  -432.3411 649.3584 -280.2545
v  -432.2097 649.6027 -281.0196
v  -432.2097 650.9711 -293.3237
v  -432.3411 650.9009 -294.1252
v  -432.0403 650.1475 -294.3705
v  -413.7907 553.2841 -305.6011
v  -433.1591 649.4930 -280.0810
v  -529.7877 649.4930 -280.0810
v  -529.7877 651.0701 -294.2635
v  -433.1591 651.0701 -294.2635
# 56 vertices

vn -0.9821 -0.0244 -0.1868
vn -0.9833 -0.0226 -0.1808
vn -0.9832 0.0228 -0.1810
vn -0.9821 0.0242 -0.1870
vn -0.0023 -0.0227 0.9997
vn 0.0023 -0.0227 0.9997
vn 0.0023 0.0227 0.9997
vn -0.0023 0.0227 0.9997
vn 0.9833 -0.0226 -0.1808
vn 0.9821 -0.0244 -0.1868
vn 0.9821 0.0242 -0.1870
vn 0.9832 0.0228 -0.1810
vn 0.0031 -0.0243 -0.9997
vn -0.0031 -0.0243 -0.9997
vn -0.0031 0.0243 -0.9997
vn 0.0031 0.0243 -0.9997
vn -0.0034 -1.0000 0.0087
vn -0.0022 -1.0000 0.0021
vn 0.0022 -1.0000 0.0021
vn 0.0034 -1.0000 0.0087
vn -0.0034 1.0000 -0.0006
vn 0.0034 1.0000 -0.0006
vn 0.0022 1.0000 -0.0073
vn -0.0022 1.0000 -0.0073
vn -0.6382 -0.0147 -0.7697
vn -0.5280 -0.5650 -0.6340
vn -0.6717 -0.7303 -0.1242
vn -0.7246 -0.6767 -0.1302
vn -0.6179 -0.5941 0.5149
vn -0.7699 -0.0171 0.6379
vn -0.7687 0.0172 0.6394
vn -0.6186 0.5963 0.5116
vn -0.7228 0.6775 -0.1362
vn -0.6724 0.7285 -0.1312
vn -0.5271 0.5626 -0.6369
vn -0.6392 0.0146 -0.7689
vn -0.0016 -0.6751 0.7377
vn 0.0016 -0.6751 0.7377
vn 0.6179 -0.5941 0.5149
vn 0.7699 -0.0171 0.6379
vn 0.7687 0.0172 0.6394
vn 0.6186 0.5963 0.5116
vn 0.0016 0.6782 0.7349
vn -0.0016 0.6782 0.7349
vn 0.7246 -0.6767 -0.1302
vn 0.6717 -0.7303 -0.1242
vn 0.5280 -0.5650 -0.6340
vn 0.6382 -0.0147 -0.7697
vn 0.6392 0.0146 -0.7689
vn 0.5271 0.5626 -0.6369
vn 0.6724 0.7285 -0.1312
vn 0.7228 0.6775 -0.1362
vn 0.0020 -0.7315 -0.6818
vn -0.0020 -0.7315 -0.6818
vn -0.0019 0.7281 -0.6855
vn 0.0019 0.7281 -0.6855
# 56 vertex normals

vt -0.7073 -1.0513 0.0000
vt -0.7078 -0.9533 0.0000
vt -0.7202 -0.9533 0.0000
vt -0.7197 -1.0513 0.0000
vt -0.7073 -0.5710 0.0000
vt -0.7073 -0.4364 0.0000
vt -0.7197 -0.4364 0.0000
vt -0.7197 -0.5710 0.0000
vt -0.7078 -0.8111 0.0000
vt -0.7073 -0.7131 0.0000
vt -0.7197 -0.7131 0.0000
vt -0.7202 -0.8111 0.0000
vt -0.7073 0.1000 0.0000
vt -0.7073 0.1970 0.0000
vt -0.7197 0.1970 0.0000
vt -0.7197 0.1000 0.0000
vt 0.4090 -0.5825 0.0000
vt 0.5069 -0.5642 0.0000
vt 0.5069 -0.4667 0.0000
vt 0.4090 -0.4484 0.0000
vt 0.5069 -0.7387 0.0000
vt 0.5069 -0.6046 0.0000
vt 0.4090 -0.6230 0.0000
vt 0.4090 -0.7204 0.0000
vt -0.7073 -1.0522 0.0000
vt -0.7065 -1.0521 0.0000
vt -0.7064 -1.0513 0.0000
vt -0.7068 -0.9533 0.0000
vt -0.7070 -0.9525 0.0000
vt -0.7078 -0.9523 0.0000
vt -0.7202 -0.9523 0.0000
vt -0.7210 -0.9525 0.0000
vt -0.7212 -0.9533 0.0000
vt -0.7207 -1.0513 0.0000
vt -0.7205 -1.0521 0.0000
vt -0.7197 -1.0522 0.0000
vt -0.7073 -0.5719 0.0000
vt -0.7065 -0.5717 0.0000
vt -0.7064 -0.5709 0.0000
vt -0.7064 -0.4364 0.0000
vt -0.7065 -0.4357 0.0000
vt -0.7073 -0.4355 0.0000
vt -0.7197 -0.4355 0.0000
vt -0.7205 -0.4357 0.0000
vt -0.7207 -0.4364 0.0000
vt -0.7207 -0.5709 0.0000
vt -0.7205 -0.5717 0.0000
vt -0.7197 -0.5719 0.0000
vt -0.7078 -0.8120 0.0000
vt -0.7070 -0.8119 0.0000
vt -0.7068 -0.8111 0.0000
vt -0.7064 -0.7131 0.0000
vt -0.7065 -0.7123 0.0000
vt -0.7073 -0.7122 0.0000
vt -0.7197 -0.7122 0.0000
vt -0.7205 -0.7123 0.0000
vt -0.7207 -0.7131 0.0000
vt -0.7212 -0.8111 0.0000
vt -0.7210 -0.8119 0.0000
vt -0.7202 -0.8120 0.0000
vt -0.7073 0.0990 0.0000
vt -0.7065 0.0992 0.0000
vt -0.7064 0.1000 0.0000
vt -0.7064 0.1971 0.0000
vt -0.7065 0.1979 0.0000
vt -0.7073 0.1980 0.0000
vt -0.7197 0.1980 0.0000
vt -0.7205 0.1979 0.0000
vt -0.7207 0.1971 0.0000
vt -0.7207 0.1000 0.0000
vt -0.7205 0.0992 0.0000
vt -0.7197 0.0990 0.0000
vt 0.4080 -0.5827 0.0000
vt 0.4082 -0.5835 0.0000
vt 0.4090 -0.5835 0.0000
vt 0.5069 -0.5651 0.0000
vt 0.5077 -0.5648 0.0000
vt 0.5079 -0.5640 0.0000
vt 0.5079 -0.4669 0.0000
vt 0.5077 -0.4661 0.0000
vt 0.5069 -0.4658 0.0000
vt 0.4090 -0.4474 0.0000
vt 0.4082 -0.4474 0.0000
vt 0.4080 -0.4482 0.0000
vt 0.5069 -0.7397 0.0000
vt 0.5077 -0.7397 0.0000
vt 0.5079 -0.7389 0.0000
vt 0.5079 -0.6045 0.0000
vt 0.5077 -0.6037 0.0000
vt 0.5069 -0.6037 0.0000
vt 0.4090 -0.6220 0.0000
vt 0.4082 -0.6223 0.0000
vt 0.4080 -0.6231 0.0000
vt 0.4080 -0.7203 0.0000
vt 0.4082 -0.7211 0.0000
vt 0.4090 -0.7214 0.0000
# 96 texture coords

o Line003
g Line003
usemtl wire_229154215
s 1
f 620/1060/620 619/1059/619 618/1058/618 617/1057/617 
s 2
f 624/1064/624 623/1063/623 622/1062/622 621/1061/621 
s 1
f 628/1068/628 627/1067/627 626/1066/626 625/1065/625 
s 2
f 632/1072/632 631/1071/631 630/1070/630 629/1069/629 
s 4
f 636/1076/636 635/1075/635 634/1074/634 633/1073/633 
f 640/1080/640 639/1079/639 638/1078/638 637/1077/637 
s 1
f 643/1083/643 642/1082/642 641/1081/641 617/1057/617 
f 646/1086/646 645/1085/645 644/1084/644 618/1058/618 
f 649/1089/649 648/1088/648 647/1087/647 619/1059/619 
f 652/1092/652 651/1091/651 650/1090/650 620/1060/620 
s 2
f 653/1095/653 645/1094/645 646/1093/646 621/1061/621 
f 656/1098/656 655/1097/655 654/1096/654 622/1062/622 
f 659/1101/659 658/1100/658 657/1099/657 623/1063/623 
f 647/1104/647 648/1103/648 660/1102/660 624/1064/624 
s 1
f 661/1107/661 655/1106/655 656/1105/656 625/1065/625 
f 664/1110/664 663/1109/663 662/1108/662 626/1066/626 
f 667/1113/667 666/1112/666 665/1111/665 627/1067/627 
f 657/1116/657 658/1115/658 668/1114/668 628/1068/628 
s 2
f 669/1119/669 663/1118/663 664/1117/664 629/1069/629 
f 641/1122/641 642/1121/642 670/1120/670 630/1070/630 
f 671/1125/671 651/1124/651 652/1123/652 631/1071/631 
f 665/1128/665 666/1127/666 672/1126/672 632/1072/632 
s 4
f 644/1131/644 645/1130/645 653/1129/653 633/1073/633 
f 670/1134/670 642/1133/642 643/1132/643 634/1074/634 
f 662/1137/662 663/1136/663 669/1135/669 635/1075/635 
f 654/1140/654 655/1139/655 661/1138/661 636/1076/636 
f 660/1143/660 648/1142/648 649/1141/649 637/1077/637 
f 668/1146/668 658/1145/658 659/1144/659 638/1078/638 
f 672/1149/672 666/1148/666 667/1147/667 639/1079/639 
f 650/1152/650 651/1151/651 671/1150/671 640/1080/640 
s 1
f 644/1084/644 643/1083/643 617/1057/617 618/1058/618 
f 647/1087/647 646/1086/646 618/1058/618 619/1059/619 
f 650/1090/650 649/1089/649 619/1059/619 620/1060/620 
f 641/1081/641 652/1092/652 620/1060/620 617/1057/617 
s 2
f 654/1096/654 653/1095/653 621/1061/621 622/1062/622 
f 657/1099/657 656/1098/656 622/1062/622 623/1063/623 
f 660/1102/660 659/1101/659 623/1063/623 624/1064/624 
f 646/1093/646 647/1104/647 624/1064/624 621/1061/621 
s 1
f 662/1108/662 661/1107/661 625/1065/625 626/1066/626 
f 665/1111/665 664/1110/664 626/1066/626 627/1067/627 
f 668/1114/668 667/1113/667 627/1067/627 628/1068/628 
f 656/1105/656 657/1116/657 628/1068/628 625/1065/625 
s 2
f 670/1120/670 669/1119/669 629/1069/629 630/1070/630 
f 652/1123/652 641/1122/641 630/1070/630 631/1071/631 
f 672/1126/672 671/1125/671 631/1071/631 632/1072/632 
f 664/1117/664 665/1128/665 632/1072/632 629/1069/629 
s 4
f 643/1132/643 644/1131/644 633/1073/633 634/1074/634 
f 669/1135/669 670/1134/670 634/1074/634 635/1075/635 
f 661/1138/661 662/1137/662 635/1075/635 636/1076/636 
f 653/1129/653 654/1140/654 636/1076/636 633/1073/633 
f 659/1144/659 660/1143/660 637/1077/637 638/1078/638 
f 667/1147/667 668/1146/668 638/1078/638 639/1079/639 
f 671/1150/671 672/1149/672 639/1079/639 640/1080/640 
f 649/1141/649 650/1152/650 640/1080/640 637/1077/637 
# 54 polygons

#
# object Line004
#

v  531.2262 648.6801 -281.1266
v  549.4778 551.8060 -292.3583
v  549.4778 553.1743 -304.6625
v  531.2262 650.0483 -293.4307
v  548.4496 550.5757 -292.5010
v  414.4976 550.5757 -292.5010
v  414.4976 551.9440 -304.8051
v  548.4496 551.9440 -304.8051
v  413.4693 551.8060 -292.3583
v  431.7210 648.6801 -281.1266
v  431.7210 650.0483 -293.4307
v  413.4693 553.1743 -304.6625
v  433.2128 649.9103 -280.9839
v  529.7344 649.9103 -280.9839
v  529.7344 651.2786 -293.2881
v  433.2128 651.2786 -293.2881
v  548.1919 551.6881 -291.1036
v  529.9483 648.5194 -279.8767
v  432.9988 648.5194 -279.8767
v  414.7552 551.6881 -291.1036
v  548.1919 553.3349 -305.9123
v  414.7552 553.3349 -305.9123
v  432.9988 650.1663 -294.6855
v  529.9483 650.1663 -294.6855
v  530.7373 649.6027 -281.0196
v  530.6060 649.3584 -280.2545
v  530.9067 648.5703 -280.1880
v  549.1563 551.7069 -291.4185
v  549.1461 550.9533 -291.6638
v  549.3367 550.8833 -292.4653
v  549.3367 552.2516 -304.7695
v  549.1461 552.4958 -305.5345
v  549.1563 553.2841 -305.6011
v  530.9067 650.1475 -294.3705
v  530.6060 650.9009 -294.1252
v  530.7373 650.9711 -293.3237
v  548.3852 550.7842 -291.5255
v  414.5620 550.7842 -291.5255
v  413.8011 550.9533 -291.6638
v  413.6105 550.8833 -292.4653
v  413.6105 552.2516 -304.7695
v  413.8011 552.4958 -305.5345
v  414.5620 552.3614 -305.7081
v  548.3852 552.3614 -305.7081
v  413.7908 551.7069 -291.4185
v  432.0404 648.5703 -280.1880
v  432.3412 649.3584 -280.2545
v  432.2098 649.6027 -281.0196
v  432.2098 650.9711 -293.3237
v  432.3412 650.9009 -294.1252
v  432.0404 650.1475 -294.3705
v  413.7908 553.2841 -305.6011
v  433.1593 649.4930 -280.0810
v  529.7878 649.4930 -280.0810
v  529.7878 651.0701 -294.2635
v  433.1593 651.0701 -294.2635
# 56 vertices

vn -0.9821 -0.0244 -0.1868
vn -0.9833 -0.0226 -0.1808
vn -0.9832 0.0228 -0.1810
vn -0.9821 0.0242 -0.1870
vn -0.0023 -0.0227 0.9997
vn 0.0023 -0.0227 0.9997
vn 0.0023 0.0227 0.9997
vn -0.0023 0.0227 0.9997
vn 0.9833 -0.0226 -0.1808
vn 0.9821 -0.0244 -0.1868
vn 0.9821 0.0242 -0.1870
vn 0.9832 0.0228 -0.1810
vn 0.0031 -0.0243 -0.9997
vn -0.0031 -0.0243 -0.9997
vn -0.0031 0.0243 -0.9997
vn 0.0031 0.0243 -0.9997
vn -0.0034 -1.0000 0.0087
vn -0.0022 -1.0000 0.0021
vn 0.0022 -1.0000 0.0021
vn 0.0034 -1.0000 0.0087
vn -0.0034 1.0000 -0.0006
vn 0.0034 1.0000 -0.0006
vn 0.0022 1.0000 -0.0073
vn -0.0022 1.0000 -0.0073
vn -0.6382 -0.0147 -0.7697
vn -0.5280 -0.5650 -0.6340
vn -0.6717 -0.7303 -0.1242
vn -0.7246 -0.6767 -0.1302
vn -0.6179 -0.5941 0.5149
vn -0.7699 -0.0171 0.6379
vn -0.7687 0.0172 0.6394
vn -0.6186 0.5963 0.5116
vn -0.7228 0.6775 -0.1362
vn -0.6724 0.7285 -0.1312
vn -0.5271 0.5626 -0.6369
vn -0.6392 0.0146 -0.7689
vn -0.0016 -0.6751 0.7377
vn 0.0016 -0.6751 0.7377
vn 0.6179 -0.5941 0.5149
vn 0.7699 -0.0171 0.6379
vn 0.7687 0.0172 0.6394
vn 0.6186 0.5963 0.5116
vn 0.0016 0.6782 0.7349
vn -0.0016 0.6782 0.7349
vn 0.7246 -0.6767 -0.1302
vn 0.6717 -0.7303 -0.1242
vn 0.5280 -0.5650 -0.6340
vn 0.6382 -0.0147 -0.7697
vn 0.6392 0.0146 -0.7689
vn 0.5271 0.5626 -0.6369
vn 0.6724 0.7285 -0.1312
vn 0.7228 0.6775 -0.1362
vn 0.0020 -0.7315 -0.6818
vn -0.0020 -0.7315 -0.6818
vn -0.0019 0.7281 -0.6855
vn 0.0019 0.7281 -0.6855
# 56 vertex normals

vt -0.6676 1.2217 0.0000
vt -0.6681 1.3198 0.0000
vt -0.6805 1.3198 0.0000
vt -0.6801 1.2217 0.0000
vt -0.7073 0.2191 0.0000
vt -0.7073 0.3538 0.0000
vt -0.7197 0.3538 0.0000
vt -0.7197 0.2191 0.0000
vt -0.6681 1.1017 0.0000
vt -0.6676 1.1997 0.0000
vt -0.6801 1.1997 0.0000
vt -0.6805 1.1017 0.0000
vt -0.7073 -0.2950 0.0000
vt -0.7073 -0.1980 0.0000
vt -0.7197 -0.1980 0.0000
vt -0.7197 -0.2950 0.0000
vt 0.4090 -1.0512 0.0000
vt 0.5069 -1.0329 0.0000
vt 0.5069 -0.9355 0.0000
vt 0.4090 -0.9171 0.0000
vt 0.5069 -0.2700 0.0000
vt 0.5069 -0.1359 0.0000
vt 0.4090 -0.1542 0.0000
vt 0.4090 -0.2517 0.0000
vt -0.6676 1.2208 0.0000
vt -0.6668 1.2210 0.0000
vt -0.6667 1.2218 0.0000
vt -0.6671 1.3197 0.0000
vt -0.6673 1.3205 0.0000
vt -0.6681 1.3207 0.0000
vt -0.6805 1.3207 0.0000
vt -0.6813 1.3205 0.0000
vt -0.6815 1.3197 0.0000
vt -0.6810 1.2218 0.0000
vt -0.6809 1.2210 0.0000
vt -0.6801 1.2208 0.0000
vt -0.7073 0.2183 0.0000
vt -0.7065 0.2184 0.0000
vt -0.7064 0.2192 0.0000
vt -0.7064 0.3537 0.0000
vt -0.7065 0.3545 0.0000
vt -0.7073 0.3547 0.0000
vt -0.7197 0.3547 0.0000
vt -0.7205 0.3545 0.0000
vt -0.7207 0.3537 0.0000
vt -0.7207 0.2192 0.0000
vt -0.7205 0.2184 0.0000
vt -0.7197 0.2183 0.0000
vt -0.6681 1.1007 0.0000
vt -0.6673 1.1009 0.0000
vt -0.6671 1.1017 0.0000
vt -0.6667 1.1997 0.0000
vt -0.6668 1.2004 0.0000
vt -0.6676 1.2006 0.0000
vt -0.6801 1.2006 0.0000
vt -0.6809 1.2004 0.0000
vt -0.6810 1.1997 0.0000
vt -0.6815 1.1017 0.0000
vt -0.6813 1.1009 0.0000
vt -0.6805 1.1007 0.0000
vt -0.7073 -0.2960 0.0000
vt -0.7065 -0.2959 0.0000
vt -0.7064 -0.2951 0.0000
vt -0.7064 -0.1980 0.0000
vt -0.7065 -0.1972 0.0000
vt -0.7073 -0.1970 0.0000
vt -0.7197 -0.1970 0.0000
vt -0.7205 -0.1972 0.0000
vt -0.7207 -0.1980 0.0000
vt -0.7207 -0.2951 0.0000
vt -0.7205 -0.2959 0.0000
vt -0.7197 -0.2960 0.0000
vt 0.4080 -1.0514 0.0000
vt 0.4082 -1.0522 0.0000
vt 0.4090 -1.0522 0.0000
vt 0.5069 -1.0339 0.0000
vt 0.5077 -1.0336 0.0000
vt 0.5079 -1.0328 0.0000
vt 0.5079 -0.9356 0.0000
vt 0.5077 -0.9348 0.0000
vt 0.5069 -0.9345 0.0000
vt 0.4090 -0.9162 0.0000
vt 0.4082 -0.9162 0.0000
vt 0.4080 -0.9170 0.0000
vt 0.5069 -0.2710 0.0000
vt 0.5077 -0.2710 0.0000
vt 0.5079 -0.2702 0.0000
vt 0.5079 -0.1357 0.0000
vt 0.5077 -0.1349 0.0000
vt 0.5069 -0.1349 0.0000
vt 0.4090 -0.1533 0.0000
vt 0.4082 -0.1536 0.0000
vt 0.4080 -0.1544 0.0000
vt 0.4080 -0.2515 0.0000
vt 0.4082 -0.2523 0.0000
vt 0.4090 -0.2526 0.0000
# 96 texture coords

o Line004
g Line004
usemtl wire_229154215
s 1
f 673/1153/673 674/1154/674 675/1155/675 676/1156/676 
s 2
f 677/1157/677 678/1158/678 679/1159/679 680/1160/680 
s 1
f 681/1161/681 682/1162/682 683/1163/683 684/1164/684 
s 2
f 685/1165/685 686/1166/686 687/1167/687 688/1168/688 
s 4
f 689/1169/689 690/1170/690 691/1171/691 692/1172/692 
f 693/1173/693 694/1174/694 695/1175/695 696/1176/696 
s 1
f 673/1153/673 697/1177/697 698/1178/698 699/1179/699 
f 674/1154/674 700/1180/700 701/1181/701 702/1182/702 
f 675/1155/675 703/1183/703 704/1184/704 705/1185/705 
f 676/1156/676 706/1186/706 707/1187/707 708/1188/708 
s 2
f 677/1157/677 702/1189/702 701/1190/701 709/1191/709 
f 678/1158/678 710/1192/710 711/1193/711 712/1194/712 
f 679/1159/679 713/1195/713 714/1196/714 715/1197/715 
f 680/1160/680 716/1198/716 704/1199/704 703/1200/703 
s 1
f 681/1161/681 712/1201/712 711/1202/711 717/1203/717 
f 682/1162/682 718/1204/718 719/1205/719 720/1206/720 
f 683/1163/683 721/1207/721 722/1208/722 723/1209/723 
f 684/1164/684 724/1210/724 714/1211/714 713/1212/713 
s 2
f 685/1165/685 720/1213/720 719/1214/719 725/1215/725 
f 686/1166/686 726/1216/726 698/1217/698 697/1218/697 
f 687/1167/687 708/1219/708 707/1220/707 727/1221/727 
f 688/1168/688 728/1222/728 722/1223/722 721/1224/721 
s 4
f 689/1169/689 709/1225/709 701/1226/701 700/1227/700 
f 690/1170/690 699/1228/699 698/1229/698 726/1230/726 
f 691/1171/691 725/1231/725 719/1232/719 718/1233/718 
f 692/1172/692 717/1234/717 711/1235/711 710/1236/710 
f 693/1173/693 705/1237/705 704/1238/704 716/1239/716 
f 694/1174/694 715/1240/715 714/1241/714 724/1242/724 
f 695/1175/695 723/1243/723 722/1244/722 728/1245/728 
f 696/1176/696 727/1246/727 707/1247/707 706/1248/706 
s 1
f 674/1154/674 673/1153/673 699/1179/699 700/1180/700 
f 675/1155/675 674/1154/674 702/1182/702 703/1183/703 
f 676/1156/676 675/1155/675 705/1185/705 706/1186/706 
f 673/1153/673 676/1156/676 708/1188/708 697/1177/697 
s 2
f 678/1158/678 677/1157/677 709/1191/709 710/1192/710 
f 679/1159/679 678/1158/678 712/1194/712 713/1195/713 
f 680/1160/680 679/1159/679 715/1197/715 716/1198/716 
f 677/1157/677 680/1160/680 703/1200/703 702/1189/702 
s 1
f 682/1162/682 681/1161/681 717/1203/717 718/1204/718 
f 683/1163/683 682/1162/682 720/1206/720 721/1207/721 
f 684/1164/684 683/1163/683 723/1209/723 724/1210/724 
f 681/1161/681 684/1164/684 713/1212/713 712/1201/712 
s 2
f 686/1166/686 685/1165/685 725/1215/725 726/1216/726 
f 687/1167/687 686/1166/686 697/1218/697 708/1219/708 
f 688/1168/688 687/1167/687 727/1221/727 728/1222/728 
f 685/1165/685 688/1168/688 721/1224/721 720/1213/720 
s 4
f 690/1170/690 689/1169/689 700/1227/700 699/1228/699 
f 691/1171/691 690/1170/690 726/1230/726 725/1231/725 
f 692/1172/692 691/1171/691 718/1233/718 717/1234/717 
f 689/1169/689 692/1172/692 710/1236/710 709/1225/709 
f 694/1174/694 693/1173/693 716/1239/716 715/1240/715 
f 695/1175/695 694/1174/694 724/1242/724 723/1243/723 
f 696/1176/696 695/1175/695 728/1245/728 727/1246/727 
f 693/1173/693 696/1176/696 706/1248/706 705/1237/705 
# 54 polygons

#
# object Line005
#

v  531.2262 648.6801 281.1266
v  549.4778 551.8060 292.3584
v  549.4778 553.1743 304.6625
v  531.2262 650.0484 293.4308
v  548.4496 550.5758 292.5010
v  414.4976 550.5758 292.5010
v  414.4976 551.9441 304.8052
v  548.4496 551.9441 304.8052
v  413.4693 551.8060 292.3584
v  431.7210 648.6801 281.1266
v  431.7210 650.0484 293.4308
v  413.4693 553.1743 304.6625
v  433.2128 649.9104 280.9840
v  529.7344 649.9104 280.9840
v  529.7344 651.2787 293.2881
v  433.2128 651.2787 293.2881
v  548.1919 551.6881 291.1036
v  529.9483 648.5195 279.8768
v  432.9988 648.5195 279.8768
v  414.7552 551.6881 291.1036
v  548.1919 553.3350 305.9124
v  414.7552 553.3350 305.9124
v  432.9988 650.1663 294.6855
v  529.9483 650.1663 294.6855
v  530.7373 649.6028 281.0196
v  530.6060 649.3585 280.2546
v  530.9067 648.5703 280.1880
v  549.1563 551.7069 291.4186
v  549.1461 550.9534 291.6638
v  549.3367 550.8834 292.4654
v  549.3367 552.2516 304.7695
v  549.1461 552.4959 305.5346
v  549.1563 553.2841 305.6011
v  530.9067 650.1475 294.3706
v  530.6060 650.9010 294.1252
v  530.7373 650.9711 293.3238
v  548.3852 550.7842 291.5255
v  414.5620 550.7842 291.5255
v  413.8011 550.9534 291.6638
v  413.6105 550.8834 292.4654
v  413.6105 552.2516 304.7695
v  413.8011 552.4959 305.5346
v  414.5620 552.3615 305.7081
v  548.3852 552.3615 305.7081
v  413.7908 551.7069 291.4186
v  432.0404 648.5703 280.1880
v  432.3412 649.3585 280.2546
v  432.2098 649.6028 281.0196
v  432.2098 650.9711 293.3238
v  432.3412 650.9010 294.1252
v  432.0404 650.1475 294.3706
v  413.7908 553.2841 305.6011
v  433.1593 649.4930 280.0810
v  529.7878 649.4930 280.0810
v  529.7878 651.0702 294.2636
v  433.1593 651.0702 294.2636
# 56 vertices

vn -0.9821 -0.0244 -0.1868
vn -0.9833 -0.0226 -0.1808
vn -0.9832 0.0228 -0.1810
vn -0.9821 0.0242 -0.1870
vn -0.0023 -0.0227 0.9997
vn 0.0023 -0.0227 0.9997
vn 0.0023 0.0227 0.9997
vn -0.0023 0.0227 0.9997
vn 0.9833 -0.0226 -0.1808
vn 0.9821 -0.0244 -0.1868
vn 0.9821 0.0242 -0.1870
vn 0.9832 0.0228 -0.1810
vn 0.0031 -0.0243 -0.9997
vn -0.0031 -0.0243 -0.9997
vn -0.0031 0.0243 -0.9997
vn 0.0031 0.0243 -0.9997
vn -0.0034 -1.0000 0.0087
vn -0.0022 -1.0000 0.0021
vn 0.0022 -1.0000 0.0021
vn 0.0034 -1.0000 0.0087
vn -0.0034 1.0000 -0.0006
vn 0.0034 1.0000 -0.0006
vn 0.0022 1.0000 -0.0073
vn -0.0022 1.0000 -0.0073
vn -0.6382 -0.0147 -0.7697
vn -0.5280 -0.5650 -0.6340
vn -0.6717 -0.7303 -0.1242
vn -0.7246 -0.6767 -0.1302
vn -0.6179 -0.5941 0.5149
vn -0.7699 -0.0171 0.6379
vn -0.7687 0.0172 0.6394
vn -0.6186 0.5963 0.5116
vn -0.7228 0.6775 -0.1362
vn -0.6724 0.7285 -0.1312
vn -0.5271 0.5626 -0.6369
vn -0.6392 0.0146 -0.7689
vn -0.0016 -0.6751 0.7377
vn 0.0016 -0.6751 0.7377
vn 0.6179 -0.5941 0.5149
vn 0.7699 -0.0171 0.6379
vn 0.7687 0.0172 0.6394
vn 0.6186 0.5963 0.5116
vn 0.0016 0.6782 0.7349
vn -0.0016 0.6782 0.7349
vn 0.7246 -0.6767 -0.1302
vn 0.6717 -0.7303 -0.1242
vn 0.5280 -0.5650 -0.6340
vn 0.6382 -0.0147 -0.7697
vn 0.6392 0.0146 -0.7689
vn 0.5271 0.5626 -0.6369
vn 0.6724 0.7285 -0.1312
vn 0.7228 0.6775 -0.1362
vn 0.0020 -0.7315 -0.6818
vn -0.0020 -0.7315 -0.6818
vn -0.0019 0.7281 -0.6855
vn 0.0019 0.7281 -0.6855
# 56 vertex normals

vt -0.7073 -0.6910 0.0000
vt -0.7078 -0.5930 0.0000
vt -0.7202 -0.5930 0.0000
vt -0.7197 -0.6910 0.0000
vt -0.7073 0.3758 0.0000
vt -0.7073 0.5104 0.0000
vt -0.7197 0.5104 0.0000
vt -0.7197 0.3758 0.0000
vt -0.7078 -0.9312 0.0000
vt -0.7073 -0.8332 0.0000
vt -0.7197 -0.8332 0.0000
vt -0.7202 -0.9312 0.0000
vt -0.7073 -0.4143 0.0000
vt -0.7073 -0.3173 0.0000
vt -0.7197 -0.3173 0.0000
vt -0.7197 -0.4143 0.0000
vt 0.4090 -0.4263 0.0000
vt 0.5069 -0.4079 0.0000
vt 0.5069 -0.3105 0.0000
vt 0.4090 -0.2922 0.0000
vt 0.0756 1.2116 0.0000
vt 0.5296 1.1878 0.0000
vt 0.4849 1.5227 0.0000
vt 0.1551 1.5400 0.0000
vt -0.7073 -0.6920 0.0000
vt -0.7065 -0.6918 0.0000
vt -0.7064 -0.6910 0.0000
vt -0.7068 -0.5930 0.0000
vt -0.7070 -0.5922 0.0000
vt -0.7078 -0.5921 0.0000
vt -0.7202 -0.5921 0.0000
vt -0.7210 -0.5922 0.0000
vt -0.7212 -0.5930 0.0000
vt -0.7207 -0.6910 0.0000
vt -0.7205 -0.6918 0.0000
vt -0.7197 -0.6920 0.0000
vt -0.7073 0.3749 0.0000
vt -0.7065 0.3751 0.0000
vt -0.7064 0.3758 0.0000
vt -0.7064 0.5103 0.0000
vt -0.7065 0.5111 0.0000
vt -0.7073 0.5113 0.0000
vt -0.7197 0.5113 0.0000
vt -0.7205 0.5111 0.0000
vt -0.7207 0.5103 0.0000
vt -0.7207 0.3758 0.0000
vt -0.7205 0.3751 0.0000
vt -0.7197 0.3749 0.0000
vt -0.7078 -0.9321 0.0000
vt -0.7070 -0.9320 0.0000
vt -0.7068 -0.9312 0.0000
vt -0.7064 -0.8332 0.0000
vt -0.7065 -0.8324 0.0000
vt -0.7073 -0.8323 0.0000
vt -0.7197 -0.8323 0.0000
vt -0.7205 -0.8324 0.0000
vt -0.7207 -0.8332 0.0000
vt -0.7212 -0.9312 0.0000
vt -0.7210 -0.9320 0.0000
vt -0.7202 -0.9321 0.0000
vt -0.7073 -0.4153 0.0000
vt -0.7065 -0.4151 0.0000
vt -0.7064 -0.4143 0.0000
vt -0.7064 -0.3172 0.0000
vt -0.7065 -0.3164 0.0000
vt -0.7073 -0.3163 0.0000
vt -0.7197 -0.3163 0.0000
vt -0.7205 -0.3164 0.0000
vt -0.7207 -0.3172 0.0000
vt -0.7207 -0.4143 0.0000
vt -0.7205 -0.4151 0.0000
vt -0.7197 -0.4153 0.0000
vt 0.4080 -0.4264 0.0000
vt 0.4082 -0.4272 0.0000
vt 0.4090 -0.4272 0.0000
vt 0.5069 -0.4089 0.0000
vt 0.5077 -0.4086 0.0000
vt 0.5079 -0.4078 0.0000
vt 0.5079 -0.3106 0.0000
vt 0.5077 -0.3098 0.0000
vt 0.5069 -0.3095 0.0000
vt 0.4090 -0.2912 0.0000
vt 0.4082 -0.2912 0.0000
vt 0.4080 -0.2920 0.0000
vt 0.0723 1.2117 0.0000
vt 0.0722 1.2091 0.0000
vt 0.0748 1.2084 0.0000
vt 0.5301 1.1846 0.0000
vt 0.5327 1.1850 0.0000
vt 0.5329 1.1876 0.0000
vt 0.4882 1.5226 0.0000
vt 0.4873 1.5253 0.0000
vt 0.4845 1.5260 0.0000
vt 0.1558 1.5432 0.0000
vt 0.1530 1.5428 0.0000
vt 0.1518 1.5402 0.0000
# 96 texture coords

o Line005
g Line005
usemtl wire_229154215
s 1
f 732/1252/732 731/1251/731 730/1250/730 729/1249/729 
s 2
f 736/1256/736 735/1255/735 734/1254/734 733/1253/733 
s 1
f 740/1260/740 739/1259/739 738/1258/738 737/1257/737 
s 2
f 744/1264/744 743/1263/743 742/1262/742 741/1261/741 
s 4
f 748/1268/748 747/1267/747 746/1266/746 745/1265/745 
f 752/1272/752 751/1271/751 750/1270/750 749/1269/749 
s 1
f 755/1275/755 754/1274/754 753/1273/753 729/1249/729 
f 758/1278/758 757/1277/757 756/1276/756 730/1250/730 
f 761/1281/761 760/1280/760 759/1279/759 731/1251/731 
f 764/1284/764 763/1283/763 762/1282/762 732/1252/732 
s 2
f 765/1287/765 757/1286/757 758/1285/758 733/1253/733 
f 768/1290/768 767/1289/767 766/1288/766 734/1254/734 
f 771/1293/771 770/1292/770 769/1291/769 735/1255/735 
f 759/1296/759 760/1295/760 772/1294/772 736/1256/736 
s 1
f 773/1299/773 767/1298/767 768/1297/768 737/1257/737 
f 776/1302/776 775/1301/775 774/1300/774 738/1258/738 
f 779/1305/779 778/1304/778 777/1303/777 739/1259/739 
f 769/1308/769 770/1307/770 780/1306/780 740/1260/740 
s 2
f 781/1311/781 775/1310/775 776/1309/776 741/1261/741 
f 753/1314/753 754/1313/754 782/1312/782 742/1262/742 
f 783/1317/783 763/1316/763 764/1315/764 743/1263/743 
f 777/1320/777 778/1319/778 784/1318/784 744/1264/744 
s 4
f 756/1323/756 757/1322/757 765/1321/765 745/1265/745 
f 782/1326/782 754/1325/754 755/1324/755 746/1266/746 
f 774/1329/774 775/1328/775 781/1327/781 747/1267/747 
f 766/1332/766 767/1331/767 773/1330/773 748/1268/748 
f 772/1335/772 760/1334/760 761/1333/761 749/1269/749 
f 780/1338/780 770/1337/770 771/1336/771 750/1270/750 
f 784/1341/784 778/1340/778 779/1339/779 751/1271/751 
f 762/1344/762 763/1343/763 783/1342/783 752/1272/752 
s 1
f 756/1276/756 755/1275/755 729/1249/729 730/1250/730 
f 759/1279/759 758/1278/758 730/1250/730 731/1251/731 
f 762/1282/762 761/1281/761 731/1251/731 732/1252/732 
f 753/1273/753 764/1284/764 732/1252/732 729/1249/729 
s 2
f 766/1288/766 765/1287/765 733/1253/733 734/1254/734 
f 769/1291/769 768/1290/768 734/1254/734 735/1255/735 
f 772/1294/772 771/1293/771 735/1255/735 736/1256/736 
f 758/1285/758 759/1296/759 736/1256/736 733/1253/733 
s 1
f 774/1300/774 773/1299/773 737/1257/737 738/1258/738 
f 777/1303/777 776/1302/776 738/1258/738 739/1259/739 
f 780/1306/780 779/1305/779 739/1259/739 740/1260/740 
f 768/1297/768 769/1308/769 740/1260/740 737/1257/737 
s 2
f 782/1312/782 781/1311/781 741/1261/741 742/1262/742 
f 764/1315/764 753/1314/753 742/1262/742 743/1263/743 
f 784/1318/784 783/1317/783 743/1263/743 744/1264/744 
f 776/1309/776 777/1320/777 744/1264/744 741/1261/741 
s 4
f 755/1324/755 756/1323/756 745/1265/745 746/1266/746 
f 781/1327/781 782/1326/782 746/1266/746 747/1267/747 
f 773/1330/773 774/1329/774 747/1267/747 748/1268/748 
f 765/1321/765 766/1332/766 748/1268/748 745/1265/745 
f 771/1336/771 772/1335/772 749/1269/749 750/1270/750 
f 779/1339/779 780/1338/780 750/1270/750 751/1271/751 
f 783/1342/783 784/1341/784 751/1271/751 752/1272/752 
f 761/1333/761 762/1344/762 752/1272/752 749/1269/749 
# 54 polygons

#
# object Rectangle014
#

v  693.7400 710.0001 276.2400
v  -693.7400 710.0001 276.2400
v  -693.7400 710.0001 246.7600
v  693.7400 710.0001 246.7600
v  693.5023 711.2409 245.7188
v  -693.5023 711.2409 245.7188
v  -690.4135 728.7592 248.8078
v  690.4133 728.7592 248.8078
v  694.7813 711.2409 246.9977
v  691.6923 728.7592 250.0866
v  691.6923 728.7592 272.9134
v  694.7813 711.2409 276.0023
v  -694.7811 711.2409 246.9977
v  -694.7811 711.2409 276.0023
v  -691.6923 728.7592 272.9134
v  -691.6923 728.7592 250.0866
v  -693.5023 711.2409 277.2812
v  693.5023 711.2409 277.2812
v  690.4133 728.7592 274.1923
v  -690.4135 728.7592 274.1923
v  690.2134 730.0001 250.2865
v  -690.2135 730.0001 250.2865
v  -690.2135 730.0001 272.7134
v  690.2134 730.0001 272.7134
v  694.6304 710.3103 276.1806
v  694.4432 710.4644 276.9432
v  693.6805 710.3103 277.1303
v  -693.6805 710.3103 277.1303
v  -694.4432 710.4644 276.9432
v  -694.6302 710.3103 276.1806
v  -694.6302 710.3103 246.8194
v  -694.4432 710.4644 246.0568
v  -693.6805 710.3103 245.8697
v  693.6805 710.3103 245.8697
v  694.4432 710.4644 246.0568
v  694.6304 710.3103 246.8194
v  694.4631 711.2318 246.0369
v  -694.4631 711.2318 246.0369
v  -691.3710 728.7684 249.1291
v  -691.0804 729.5357 249.4197
v  -690.2634 729.6898 249.2868
v  690.2634 729.6898 249.2868
v  691.0803 729.5357 249.4197
v  691.3708 728.7684 249.1291
v  691.2131 729.6898 250.2366
v  691.2131 729.6898 272.7634
v  691.0803 729.5357 273.5803
v  691.3708 728.7684 273.8709
v  694.4631 711.2318 276.9631
v  -694.4631 711.2318 276.9631
v  -691.3710 728.7684 273.8709
v  -691.0804 729.5357 273.5803
v  -691.2131 729.6898 272.7634
v  -691.2131 729.6898 250.2366
v  690.2634 729.6898 273.7131
v  -690.2634 729.6898 273.7131
# 56 vertices

vn 0.0002 -1.0000 0.0098
vn -0.0002 -1.0000 0.0098
vn -0.0002 -1.0000 -0.0098
vn 0.0002 -1.0000 -0.0098
vn 0.0003 0.1533 -0.9882
vn -0.0003 0.1533 -0.9882
vn -0.0002 0.1871 -0.9823
vn 0.0002 0.1871 -0.9823
vn 0.9880 0.1537 -0.0136
vn 0.9823 0.1872 -0.0100
vn 0.9823 0.1872 0.0100
vn 0.9880 0.1537 0.0136
vn -0.9880 0.1537 -0.0136
vn -0.9880 0.1537 0.0136
vn -0.9823 0.1872 0.0100
vn -0.9823 0.1872 -0.0100
vn -0.0003 0.1533 0.9882
vn 0.0003 0.1533 0.9882
vn 0.0002 0.1871 0.9823
vn -0.0002 0.1871 0.9823
vn 0.0002 0.9999 -0.0136
vn -0.0002 0.9999 -0.0136
vn -0.0002 0.9999 0.0136
vn 0.0002 0.9999 0.0136
vn 0.7344 -0.6787 0.0079
vn 0.6308 -0.4519 0.6308
vn 0.0002 -0.6797 0.7335
vn -0.0002 -0.6797 0.7335
vn -0.6308 -0.4520 0.6307
vn -0.7344 -0.6787 0.0079
vn -0.7344 -0.6787 -0.0079
vn -0.6308 -0.4520 -0.6307
vn -0.0002 -0.6797 -0.7335
vn 0.0002 -0.6797 -0.7335
vn 0.6308 -0.4519 -0.6308
vn 0.7344 -0.6787 -0.0079
vn 0.6881 0.2302 -0.6881
vn -0.6881 0.2302 -0.6881
vn -0.6845 0.2510 -0.6845
vn -0.5164 0.6832 -0.5163
vn -0.0001 0.7500 -0.6615
vn 0.0001 0.7500 -0.6615
vn 0.5164 0.6832 -0.5163
vn 0.6845 0.2510 -0.6845
vn 0.6610 0.7503 -0.0077
vn 0.6610 0.7503 0.0077
vn 0.5164 0.6832 0.5163
vn 0.6845 0.2510 0.6845
vn 0.6881 0.2302 0.6881
vn -0.6881 0.2302 0.6881
vn -0.6845 0.2510 0.6845
vn -0.5164 0.6832 0.5163
vn -0.6610 0.7503 0.0077
vn -0.6610 0.7503 -0.0077
vn 0.0001 0.7500 0.6615
vn -0.0001 0.7500 0.6615
# 56 vertex normals

vt -0.0987 1.5151 0.0000
vt -0.0987 0.1207 0.0000
vt -0.0691 0.1207 0.0000
vt -0.0691 1.5151 0.0000
vt -0.4288 -0.9487 0.0000
vt -0.4288 0.4452 0.0000
vt -0.4464 0.4421 0.0000
vt -0.4464 -0.9456 0.0000
vt -0.4288 -1.0221 0.0000
vt -0.4464 -1.0252 0.0000
vt -0.4464 -1.0481 0.0000
vt -0.4288 -1.0513 0.0000
vt -0.4685 -1.0513 0.0000
vt -0.4685 -1.0221 0.0000
vt -0.4861 -1.0252 0.0000
vt -0.4861 -1.0481 0.0000
vt -0.4288 0.5187 0.0000
vt -0.4288 1.9126 0.0000
vt -0.4464 1.9095 0.0000
vt -0.4464 0.5218 0.0000
vt -0.3459 0.3361 0.0000
vt -0.3459 -1.0512 0.0000
vt -0.3234 -1.0512 0.0000
vt -0.3234 0.3361 0.0000
vt -0.0987 1.5160 0.0000
vt -0.0995 1.5158 0.0000
vt -0.0996 1.5150 0.0000
vt -0.0996 0.1207 0.0000
vt -0.0995 0.1200 0.0000
vt -0.0987 0.1198 0.0000
vt -0.0692 0.1198 0.0000
vt -0.0684 0.1200 0.0000
vt -0.0682 0.1207 0.0000
vt -0.0682 1.5150 0.0000
vt -0.0684 1.5158 0.0000
vt -0.0692 1.5160 0.0000
vt -0.4288 -0.9496 0.0000
vt -0.4280 -0.9496 0.0000
vt -0.4278 -0.9488 0.0000
vt -0.4278 0.4454 0.0000
vt -0.4280 0.4462 0.0000
vt -0.4288 0.4462 0.0000
vt -0.4464 0.4431 0.0000
vt -0.4472 0.4428 0.0000
vt -0.4473 0.4420 0.0000
vt -0.4473 -0.9454 0.0000
vt -0.4472 -0.9462 0.0000
vt -0.4464 -0.9465 0.0000
vt -0.4278 -1.0219 0.0000
vt -0.4280 -1.0212 0.0000
vt -0.4288 -1.0211 0.0000
vt -0.4464 -1.0242 0.0000
vt -0.4472 -1.0245 0.0000
vt -0.4473 -1.0254 0.0000
vt -0.4473 -1.0480 0.0000
vt -0.4472 -1.0488 0.0000
vt -0.4464 -1.0491 0.0000
vt -0.4288 -1.0522 0.0000
vt -0.4280 -1.0522 0.0000
vt -0.4278 -1.0514 0.0000
vt -0.4685 -1.0522 0.0000
vt -0.4677 -1.0522 0.0000
vt -0.4675 -1.0514 0.0000
vt -0.4675 -1.0219 0.0000
vt -0.4677 -1.0212 0.0000
vt -0.4685 -1.0211 0.0000
vt -0.4861 -1.0242 0.0000
vt -0.4869 -1.0245 0.0000
vt -0.4870 -1.0254 0.0000
vt -0.4870 -1.0480 0.0000
vt -0.4869 -1.0488 0.0000
vt -0.4861 -1.0491 0.0000
vt -0.4288 0.5177 0.0000
vt -0.4280 0.5177 0.0000
vt -0.4278 0.5185 0.0000
vt -0.4278 1.9127 0.0000
vt -0.4280 1.9135 0.0000
vt -0.4288 1.9135 0.0000
vt -0.4464 1.9104 0.0000
vt -0.4472 1.9101 0.0000
vt -0.4473 1.9093 0.0000
vt -0.4473 0.5219 0.0000
vt -0.4472 0.5211 0.0000
vt -0.4464 0.5208 0.0000
vt -0.3460 0.3371 0.0000
vt -0.3468 0.3369 0.0000
vt -0.3470 0.3361 0.0000
vt -0.3470 -1.0513 0.0000
vt -0.3468 -1.0521 0.0000
vt -0.3460 -1.0522 0.0000
vt -0.3234 -1.0522 0.0000
vt -0.3225 -1.0521 0.0000
vt -0.3224 -1.0513 0.0000
vt -0.3224 0.3361 0.0000
vt -0.3225 0.3369 0.0000
vt -0.3234 0.3371 0.0000
# 96 texture coords

o Rectangle014
g Rectangle014
usemtl wire_135006006
s 1
f 785/1345/785 786/1346/786 787/1347/787 788/1348/788 
s 2
f 789/1349/789 790/1350/790 791/1351/791 792/1352/792 
s 4
f 793/1353/793 794/1354/794 795/1355/795 796/1356/796 
f 797/1357/797 798/1358/798 799/1359/799 800/1360/800 
s 2
f 801/1361/801 802/1362/802 803/1363/803 804/1364/804 
s 1
f 805/1365/805 806/1366/806 807/1367/807 808/1368/808 
f 785/1345/785 809/1369/809 810/1370/810 811/1371/811 
f 786/1346/786 812/1372/812 813/1373/813 814/1374/814 
f 787/1347/787 815/1375/815 816/1376/816 817/1377/817 
f 788/1348/788 818/1378/818 819/1379/819 820/1380/820 
s 2
f 789/1349/789 821/1381/821 819/1382/819 818/1383/818 
f 790/1350/790 817/1384/817 816/1385/816 822/1386/822 
f 791/1351/791 823/1387/823 824/1388/824 825/1389/825 
f 792/1352/792 826/1390/826 827/1391/827 828/1392/828 
s 4
f 793/1353/793 820/1393/820 819/1394/819 821/1395/821 
f 794/1354/794 828/1396/828 827/1397/827 829/1398/829 
f 795/1355/795 830/1399/830 831/1400/831 832/1401/832 
f 796/1356/796 833/1402/833 810/1403/810 809/1404/809 
f 797/1357/797 822/1405/822 816/1406/816 815/1407/815 
f 798/1358/798 814/1408/814 813/1409/813 834/1410/834 
f 799/1359/799 835/1411/835 836/1412/836 837/1413/837 
f 800/1360/800 838/1414/838 824/1415/824 823/1416/823 
s 2
f 801/1361/801 834/1417/834 813/1418/813 812/1419/812 
f 802/1362/802 811/1420/811 810/1421/810 833/1422/833 
f 803/1363/803 832/1423/832 831/1424/831 839/1425/839 
f 804/1364/804 840/1426/840 836/1427/836 835/1428/835 
s 1
f 805/1365/805 829/1429/829 827/1430/827 826/1431/826 
f 806/1366/806 825/1432/825 824/1433/824 838/1434/838 
f 807/1367/807 837/1435/837 836/1436/836 840/1437/840 
f 808/1368/808 839/1438/839 831/1439/831 830/1440/830 
f 786/1346/786 785/1345/785 811/1371/811 812/1372/812 
f 787/1347/787 786/1346/786 814/1374/814 815/1375/815 
f 788/1348/788 787/1347/787 817/1377/817 818/1378/818 
f 785/1345/785 788/1348/788 820/1380/820 809/1369/809 
s 2
f 790/1350/790 789/1349/789 818/1383/818 817/1384/817 
f 791/1351/791 790/1350/790 822/1386/822 823/1387/823 
f 792/1352/792 791/1351/791 825/1389/825 826/1390/826 
f 789/1349/789 792/1352/792 828/1392/828 821/1381/821 
s 4
f 794/1354/794 793/1353/793 821/1395/821 828/1396/828 
f 795/1355/795 794/1354/794 829/1398/829 830/1399/830 
f 796/1356/796 795/1355/795 832/1401/832 833/1402/833 
f 793/1353/793 796/1356/796 809/1404/809 820/1393/820 
f 798/1358/798 797/1357/797 815/1407/815 814/1408/814 
f 799/1359/799 798/1358/798 834/1410/834 835/1411/835 
f 800/1360/800 799/1359/799 837/1413/837 838/1414/838 
f 797/1357/797 800/1360/800 823/1416/823 822/1405/822 
s 2
f 802/1362/802 801/1361/801 812/1419/812 811/1420/811 
f 803/1363/803 802/1362/802 833/1422/833 832/1423/832 
f 804/1364/804 803/1363/803 839/1425/839 840/1426/840 
f 801/1361/801 804/1364/804 835/1428/835 834/1417/834 
s 1
f 806/1366/806 805/1365/805 826/1431/826 825/1432/825 
f 807/1367/807 806/1366/806 838/1434/838 837/1435/837 
f 808/1368/808 807/1367/807 840/1437/840 839/1438/839 
f 805/1365/805 808/1368/808 830/1440/830 829/1429/829 
# 54 polygons

#
# object Rectangle015
#

v  693.7400 710.0001 -276.2400
v  -693.7400 710.0001 -276.2400
v  -693.7400 710.0001 -246.7600
v  693.7400 710.0001 -246.7600
v  693.5023 711.2409 -245.7188
v  -693.5023 711.2409 -245.7188
v  -690.4135 728.7592 -248.8078
v  690.4133 728.7592 -248.8078
v  694.7813 711.2409 -246.9977
v  691.6923 728.7592 -250.0866
v  691.6923 728.7592 -272.9134
v  694.7813 711.2409 -276.0023
v  -694.7811 711.2409 -246.9977
v  -694.7811 711.2409 -276.0023
v  -691.6923 728.7592 -272.9134
v  -691.6923 728.7592 -250.0866
v  -693.5023 711.2409 -277.2812
v  693.5023 711.2409 -277.2812
v  690.4133 728.7592 -274.1923
v  -690.4135 728.7592 -274.1923
v  690.2134 730.0001 -250.2865
v  -690.2135 730.0001 -250.2865
v  -690.2135 730.0001 -272.7134
v  690.2134 730.0001 -272.7134
v  694.6304 710.3103 -276.1806
v  694.4432 710.4644 -276.9432
v  693.6805 710.3103 -277.1303
v  -693.6805 710.3103 -277.1303
v  -694.4432 710.4644 -276.9432
v  -694.6302 710.3103 -276.1806
v  -694.6302 710.3103 -246.8194
v  -694.4432 710.4644 -246.0568
v  -693.6805 710.3103 -245.8697
v  693.6805 710.3103 -245.8697
v  694.4432 710.4644 -246.0568
v  694.6304 710.3103 -246.8194
v  694.4631 711.2318 -246.0369
v  -694.4631 711.2318 -246.0369
v  -691.3710 728.7684 -249.1291
v  -691.0804 729.5357 -249.4197
v  -690.2634 729.6898 -249.2868
v  690.2634 729.6898 -249.2868
v  691.0803 729.5357 -249.4197
v  691.3708 728.7684 -249.1291
v  691.2131 729.6898 -250.2366
v  691.2131 729.6898 -272.7634
v  691.0803 729.5357 -273.5803
v  691.3708 728.7684 -273.8709
v  694.4631 711.2318 -276.9631
v  -694.4631 711.2318 -276.9631
v  -691.3710 728.7684 -273.8709
v  -691.0804 729.5357 -273.5803
v  -691.2131 729.6898 -272.7634
v  -691.2131 729.6898 -250.2366
v  690.2634 729.6898 -273.7131
v  -690.2634 729.6898 -273.7131
# 56 vertices

vn 0.0002 -1.0000 0.0098
vn -0.0002 -1.0000 0.0098
vn -0.0002 -1.0000 -0.0098
vn 0.0002 -1.0000 -0.0098
vn 0.0003 0.1533 -0.9882
vn -0.0003 0.1533 -0.9882
vn -0.0002 0.1871 -0.9823
vn 0.0002 0.1871 -0.9823
vn 0.9880 0.1537 -0.0136
vn 0.9823 0.1872 -0.0100
vn 0.9823 0.1872 0.0100
vn 0.9880 0.1537 0.0136
vn -0.9880 0.1537 -0.0136
vn -0.9880 0.1537 0.0136
vn -0.9823 0.1872 0.0100
vn -0.9823 0.1872 -0.0100
vn -0.0003 0.1533 0.9882
vn 0.0003 0.1533 0.9882
vn 0.0002 0.1871 0.9823
vn -0.0002 0.1871 0.9823
vn 0.0002 0.9999 -0.0136
vn -0.0002 0.9999 -0.0136
vn -0.0002 0.9999 0.0136
vn 0.0002 0.9999 0.0136
vn 0.7344 -0.6787 0.0079
vn 0.6308 -0.4519 0.6308
vn 0.0002 -0.6797 0.7335
vn -0.0002 -0.6797 0.7335
vn -0.6308 -0.4520 0.6307
vn -0.7344 -0.6787 0.0079
vn -0.7344 -0.6787 -0.0079
vn -0.6308 -0.4520 -0.6307
vn -0.0002 -0.6797 -0.7335
vn 0.0002 -0.6797 -0.7335
vn 0.6308 -0.4519 -0.6308
vn 0.7344 -0.6787 -0.0079
vn 0.6881 0.2302 -0.6881
vn -0.6881 0.2302 -0.6881
vn -0.6845 0.2510 -0.6845
vn -0.5164 0.6832 -0.5163
vn -0.0001 0.7500 -0.6615
vn 0.0001 0.7500 -0.6615
vn 0.5164 0.6832 -0.5163
vn 0.6845 0.2510 -0.6845
vn 0.6610 0.7503 -0.0077
vn 0.6610 0.7503 0.0077
vn 0.5164 0.6832 0.5163
vn 0.6845 0.2510 0.6845
vn 0.6881 0.2302 0.6881
vn -0.6881 0.2302 0.6881
vn -0.6845 0.2510 0.6845
vn -0.5164 0.6832 0.5163
vn -0.6610 0.7503 0.0077
vn -0.6610 0.7503 -0.0077
vn 0.0001 0.7500 0.6615
vn -0.0001 0.7500 0.6615
# 56 vertex normals

vt -0.1650 0.3431 0.0000
vt -0.1650 -1.0513 0.0000
vt -0.1353 -1.0513 0.0000
vt -0.1353 0.3431 0.0000
vt -0.4685 -1.0000 0.0000
vt -0.4685 0.3939 0.0000
vt -0.4861 0.3908 0.0000
vt -0.4861 -0.9969 0.0000
vt -0.4288 0.4965 0.0000
vt -0.4464 0.4934 0.0000
vt -0.4464 0.4705 0.0000
vt -0.4288 0.4674 0.0000
vt -0.4288 -1.0000 0.0000
vt -0.4288 -0.9708 0.0000
vt -0.4464 -0.9739 0.0000
vt -0.4464 -0.9969 0.0000
vt -0.3681 0.4835 0.0000
vt -0.3681 1.8774 0.0000
vt -0.3857 1.8743 0.0000
vt -0.3857 0.4866 0.0000
vt -0.2778 1.8325 0.0000
vt -0.2778 0.4452 0.0000
vt -0.2552 0.4452 0.0000
vt -0.2552 1.8325 0.0000
vt -0.1649 0.3440 0.0000
vt -0.1657 0.3438 0.0000
vt -0.1659 0.3430 0.0000
vt -0.1659 -1.0513 0.0000
vt -0.1657 -1.0520 0.0000
vt -0.1649 -1.0522 0.0000
vt -0.1354 -1.0522 0.0000
vt -0.1346 -1.0520 0.0000
vt -0.1345 -1.0513 0.0000
vt -0.1345 0.3430 0.0000
vt -0.1346 0.3438 0.0000
vt -0.1354 0.3440 0.0000
vt -0.4685 -1.0009 0.0000
vt -0.4677 -1.0009 0.0000
vt -0.4675 -1.0001 0.0000
vt -0.4675 0.3941 0.0000
vt -0.4677 0.3949 0.0000
vt -0.4685 0.3949 0.0000
vt -0.4861 0.3918 0.0000
vt -0.4869 0.3915 0.0000
vt -0.4870 0.3907 0.0000
vt -0.4870 -0.9967 0.0000
vt -0.4869 -0.9975 0.0000
vt -0.4861 -0.9978 0.0000
vt -0.4278 0.4967 0.0000
vt -0.4280 0.4975 0.0000
vt -0.4288 0.4975 0.0000
vt -0.4464 0.4944 0.0000
vt -0.4472 0.4941 0.0000
vt -0.4473 0.4933 0.0000
vt -0.4473 0.4706 0.0000
vt -0.4472 0.4698 0.0000
vt -0.4464 0.4695 0.0000
vt -0.4288 0.4664 0.0000
vt -0.4280 0.4664 0.0000
vt -0.4278 0.4672 0.0000
vt -0.4288 -1.0009 0.0000
vt -0.4280 -1.0009 0.0000
vt -0.4278 -1.0001 0.0000
vt -0.4278 -0.9706 0.0000
vt -0.4280 -0.9699 0.0000
vt -0.4288 -0.9698 0.0000
vt -0.4464 -0.9730 0.0000
vt -0.4472 -0.9732 0.0000
vt -0.4473 -0.9741 0.0000
vt -0.4473 -0.9967 0.0000
vt -0.4472 -0.9975 0.0000
vt -0.4464 -0.9978 0.0000
vt -0.3681 0.4825 0.0000
vt -0.3673 0.4825 0.0000
vt -0.3672 0.4833 0.0000
vt -0.3672 1.8776 0.0000
vt -0.3673 1.8783 0.0000
vt -0.3681 1.8783 0.0000
vt -0.3857 1.8752 0.0000
vt -0.3865 1.8749 0.0000
vt -0.3866 1.8741 0.0000
vt -0.3866 0.4867 0.0000
vt -0.3865 0.4859 0.0000
vt -0.3857 0.4856 0.0000
vt -0.2778 1.8335 0.0000
vt -0.2787 1.8334 0.0000
vt -0.2788 1.8326 0.0000
vt -0.2788 0.4452 0.0000
vt -0.2787 0.4444 0.0000
vt -0.2778 0.4442 0.0000
vt -0.2552 0.4442 0.0000
vt -0.2544 0.4444 0.0000
vt -0.2542 0.4452 0.0000
vt -0.2542 1.8326 0.0000
vt -0.2544 1.8334 0.0000
vt -0.2552 1.8335 0.0000
# 96 texture coords

o Rectangle015
g Rectangle015
usemtl wire_135006006
s 1
f 844/1444/844 843/1443/843 842/1442/842 841/1441/841 
s 2
f 848/1448/848 847/1447/847 846/1446/846 845/1445/845 
s 4
f 852/1452/852 851/1451/851 850/1450/850 849/1449/849 
f 856/1456/856 855/1455/855 854/1454/854 853/1453/853 
s 2
f 860/1460/860 859/1459/859 858/1458/858 857/1457/857 
s 1
f 864/1464/864 863/1463/863 862/1462/862 861/1461/861 
f 867/1467/867 866/1466/866 865/1465/865 841/1441/841 
f 870/1470/870 869/1469/869 868/1468/868 842/1442/842 
f 873/1473/873 872/1472/872 871/1471/871 843/1443/843 
f 876/1476/876 875/1475/875 874/1474/874 844/1444/844 
s 2
f 874/1479/874 875/1478/875 877/1477/877 845/1445/845 
f 878/1482/878 872/1481/872 873/1480/873 846/1446/846 
f 881/1485/881 880/1484/880 879/1483/879 847/1447/847 
f 884/1488/884 883/1487/883 882/1486/882 848/1448/848 
s 4
f 877/1491/877 875/1490/875 876/1489/876 849/1449/849 
f 885/1494/885 883/1493/883 884/1492/884 850/1450/850 
f 888/1497/888 887/1496/887 886/1495/886 851/1451/851 
f 865/1500/865 866/1499/866 889/1498/889 852/1452/852 
f 871/1503/871 872/1502/872 878/1501/878 853/1453/853 
f 890/1506/890 869/1505/869 870/1504/870 854/1454/854 
f 893/1509/893 892/1508/892 891/1507/891 855/1455/855 
f 879/1512/879 880/1511/880 894/1510/894 856/1456/856 
s 2
f 868/1515/868 869/1514/869 890/1513/890 857/1457/857 
f 889/1518/889 866/1517/866 867/1516/867 858/1458/858 
f 895/1521/895 887/1520/887 888/1519/888 859/1459/859 
f 891/1524/891 892/1523/892 896/1522/896 860/1460/860 
s 1
f 882/1527/882 883/1526/883 885/1525/885 861/1461/861 
f 894/1530/894 880/1529/880 881/1528/881 862/1462/862 
f 896/1533/896 892/1532/892 893/1531/893 863/1463/863 
f 886/1536/886 887/1535/887 895/1534/895 864/1464/864 
f 868/1468/868 867/1467/867 841/1441/841 842/1442/842 
f 871/1471/871 870/1470/870 842/1442/842 843/1443/843 
f 874/1474/874 873/1473/873 843/1443/843 844/1444/844 
f 865/1465/865 876/1476/876 844/1444/844 841/1441/841 
s 2
f 873/1480/873 874/1479/874 845/1445/845 846/1446/846 
f 879/1483/879 878/1482/878 846/1446/846 847/1447/847 
f 882/1486/882 881/1485/881 847/1447/847 848/1448/848 
f 877/1477/877 884/1488/884 848/1448/848 845/1445/845 
s 4
f 884/1492/884 877/1491/877 849/1449/849 850/1450/850 
f 886/1495/886 885/1494/885 850/1450/850 851/1451/851 
f 889/1498/889 888/1497/888 851/1451/851 852/1452/852 
f 876/1489/876 865/1500/865 852/1452/852 849/1449/849 
f 870/1504/870 871/1503/871 853/1453/853 854/1454/854 
f 891/1507/891 890/1506/890 854/1454/854 855/1455/855 
f 894/1510/894 893/1509/893 855/1455/855 856/1456/856 
f 878/1501/878 879/1512/879 856/1456/856 853/1453/853 
s 2
f 867/1516/867 868/1515/868 857/1457/857 858/1458/858 
f 888/1519/888 889/1518/889 858/1458/858 859/1459/859 
f 896/1522/896 895/1521/895 859/1459/859 860/1460/860 
f 890/1513/890 891/1524/891 860/1460/860 857/1457/857 
s 1
f 881/1528/881 882/1527/882 861/1461/861 862/1462/862 
f 893/1531/893 894/1530/894 862/1462/862 863/1463/863 
f 895/1534/895 896/1533/896 863/1463/863 864/1464/864 
f 885/1525/885 886/1536/886 864/1464/864 861/1461/861 
# 54 polygons

#
# object Shape001
#

v  -471.4695 613.6978 277.5112
v  -471.4695 561.9044 283.5162
v  -471.4695 682.9139 46.2600
v  -471.4695 688.7401 46.2600
v  -471.4695 688.7401 84.7634
v  -491.4734 682.9139 46.2600
v  -491.4734 561.9044 283.5162
v  -491.4734 613.6978 277.5112
v  -491.4734 688.7401 84.7634
v  -491.4734 688.7401 46.2600
v  -472.7294 560.9650 284.8936
v  -472.7294 613.3450 278.8206
v  -490.2134 613.3450 278.8206
v  -490.2134 560.9650 284.8936
v  -472.7294 681.5696 46.1224
v  -472.7294 560.2859 283.9163
v  -490.2134 560.2859 283.9163
v  -490.2134 681.5696 46.1224
v  -472.7294 615.0538 277.5013
v  -472.7294 690.0001 85.0000
v  -490.2134 690.0001 85.0000
v  -490.2134 615.0538 277.5013
v  -472.7294 690.0001 46.2600
v  -490.2134 690.0001 46.2600
v  -472.7294 688.7401 45.0000
v  -472.7294 683.4022 45.0000
v  -490.2134 683.4022 45.0000
v  -490.2134 688.7401 45.0000
v  -471.7845 614.7148 277.5038
v  -471.9382 614.2817 278.2675
v  -471.7845 613.4332 278.4932
v  -471.7845 561.1999 284.5493
v  -471.9339 560.4534 284.5245
v  -471.7845 560.6906 283.8163
v  -471.7845 681.9057 46.1568
v  -471.9384 682.4138 45.4433
v  -471.7845 683.2801 45.3150
v  -471.7845 688.7401 45.3150
v  -471.9420 689.5276 45.4725
v  -471.7845 689.6851 46.2600
v  -491.1584 683.2801 45.3150
v  -491.0045 682.4138 45.4433
v  -491.1584 681.9057 46.1568
v  -491.1584 560.6906 283.8163
v  -491.0090 560.4534 284.5245
v  -491.1584 561.1999 284.5493
v  -491.1584 613.4332 278.4932
v  -491.0047 614.2817 278.2675
v  -491.1584 614.7148 277.5038
v  -491.1584 689.6851 46.2600
v  -491.0009 689.5276 45.4725
v  -491.1584 688.7401 45.3150
v  -472.7294 560.1695 284.7218
v  -472.7294 614.3980 278.4182
v  -490.2134 614.3980 278.4182
v  -490.2134 560.1695 284.7218
v  -472.7294 682.3140 45.2806
v  -490.2134 682.3140 45.2806
v  -472.7294 689.6851 45.3150
v  -490.2134 689.6851 45.3150
v  -471.7845 689.6851 84.9409
v  -491.1584 689.6851 84.9409
# 62 vertices

vn 1.0000 0.0046 0.0030
vn 0.9998 -0.0195 -0.0058
vn 1.0000 -0.0056 -0.0030
vn 1.0000 0.0016 -0.0003
vn 1.0000 0.0057 0.0019
vn -1.0000 -0.0056 -0.0030
vn -0.9998 -0.0195 -0.0058
vn -1.0000 0.0046 0.0030
vn -1.0000 0.0057 0.0019
vn -1.0000 0.0016 -0.0003
vn 0.0144 0.1103 0.9938
vn 0.0182 0.1202 0.9926
vn -0.0182 0.1202 0.9926
vn -0.0144 0.1103 0.9938
vn 0.0183 -0.8902 -0.4552
vn 0.0143 -0.8912 -0.4534
vn -0.0143 -0.8912 -0.4534
vn -0.0183 -0.8902 -0.4552
vn 0.0183 0.9312 0.3640
vn 0.0166 0.9512 0.3083
vn -0.0166 0.9512 0.3083
vn -0.0183 0.9312 0.3640
vn 0.0170 0.9998 -0.0078
vn -0.0170 0.9998 -0.0078
vn 0.0167 0.0495 -0.9986
vn 0.0173 -0.0429 -0.9989
vn -0.0173 -0.0429 -0.9989
vn -0.0167 0.0495 -0.9986
vn 0.7557 0.6101 0.2383
vn 0.5485 0.5110 0.6618
vn 0.7533 0.0787 0.6530
vn 0.5799 0.0897 0.8097
vn 0.6538 -0.6214 0.4318
vn 0.5753 -0.7290 -0.3709
vn 0.7544 -0.5844 -0.2988
vn 0.5492 -0.4365 -0.7127
vn 0.7455 -0.0257 -0.6660
vn 0.7136 0.0329 -0.6998
vn 0.5773 0.5774 -0.5774
vn 0.7066 0.7076 -0.0052
vn -0.7455 -0.0257 -0.6660
vn -0.5491 -0.4365 -0.7127
vn -0.7544 -0.5844 -0.2988
vn -0.5753 -0.7290 -0.3709
vn -0.6538 -0.6214 0.4318
vn -0.5799 0.0897 0.8097
vn -0.7533 0.0787 0.6530
vn -0.5485 0.5110 0.6618
vn -0.7557 0.6101 0.2383
vn -0.7066 0.7076 -0.0052
vn -0.5773 0.5774 -0.5774
vn -0.7136 0.0329 -0.6998
vn 0.0162 -0.8211 0.5705
vn 0.0099 0.6111 0.7915
vn -0.0099 0.6111 0.7915
vn -0.0162 -0.8211 0.5705
vn 0.0099 -0.5223 -0.8527
vn -0.0099 -0.5223 -0.8527
vn 0.0113 0.7071 -0.7071
vn -0.0113 0.7071 -0.7071
vn 0.6824 0.6953 0.2254
vn -0.6824 0.6953 0.2254
# 62 vertex normals

vt 0.6463 1.2027 0.0000
vt 0.6984 1.1967 0.0000
vt 0.5768 1.4351 0.0000
vt 0.5709 1.4351 0.0000
vt 0.5709 1.3964 0.0000
vt -0.0740 -1.0486 0.0000
vt -0.0692 -0.7810 0.0000
vt -0.1133 -0.8092 0.0000
vt -0.0962 -1.0164 0.0000
vt -0.0792 -1.0512 0.0000
vt -0.5257 1.1396 0.0000
vt -0.5257 1.0869 0.0000
vt -0.5082 1.0869 0.0000
vt -0.5082 1.1396 0.0000
vt -0.5257 -0.2567 0.0000
vt -0.5257 -0.4957 0.0000
vt -0.5082 -0.4957 0.0000
vt -0.5082 -0.2567 0.0000
vt -0.5257 0.1128 0.0000
vt -0.5257 -0.0806 0.0000
vt -0.5082 -0.0806 0.0000
vt -0.5082 0.1128 0.0000
vt -0.5257 -0.1196 0.0000
vt -0.5082 -0.1196 0.0000
vt -0.7128 0.5721 0.0000
vt -0.7074 0.5721 0.0000
vt -0.7074 0.5897 0.0000
vt -0.7128 0.5897 0.0000
vt 0.6453 1.2027 0.0000
vt 0.6457 1.2020 0.0000
vt 0.6466 1.2018 0.0000
vt 0.6991 1.1957 0.0000
vt 0.6998 1.1957 0.0000
vt 0.6996 1.1964 0.0000
vt 0.5778 1.4352 0.0000
vt 0.5773 1.4360 0.0000
vt 0.5764 1.4361 0.0000
vt 0.5709 1.4361 0.0000
vt 0.5701 1.4359 0.0000
vt 0.5700 1.4351 0.0000
vt -0.0739 -1.0496 0.0000
vt -0.0732 -1.0491 0.0000
vt -0.0730 -1.0482 0.0000
vt -0.0682 -0.7802 0.0000
vt -0.0683 -0.7794 0.0000
vt -0.0690 -0.7797 0.0000
vt -0.1135 -0.8082 0.0000
vt -0.1142 -0.8088 0.0000
vt -0.1142 -0.8097 0.0000
vt -0.0801 -1.0516 0.0000
vt -0.0796 -1.0522 0.0000
vt -0.0788 -1.0520 0.0000
vt -0.5257 1.1404 0.0000
vt -0.5265 1.1401 0.0000
vt -0.5267 1.1393 0.0000
vt -0.5267 1.0869 0.0000
vt -0.5265 1.0860 0.0000
vt -0.5257 1.0859 0.0000
vt -0.5082 1.0859 0.0000
vt -0.5074 1.0860 0.0000
vt -0.5072 1.0869 0.0000
vt -0.5072 1.1393 0.0000
vt -0.5074 1.1401 0.0000
vt -0.5082 1.1404 0.0000
vt -0.5257 -0.2558 0.0000
vt -0.5265 -0.2560 0.0000
vt -0.5267 -0.2567 0.0000
vt -0.5267 -0.4956 0.0000
vt -0.5265 -0.4963 0.0000
vt -0.5257 -0.4965 0.0000
vt -0.5082 -0.4965 0.0000
vt -0.5074 -0.4963 0.0000
vt -0.5072 -0.4956 0.0000
vt -0.5072 -0.2567 0.0000
vt -0.5074 -0.2560 0.0000
vt -0.5082 -0.2558 0.0000
vt -0.5257 0.1138 0.0000
vt -0.5265 0.1136 0.0000
vt -0.5267 0.1128 0.0000
vt -0.5072 0.1128 0.0000
vt -0.5074 0.1136 0.0000
vt -0.5082 0.1138 0.0000
vt -0.5267 -0.1196 0.0000
vt -0.5265 -0.1203 0.0000
vt -0.5257 -0.1205 0.0000
vt -0.5082 -0.1205 0.0000
vt -0.5074 -0.1203 0.0000
vt -0.5072 -0.1196 0.0000
vt -0.7138 0.5721 0.0000
vt -0.7136 0.5713 0.0000
vt -0.7128 0.5712 0.0000
vt -0.7073 0.5712 0.0000
vt -0.7065 0.5713 0.0000
vt -0.7064 0.5721 0.0000
vt -0.7064 0.5897 0.0000
vt -0.7065 0.5905 0.0000
vt -0.7073 0.5906 0.0000
vt -0.7128 0.5906 0.0000
vt -0.7136 0.5905 0.0000
vt -0.7138 0.5897 0.0000
vt 0.5700 1.3963 0.0000
vt -0.0971 -1.0166 0.0000
vt -0.5267 -0.0807 0.0000
vt -0.5072 -0.0807 0.0000
# 104 texture coords

o Shape001
g Shape001
usemtl wire_087225087
s 1
f 897/1537/897 898/1538/898 899/1539/899 900/1540/900 901/1541/901 
f 902/1542/902 903/1543/903 904/1544/904 905/1545/905 906/1546/906 
s 2
f 907/1547/907 908/1548/908 909/1549/909 910/1550/910 
s 4
f 911/1551/911 912/1552/912 913/1553/913 914/1554/914 
f 915/1555/915 916/1556/916 917/1557/917 918/1558/918 
f 916/1556/916 919/1559/919 920/1560/920 917/1557/917 
s 2
f 921/1561/921 922/1562/922 923/1563/923 924/1564/924 
s 1
f 897/1537/897 925/1565/925 926/1566/926 927/1567/927 
f 898/1538/898 928/1568/928 929/1569/929 930/1570/930 
f 899/1539/899 931/1571/931 932/1572/932 933/1573/933 
f 900/1540/900 934/1574/934 935/1575/935 936/1576/936 
f 902/1542/902 937/1577/937 938/1578/938 939/1579/939 
f 903/1543/903 940/1580/940 941/1581/941 942/1582/942 
f 904/1544/904 943/1583/943 944/1584/944 945/1585/945 
f 906/1546/906 946/1586/946 947/1587/947 948/1588/948 
s 2
f 907/1547/907 949/1589/949 929/1590/929 928/1591/928 
f 908/1548/908 927/1592/927 926/1593/926 950/1594/950 
f 909/1549/909 951/1595/951 944/1596/944 943/1597/943 
f 910/1550/910 942/1598/942 941/1599/941 952/1600/952 
s 4
f 911/1551/911 953/1601/953 932/1602/932 931/1603/931 
f 912/1552/912 930/1604/930 929/1605/929 949/1606/949 
f 913/1553/913 952/1607/952 941/1608/941 940/1609/940 
f 914/1554/914 939/1610/939 938/1611/938 954/1612/954 
f 915/1555/915 950/1613/950 926/1614/926 925/1615/925 
f 918/1558/918 945/1616/945 944/1617/944 951/1618/951 
f 919/1559/919 936/1619/936 935/1620/935 955/1621/955 
f 920/1560/920 956/1622/956 947/1623/947 946/1624/946 
s 2
f 921/1561/921 955/1625/955 935/1626/935 934/1627/934 
f 922/1562/922 933/1628/933 932/1629/932 953/1630/953 
f 923/1563/923 954/1631/954 938/1632/938 937/1633/937 
f 924/1564/924 948/1634/948 947/1635/947 956/1636/956 
s 1
f 898/1538/898 897/1537/897 927/1567/927 928/1568/928 
f 899/1539/899 898/1538/898 930/1570/930 931/1571/931 
f 900/1540/900 899/1539/899 933/1573/933 934/1574/934 
f 901/1541/901 900/1540/900 936/1576/936 957/1637/957 
f 897/1537/897 901/1541/901 957/1637/957 925/1565/925 
f 903/1543/903 902/1542/902 939/1579/939 940/1580/940 
f 904/1544/904 903/1543/903 942/1582/942 943/1583/943 
f 905/1545/905 904/1544/904 945/1585/945 958/1638/958 
f 906/1546/906 905/1545/905 958/1638/958 946/1586/946 
f 902/1542/902 906/1546/906 948/1588/948 937/1577/937 
s 2
f 908/1548/908 907/1547/907 928/1591/928 927/1592/927 
f 909/1549/909 908/1548/908 950/1594/950 951/1595/951 
f 910/1550/910 909/1549/909 943/1597/943 942/1598/942 
f 907/1547/907 910/1550/910 952/1600/952 949/1589/949 
s 4
f 912/1552/912 911/1551/911 931/1603/931 930/1604/930 
f 913/1553/913 912/1552/912 949/1606/949 952/1607/952 
f 914/1554/914 913/1553/913 940/1609/940 939/1610/939 
f 911/1551/911 914/1554/914 954/1612/954 953/1601/953 
f 916/1556/916 915/1555/915 925/1615/925 957/1639/957 
f 918/1558/918 917/1557/917 958/1640/958 945/1616/945 
f 915/1555/915 918/1558/918 951/1618/951 950/1613/950 
f 919/1559/919 916/1556/916 957/1639/957 936/1619/936 
f 920/1560/920 919/1559/919 955/1621/955 956/1622/956 
f 917/1557/917 920/1560/920 946/1624/946 958/1640/958 
s 2
f 922/1562/922 921/1561/921 934/1627/934 933/1628/933 
f 923/1563/923 922/1562/922 953/1630/953 954/1631/954 
f 924/1564/924 923/1563/923 937/1633/937 948/1634/948 
f 921/1561/921 924/1564/924 956/1636/956 955/1625/955 
# 59 polygons

#
# object Shape002
#

v  -471.4695 613.6978 -277.5112
v  -471.4695 561.9044 -283.5162
v  -471.4695 682.9139 -46.2600
v  -471.4695 688.7401 -46.2600
v  -471.4695 688.7401 -84.7634
v  -491.4734 682.9139 -46.2600
v  -491.4734 561.9044 -283.5162
v  -491.4734 613.6978 -277.5112
v  -491.4734 688.7401 -84.7634
v  -491.4734 688.7401 -46.2600
v  -472.7294 560.9650 -284.8936
v  -472.7294 613.3450 -278.8206
v  -490.2134 613.3450 -278.8206
v  -490.2134 560.9650 -284.8936
v  -472.7294 681.5696 -46.1224
v  -472.7294 560.2859 -283.9163
v  -490.2134 560.2859 -283.9163
v  -490.2134 681.5696 -46.1224
v  -472.7294 615.0538 -277.5013
v  -472.7294 690.0001 -85.0000
v  -490.2134 690.0001 -85.0000
v  -490.2134 615.0538 -277.5013
v  -472.7294 690.0001 -46.2600
v  -490.2134 690.0001 -46.2600
v  -472.7294 688.7401 -45.0000
v  -472.7294 683.4022 -45.0000
v  -490.2134 683.4022 -45.0000
v  -490.2134 688.7401 -45.0000
v  -471.7845 614.7148 -277.5038
v  -471.9382 614.2817 -278.2675
v  -471.7845 613.4332 -278.4932
v  -471.7845 561.1999 -284.5493
v  -471.9339 560.4534 -284.5245
v  -471.7845 560.6906 -283.8163
v  -471.7845 681.9057 -46.1568
v  -471.9384 682.4138 -45.4433
v  -471.7845 683.2801 -45.3150
v  -471.7845 688.7401 -45.3150
v  -471.9420 689.5276 -45.4725
v  -471.7845 689.6851 -46.2600
v  -491.1584 683.2801 -45.3150
v  -491.0045 682.4138 -45.4433
v  -491.1584 681.9057 -46.1568
v  -491.1584 560.6906 -283.8163
v  -491.0090 560.4534 -284.5245
v  -491.1584 561.1999 -284.5493
v  -491.1584 613.4332 -278.4932
v  -491.0047 614.2817 -278.2675
v  -491.1584 614.7148 -277.5038
v  -491.1584 689.6851 -46.2600
v  -491.0009 689.5276 -45.4725
v  -491.1584 688.7401 -45.3150
v  -472.7294 560.1695 -284.7218
v  -472.7294 614.3980 -278.4182
v  -490.2134 614.3980 -278.4182
v  -490.2134 560.1695 -284.7218
v  -472.7294 682.3140 -45.2806
v  -490.2134 682.3140 -45.2806
v  -472.7294 689.6851 -45.3150
v  -490.2134 689.6851 -45.3150
v  -471.7845 689.6851 -84.9409
v  -491.1584 689.6851 -84.9409
# 62 vertices

vn 1.0000 0.0046 0.0030
vn 0.9998 -0.0195 -0.0058
vn 1.0000 -0.0056 -0.0030
vn 1.0000 0.0016 -0.0003
vn 1.0000 0.0057 0.0019
vn -1.0000 -0.0056 -0.0030
vn -0.9998 -0.0195 -0.0058
vn -1.0000 0.0046 0.0030
vn -1.0000 0.0057 0.0019
vn -1.0000 0.0016 -0.0003
vn 0.0144 0.1103 0.9938
vn 0.0182 0.1202 0.9926
vn -0.0182 0.1202 0.9926
vn -0.0144 0.1103 0.9938
vn 0.0183 -0.8902 -0.4552
vn 0.0143 -0.8912 -0.4534
vn -0.0143 -0.8912 -0.4534
vn -0.0183 -0.8902 -0.4552
vn 0.0183 0.9312 0.3640
vn 0.0166 0.9512 0.3083
vn -0.0166 0.9512 0.3083
vn -0.0183 0.9312 0.3640
vn 0.0170 0.9998 -0.0078
vn -0.0170 0.9998 -0.0078
vn 0.0167 0.0495 -0.9986
vn 0.0173 -0.0429 -0.9989
vn -0.0173 -0.0429 -0.9989
vn -0.0167 0.0495 -0.9986
vn 0.7557 0.6101 0.2383
vn 0.5485 0.5110 0.6618
vn 0.7533 0.0787 0.6530
vn 0.5799 0.0897 0.8097
vn 0.6538 -0.6214 0.4318
vn 0.5753 -0.7290 -0.3709
vn 0.7544 -0.5844 -0.2988
vn 0.5492 -0.4365 -0.7127
vn 0.7455 -0.0257 -0.6660
vn 0.7136 0.0329 -0.6998
vn 0.5773 0.5774 -0.5774
vn 0.7066 0.7076 -0.0052
vn -0.7455 -0.0257 -0.6660
vn -0.5491 -0.4365 -0.7127
vn -0.7544 -0.5844 -0.2988
vn -0.5753 -0.7290 -0.3709
vn -0.6538 -0.6214 0.4318
vn -0.5799 0.0897 0.8097
vn -0.7533 0.0787 0.6530
vn -0.5485 0.5110 0.6618
vn -0.7557 0.6101 0.2383
vn -0.7066 0.7076 -0.0052
vn -0.5773 0.5774 -0.5774
vn -0.7136 0.0329 -0.6998
vn 0.0162 -0.8211 0.5705
vn 0.0099 0.6111 0.7915
vn -0.0099 0.6111 0.7915
vn -0.0162 -0.8211 0.5705
vn 0.0099 -0.5223 -0.8527
vn -0.0099 -0.5223 -0.8527
vn 0.0113 0.7071 -0.7071
vn -0.0113 0.7071 -0.7071
vn 0.6824 0.6953 0.2254
vn -0.6824 0.6953 0.2254
# 62 vertex normals

vt 0.6463 0.9421 0.0000
vt 0.6984 0.9361 0.0000
vt 0.5768 1.1745 0.0000
vt 0.5709 1.1745 0.0000
vt 0.5709 1.1358 0.0000
vt -0.0740 -0.7556 0.0000
vt -0.0692 -0.4880 0.0000
vt -0.1133 -0.5162 0.0000
vt -0.0962 -0.7234 0.0000
vt -0.0792 -0.7582 0.0000
vt -0.5257 -0.1617 0.0000
vt -0.5257 -0.2144 0.0000
vt -0.5082 -0.2144 0.0000
vt -0.5082 -0.1617 0.0000
vt -0.5257 -0.8124 0.0000
vt -0.5257 -1.0514 0.0000
vt -0.5082 -1.0514 0.0000
vt -0.5082 -0.8124 0.0000
vt -0.5257 -0.5378 0.0000
vt -0.5257 -0.7313 0.0000
vt -0.5082 -0.7313 0.0000
vt -0.5082 -0.5378 0.0000
vt -0.5257 -0.7702 0.0000
vt -0.5082 -0.7702 0.0000
vt -0.7128 0.5324 0.0000
vt -0.7074 0.5324 0.0000
vt -0.7074 0.5500 0.0000
vt -0.7128 0.5500 0.0000
vt 0.6453 0.9421 0.0000
vt 0.6457 0.9413 0.0000
vt 0.6466 0.9411 0.0000
vt 0.6991 0.9350 0.0000
vt 0.6998 0.9351 0.0000
vt 0.6996 0.9358 0.0000
vt 0.5778 1.1746 0.0000
vt 0.5773 1.1753 0.0000
vt 0.5764 1.1755 0.0000
vt 0.5709 1.1755 0.0000
vt 0.5701 1.1753 0.0000
vt 0.5700 1.1745 0.0000
vt -0.0739 -0.7566 0.0000
vt -0.0732 -0.7561 0.0000
vt -0.0730 -0.7552 0.0000
vt -0.0682 -0.4872 0.0000
vt -0.0683 -0.4864 0.0000
vt -0.0690 -0.4867 0.0000
vt -0.1135 -0.5152 0.0000
vt -0.1142 -0.5158 0.0000
vt -0.1142 -0.5167 0.0000
vt -0.0801 -0.7586 0.0000
vt -0.0796 -0.7592 0.0000
vt -0.0788 -0.7590 0.0000
vt -0.5257 -0.1609 0.0000
vt -0.5265 -0.1612 0.0000
vt -0.5267 -0.1620 0.0000
vt -0.5267 -0.2145 0.0000
vt -0.5265 -0.2153 0.0000
vt -0.5257 -0.2154 0.0000
vt -0.5082 -0.2154 0.0000
vt -0.5074 -0.2153 0.0000
vt -0.5072 -0.2145 0.0000
vt -0.5072 -0.1620 0.0000
vt -0.5074 -0.1612 0.0000
vt -0.5082 -0.1609 0.0000
vt -0.5257 -0.8116 0.0000
vt -0.5265 -0.8117 0.0000
vt -0.5267 -0.8125 0.0000
vt -0.5267 -1.0513 0.0000
vt -0.5265 -1.0520 0.0000
vt -0.5257 -1.0522 0.0000
vt -0.5082 -1.0522 0.0000
vt -0.5074 -1.0520 0.0000
vt -0.5072 -1.0513 0.0000
vt -0.5072 -0.8125 0.0000
vt -0.5074 -0.8117 0.0000
vt -0.5082 -0.8116 0.0000
vt -0.5257 -0.5369 0.0000
vt -0.5265 -0.5371 0.0000
vt -0.5267 -0.5378 0.0000
vt -0.5072 -0.5378 0.0000
vt -0.5074 -0.5371 0.0000
vt -0.5082 -0.5369 0.0000
vt -0.5267 -0.7702 0.0000
vt -0.5265 -0.7710 0.0000
vt -0.5257 -0.7712 0.0000
vt -0.5082 -0.7712 0.0000
vt -0.5074 -0.7710 0.0000
vt -0.5072 -0.7702 0.0000
vt -0.7138 0.5324 0.0000
vt -0.7136 0.5316 0.0000
vt -0.7128 0.5315 0.0000
vt -0.7073 0.5315 0.0000
vt -0.7065 0.5316 0.0000
vt -0.7064 0.5324 0.0000
vt -0.7064 0.5500 0.0000
vt -0.7065 0.5508 0.0000
vt -0.7073 0.5509 0.0000
vt -0.7128 0.5509 0.0000
vt -0.7136 0.5508 0.0000
vt -0.7138 0.5500 0.0000
vt 0.5700 1.1356 0.0000
vt -0.0971 -0.7236 0.0000
vt -0.5267 -0.7313 0.0000
vt -0.5072 -0.7313 0.0000
# 104 texture coords

o Shape002
g Shape002
usemtl wire_087225087
s 1
f 963/1645/963 962/1644/962 961/1643/961 960/1642/960 959/1641/959 
f 968/1650/968 967/1649/967 966/1648/966 965/1647/965 964/1646/964 
s 2
f 972/1654/972 971/1653/971 970/1652/970 969/1651/969 
s 4
f 976/1658/976 975/1657/975 974/1656/974 973/1655/973 
f 980/1662/980 979/1661/979 978/1660/978 977/1659/977 
f 979/1661/979 982/1664/982 981/1663/981 978/1660/978 
s 2
f 986/1668/986 985/1667/985 984/1666/984 983/1665/983 
s 1
f 989/1671/989 988/1670/988 987/1669/987 959/1641/959 
f 992/1674/992 991/1673/991 990/1672/990 960/1642/960 
f 995/1677/995 994/1676/994 993/1675/993 961/1643/961 
f 998/1680/998 997/1679/997 996/1678/996 962/1644/962 
f 1001/1683/1001 1000/1682/1000 999/1681/999 964/1646/964 
f 1004/1686/1004 1003/1685/1003 1002/1684/1002 965/1647/965 
f 1007/1689/1007 1006/1688/1006 1005/1687/1005 966/1648/966 
f 1010/1692/1010 1009/1691/1009 1008/1690/1008 968/1650/968 
s 2
f 990/1695/990 991/1694/991 1011/1693/1011 969/1651/969 
f 1012/1698/1012 988/1697/988 989/1696/989 970/1652/970 
f 1005/1701/1005 1006/1700/1006 1013/1699/1013 971/1653/971 
f 1014/1704/1014 1003/1703/1003 1004/1702/1004 972/1654/972 
s 4
f 993/1707/993 994/1706/994 1015/1705/1015 973/1655/973 
f 1011/1710/1011 991/1709/991 992/1708/992 974/1656/974 
f 1002/1713/1002 1003/1712/1003 1014/1711/1014 975/1657/975 
f 1016/1716/1016 1000/1715/1000 1001/1714/1001 976/1658/976 
f 987/1719/987 988/1718/988 1012/1717/1012 977/1659/977 
f 1013/1722/1013 1006/1721/1006 1007/1720/1007 980/1662/980 
f 1017/1725/1017 997/1724/997 998/1723/998 981/1663/981 
f 1008/1728/1008 1009/1727/1009 1018/1726/1018 982/1664/982 
s 2
f 996/1731/996 997/1730/997 1017/1729/1017 983/1665/983 
f 1015/1734/1015 994/1733/994 995/1732/995 984/1666/984 
f 999/1737/999 1000/1736/1000 1016/1735/1016 985/1667/985 
f 1018/1740/1018 1009/1739/1009 1010/1738/1010 986/1668/986 
s 1
f 990/1672/990 989/1671/989 959/1641/959 960/1642/960 
f 993/1675/993 992/1674/992 960/1642/960 961/1643/961 
f 996/1678/996 995/1677/995 961/1643/961 962/1644/962 
f 1019/1741/1019 998/1680/998 962/1644/962 963/1645/963 
f 987/1669/987 1019/1741/1019 963/1645/963 959/1641/959 
f 1002/1684/1002 1001/1683/1001 964/1646/964 965/1647/965 
f 1005/1687/1005 1004/1686/1004 965/1647/965 966/1648/966 
f 1020/1742/1020 1007/1689/1007 966/1648/966 967/1649/967 
f 1008/1690/1008 1020/1742/1020 967/1649/967 968/1650/968 
f 999/1681/999 1010/1692/1010 968/1650/968 964/1646/964 
s 2
f 989/1696/989 990/1695/990 969/1651/969 970/1652/970 
f 1013/1699/1013 1012/1698/1012 970/1652/970 971/1653/971 
f 1004/1702/1004 1005/1701/1005 971/1653/971 972/1654/972 
f 1011/1693/1011 1014/1704/1014 972/1654/972 969/1651/969 
s 4
f 992/1708/992 993/1707/993 973/1655/973 974/1656/974 
f 1014/1711/1014 1011/1710/1011 974/1656/974 975/1657/975 
f 1001/1714/1001 1002/1713/1002 975/1657/975 976/1658/976 
f 1015/1705/1015 1016/1716/1016 976/1658/976 973/1655/973 
f 1019/1743/1019 987/1719/987 977/1659/977 978/1660/978 
f 1007/1720/1007 1020/1744/1020 979/1661/979 980/1662/980 
f 1012/1717/1012 1013/1722/1013 980/1662/980 977/1659/977 
f 998/1723/998 1019/1743/1019 978/1660/978 981/1663/981 
f 1018/1726/1018 1017/1725/1017 981/1663/981 982/1664/982 
f 1020/1744/1020 1008/1728/1008 982/1664/982 979/1661/979 
s 2
f 995/1732/995 996/1731/996 983/1665/983 984/1666/984 
f 1016/1735/1016 1015/1734/1015 984/1666/984 985/1667/985 
f 1010/1738/1010 999/1737/999 985/1667/985 986/1668/986 
f 1017/1729/1017 1018/1740/1018 986/1668/986 983/1665/983 
# 59 polygons

#
# object Shape003
#

v  471.4696 613.6978 -277.5112
v  471.4696 561.9044 -283.5162
v  471.4696 682.9139 -46.2600
v  471.4696 688.7401 -46.2600
v  471.4696 688.7401 -84.7634
v  491.4736 682.9139 -46.2600
v  491.4736 561.9044 -283.5162
v  491.4736 613.6978 -277.5112
v  491.4736 688.7401 -84.7634
v  491.4736 688.7401 -46.2600
v  472.7296 560.9650 -284.8936
v  472.7296 613.3450 -278.8206
v  490.2136 613.3450 -278.8206
v  490.2136 560.9650 -284.8936
v  472.7296 681.5696 -46.1224
v  472.7296 560.2859 -283.9163
v  490.2136 560.2859 -283.9163
v  490.2136 681.5696 -46.1224
v  472.7296 615.0538 -277.5013
v  472.7296 690.0001 -85.0000
v  490.2136 690.0001 -85.0000
v  490.2136 615.0538 -277.5013
v  472.7296 690.0001 -46.2600
v  490.2136 690.0001 -46.2600
v  472.7296 688.7401 -45.0000
v  472.7296 683.4022 -45.0000
v  490.2136 683.4022 -45.0000
v  490.2136 688.7401 -45.0000
v  471.7846 614.7148 -277.5038
v  471.9383 614.2817 -278.2675
v  471.7846 613.4332 -278.4932
v  471.7846 561.1999 -284.5493
v  471.9340 560.4534 -284.5245
v  471.7846 560.6906 -283.8163
v  471.7846 681.9057 -46.1568
v  471.9385 682.4138 -45.4433
v  471.7846 683.2801 -45.3150
v  471.7846 688.7401 -45.3150
v  471.9421 689.5276 -45.4725
v  471.7846 689.6851 -46.2600
v  491.1586 683.2801 -45.3150
v  491.0046 682.4138 -45.4433
v  491.1586 681.9057 -46.1568
v  491.1586 560.6906 -283.8163
v  491.0091 560.4534 -284.5245
v  491.1586 561.1999 -284.5493
v  491.1586 613.4332 -278.4932
v  491.0049 614.2817 -278.2675
v  491.1586 614.7148 -277.5038
v  491.1586 689.6851 -46.2600
v  491.0010 689.5276 -45.4725
v  491.1586 688.7401 -45.3150
v  472.7296 560.1695 -284.7218
v  472.7296 614.3980 -278.4182
v  490.2136 614.3980 -278.4182
v  490.2136 560.1695 -284.7218
v  472.7296 682.3140 -45.2806
v  490.2136 682.3140 -45.2806
v  472.7296 689.6851 -45.3150
v  490.2136 689.6851 -45.3150
v  471.7846 689.6851 -84.9409
v  491.1586 689.6851 -84.9409
# 62 vertices

vn 1.0000 0.0046 0.0030
vn 0.9998 -0.0195 -0.0058
vn 1.0000 -0.0056 -0.0030
vn 1.0000 0.0016 -0.0003
vn 1.0000 0.0057 0.0019
vn -1.0000 -0.0056 -0.0030
vn -0.9998 -0.0195 -0.0058
vn -1.0000 0.0046 0.0030
vn -1.0000 0.0057 0.0019
vn -1.0000 0.0016 -0.0003
vn 0.0144 0.1103 0.9938
vn 0.0182 0.1202 0.9926
vn -0.0182 0.1202 0.9926
vn -0.0144 0.1103 0.9938
vn 0.0183 -0.8902 -0.4552
vn 0.0143 -0.8912 -0.4534
vn -0.0143 -0.8912 -0.4534
vn -0.0183 -0.8902 -0.4552
vn 0.0183 0.9312 0.3640
vn 0.0166 0.9512 0.3083
vn -0.0166 0.9512 0.3083
vn -0.0183 0.9312 0.3640
vn 0.0170 0.9998 -0.0078
vn -0.0170 0.9998 -0.0078
vn 0.0167 0.0495 -0.9986
vn 0.0173 -0.0429 -0.9989
vn -0.0173 -0.0429 -0.9989
vn -0.0167 0.0495 -0.9986
vn 0.7557 0.6101 0.2383
vn 0.5485 0.5110 0.6618
vn 0.7533 0.0787 0.6530
vn 0.5799 0.0897 0.8097
vn 0.6538 -0.6214 0.4318
vn 0.5753 -0.7290 -0.3709
vn 0.7544 -0.5844 -0.2988
vn 0.5492 -0.4365 -0.7127
vn 0.7455 -0.0257 -0.6660
vn 0.7136 0.0329 -0.6998
vn 0.5773 0.5774 -0.5774
vn 0.7066 0.7076 -0.0052
vn -0.7455 -0.0257 -0.6660
vn -0.5491 -0.4365 -0.7127
vn -0.7544 -0.5844 -0.2988
vn -0.5753 -0.7290 -0.3709
vn -0.6538 -0.6214 0.4318
vn -0.5799 0.0897 0.8097
vn -0.7533 0.0787 0.6530
vn -0.5485 0.5110 0.6618
vn -0.7557 0.6101 0.2383
vn -0.7066 0.7076 -0.0052
vn -0.5773 0.5774 -0.5774
vn -0.7136 0.0329 -0.6998
vn 0.0162 -0.8211 0.5705
vn 0.0099 0.6111 0.7915
vn -0.0099 0.6111 0.7915
vn -0.0162 -0.8211 0.5705
vn 0.0099 -0.5223 -0.8527
vn -0.0099 -0.5223 -0.8527
vn 0.0113 0.7071 -0.7071
vn -0.0113 0.7071 -0.7071
vn 0.6824 0.6953 0.2254
vn -0.6824 0.6953 0.2254
# 62 vertex normals

vt 0.6463 0.6815 0.0000
vt 0.6984 0.6754 0.0000
vt 0.5768 0.9139 0.0000
vt 0.5709 0.9139 0.0000
vt 0.5709 0.8752 0.0000
vt -0.0740 -0.4626 0.0000
vt -0.0692 -0.1950 0.0000
vt -0.1133 -0.2232 0.0000
vt -0.0962 -0.4304 0.0000
vt -0.0792 -0.4652 0.0000
vt -0.5257 0.4889 0.0000
vt -0.5257 0.4363 0.0000
vt -0.5082 0.4363 0.0000
vt -0.5082 0.4889 0.0000
vt -0.5257 0.3940 0.0000
vt -0.5257 0.1550 0.0000
vt -0.5082 0.1550 0.0000
vt -0.5082 0.3940 0.0000
vt -0.5257 1.5091 0.0000
vt -0.5257 1.3156 0.0000
vt -0.5082 1.3156 0.0000
vt -0.5082 1.5091 0.0000
vt -0.5257 1.2767 0.0000
vt -0.5082 1.2767 0.0000
vt -0.7128 0.6118 0.0000
vt -0.7074 0.6118 0.0000
vt -0.7074 0.6294 0.0000
vt -0.7128 0.6294 0.0000
vt 0.6453 0.6815 0.0000
vt 0.6457 0.6807 0.0000
vt 0.6466 0.6805 0.0000
vt 0.6991 0.6744 0.0000
vt 0.6998 0.6744 0.0000
vt 0.6996 0.6751 0.0000
vt 0.5778 0.9140 0.0000
vt 0.5773 0.9147 0.0000
vt 0.5764 0.9148 0.0000
vt 0.5709 0.9148 0.0000
vt 0.5701 0.9147 0.0000
vt 0.5700 0.9139 0.0000
vt -0.0739 -0.4636 0.0000
vt -0.0732 -0.4631 0.0000
vt -0.0730 -0.4622 0.0000
vt -0.0682 -0.1942 0.0000
vt -0.0683 -0.1934 0.0000
vt -0.0690 -0.1937 0.0000
vt -0.1135 -0.2222 0.0000
vt -0.1142 -0.2228 0.0000
vt -0.1142 -0.2237 0.0000
vt -0.0801 -0.4656 0.0000
vt -0.0796 -0.4662 0.0000
vt -0.0788 -0.4660 0.0000
vt -0.5257 0.4897 0.0000
vt -0.5265 0.4894 0.0000
vt -0.5267 0.4887 0.0000
vt -0.5267 0.4362 0.0000
vt -0.5265 0.4353 0.0000
vt -0.5257 0.4352 0.0000
vt -0.5082 0.4352 0.0000
vt -0.5074 0.4353 0.0000
vt -0.5072 0.4362 0.0000
vt -0.5072 0.4887 0.0000
vt -0.5074 0.4894 0.0000
vt -0.5082 0.4897 0.0000
vt -0.5257 0.3948 0.0000
vt -0.5265 0.3946 0.0000
vt -0.5267 0.3939 0.0000
vt -0.5267 0.1551 0.0000
vt -0.5265 0.1544 0.0000
vt -0.5257 0.1542 0.0000
vt -0.5082 0.1542 0.0000
vt -0.5074 0.1544 0.0000
vt -0.5072 0.1551 0.0000
vt -0.5072 0.3939 0.0000
vt -0.5074 0.3946 0.0000
vt -0.5082 0.3948 0.0000
vt -0.5257 1.5100 0.0000
vt -0.5265 1.5098 0.0000
vt -0.5267 1.5091 0.0000
vt -0.5072 1.5091 0.0000
vt -0.5074 1.5098 0.0000
vt -0.5082 1.5100 0.0000
vt -0.5267 1.2767 0.0000
vt -0.5265 1.2759 0.0000
vt -0.5257 1.2757 0.0000
vt -0.5082 1.2757 0.0000
vt -0.5074 1.2759 0.0000
vt -0.5072 1.2767 0.0000
vt -0.7138 0.6118 0.0000
vt -0.7136 0.6110 0.0000
vt -0.7128 0.6108 0.0000
vt -0.7073 0.6108 0.0000
vt -0.7065 0.6110 0.0000
vt -0.7064 0.6118 0.0000
vt -0.7064 0.6294 0.0000
vt -0.7065 0.6302 0.0000
vt -0.7073 0.6303 0.0000
vt -0.7128 0.6303 0.0000
vt -0.7136 0.6302 0.0000
vt -0.7138 0.6294 0.0000
vt 0.5700 0.8750 0.0000
vt -0.0971 -0.4306 0.0000
vt -0.5267 1.3155 0.0000
vt -0.5072 1.3155 0.0000
# 104 texture coords

o Shape003
g Shape003
usemtl wire_087225087
s 1
f 1021/1745/1021 1022/1746/1022 1023/1747/1023 1024/1748/1024 1025/1749/1025 
f 1026/1750/1026 1027/1751/1027 1028/1752/1028 1029/1753/1029 1030/1754/1030 
s 2
f 1031/1755/1031 1032/1756/1032 1033/1757/1033 1034/1758/1034 
s 4
f 1035/1759/1035 1036/1760/1036 1037/1761/1037 1038/1762/1038 
f 1039/1763/1039 1040/1764/1040 1041/1765/1041 1042/1766/1042 
f 1040/1764/1040 1043/1767/1043 1044/1768/1044 1041/1765/1041 
s 2
f 1045/1769/1045 1046/1770/1046 1047/1771/1047 1048/1772/1048 
s 1
f 1021/1745/1021 1049/1773/1049 1050/1774/1050 1051/1775/1051 
f 1022/1746/1022 1052/1776/1052 1053/1777/1053 1054/1778/1054 
f 1023/1747/1023 1055/1779/1055 1056/1780/1056 1057/1781/1057 
f 1024/1748/1024 1058/1782/1058 1059/1783/1059 1060/1784/1060 
f 1026/1750/1026 1061/1785/1061 1062/1786/1062 1063/1787/1063 
f 1027/1751/1027 1064/1788/1064 1065/1789/1065 1066/1790/1066 
f 1028/1752/1028 1067/1791/1067 1068/1792/1068 1069/1793/1069 
f 1030/1754/1030 1070/1794/1070 1071/1795/1071 1072/1796/1072 
s 2
f 1031/1755/1031 1073/1797/1073 1053/1798/1053 1052/1799/1052 
f 1032/1756/1032 1051/1800/1051 1050/1801/1050 1074/1802/1074 
f 1033/1757/1033 1075/1803/1075 1068/1804/1068 1067/1805/1067 
f 1034/1758/1034 1066/1806/1066 1065/1807/1065 1076/1808/1076 
s 4
f 1035/1759/1035 1077/1809/1077 1056/1810/1056 1055/1811/1055 
f 1036/1760/1036 1054/1812/1054 1053/1813/1053 1073/1814/1073 
f 1037/1761/1037 1076/1815/1076 1065/1816/1065 1064/1817/1064 
f 1038/1762/1038 1063/1818/1063 1062/1819/1062 1078/1820/1078 
f 1039/1763/1039 1074/1821/1074 1050/1822/1050 1049/1823/1049 
f 1042/1766/1042 1069/1824/1069 1068/1825/1068 1075/1826/1075 
f 1043/1767/1043 1060/1827/1060 1059/1828/1059 1079/1829/1079 
f 1044/1768/1044 1080/1830/1080 1071/1831/1071 1070/1832/1070 
s 2
f 1045/1769/1045 1079/1833/1079 1059/1834/1059 1058/1835/1058 
f 1046/1770/1046 1057/1836/1057 1056/1837/1056 1077/1838/1077 
f 1047/1771/1047 1078/1839/1078 1062/1840/1062 1061/1841/1061 
f 1048/1772/1048 1072/1842/1072 1071/1843/1071 1080/1844/1080 
s 1
f 1022/1746/1022 1021/1745/1021 1051/1775/1051 1052/1776/1052 
f 1023/1747/1023 1022/1746/1022 1054/1778/1054 1055/1779/1055 
f 1024/1748/1024 1023/1747/1023 1057/1781/1057 1058/1782/1058 
f 1025/1749/1025 1024/1748/1024 1060/1784/1060 1081/1845/1081 
f 1021/1745/1021 1025/1749/1025 1081/1845/1081 1049/1773/1049 
f 1027/1751/1027 1026/1750/1026 1063/1787/1063 1064/1788/1064 
f 1028/1752/1028 1027/1751/1027 1066/1790/1066 1067/1791/1067 
f 1029/1753/1029 1028/1752/1028 1069/1793/1069 1082/1846/1082 
f 1030/1754/1030 1029/1753/1029 1082/1846/1082 1070/1794/1070 
f 1026/1750/1026 1030/1754/1030 1072/1796/1072 1061/1785/1061 
s 2
f 1032/1756/1032 1031/1755/1031 1052/1799/1052 1051/1800/1051 
f 1033/1757/1033 1032/1756/1032 1074/1802/1074 1075/1803/1075 
f 1034/1758/1034 1033/1757/1033 1067/1805/1067 1066/1806/1066 
f 1031/1755/1031 1034/1758/1034 1076/1808/1076 1073/1797/1073 
s 4
f 1036/1760/1036 1035/1759/1035 1055/1811/1055 1054/1812/1054 
f 1037/1761/1037 1036/1760/1036 1073/1814/1073 1076/1815/1076 
f 1038/1762/1038 1037/1761/1037 1064/1817/1064 1063/1818/1063 
f 1035/1759/1035 1038/1762/1038 1078/1820/1078 1077/1809/1077 
f 1040/1764/1040 1039/1763/1039 1049/1823/1049 1081/1847/1081 
f 1042/1766/1042 1041/1765/1041 1082/1848/1082 1069/1824/1069 
f 1039/1763/1039 1042/1766/1042 1075/1826/1075 1074/1821/1074 
f 1043/1767/1043 1040/1764/1040 1081/1847/1081 1060/1827/1060 
f 1044/1768/1044 1043/1767/1043 1079/1829/1079 1080/1830/1080 
f 1041/1765/1041 1044/1768/1044 1070/1832/1070 1082/1848/1082 
s 2
f 1046/1770/1046 1045/1769/1045 1058/1835/1058 1057/1836/1057 
f 1047/1771/1047 1046/1770/1046 1077/1838/1077 1078/1839/1078 
f 1048/1772/1048 1047/1771/1047 1061/1841/1061 1072/1842/1072 
f 1045/1769/1045 1048/1772/1048 1080/1844/1080 1079/1833/1079 
# 59 polygons

#
# object Shape004
#

v  471.4696 613.6978 277.5112
v  471.4696 561.9044 283.5162
v  471.4696 682.9139 46.2600
v  471.4696 688.7401 46.2600
v  471.4696 688.7401 84.7634
v  491.4736 682.9139 46.2600
v  491.4736 561.9044 283.5162
v  491.4736 613.6978 277.5112
v  491.4736 688.7401 84.7634
v  491.4736 688.7401 46.2600
v  472.7296 560.9650 284.8936
v  472.7296 613.3450 278.8206
v  490.2136 613.3450 278.8206
v  490.2136 560.9650 284.8936
v  472.7296 681.5696 46.1224
v  472.7296 560.2859 283.9163
v  490.2136 560.2859 283.9163
v  490.2136 681.5696 46.1224
v  472.7296 615.0538 277.5013
v  472.7296 690.0001 85.0000
v  490.2136 690.0001 85.0000
v  490.2136 615.0538 277.5013
v  472.7296 690.0001 46.2600
v  490.2136 690.0001 46.2600
v  472.7296 688.7401 45.0000
v  472.7296 683.4022 45.0000
v  490.2136 683.4022 45.0000
v  490.2136 688.7401 45.0000
v  471.7846 614.7148 277.5038
v  471.9383 614.2817 278.2675
v  471.7846 613.4332 278.4932
v  471.7846 561.1999 284.5493
v  471.9340 560.4534 284.5245
v  471.7846 560.6906 283.8163
v  471.7846 681.9057 46.1568
v  471.9385 682.4138 45.4433
v  471.7846 683.2801 45.3150
v  471.7846 688.7401 45.3150
v  471.9421 689.5276 45.4725
v  471.7846 689.6851 46.2600
v  491.1586 683.2801 45.3150
v  491.0046 682.4138 45.4433
v  491.1586 681.9057 46.1568
v  491.1586 560.6906 283.8163
v  491.0091 560.4534 284.5245
v  491.1586 561.1999 284.5493
v  491.1586 613.4332 278.4932
v  491.0049 614.2817 278.2675
v  491.1586 614.7148 277.5038
v  491.1586 689.6851 46.2600
v  491.0010 689.5276 45.4725
v  491.1586 688.7401 45.3150
v  472.7296 560.1695 284.7218
v  472.7296 614.3980 278.4182
v  490.2136 614.3980 278.4182
v  490.2136 560.1695 284.7218
v  472.7296 682.3140 45.2806
v  490.2136 682.3140 45.2806
v  472.7296 689.6851 45.3150
v  490.2136 689.6851 45.3150
v  471.7846 689.6851 84.9409
v  491.1586 689.6851 84.9409
# 62 vertices

vn 1.0000 0.0046 0.0030
vn 0.9998 -0.0195 -0.0058
vn 1.0000 -0.0056 -0.0030
vn 1.0000 0.0016 -0.0003
vn 1.0000 0.0057 0.0019
vn -1.0000 -0.0056 -0.0030
vn -0.9998 -0.0195 -0.0058
vn -1.0000 0.0046 0.0030
vn -1.0000 0.0057 0.0019
vn -1.0000 0.0016 -0.0003
vn 0.0144 0.1103 0.9938
vn 0.0182 0.1202 0.9926
vn -0.0182 0.1202 0.9926
vn -0.0144 0.1103 0.9938
vn 0.0183 -0.8902 -0.4552
vn 0.0143 -0.8912 -0.4534
vn -0.0143 -0.8912 -0.4534
vn -0.0183 -0.8902 -0.4552
vn 0.0183 0.9312 0.3640
vn 0.0166 0.9512 0.3083
vn -0.0166 0.9512 0.3083
vn -0.0183 0.9312 0.3640
vn 0.0170 0.9998 -0.0078
vn -0.0170 0.9998 -0.0078
vn 0.0167 0.0495 -0.9986
vn 0.0173 -0.0429 -0.9989
vn -0.0173 -0.0429 -0.9989
vn -0.0167 0.0495 -0.9986
vn 0.7557 0.6101 0.2383
vn 0.5485 0.5110 0.6618
vn 0.7533 0.0787 0.6530
vn 0.5799 0.0897 0.8097
vn 0.6538 -0.6214 0.4318
vn 0.5753 -0.7290 -0.3709
vn 0.7544 -0.5844 -0.2988
vn 0.5492 -0.4365 -0.7127
vn 0.7455 -0.0257 -0.6660
vn 0.7136 0.0329 -0.6998
vn 0.5773 0.5774 -0.5774
vn 0.7066 0.7076 -0.0052
vn -0.7455 -0.0257 -0.6660
vn -0.5491 -0.4365 -0.7127
vn -0.7544 -0.5844 -0.2988
vn -0.5753 -0.7290 -0.3709
vn -0.6538 -0.6214 0.4318
vn -0.5799 0.0897 0.8097
vn -0.7533 0.0787 0.6530
vn -0.5485 0.5110 0.6618
vn -0.7557 0.6101 0.2383
vn -0.7066 0.7076 -0.0052
vn -0.5773 0.5774 -0.5774
vn -0.7136 0.0329 -0.6998
vn 0.0162 -0.8211 0.5705
vn 0.0099 0.6111 0.7915
vn -0.0099 0.6111 0.7915
vn -0.0162 -0.8211 0.5705
vn 0.0099 -0.5223 -0.8527
vn -0.0099 -0.5223 -0.8527
vn 0.0113 0.7071 -0.7071
vn -0.0113 0.7071 -0.7071
vn 0.6824 0.6953 0.2254
vn -0.6824 0.6953 0.2254
# 62 vertex normals

vt 0.6463 0.4208 0.0000
vt 0.6984 0.4148 0.0000
vt 0.5768 0.6532 0.0000
vt 0.5709 0.6532 0.0000
vt 0.5709 0.6145 0.0000
vt -0.0740 -0.1696 0.0000
vt -0.0692 0.0980 0.0000
vt -0.1133 0.0698 0.0000
vt -0.0962 -0.1374 0.0000
vt -0.0792 -0.1722 0.0000
vt -0.5257 1.2345 0.0000
vt -0.5257 1.1819 0.0000
vt -0.5082 1.1819 0.0000
vt -0.5082 1.2345 0.0000
vt -0.5257 0.7699 0.0000
vt -0.5257 0.5310 0.0000
vt -0.5082 0.5310 0.0000
vt -0.5082 0.7699 0.0000
vt -0.5257 1.0445 0.0000
vt -0.5257 0.8511 0.0000
vt -0.5082 0.8511 0.0000
vt -0.5082 1.0445 0.0000
vt -0.5257 0.8122 0.0000
vt -0.5082 0.8122 0.0000
vt -0.7754 -1.0513 0.0000
vt -0.7701 -1.0513 0.0000
vt -0.7701 -1.0337 0.0000
vt -0.7754 -1.0337 0.0000
vt 0.6453 0.4208 0.0000
vt 0.6457 0.4201 0.0000
vt 0.6466 0.4198 0.0000
vt 0.6991 0.4138 0.0000
vt 0.6998 0.4138 0.0000
vt 0.6996 0.4145 0.0000
vt 0.5778 0.6533 0.0000
vt 0.5773 0.6541 0.0000
vt 0.5764 0.6542 0.0000
vt 0.5709 0.6542 0.0000
vt 0.5701 0.6540 0.0000
vt 0.5700 0.6532 0.0000
vt -0.0739 -0.1706 0.0000
vt -0.0732 -0.1701 0.0000
vt -0.0730 -0.1692 0.0000
vt -0.0682 0.0988 0.0000
vt -0.0683 0.0996 0.0000
vt -0.0690 0.0993 0.0000
vt -0.1135 0.0708 0.0000
vt -0.1142 0.0702 0.0000
vt -0.1142 0.0693 0.0000
vt -0.0801 -0.1726 0.0000
vt -0.0796 -0.1732 0.0000
vt -0.0788 -0.1730 0.0000
vt -0.5257 1.2353 0.0000
vt -0.5265 1.2350 0.0000
vt -0.5267 1.2343 0.0000
vt -0.5267 1.1818 0.0000
vt -0.5265 1.1809 0.0000
vt -0.5257 1.1808 0.0000
vt -0.5082 1.1808 0.0000
vt -0.5074 1.1809 0.0000
vt -0.5072 1.1818 0.0000
vt -0.5072 1.2343 0.0000
vt -0.5074 1.2350 0.0000
vt -0.5082 1.2353 0.0000
vt -0.5257 0.7708 0.0000
vt -0.5265 0.7706 0.0000
vt -0.5267 0.7699 0.0000
vt -0.5267 0.5311 0.0000
vt -0.5265 0.5303 0.0000
vt -0.5257 0.5301 0.0000
vt -0.5082 0.5301 0.0000
vt -0.5074 0.5303 0.0000
vt -0.5072 0.5311 0.0000
vt -0.5072 0.7699 0.0000
vt -0.5074 0.7706 0.0000
vt -0.5082 0.7708 0.0000
vt -0.5257 1.0455 0.0000
vt -0.5265 1.0453 0.0000
vt -0.5267 1.0445 0.0000
vt -0.5072 1.0445 0.0000
vt -0.5074 1.0453 0.0000
vt -0.5082 1.0455 0.0000
vt -0.5267 0.8122 0.0000
vt -0.5265 0.8114 0.0000
vt -0.5257 0.8112 0.0000
vt -0.5082 0.8112 0.0000
vt -0.5074 0.8114 0.0000
vt -0.5072 0.8122 0.0000
vt -0.7764 -1.0513 0.0000
vt -0.7762 -1.0521 0.0000
vt -0.7754 -1.0522 0.0000
vt -0.7700 -1.0522 0.0000
vt -0.7691 -1.0521 0.0000
vt -0.7690 -1.0513 0.0000
vt -0.7690 -1.0337 0.0000
vt -0.7691 -1.0329 0.0000
vt -0.7700 -1.0327 0.0000
vt -0.7754 -1.0327 0.0000
vt -0.7762 -1.0329 0.0000
vt -0.7764 -1.0337 0.0000
vt 0.5700 0.6144 0.0000
vt -0.0971 -0.1376 0.0000
vt -0.5267 0.8510 0.0000
vt -0.5072 0.8510 0.0000
# 104 texture coords

o Shape004
g Shape004
usemtl wire_087225087
s 1
f 1087/1853/1087 1086/1852/1086 1085/1851/1085 1084/1850/1084 1083/1849/1083 
f 1092/1858/1092 1091/1857/1091 1090/1856/1090 1089/1855/1089 1088/1854/1088 
s 2
f 1096/1862/1096 1095/1861/1095 1094/1860/1094 1093/1859/1093 
s 4
f 1100/1866/1100 1099/1865/1099 1098/1864/1098 1097/1863/1097 
f 1104/1870/1104 1103/1869/1103 1102/1868/1102 1101/1867/1101 
f 1103/1869/1103 1106/1872/1106 1105/1871/1105 1102/1868/1102 
s 2
f 1110/1876/1110 1109/1875/1109 1108/1874/1108 1107/1873/1107 
s 1
f 1113/1879/1113 1112/1878/1112 1111/1877/1111 1083/1849/1083 
f 1116/1882/1116 1115/1881/1115 1114/1880/1114 1084/1850/1084 
f 1119/1885/1119 1118/1884/1118 1117/1883/1117 1085/1851/1085 
f 1122/1888/1122 1121/1887/1121 1120/1886/1120 1086/1852/1086 
f 1125/1891/1125 1124/1890/1124 1123/1889/1123 1088/1854/1088 
f 1128/1894/1128 1127/1893/1127 1126/1892/1126 1089/1855/1089 
f 1131/1897/1131 1130/1896/1130 1129/1895/1129 1090/1856/1090 
f 1134/1900/1134 1133/1899/1133 1132/1898/1132 1092/1858/1092 
s 2
f 1114/1903/1114 1115/1902/1115 1135/1901/1135 1093/1859/1093 
f 1136/1906/1136 1112/1905/1112 1113/1904/1113 1094/1860/1094 
f 1129/1909/1129 1130/1908/1130 1137/1907/1137 1095/1861/1095 
f 1138/1912/1138 1127/1911/1127 1128/1910/1128 1096/1862/1096 
s 4
f 1117/1915/1117 1118/1914/1118 1139/1913/1139 1097/1863/1097 
f 1135/1918/1135 1115/1917/1115 1116/1916/1116 1098/1864/1098 
f 1126/1921/1126 1127/1920/1127 1138/1919/1138 1099/1865/1099 
f 1140/1924/1140 1124/1923/1124 1125/1922/1125 1100/1866/1100 
f 1111/1927/1111 1112/1926/1112 1136/1925/1136 1101/1867/1101 
f 1137/1930/1137 1130/1929/1130 1131/1928/1131 1104/1870/1104 
f 1141/1933/1141 1121/1932/1121 1122/1931/1122 1105/1871/1105 
f 1132/1936/1132 1133/1935/1133 1142/1934/1142 1106/1872/1106 
s 2
f 1120/1939/1120 1121/1938/1121 1141/1937/1141 1107/1873/1107 
f 1139/1942/1139 1118/1941/1118 1119/1940/1119 1108/1874/1108 
f 1123/1945/1123 1124/1944/1124 1140/1943/1140 1109/1875/1109 
f 1142/1948/1142 1133/1947/1133 1134/1946/1134 1110/1876/1110 
s 1
f 1114/1880/1114 1113/1879/1113 1083/1849/1083 1084/1850/1084 
f 1117/1883/1117 1116/1882/1116 1084/1850/1084 1085/1851/1085 
f 1120/1886/1120 1119/1885/1119 1085/1851/1085 1086/1852/1086 
f 1143/1949/1143 1122/1888/1122 1086/1852/1086 1087/1853/1087 
f 1111/1877/1111 1143/1949/1143 1087/1853/1087 1083/1849/1083 
f 1126/1892/1126 1125/1891/1125 1088/1854/1088 1089/1855/1089 
f 1129/1895/1129 1128/1894/1128 1089/1855/1089 1090/1856/1090 
f 1144/1950/1144 1131/1897/1131 1090/1856/1090 1091/1857/1091 
f 1132/1898/1132 1144/1950/1144 1091/1857/1091 1092/1858/1092 
f 1123/1889/1123 1134/1900/1134 1092/1858/1092 1088/1854/1088 
s 2
f 1113/1904/1113 1114/1903/1114 1093/1859/1093 1094/1860/1094 
f 1137/1907/1137 1136/1906/1136 1094/1860/1094 1095/1861/1095 
f 1128/1910/1128 1129/1909/1129 1095/1861/1095 1096/1862/1096 
f 1135/1901/1135 1138/1912/1138 1096/1862/1096 1093/1859/1093 
s 4
f 1116/1916/1116 1117/1915/1117 1097/1863/1097 1098/1864/1098 
f 1138/1919/1138 1135/1918/1135 1098/1864/1098 1099/1865/1099 
f 1125/1922/1125 1126/1921/1126 1099/1865/1099 1100/1866/1100 
f 1139/1913/1139 1140/1924/1140 1100/1866/1100 1097/1863/1097 
f 1143/1951/1143 1111/1927/1111 1101/1867/1101 1102/1868/1102 
f 1131/1928/1131 1144/1952/1144 1103/1869/1103 1104/1870/1104 
f 1136/1925/1136 1137/1930/1137 1104/1870/1104 1101/1867/1101 
f 1122/1931/1122 1143/1951/1143 1102/1868/1102 1105/1871/1105 
f 1142/1934/1142 1141/1933/1141 1105/1871/1105 1106/1872/1106 
f 1144/1952/1144 1132/1936/1132 1106/1872/1106 1103/1869/1103 
s 2
f 1119/1940/1119 1120/1939/1120 1107/1873/1107 1108/1874/1108 
f 1140/1943/1140 1139/1942/1139 1108/1874/1108 1109/1875/1109 
f 1134/1946/1134 1123/1945/1123 1109/1875/1109 1110/1876/1110 
f 1141/1937/1141 1142/1948/1142 1110/1876/1110 1107/1873/1107 
# 59 polygons

#
# object Rectangle016
#

v  438.4989 708.7401 271.4999
v  231.2600 708.7401 271.4999
v  231.2600 691.2601 271.4999
v  435.4162 691.2601 271.4999
v  230.0000 708.7401 270.2399
v  230.0000 708.7401 252.7599
v  230.0000 691.2601 252.7599
v  230.0000 691.2601 270.2399
v  231.2600 708.7401 251.4999
v  438.4989 708.7401 251.4999
v  435.4162 691.2601 251.4999
v  231.2600 691.2601 251.4999
v  439.7817 708.7592 252.7599
v  439.7817 708.7592 270.2399
v  436.6923 691.2409 270.2399
v  436.6923 691.2409 252.7599
v  231.2600 710.0001 252.7599
v  231.2600 710.0001 270.2399
v  438.7405 710.0001 270.2399
v  438.7405 710.0001 252.7599
v  231.2600 690.0001 252.7599
v  435.2134 690.0001 252.7599
v  435.2134 690.0001 270.2399
v  231.2600 690.0001 270.2399
v  439.4610 708.7544 271.1849
v  439.4424 709.5317 271.0280
v  438.6801 709.6851 271.1849
v  231.2600 709.6851 271.1849
v  230.4725 709.5276 271.0274
v  230.3150 708.7401 271.1849
v  230.3150 691.2601 271.1849
v  230.4725 690.4725 271.0274
v  231.2600 690.3151 271.1849
v  435.2642 690.3151 271.1849
v  436.0804 690.4684 271.0280
v  436.3733 691.2457 271.1849
v  230.3150 709.6851 270.2399
v  230.3150 709.6851 252.7599
v  230.4725 709.5276 251.9724
v  230.3150 708.7401 251.8149
v  230.3150 691.2601 251.8149
v  230.4725 690.4725 251.9724
v  230.3150 690.3151 252.7599
v  230.3150 690.3151 270.2399
v  231.2600 709.6851 251.8149
v  438.6801 709.6851 251.8149
v  439.4424 709.5317 251.9718
v  439.4610 708.7544 251.8149
v  436.3733 691.2457 251.8149
v  436.0804 690.4684 251.9719
v  435.2642 690.3151 251.8149
v  231.2600 690.3151 251.8149
v  439.6308 709.6898 252.7599
v  439.6308 709.6898 270.2399
v  436.2132 690.3103 270.2399
v  436.2132 690.3103 252.7599
# 56 vertices

vn 0.0018 -0.0209 -0.9998
vn -0.0015 -0.0172 -0.9999
vn -0.0015 0.0169 -0.9999
vn 0.0012 0.0142 -0.9999
vn -0.9997 -0.0169 -0.0169
vn -0.9997 -0.0169 0.0169
vn -0.9997 0.0169 0.0169
vn -0.9997 0.0169 -0.0169
vn -0.0015 -0.0172 0.9999
vn 0.0018 -0.0209 0.9998
vn 0.0012 0.0142 0.9999
vn -0.0015 0.0169 0.9999
vn 0.9874 0.1574 0.0164
vn 0.9874 0.1574 -0.0164
vn 0.9817 0.1897 -0.0173
vn 0.9817 0.1897 0.0173
vn -0.0015 -0.9999 0.0171
vn -0.0015 -0.9999 -0.0171
vn 0.0015 -0.9999 -0.0165
vn 0.0015 -0.9999 0.0165
vn -0.0015 0.9999 0.0171
vn 0.0015 0.9998 0.0176
vn 0.0015 0.9998 -0.0176
vn -0.0015 0.9999 -0.0171
vn 0.7223 0.1154 -0.6818
vn 0.6162 -0.5171 -0.5941
vn 0.0010 -0.7345 -0.6786
vn -0.0010 -0.7072 -0.7070
vn -0.5773 -0.5774 -0.5773
vn -0.7071 -0.0113 -0.7071
vn -0.7071 0.0113 -0.7071
vn -0.5774 0.5774 -0.5774
vn -0.0010 0.7070 -0.7072
vn 0.0009 0.6849 -0.7287
vn 0.5306 0.6323 -0.5645
vn 0.6753 0.1296 -0.7261
vn -0.7071 -0.7071 -0.0113
vn -0.7071 -0.7071 0.0113
vn -0.5773 -0.5774 0.5774
vn -0.7071 -0.0113 0.7071
vn -0.7071 0.0113 0.7071
vn -0.5774 0.5774 0.5774
vn -0.7071 0.7071 0.0113
vn -0.7071 0.7071 -0.0113
vn -0.0010 -0.7072 0.7070
vn 0.0010 -0.7345 0.6786
vn 0.6162 -0.5170 0.5941
vn 0.7223 0.1155 0.6818
vn 0.6753 0.1296 0.7261
vn 0.5306 0.6323 0.5645
vn 0.0009 0.6849 0.7287
vn -0.0010 0.7070 0.7072
vn 0.7660 -0.6427 0.0123
vn 0.7660 -0.6427 -0.0123
vn 0.6427 0.7660 -0.0106
vn 0.6427 0.7660 0.0106
# 56 vertex normals

vt -0.6676 -0.8209 0.0000
vt -0.6676 -0.6126 0.0000
vt -0.6852 -0.6126 0.0000
vt -0.6852 -0.8178 0.0000
vt -0.6676 -0.5905 0.0000
vt -0.6676 -0.5729 0.0000
vt -0.6852 -0.5729 0.0000
vt -0.6852 -0.5905 0.0000
vt -0.6676 -1.0513 0.0000
vt -0.6676 -0.8430 0.0000
vt -0.6852 -0.8461 0.0000
vt -0.6852 -1.0513 0.0000
vt -0.5681 -0.0515 0.0000
vt -0.5856 -0.0515 0.0000
vt -0.5856 -0.0691 0.0000
vt -0.5681 -0.0691 0.0000
vt -0.5856 -0.8207 0.0000
vt -0.5681 -0.8207 0.0000
vt -0.5681 -0.6122 0.0000
vt -0.5856 -0.6122 0.0000
vt -0.6077 1.2629 0.0000
vt -0.6077 1.4678 0.0000
vt -0.6253 1.4678 0.0000
vt -0.6253 1.2629 0.0000
vt -0.6676 -0.8218 0.0000
vt -0.6668 -0.8218 0.0000
vt -0.6667 -0.8210 0.0000
vt -0.6667 -0.6126 0.0000
vt -0.6668 -0.6118 0.0000
vt -0.6676 -0.6116 0.0000
vt -0.6852 -0.6116 0.0000
vt -0.6860 -0.6118 0.0000
vt -0.6861 -0.6126 0.0000
vt -0.6861 -0.8176 0.0000
vt -0.6860 -0.8184 0.0000
vt -0.6852 -0.8187 0.0000
vt -0.6676 -0.5914 0.0000
vt -0.6668 -0.5913 0.0000
vt -0.6667 -0.5905 0.0000
vt -0.6667 -0.5729 0.0000
vt -0.6668 -0.5721 0.0000
vt -0.6676 -0.5720 0.0000
vt -0.6852 -0.5720 0.0000
vt -0.6860 -0.5721 0.0000
vt -0.6861 -0.5729 0.0000
vt -0.6861 -0.5905 0.0000
vt -0.6860 -0.5913 0.0000
vt -0.6852 -0.5914 0.0000
vt -0.6676 -1.0522 0.0000
vt -0.6668 -1.0521 0.0000
vt -0.6667 -1.0513 0.0000
vt -0.6667 -0.8428 0.0000
vt -0.6668 -0.8420 0.0000
vt -0.6676 -0.8420 0.0000
vt -0.6852 -0.8451 0.0000
vt -0.6860 -0.8454 0.0000
vt -0.6861 -0.8462 0.0000
vt -0.6861 -1.0513 0.0000
vt -0.6860 -1.0521 0.0000
vt -0.6852 -1.0522 0.0000
vt -0.5671 -0.0515 0.0000
vt -0.5673 -0.0507 0.0000
vt -0.5681 -0.0506 0.0000
vt -0.5856 -0.0506 0.0000
vt -0.5864 -0.0507 0.0000
vt -0.5866 -0.0515 0.0000
vt -0.5866 -0.0691 0.0000
vt -0.5864 -0.0699 0.0000
vt -0.5856 -0.0701 0.0000
vt -0.5681 -0.0701 0.0000
vt -0.5673 -0.0699 0.0000
vt -0.5671 -0.0691 0.0000
vt -0.5866 -0.8207 0.0000
vt -0.5864 -0.8215 0.0000
vt -0.5856 -0.8216 0.0000
vt -0.5681 -0.8216 0.0000
vt -0.5673 -0.8215 0.0000
vt -0.5671 -0.8207 0.0000
vt -0.5671 -0.6122 0.0000
vt -0.5673 -0.6115 0.0000
vt -0.5681 -0.6113 0.0000
vt -0.5856 -0.6113 0.0000
vt -0.5864 -0.6115 0.0000
vt -0.5866 -0.6122 0.0000
vt -0.6077 1.2619 0.0000
vt -0.6069 1.2621 0.0000
vt -0.6068 1.2629 0.0000
vt -0.6068 1.4679 0.0000
vt -0.6069 1.4687 0.0000
vt -0.6077 1.4688 0.0000
vt -0.6253 1.4688 0.0000
vt -0.6261 1.4687 0.0000
vt -0.6263 1.4679 0.0000
vt -0.6263 1.2629 0.0000
vt -0.6261 1.2621 0.0000
vt -0.6253 1.2619 0.0000
# 96 texture coords

o Rectangle016
g Rectangle016
usemtl wire_228184153
s 1
f 1145/1953/1145 1146/1954/1146 1147/1955/1147 1148/1956/1148 
s 2
f 1149/1957/1149 1150/1958/1150 1151/1959/1151 1152/1960/1152 
s 1
f 1153/1961/1153 1154/1962/1154 1155/1963/1155 1156/1964/1156 
s 2
f 1157/1965/1157 1158/1966/1158 1159/1967/1159 1160/1968/1160 
s 4
f 1161/1969/1161 1162/1970/1162 1163/1971/1163 1164/1972/1164 
f 1165/1973/1165 1166/1974/1166 1167/1975/1167 1168/1976/1168 
s 1
f 1145/1953/1145 1169/1977/1169 1170/1978/1170 1171/1979/1171 
f 1146/1954/1146 1172/1980/1172 1173/1981/1173 1174/1982/1174 
f 1147/1955/1147 1175/1983/1175 1176/1984/1176 1177/1985/1177 
f 1148/1956/1148 1178/1986/1178 1179/1987/1179 1180/1988/1180 
s 2
f 1149/1957/1149 1174/1989/1174 1173/1990/1173 1181/1991/1181 
f 1150/1958/1150 1182/1992/1182 1183/1993/1183 1184/1994/1184 
f 1151/1959/1151 1185/1995/1185 1186/1996/1186 1187/1997/1187 
f 1152/1960/1152 1188/1998/1188 1176/1999/1176 1175/2000/1175 
s 1
f 1153/1961/1153 1184/2001/1184 1183/2002/1183 1189/2003/1189 
f 1154/1962/1154 1190/2004/1190 1191/2005/1191 1192/2006/1192 
f 1155/1963/1155 1193/2007/1193 1194/2008/1194 1195/2009/1195 
f 1156/1964/1156 1196/2010/1196 1186/2011/1186 1185/2012/1185 
s 2
f 1157/1965/1157 1192/2013/1192 1191/2014/1191 1197/2015/1197 
f 1158/1966/1158 1198/2016/1198 1170/2017/1170 1169/2018/1169 
f 1159/1967/1159 1180/2019/1180 1179/2020/1179 1199/2021/1199 
f 1160/1968/1160 1200/2022/1200 1194/2023/1194 1193/2024/1193 
s 4
f 1161/1969/1161 1189/2025/1189 1183/2026/1183 1182/2027/1182 
f 1162/1970/1162 1181/2028/1181 1173/2029/1173 1172/2030/1172 
f 1163/1971/1163 1171/2031/1171 1170/2032/1170 1198/2033/1198 
f 1164/1972/1164 1197/2034/1197 1191/2035/1191 1190/2036/1190 
f 1165/1973/1165 1187/2037/1187 1186/2038/1186 1196/2039/1196 
f 1166/1974/1166 1195/2040/1195 1194/2041/1194 1200/2042/1200 
f 1167/1975/1167 1199/2043/1199 1179/2044/1179 1178/2045/1178 
f 1168/1976/1168 1177/2046/1177 1176/2047/1176 1188/2048/1188 
s 1
f 1146/1954/1146 1145/1953/1145 1171/1979/1171 1172/1980/1172 
f 1147/1955/1147 1146/1954/1146 1174/1982/1174 1175/1983/1175 
f 1148/1956/1148 1147/1955/1147 1177/1985/1177 1178/1986/1178 
f 1145/1953/1145 1148/1956/1148 1180/1988/1180 1169/1977/1169 
s 2
f 1150/1958/1150 1149/1957/1149 1181/1991/1181 1182/1992/1182 
f 1151/1959/1151 1150/1958/1150 1184/1994/1184 1185/1995/1185 
f 1152/1960/1152 1151/1959/1151 1187/1997/1187 1188/1998/1188 
f 1149/1957/1149 1152/1960/1152 1175/2000/1175 1174/1989/1174 
s 1
f 1154/1962/1154 1153/1961/1153 1189/2003/1189 1190/2004/1190 
f 1155/1963/1155 1154/1962/1154 1192/2006/1192 1193/2007/1193 
f 1156/1964/1156 1155/1963/1155 1195/2009/1195 1196/2010/1196 
f 1153/1961/1153 1156/1964/1156 1185/2012/1185 1184/2001/1184 
s 2
f 1158/1966/1158 1157/1965/1157 1197/2015/1197 1198/2016/1198 
f 1159/1967/1159 1158/1966/1158 1169/2018/1169 1180/2019/1180 
f 1160/1968/1160 1159/1967/1159 1199/2021/1199 1200/2022/1200 
f 1157/1965/1157 1160/1968/1160 1193/2024/1193 1192/2013/1192 
s 4
f 1162/1970/1162 1161/1969/1161 1182/2027/1182 1181/2028/1181 
f 1163/1971/1163 1162/1970/1162 1172/2030/1172 1171/2031/1171 
f 1164/1972/1164 1163/1971/1163 1198/2033/1198 1197/2034/1197 
f 1161/1969/1161 1164/1972/1164 1190/2036/1190 1189/2025/1189 
f 1166/1974/1166 1165/1973/1165 1196/2039/1196 1195/2040/1195 
f 1167/1975/1167 1166/1974/1166 1200/2042/1200 1199/2043/1199 
f 1168/1976/1168 1167/1975/1167 1178/2045/1178 1177/2046/1177 
f 1165/1973/1165 1168/1976/1168 1188/2048/1188 1187/2037/1187 
# 54 polygons

#
# object Rectangle017
#

v  438.4989 708.7401 -271.4999
v  231.2600 708.7401 -271.4999
v  231.2600 691.2601 -271.4999
v  435.4162 691.2601 -271.4999
v  230.0000 708.7401 -270.2399
v  230.0000 708.7401 -252.7599
v  230.0000 691.2601 -252.7599
v  230.0000 691.2601 -270.2399
v  231.2600 708.7401 -251.4999
v  438.4989 708.7401 -251.4999
v  435.4162 691.2601 -251.4999
v  231.2600 691.2601 -251.4999
v  439.7817 708.7592 -252.7599
v  439.7817 708.7592 -270.2399
v  436.6923 691.2409 -270.2399
v  436.6923 691.2409 -252.7599
v  231.2600 710.0001 -252.7599
v  231.2600 710.0001 -270.2399
v  438.7405 710.0001 -270.2399
v  438.7405 710.0001 -252.7599
v  231.2600 690.0001 -252.7599
v  435.2134 690.0001 -252.7599
v  435.2134 690.0001 -270.2399
v  231.2600 690.0001 -270.2399
v  439.4610 708.7544 -271.1849
v  439.4424 709.5317 -271.0280
v  438.6801 709.6851 -271.1849
v  231.2600 709.6851 -271.1849
v  230.4725 709.5276 -271.0274
v  230.3150 708.7401 -271.1849
v  230.3150 691.2601 -271.1849
v  230.4725 690.4725 -271.0274
v  231.2600 690.3151 -271.1849
v  435.2642 690.3151 -271.1849
v  436.0804 690.4684 -271.0280
v  436.3733 691.2457 -271.1849
v  230.3150 709.6851 -270.2399
v  230.3150 709.6851 -252.7599
v  230.4725 709.5276 -251.9724
v  230.3150 708.7401 -251.8149
v  230.3150 691.2601 -251.8149
v  230.4725 690.4725 -251.9724
v  230.3150 690.3151 -252.7599
v  230.3150 690.3151 -270.2399
v  231.2600 709.6851 -251.8149
v  438.6801 709.6851 -251.8149
v  439.4424 709.5317 -251.9718
v  439.4610 708.7544 -251.8149
v  436.3733 691.2457 -251.8149
v  436.0804 690.4684 -251.9719
v  435.2642 690.3151 -251.8149
v  231.2600 690.3151 -251.8149
v  439.6308 709.6898 -252.7599
v  439.6308 709.6898 -270.2399
v  436.2132 690.3103 -270.2399
v  436.2132 690.3103 -252.7599
# 56 vertices

vn 0.0018 -0.0209 -0.9998
vn -0.0015 -0.0172 -0.9999
vn -0.0015 0.0169 -0.9999
vn 0.0012 0.0142 -0.9999
vn -0.9997 -0.0169 -0.0169
vn -0.9997 -0.0169 0.0169
vn -0.9997 0.0169 0.0169
vn -0.9997 0.0169 -0.0169
vn -0.0015 -0.0172 0.9999
vn 0.0018 -0.0209 0.9998
vn 0.0012 0.0142 0.9999
vn -0.0015 0.0169 0.9999
vn 0.9874 0.1574 0.0164
vn 0.9874 0.1574 -0.0164
vn 0.9817 0.1897 -0.0173
vn 0.9817 0.1897 0.0173
vn -0.0015 -0.9999 0.0171
vn -0.0015 -0.9999 -0.0171
vn 0.0015 -0.9999 -0.0165
vn 0.0015 -0.9999 0.0165
vn -0.0015 0.9999 0.0171
vn 0.0015 0.9998 0.0176
vn 0.0015 0.9998 -0.0176
vn -0.0015 0.9999 -0.0171
vn 0.7223 0.1154 -0.6818
vn 0.6162 -0.5171 -0.5941
vn 0.0010 -0.7345 -0.6786
vn -0.0010 -0.7072 -0.7070
vn -0.5773 -0.5774 -0.5773
vn -0.7071 -0.0113 -0.7071
vn -0.7071 0.0113 -0.7071
vn -0.5774 0.5774 -0.5774
vn -0.0010 0.7070 -0.7072
vn 0.0009 0.6849 -0.7287
vn 0.5306 0.6323 -0.5645
vn 0.6753 0.1296 -0.7261
vn -0.7071 -0.7071 -0.0113
vn -0.7071 -0.7071 0.0113
vn -0.5773 -0.5774 0.5774
vn -0.7071 -0.0113 0.7071
vn -0.7071 0.0113 0.7071
vn -0.5774 0.5774 0.5774
vn -0.7071 0.7071 0.0113
vn -0.7071 0.7071 -0.0113
vn -0.0010 -0.7072 0.7070
vn 0.0010 -0.7345 0.6786
vn 0.6162 -0.5170 0.5941
vn 0.7223 0.1155 0.6818
vn 0.6753 0.1296 0.7261
vn 0.5306 0.6323 0.5645
vn 0.0009 0.6849 0.7287
vn -0.0010 0.7070 0.7072
vn 0.7660 -0.6427 0.0123
vn 0.7660 -0.6427 -0.0123
vn 0.6427 0.7660 -0.0106
vn 0.6427 0.7660 0.0106
# 56 vertex normals

vt -0.6676 0.5918 0.0000
vt -0.6676 0.8000 0.0000
vt -0.6852 0.8000 0.0000
vt -0.6852 0.5949 0.0000
vt -0.6676 0.8221 0.0000
vt -0.6676 0.8397 0.0000
vt -0.6852 0.8397 0.0000
vt -0.6852 0.8221 0.0000
vt -0.6676 0.3613 0.0000
vt -0.6676 0.5696 0.0000
vt -0.6852 0.5665 0.0000
vt -0.6852 0.3613 0.0000
vt -0.5681 0.0683 0.0000
vt -0.5856 0.0683 0.0000
vt -0.5856 0.0507 0.0000
vt -0.5681 0.0507 0.0000
vt -0.5856 -0.3596 0.0000
vt -0.5681 -0.3596 0.0000
vt -0.5681 -0.1511 0.0000
vt -0.5856 -0.1511 0.0000
vt -0.6676 0.1342 0.0000
vt -0.6676 0.3392 0.0000
vt -0.6852 0.3392 0.0000
vt -0.6852 0.1342 0.0000
vt -0.6676 0.5908 0.0000
vt -0.6668 0.5908 0.0000
vt -0.6667 0.5916 0.0000
vt -0.6667 0.8000 0.0000
vt -0.6668 0.8008 0.0000
vt -0.6676 0.8010 0.0000
vt -0.6852 0.8010 0.0000
vt -0.6860 0.8008 0.0000
vt -0.6861 0.8000 0.0000
vt -0.6861 0.5950 0.0000
vt -0.6860 0.5942 0.0000
vt -0.6852 0.5939 0.0000
vt -0.6676 0.8212 0.0000
vt -0.6668 0.8213 0.0000
vt -0.6667 0.8221 0.0000
vt -0.6667 0.8397 0.0000
vt -0.6668 0.8405 0.0000
vt -0.6676 0.8407 0.0000
vt -0.6852 0.8407 0.0000
vt -0.6860 0.8405 0.0000
vt -0.6861 0.8397 0.0000
vt -0.6861 0.8221 0.0000
vt -0.6860 0.8213 0.0000
vt -0.6852 0.8212 0.0000
vt -0.6676 0.3604 0.0000
vt -0.6668 0.3606 0.0000
vt -0.6667 0.3613 0.0000
vt -0.6667 0.5698 0.0000
vt -0.6668 0.5706 0.0000
vt -0.6676 0.5706 0.0000
vt -0.6852 0.5675 0.0000
vt -0.6860 0.5672 0.0000
vt -0.6861 0.5664 0.0000
vt -0.6861 0.3613 0.0000
vt -0.6860 0.3606 0.0000
vt -0.6852 0.3604 0.0000
vt -0.5671 0.0683 0.0000
vt -0.5673 0.0691 0.0000
vt -0.5681 0.0692 0.0000
vt -0.5856 0.0692 0.0000
vt -0.5864 0.0691 0.0000
vt -0.5866 0.0683 0.0000
vt -0.5866 0.0507 0.0000
vt -0.5864 0.0499 0.0000
vt -0.5856 0.0497 0.0000
vt -0.5681 0.0497 0.0000
vt -0.5673 0.0499 0.0000
vt -0.5671 0.0507 0.0000
vt -0.5866 -0.3596 0.0000
vt -0.5864 -0.3604 0.0000
vt -0.5856 -0.3605 0.0000
vt -0.5681 -0.3605 0.0000
vt -0.5673 -0.3604 0.0000
vt -0.5671 -0.3596 0.0000
vt -0.5671 -0.1511 0.0000
vt -0.5673 -0.1503 0.0000
vt -0.5681 -0.1502 0.0000
vt -0.5856 -0.1502 0.0000
vt -0.5864 -0.1503 0.0000
vt -0.5866 -0.1511 0.0000
vt -0.6676 0.1333 0.0000
vt -0.6668 0.1334 0.0000
vt -0.6667 0.1342 0.0000
vt -0.6667 0.3392 0.0000
vt -0.6668 0.3401 0.0000
vt -0.6676 0.3402 0.0000
vt -0.6852 0.3402 0.0000
vt -0.6860 0.3401 0.0000
vt -0.6861 0.3392 0.0000
vt -0.6861 0.1342 0.0000
vt -0.6860 0.1334 0.0000
vt -0.6852 0.1333 0.0000
# 96 texture coords

o Rectangle017
g Rectangle017
usemtl wire_228184153
s 1
f 1204/2052/1204 1203/2051/1203 1202/2050/1202 1201/2049/1201 
s 2
f 1208/2056/1208 1207/2055/1207 1206/2054/1206 1205/2053/1205 
s 1
f 1212/2060/1212 1211/2059/1211 1210/2058/1210 1209/2057/1209 
s 2
f 1216/2064/1216 1215/2063/1215 1214/2062/1214 1213/2061/1213 
s 4
f 1220/2068/1220 1219/2067/1219 1218/2066/1218 1217/2065/1217 
f 1224/2072/1224 1223/2071/1223 1222/2070/1222 1221/2069/1221 
s 1
f 1227/2075/1227 1226/2074/1226 1225/2073/1225 1201/2049/1201 
f 1230/2078/1230 1229/2077/1229 1228/2076/1228 1202/2050/1202 
f 1233/2081/1233 1232/2080/1232 1231/2079/1231 1203/2051/1203 
f 1236/2084/1236 1235/2083/1235 1234/2082/1234 1204/2052/1204 
s 2
f 1237/2087/1237 1229/2086/1229 1230/2085/1230 1205/2053/1205 
f 1240/2090/1240 1239/2089/1239 1238/2088/1238 1206/2054/1206 
f 1243/2093/1243 1242/2092/1242 1241/2091/1241 1207/2055/1207 
f 1231/2096/1231 1232/2095/1232 1244/2094/1244 1208/2056/1208 
s 1
f 1245/2099/1245 1239/2098/1239 1240/2097/1240 1209/2057/1209 
f 1248/2102/1248 1247/2101/1247 1246/2100/1246 1210/2058/1210 
f 1251/2105/1251 1250/2104/1250 1249/2103/1249 1211/2059/1211 
f 1241/2108/1241 1242/2107/1242 1252/2106/1252 1212/2060/1212 
s 2
f 1253/2111/1253 1247/2110/1247 1248/2109/1248 1213/2061/1213 
f 1225/2114/1225 1226/2113/1226 1254/2112/1254 1214/2062/1214 
f 1255/2117/1255 1235/2116/1235 1236/2115/1236 1215/2063/1215 
f 1249/2120/1249 1250/2119/1250 1256/2118/1256 1216/2064/1216 
s 4
f 1238/2123/1238 1239/2122/1239 1245/2121/1245 1217/2065/1217 
f 1228/2126/1228 1229/2125/1229 1237/2124/1237 1218/2066/1218 
f 1254/2129/1254 1226/2128/1226 1227/2127/1227 1219/2067/1219 
f 1246/2132/1246 1247/2131/1247 1253/2130/1253 1220/2068/1220 
f 1252/2135/1252 1242/2134/1242 1243/2133/1243 1221/2069/1221 
f 1256/2138/1256 1250/2137/1250 1251/2136/1251 1222/2070/1222 
f 1234/2141/1234 1235/2140/1235 1255/2139/1255 1223/2071/1223 
f 1244/2144/1244 1232/2143/1232 1233/2142/1233 1224/2072/1224 
s 1
f 1228/2076/1228 1227/2075/1227 1201/2049/1201 1202/2050/1202 
f 1231/2079/1231 1230/2078/1230 1202/2050/1202 1203/2051/1203 
f 1234/2082/1234 1233/2081/1233 1203/2051/1203 1204/2052/1204 
f 1225/2073/1225 1236/2084/1236 1204/2052/1204 1201/2049/1201 
s 2
f 1238/2088/1238 1237/2087/1237 1205/2053/1205 1206/2054/1206 
f 1241/2091/1241 1240/2090/1240 1206/2054/1206 1207/2055/1207 
f 1244/2094/1244 1243/2093/1243 1207/2055/1207 1208/2056/1208 
f 1230/2085/1230 1231/2096/1231 1208/2056/1208 1205/2053/1205 
s 1
f 1246/2100/1246 1245/2099/1245 1209/2057/1209 1210/2058/1210 
f 1249/2103/1249 1248/2102/1248 1210/2058/1210 1211/2059/1211 
f 1252/2106/1252 1251/2105/1251 1211/2059/1211 1212/2060/1212 
f 1240/2097/1240 1241/2108/1241 1212/2060/1212 1209/2057/1209 
s 2
f 1254/2112/1254 1253/2111/1253 1213/2061/1213 1214/2062/1214 
f 1236/2115/1236 1225/2114/1225 1214/2062/1214 1215/2063/1215 
f 1256/2118/1256 1255/2117/1255 1215/2063/1215 1216/2064/1216 
f 1248/2109/1248 1249/2120/1249 1216/2064/1216 1213/2061/1213 
s 4
f 1237/2124/1237 1238/2123/1238 1217/2065/1217 1218/2066/1218 
f 1227/2127/1227 1228/2126/1228 1218/2066/1218 1219/2067/1219 
f 1253/2130/1253 1254/2129/1254 1219/2067/1219 1220/2068/1220 
f 1245/2121/1245 1246/2132/1246 1220/2068/1220 1217/2065/1217 
f 1251/2136/1251 1252/2135/1252 1221/2069/1221 1222/2070/1222 
f 1255/2139/1255 1256/2138/1256 1222/2070/1222 1223/2071/1223 
f 1233/2142/1233 1234/2141/1234 1223/2071/1223 1224/2072/1224 
f 1243/2133/1243 1244/2144/1244 1224/2072/1224 1221/2069/1221 
# 54 polygons

#
# object Rectangle018
#

v  -438.4987 708.7401 -271.4999
v  -231.2599 708.7401 -271.4999
v  -231.2599 691.2601 -271.4999
v  -435.4161 691.2601 -271.4999
v  -229.9999 708.7401 -270.2399
v  -229.9999 708.7401 -252.7599
v  -229.9999 691.2601 -252.7599
v  -229.9999 691.2601 -270.2399
v  -231.2599 708.7401 -251.4999
v  -438.4987 708.7401 -251.4999
v  -435.4161 691.2601 -251.4999
v  -231.2599 691.2601 -251.4999
v  -439.7816 708.7592 -252.7599
v  -439.7816 708.7592 -270.2399
v  -436.6921 691.2409 -270.2399
v  -436.6921 691.2409 -252.7599
v  -231.2599 710.0001 -252.7599
v  -231.2599 710.0001 -270.2399
v  -438.7404 710.0001 -270.2399
v  -438.7404 710.0001 -252.7599
v  -231.2599 690.0001 -252.7599
v  -435.2133 690.0001 -252.7599
v  -435.2133 690.0001 -270.2399
v  -231.2599 690.0001 -270.2399
v  -439.4609 708.7544 -271.1849
v  -439.4422 709.5317 -271.0280
v  -438.6800 709.6851 -271.1849
v  -231.2599 709.6851 -271.1849
v  -230.4724 709.5276 -271.0274
v  -230.3149 708.7401 -271.1849
v  -230.3149 691.2601 -271.1849
v  -230.4724 690.4725 -271.0274
v  -231.2599 690.3151 -271.1849
v  -435.2640 690.3151 -271.1849
v  -436.0803 690.4684 -271.0280
v  -436.3731 691.2457 -271.1849
v  -230.3149 709.6851 -270.2399
v  -230.3149 709.6851 -252.7599
v  -230.4724 709.5276 -251.9724
v  -230.3149 708.7401 -251.8149
v  -230.3149 691.2601 -251.8149
v  -230.4724 690.4725 -251.9724
v  -230.3149 690.3151 -252.7599
v  -230.3149 690.3151 -270.2399
v  -231.2599 709.6851 -251.8149
v  -438.6800 709.6851 -251.8149
v  -439.4422 709.5317 -251.9718
v  -439.4609 708.7544 -251.8149
v  -436.3731 691.2457 -251.8149
v  -436.0803 690.4684 -251.9719
v  -435.2640 690.3151 -251.8149
v  -231.2599 690.3151 -251.8149
v  -439.6307 709.6898 -252.7599
v  -439.6307 709.6898 -270.2399
v  -436.2130 690.3103 -270.2399
v  -436.2130 690.3103 -252.7599
# 56 vertices

vn 0.0018 -0.0209 -0.9998
vn -0.0015 -0.0172 -0.9999
vn -0.0015 0.0169 -0.9999
vn 0.0012 0.0142 -0.9999
vn -0.9997 -0.0169 -0.0169
vn -0.9997 -0.0169 0.0169
vn -0.9997 0.0169 0.0169
vn -0.9997 0.0169 -0.0169
vn -0.0015 -0.0172 0.9999
vn 0.0018 -0.0209 0.9998
vn 0.0012 0.0142 0.9999
vn -0.0015 0.0169 0.9999
vn 0.9874 0.1574 0.0164
vn 0.9874 0.1574 -0.0164
vn 0.9817 0.1897 -0.0173
vn 0.9817 0.1897 0.0173
vn -0.0015 -0.9999 0.0171
vn -0.0015 -0.9999 -0.0171
vn 0.0015 -0.9999 -0.0165
vn 0.0015 -0.9999 0.0165
vn -0.0015 0.9999 0.0171
vn 0.0015 0.9998 0.0176
vn 0.0015 0.9998 -0.0176
vn -0.0015 0.9999 -0.0171
vn 0.7223 0.1154 -0.6818
vn 0.6162 -0.5171 -0.5941
vn 0.0010 -0.7345 -0.6786
vn -0.0010 -0.7072 -0.7070
vn -0.5773 -0.5774 -0.5773
vn -0.7071 -0.0113 -0.7071
vn -0.7071 0.0113 -0.7071
vn -0.5774 0.5774 -0.5774
vn -0.0010 0.7070 -0.7072
vn 0.0009 0.6849 -0.7287
vn 0.5306 0.6323 -0.5645
vn 0.6753 0.1296 -0.7261
vn -0.7071 -0.7071 -0.0113
vn -0.7071 -0.7071 0.0113
vn -0.5773 -0.5774 0.5774
vn -0.7071 -0.0113 0.7071
vn -0.7071 0.0113 0.7071
vn -0.5774 0.5774 0.5774
vn -0.7071 0.7071 0.0113
vn -0.7071 0.7071 -0.0113
vn -0.0010 -0.7072 0.7070
vn 0.0010 -0.7345 0.6786
vn 0.6162 -0.5170 0.5941
vn 0.7223 0.1155 0.6818
vn 0.6753 0.1296 0.7261
vn 0.5306 0.6323 0.5645
vn 0.0009 0.6849 0.7287
vn -0.0010 0.7070 0.7072
vn 0.7660 -0.6427 0.0123
vn 0.7660 -0.6427 -0.0123
vn 0.6427 0.7660 -0.0106
vn 0.6427 0.7660 0.0106
# 56 vertex normals

vt -0.5681 1.3576 0.0000
vt -0.5681 1.5659 0.0000
vt -0.5856 1.5659 0.0000
vt -0.5856 1.3607 0.0000
vt -0.5681 1.3179 0.0000
vt -0.5681 1.3355 0.0000
vt -0.5856 1.3355 0.0000
vt -0.5856 1.3179 0.0000
vt -0.6077 -0.4758 0.0000
vt -0.6077 -0.2676 0.0000
vt -0.6253 -0.2707 0.0000
vt -0.6253 -0.4758 0.0000
vt -0.5681 -0.1114 0.0000
vt -0.5856 -0.1114 0.0000
vt -0.5856 -0.1290 0.0000
vt -0.5681 -0.1290 0.0000
vt -0.5856 -0.5901 0.0000
vt -0.5681 -0.5901 0.0000
vt -0.5681 -0.3816 0.0000
vt -0.5856 -0.3816 0.0000
vt -0.6077 -0.2454 0.0000
vt -0.6077 -0.0405 0.0000
vt -0.6253 -0.0405 0.0000
vt -0.6253 -0.2454 0.0000
vt -0.5680 1.3566 0.0000
vt -0.5673 1.3567 0.0000
vt -0.5671 1.3574 0.0000
vt -0.5671 1.5659 0.0000
vt -0.5673 1.5667 0.0000
vt -0.5681 1.5668 0.0000
vt -0.5856 1.5668 0.0000
vt -0.5864 1.5667 0.0000
vt -0.5866 1.5659 0.0000
vt -0.5866 1.3609 0.0000
vt -0.5864 1.3600 0.0000
vt -0.5856 1.3597 0.0000
vt -0.5681 1.3170 0.0000
vt -0.5673 1.3171 0.0000
vt -0.5671 1.3179 0.0000
vt -0.5671 1.3355 0.0000
vt -0.5673 1.3363 0.0000
vt -0.5681 1.3364 0.0000
vt -0.5856 1.3364 0.0000
vt -0.5864 1.3363 0.0000
vt -0.5866 1.3355 0.0000
vt -0.5866 1.3179 0.0000
vt -0.5864 1.3171 0.0000
vt -0.5856 1.3170 0.0000
vt -0.6077 -0.4768 0.0000
vt -0.6069 -0.4766 0.0000
vt -0.6068 -0.4758 0.0000
vt -0.6068 -0.2674 0.0000
vt -0.6069 -0.2666 0.0000
vt -0.6077 -0.2666 0.0000
vt -0.6253 -0.2697 0.0000
vt -0.6261 -0.2700 0.0000
vt -0.6263 -0.2708 0.0000
vt -0.6263 -0.4758 0.0000
vt -0.6261 -0.4766 0.0000
vt -0.6253 -0.4768 0.0000
vt -0.5671 -0.1114 0.0000
vt -0.5673 -0.1106 0.0000
vt -0.5681 -0.1105 0.0000
vt -0.5856 -0.1105 0.0000
vt -0.5864 -0.1106 0.0000
vt -0.5866 -0.1114 0.0000
vt -0.5866 -0.1290 0.0000
vt -0.5864 -0.1298 0.0000
vt -0.5856 -0.1299 0.0000
vt -0.5681 -0.1299 0.0000
vt -0.5673 -0.1298 0.0000
vt -0.5671 -0.1290 0.0000
vt -0.5866 -0.5901 0.0000
vt -0.5864 -0.5909 0.0000
vt -0.5856 -0.5911 0.0000
vt -0.5681 -0.5911 0.0000
vt -0.5673 -0.5909 0.0000
vt -0.5671 -0.5901 0.0000
vt -0.5671 -0.3817 0.0000
vt -0.5673 -0.3809 0.0000
vt -0.5681 -0.3807 0.0000
vt -0.5856 -0.3807 0.0000
vt -0.5864 -0.3809 0.0000
vt -0.5866 -0.3817 0.0000
vt -0.6077 -0.2464 0.0000
vt -0.6069 -0.2462 0.0000
vt -0.6068 -0.2454 0.0000
vt -0.6068 -0.0404 0.0000
vt -0.6069 -0.0396 0.0000
vt -0.6077 -0.0395 0.0000
vt -0.6253 -0.0395 0.0000
vt -0.6261 -0.0396 0.0000
vt -0.6263 -0.0404 0.0000
vt -0.6263 -0.2454 0.0000
vt -0.6261 -0.2462 0.0000
vt -0.6253 -0.2464 0.0000
# 96 texture coords

o Rectangle018
g Rectangle018
usemtl wire_228184153
s 1
f 1257/2145/1257 1258/2146/1258 1259/2147/1259 1260/2148/1260 
s 2
f 1261/2149/1261 1262/2150/1262 1263/2151/1263 1264/2152/1264 
s 1
f 1265/2153/1265 1266/2154/1266 1267/2155/1267 1268/2156/1268 
s 2
f 1269/2157/1269 1270/2158/1270 1271/2159/1271 1272/2160/1272 
s 4
f 1273/2161/1273 1274/2162/1274 1275/2163/1275 1276/2164/1276 
f 1277/2165/1277 1278/2166/1278 1279/2167/1279 1280/2168/1280 
s 1
f 1257/2145/1257 1281/2169/1281 1282/2170/1282 1283/2171/1283 
f 1258/2146/1258 1284/2172/1284 1285/2173/1285 1286/2174/1286 
f 1259/2147/1259 1287/2175/1287 1288/2176/1288 1289/2177/1289 
f 1260/2148/1260 1290/2178/1290 1291/2179/1291 1292/2180/1292 
s 2
f 1261/2149/1261 1286/2181/1286 1285/2182/1285 1293/2183/1293 
f 1262/2150/1262 1294/2184/1294 1295/2185/1295 1296/2186/1296 
f 1263/2151/1263 1297/2187/1297 1298/2188/1298 1299/2189/1299 
f 1264/2152/1264 1300/2190/1300 1288/2191/1288 1287/2192/1287 
s 1
f 1265/2153/1265 1296/2193/1296 1295/2194/1295 1301/2195/1301 
f 1266/2154/1266 1302/2196/1302 1303/2197/1303 1304/2198/1304 
f 1267/2155/1267 1305/2199/1305 1306/2200/1306 1307/2201/1307 
f 1268/2156/1268 1308/2202/1308 1298/2203/1298 1297/2204/1297 
s 2
f 1269/2157/1269 1304/2205/1304 1303/2206/1303 1309/2207/1309 
f 1270/2158/1270 1310/2208/1310 1282/2209/1282 1281/2210/1281 
f 1271/2159/1271 1292/2211/1292 1291/2212/1291 1311/2213/1311 
f 1272/2160/1272 1312/2214/1312 1306/2215/1306 1305/2216/1305 
s 4
f 1273/2161/1273 1301/2217/1301 1295/2218/1295 1294/2219/1294 
f 1274/2162/1274 1293/2220/1293 1285/2221/1285 1284/2222/1284 
f 1275/2163/1275 1283/2223/1283 1282/2224/1282 1310/2225/1310 
f 1276/2164/1276 1309/2226/1309 1303/2227/1303 1302/2228/1302 
f 1277/2165/1277 1299/2229/1299 1298/2230/1298 1308/2231/1308 
f 1278/2166/1278 1307/2232/1307 1306/2233/1306 1312/2234/1312 
f 1279/2167/1279 1311/2235/1311 1291/2236/1291 1290/2237/1290 
f 1280/2168/1280 1289/2238/1289 1288/2239/1288 1300/2240/1300 
s 1
f 1258/2146/1258 1257/2145/1257 1283/2171/1283 1284/2172/1284 
f 1259/2147/1259 1258/2146/1258 1286/2174/1286 1287/2175/1287 
f 1260/2148/1260 1259/2147/1259 1289/2177/1289 1290/2178/1290 
f 1257/2145/1257 1260/2148/1260 1292/2180/1292 1281/2169/1281 
s 2
f 1262/2150/1262 1261/2149/1261 1293/2183/1293 1294/2184/1294 
f 1263/2151/1263 1262/2150/1262 1296/2186/1296 1297/2187/1297 
f 1264/2152/1264 1263/2151/1263 1299/2189/1299 1300/2190/1300 
f 1261/2149/1261 1264/2152/1264 1287/2192/1287 1286/2181/1286 
s 1
f 1266/2154/1266 1265/2153/1265 1301/2195/1301 1302/2196/1302 
f 1267/2155/1267 1266/2154/1266 1304/2198/1304 1305/2199/1305 
f 1268/2156/1268 1267/2155/1267 1307/2201/1307 1308/2202/1308 
f 1265/2153/1265 1268/2156/1268 1297/2204/1297 1296/2193/1296 
s 2
f 1270/2158/1270 1269/2157/1269 1309/2207/1309 1310/2208/1310 
f 1271/2159/1271 1270/2158/1270 1281/2210/1281 1292/2211/1292 
f 1272/2160/1272 1271/2159/1271 1311/2213/1311 1312/2214/1312 
f 1269/2157/1269 1272/2160/1272 1305/2216/1305 1304/2205/1304 
s 4
f 1274/2162/1274 1273/2161/1273 1294/2219/1294 1293/2220/1293 
f 1275/2163/1275 1274/2162/1274 1284/2222/1284 1283/2223/1283 
f 1276/2164/1276 1275/2163/1275 1310/2225/1310 1309/2226/1309 
f 1273/2161/1273 1276/2164/1276 1302/2228/1302 1301/2217/1301 
f 1278/2166/1278 1277/2165/1277 1308/2231/1308 1307/2232/1307 
f 1279/2167/1279 1278/2166/1278 1312/2234/1312 1311/2235/1311 
f 1280/2168/1280 1279/2167/1279 1290/2237/1290 1289/2238/1289 
f 1277/2165/1277 1280/2168/1280 1300/2240/1300 1299/2229/1299 
# 54 polygons

#
# object Rectangle019
#

v  -438.4987 708.7401 271.4999
v  -231.2599 708.7401 271.4999
v  -231.2599 691.2601 271.4999
v  -435.4161 691.2601 271.4999
v  -229.9999 708.7401 270.2399
v  -229.9999 708.7401 252.7599
v  -229.9999 691.2601 252.7599
v  -229.9999 691.2601 270.2399
v  -231.2599 708.7401 251.4999
v  -438.4987 708.7401 251.4999
v  -435.4161 691.2601 251.4999
v  -231.2599 691.2601 251.4999
v  -439.7816 708.7593 252.7599
v  -439.7816 708.7593 270.2399
v  -436.6921 691.2410 270.2399
v  -436.6921 691.2410 252.7599
v  -231.2599 710.0001 252.7599
v  -231.2599 710.0001 270.2399
v  -438.7404 710.0001 270.2399
v  -438.7404 710.0001 252.7599
v  -231.2599 690.0001 252.7599
v  -435.2133 690.0001 252.7599
v  -435.2133 690.0001 270.2399
v  -231.2599 690.0001 270.2399
v  -439.4609 708.7545 271.1849
v  -439.4422 709.5318 271.0280
v  -438.6800 709.6851 271.1849
v  -231.2599 709.6851 271.1849
v  -230.4724 709.5276 271.0274
v  -230.3149 708.7401 271.1849
v  -230.3149 691.2601 271.1849
v  -230.4724 690.4726 271.0274
v  -231.2599 690.3151 271.1849
v  -435.2640 690.3151 271.1849
v  -436.0803 690.4685 271.0280
v  -436.3731 691.2457 271.1849
v  -230.3149 709.6851 270.2399
v  -230.3149 709.6851 252.7599
v  -230.4724 709.5276 251.9724
v  -230.3149 708.7401 251.8149
v  -230.3149 691.2601 251.8149
v  -230.4724 690.4727 251.9724
v  -230.3149 690.3151 252.7599
v  -230.3149 690.3151 270.2399
v  -231.2599 709.6851 251.8149
v  -438.6800 709.6851 251.8149
v  -439.4422 709.5318 251.9718
v  -439.4609 708.7545 251.8149
v  -436.3731 691.2458 251.8149
v  -436.0803 690.4685 251.9719
v  -435.2640 690.3151 251.8149
v  -231.2599 690.3151 251.8149
v  -439.6307 709.6899 252.7599
v  -439.6307 709.6899 270.2399
v  -436.2130 690.3103 270.2399
v  -436.2130 690.3104 252.7599
# 56 vertices

vn 0.0018 -0.0209 -0.9998
vn -0.0015 -0.0172 -0.9999
vn -0.0015 0.0169 -0.9999
vn 0.0012 0.0142 -0.9999
vn -0.9997 -0.0169 -0.0169
vn -0.9997 -0.0169 0.0169
vn -0.9997 0.0169 0.0169
vn -0.9997 0.0169 -0.0169
vn -0.0015 -0.0172 0.9999
vn 0.0018 -0.0209 0.9998
vn 0.0012 0.0142 0.9999
vn -0.0015 0.0169 0.9999
vn 0.9874 0.1574 0.0164
vn 0.9874 0.1574 -0.0164
vn 0.9817 0.1897 -0.0173
vn 0.9817 0.1897 0.0173
vn -0.0015 -0.9999 0.0171
vn -0.0015 -0.9999 -0.0171
vn 0.0015 -0.9999 -0.0165
vn 0.0015 -0.9999 0.0165
vn -0.0015 0.9999 0.0171
vn 0.0015 0.9998 0.0176
vn 0.0015 0.9998 -0.0176
vn -0.0015 0.9999 -0.0171
vn 0.7223 0.1154 -0.6818
vn 0.6162 -0.5171 -0.5941
vn 0.0010 -0.7345 -0.6786
vn -0.0010 -0.7072 -0.7070
vn -0.5773 -0.5774 -0.5773
vn -0.7071 -0.0113 -0.7071
vn -0.7071 0.0113 -0.7071
vn -0.5774 0.5774 -0.5774
vn -0.0010 0.7070 -0.7072
vn 0.0009 0.6849 -0.7287
vn 0.5306 0.6323 -0.5645
vn 0.6753 0.1296 -0.7261
vn -0.7071 -0.7071 -0.0113
vn -0.7071 -0.7071 0.0113
vn -0.5773 -0.5774 0.5774
vn -0.7071 -0.0113 0.7071
vn -0.7071 0.0113 0.7071
vn -0.5774 0.5774 0.5774
vn -0.7071 0.7071 0.0113
vn -0.7071 0.7071 -0.0113
vn -0.0010 -0.7072 0.7070
vn 0.0010 -0.7345 0.6786
vn 0.6162 -0.5170 0.5941
vn 0.7223 0.1155 0.6818
vn 0.6753 0.1296 0.7261
vn 0.5306 0.6323 0.5645
vn 0.0009 0.6849 0.7287
vn -0.0010 0.7070 0.7072
vn 0.7660 -0.6427 0.0123
vn 0.7660 -0.6427 -0.0123
vn 0.6427 0.7660 -0.0106
vn 0.6427 0.7660 0.0106
# 56 vertex normals

vt -0.5681 0.1503 0.0000
vt -0.5681 0.3586 0.0000
vt -0.5856 0.3586 0.0000
vt -0.5856 0.1534 0.0000
vt -0.5681 0.1106 0.0000
vt -0.5681 0.1282 0.0000
vt -0.5856 0.1282 0.0000
vt -0.5856 0.1106 0.0000
vt -0.5681 0.5109 0.0000
vt -0.5681 0.7192 0.0000
vt -0.5856 0.7161 0.0000
vt -0.5856 0.5109 0.0000
vt -0.5681 0.0084 0.0000
vt -0.5856 0.0084 0.0000
vt -0.5856 -0.0092 0.0000
vt -0.5681 -0.0092 0.0000
vt -0.5856 -1.0513 0.0000
vt -0.5681 -1.0513 0.0000
vt -0.5681 -0.8428 0.0000
vt -0.5856 -0.8428 0.0000
vt -0.5681 0.7413 0.0000
vt -0.5681 0.9463 0.0000
vt -0.5856 0.9463 0.0000
vt -0.5856 0.7413 0.0000
vt -0.5680 0.1493 0.0000
vt -0.5673 0.1493 0.0000
vt -0.5671 0.1501 0.0000
vt -0.5671 0.3586 0.0000
vt -0.5673 0.3593 0.0000
vt -0.5681 0.3595 0.0000
vt -0.5856 0.3595 0.0000
vt -0.5864 0.3593 0.0000
vt -0.5866 0.3586 0.0000
vt -0.5866 0.1535 0.0000
vt -0.5864 0.1527 0.0000
vt -0.5856 0.1524 0.0000
vt -0.5681 0.1096 0.0000
vt -0.5673 0.1098 0.0000
vt -0.5671 0.1106 0.0000
vt -0.5671 0.1282 0.0000
vt -0.5673 0.1289 0.0000
vt -0.5681 0.1291 0.0000
vt -0.5856 0.1291 0.0000
vt -0.5864 0.1289 0.0000
vt -0.5866 0.1282 0.0000
vt -0.5866 0.1106 0.0000
vt -0.5864 0.1098 0.0000
vt -0.5856 0.1096 0.0000
vt -0.5681 0.5100 0.0000
vt -0.5673 0.5102 0.0000
vt -0.5671 0.5109 0.0000
vt -0.5671 0.7194 0.0000
vt -0.5673 0.7202 0.0000
vt -0.5680 0.7202 0.0000
vt -0.5856 0.7171 0.0000
vt -0.5864 0.7168 0.0000
vt -0.5866 0.7160 0.0000
vt -0.5866 0.5109 0.0000
vt -0.5864 0.5102 0.0000
vt -0.5856 0.5100 0.0000
vt -0.5671 0.0084 0.0000
vt -0.5673 0.0092 0.0000
vt -0.5681 0.0093 0.0000
vt -0.5856 0.0093 0.0000
vt -0.5864 0.0092 0.0000
vt -0.5866 0.0084 0.0000
vt -0.5866 -0.0092 0.0000
vt -0.5864 -0.0100 0.0000
vt -0.5856 -0.0102 0.0000
vt -0.5681 -0.0102 0.0000
vt -0.5673 -0.0100 0.0000
vt -0.5671 -0.0092 0.0000
vt -0.5866 -1.0513 0.0000
vt -0.5864 -1.0521 0.0000
vt -0.5856 -1.0522 0.0000
vt -0.5681 -1.0522 0.0000
vt -0.5673 -1.0521 0.0000
vt -0.5671 -1.0513 0.0000
vt -0.5671 -0.8428 0.0000
vt -0.5673 -0.8420 0.0000
vt -0.5681 -0.8419 0.0000
vt -0.5856 -0.8419 0.0000
vt -0.5864 -0.8420 0.0000
vt -0.5866 -0.8428 0.0000
vt -0.5681 0.7404 0.0000
vt -0.5673 0.7406 0.0000
vt -0.5671 0.7413 0.0000
vt -0.5671 0.9464 0.0000
vt -0.5673 0.9472 0.0000
vt -0.5681 0.9473 0.0000
vt -0.5856 0.9473 0.0000
vt -0.5864 0.9472 0.0000
vt -0.5866 0.9464 0.0000
vt -0.5866 0.7413 0.0000
vt -0.5864 0.7406 0.0000
vt -0.5856 0.7404 0.0000
# 96 texture coords

o Rectangle019
g Rectangle019
usemtl wire_228184153
s 1
f 1316/2244/1316 1315/2243/1315 1314/2242/1314 1313/2241/1313 
s 2
f 1320/2248/1320 1319/2247/1319 1318/2246/1318 1317/2245/1317 
s 1
f 1324/2252/1324 1323/2251/1323 1322/2250/1322 1321/2249/1321 
s 2
f 1328/2256/1328 1327/2255/1327 1326/2254/1326 1325/2253/1325 
s 4
f 1332/2260/1332 1331/2259/1331 1330/2258/1330 1329/2257/1329 
f 1336/2264/1336 1335/2263/1335 1334/2262/1334 1333/2261/1333 
s 1
f 1339/2267/1339 1338/2266/1338 1337/2265/1337 1313/2241/1313 
f 1342/2270/1342 1341/2269/1341 1340/2268/1340 1314/2242/1314 
f 1345/2273/1345 1344/2272/1344 1343/2271/1343 1315/2243/1315 
f 1348/2276/1348 1347/2275/1347 1346/2274/1346 1316/2244/1316 
s 2
f 1349/2279/1349 1341/2278/1341 1342/2277/1342 1317/2245/1317 
f 1352/2282/1352 1351/2281/1351 1350/2280/1350 1318/2246/1318 
f 1355/2285/1355 1354/2284/1354 1353/2283/1353 1319/2247/1319 
f 1343/2288/1343 1344/2287/1344 1356/2286/1356 1320/2248/1320 
s 1
f 1357/2291/1357 1351/2290/1351 1352/2289/1352 1321/2249/1321 
f 1360/2294/1360 1359/2293/1359 1358/2292/1358 1322/2250/1322 
f 1363/2297/1363 1362/2296/1362 1361/2295/1361 1323/2251/1323 
f 1353/2300/1353 1354/2299/1354 1364/2298/1364 1324/2252/1324 
s 2
f 1365/2303/1365 1359/2302/1359 1360/2301/1360 1325/2253/1325 
f 1337/2306/1337 1338/2305/1338 1366/2304/1366 1326/2254/1326 
f 1367/2309/1367 1347/2308/1347 1348/2307/1348 1327/2255/1327 
f 1361/2312/1361 1362/2311/1362 1368/2310/1368 1328/2256/1328 
s 4
f 1350/2315/1350 1351/2314/1351 1357/2313/1357 1329/2257/1329 
f 1340/2318/1340 1341/2317/1341 1349/2316/1349 1330/2258/1330 
f 1366/2321/1366 1338/2320/1338 1339/2319/1339 1331/2259/1331 
f 1358/2324/1358 1359/2323/1359 1365/2322/1365 1332/2260/1332 
f 1364/2327/1364 1354/2326/1354 1355/2325/1355 1333/2261/1333 
f 1368/2330/1368 1362/2329/1362 1363/2328/1363 1334/2262/1334 
f 1346/2333/1346 1347/2332/1347 1367/2331/1367 1335/2263/1335 
f 1356/2336/1356 1344/2335/1344 1345/2334/1345 1336/2264/1336 
s 1
f 1340/2268/1340 1339/2267/1339 1313/2241/1313 1314/2242/1314 
f 1343/2271/1343 1342/2270/1342 1314/2242/1314 1315/2243/1315 
f 1346/2274/1346 1345/2273/1345 1315/2243/1315 1316/2244/1316 
f 1337/2265/1337 1348/2276/1348 1316/2244/1316 1313/2241/1313 
s 2
f 1350/2280/1350 1349/2279/1349 1317/2245/1317 1318/2246/1318 
f 1353/2283/1353 1352/2282/1352 1318/2246/1318 1319/2247/1319 
f 1356/2286/1356 1355/2285/1355 1319/2247/1319 1320/2248/1320 
f 1342/2277/1342 1343/2288/1343 1320/2248/1320 1317/2245/1317 
s 1
f 1358/2292/1358 1357/2291/1357 1321/2249/1321 1322/2250/1322 
f 1361/2295/1361 1360/2294/1360 1322/2250/1322 1323/2251/1323 
f 1364/2298/1364 1363/2297/1363 1323/2251/1323 1324/2252/1324 
f 1352/2289/1352 1353/2300/1353 1324/2252/1324 1321/2249/1321 
s 2
f 1366/2304/1366 1365/2303/1365 1325/2253/1325 1326/2254/1326 
f 1348/2307/1348 1337/2306/1337 1326/2254/1326 1327/2255/1327 
f 1368/2310/1368 1367/2309/1367 1327/2255/1327 1328/2256/1328 
f 1360/2301/1360 1361/2312/1361 1328/2256/1328 1325/2253/1325 
s 4
f 1349/2316/1349 1350/2315/1350 1329/2257/1329 1330/2258/1330 
f 1339/2319/1339 1340/2318/1340 1330/2258/1330 1331/2259/1331 
f 1365/2322/1365 1366/2321/1366 1331/2259/1331 1332/2260/1332 
f 1357/2313/1357 1358/2324/1358 1332/2260/1332 1329/2257/1329 
f 1363/2328/1363 1364/2327/1364 1333/2261/1333 1334/2262/1334 
f 1367/2331/1367 1368/2330/1368 1334/2262/1334 1335/2263/1335 
f 1345/2334/1345 1346/2333/1346 1335/2263/1335 1336/2264/1336 
f 1355/2325/1355 1356/2336/1356 1336/2264/1336 1333/2261/1333 
# 54 polygons

#
# object Rectangle020
#

v  -231.2600 728.7900 266.4999
v  -248.7400 728.7900 266.4999
v  -248.7400 641.2600 266.4999
v  -231.2600 641.2600 266.4999
v  -250.0000 728.7900 265.2399
v  -250.0000 728.7901 -265.2401
v  -250.0000 641.2601 -265.2401
v  -250.0000 641.2600 265.2399
v  -248.7400 728.7901 -266.5001
v  -231.2600 728.7901 -266.5001
v  -231.2600 641.2601 -266.5001
v  -248.7400 641.2601 -266.5001
v  -230.0000 728.7901 -265.2401
v  -230.0000 728.7900 265.2399
v  -230.0000 641.2600 265.2399
v  -230.0000 641.2601 -265.2401
v  -248.7400 730.0501 -265.2401
v  -248.7400 730.0500 265.2399
v  -231.2600 730.0500 265.2399
v  -231.2600 730.0501 -265.2401
v  -248.7400 640.0001 -265.2401
v  -231.2600 640.0001 -265.2401
v  -231.2600 640.0000 265.2399
v  -248.7400 640.0000 265.2399
v  -230.3150 728.7900 266.1849
v  -230.4725 729.5775 266.0275
v  -231.2600 729.7350 266.1849
v  -248.7400 729.7350 266.1849
v  -249.5275 729.5775 266.0275
v  -249.6850 728.7900 266.1849
v  -249.6850 641.2600 266.1849
v  -249.5275 640.4725 266.0275
v  -248.7400 640.3150 266.1849
v  -231.2600 640.3150 266.1849
v  -230.4725 640.4725 266.0275
v  -230.3150 641.2600 266.1849
v  -249.6850 729.7350 265.2399
v  -249.6850 729.7351 -265.2401
v  -249.5275 729.5776 -266.0276
v  -249.6850 728.7901 -266.1851
v  -249.6850 641.2601 -266.1851
v  -249.5275 640.4726 -266.0276
v  -249.6850 640.3151 -265.2401
v  -249.6850 640.3150 265.2399
v  -248.7400 729.7351 -266.1851
v  -231.2600 729.7351 -266.1851
v  -230.4725 729.5776 -266.0276
v  -230.3150 728.7901 -266.1851
v  -230.3150 641.2601 -266.1851
v  -230.4725 640.4726 -266.0276
v  -231.2600 640.3151 -266.1851
v  -248.7400 640.3151 -266.1851
v  -230.3150 729.7351 -265.2401
v  -230.3150 729.7350 265.2399
v  -230.3150 640.3150 265.2399
v  -230.3150 640.3151 -265.2401
# 56 vertices

vn 0.0171 -0.0035 -0.9998
vn -0.0171 -0.0035 -0.9998
vn -0.0171 0.0035 -0.9998
vn 0.0171 0.0035 -0.9998
vn -1.0000 -0.0036 -0.0006
vn -1.0000 -0.0036 0.0006
vn -1.0000 0.0036 0.0006
vn -1.0000 0.0036 -0.0006
vn -0.0171 -0.0035 0.9998
vn 0.0171 -0.0035 0.9998
vn 0.0171 0.0035 0.9998
vn -0.0171 0.0035 0.9998
vn 1.0000 -0.0036 0.0006
vn 1.0000 -0.0036 -0.0006
vn 1.0000 0.0036 -0.0006
vn 1.0000 0.0036 0.0006
vn -0.0171 -0.9999 0.0006
vn -0.0171 -0.9999 -0.0006
vn 0.0171 -0.9999 -0.0006
vn 0.0171 -0.9999 0.0006
vn -0.0171 0.9999 0.0006
vn 0.0171 0.9999 0.0006
vn 0.0171 0.9999 -0.0006
vn -0.0171 0.9999 -0.0006
vn 0.7071 -0.0023 -0.7071
vn 0.5773 -0.5773 -0.5774
vn 0.0113 -0.7071 -0.7071
vn -0.0113 -0.7071 -0.7071
vn -0.5773 -0.5773 -0.5774
vn -0.7071 -0.0023 -0.7071
vn -0.7071 0.0023 -0.7071
vn -0.5773 0.5773 -0.5774
vn -0.0113 0.7071 -0.7071
vn 0.0113 0.7071 -0.7071
vn 0.5773 0.5773 -0.5774
vn 0.7071 0.0023 -0.7071
vn -0.7071 -0.7071 -0.0004
vn -0.7071 -0.7071 0.0004
vn -0.5773 -0.5773 0.5774
vn -0.7071 -0.0023 0.7071
vn -0.7071 0.0023 0.7071
vn -0.5773 0.5773 0.5774
vn -0.7071 0.7071 0.0004
vn -0.7071 0.7071 -0.0004
vn -0.0113 -0.7071 0.7071
vn 0.0113 -0.7071 0.7071
vn 0.5773 -0.5773 0.5774
vn 0.7071 -0.0023 0.7071
vn 0.7071 0.0023 0.7071
vn 0.5773 0.5773 0.5774
vn 0.0113 0.7071 0.7071
vn -0.0113 0.7071 0.7071
vn 0.7071 -0.7071 0.0004
vn 0.7071 -0.7071 -0.0004
vn 0.7071 0.7071 -0.0004
vn 0.7071 0.7071 0.0004
# 56 vertex normals

vt -0.6676 1.0594 0.0000
vt -0.6852 1.0594 0.0000
vt -0.6852 0.9714 0.0000
vt -0.6676 0.9714 0.0000
vt 0.3869 -1.0513 0.0000
vt 0.3869 -0.5181 0.0000
vt 0.2989 -0.5181 0.0000
vt 0.2989 -1.0513 0.0000
vt -0.6077 1.2205 0.0000
vt -0.6253 1.2205 0.0000
vt -0.6253 1.1326 0.0000
vt -0.6077 1.1326 0.0000
vt 0.5069 0.0425 0.0000
vt 0.5069 0.5756 0.0000
vt 0.4190 0.5756 0.0000
vt 0.4190 0.0425 0.0000
vt -0.6676 -0.4412 0.0000
vt -0.6676 0.0919 0.0000
vt -0.6852 0.0919 0.0000
vt -0.6852 -0.4412 0.0000
vt -0.6077 0.5148 0.0000
vt -0.6253 0.5148 0.0000
vt -0.6253 -0.0183 0.0000
vt -0.6077 -0.0183 0.0000
vt -0.6667 1.0594 0.0000
vt -0.6668 1.0601 0.0000
vt -0.6676 1.0603 0.0000
vt -0.6852 1.0603 0.0000
vt -0.6860 1.0601 0.0000
vt -0.6861 1.0594 0.0000
vt -0.6861 0.9714 0.0000
vt -0.6860 0.9706 0.0000
vt -0.6852 0.9704 0.0000
vt -0.6676 0.9704 0.0000
vt -0.6668 0.9706 0.0000
vt -0.6667 0.9714 0.0000
vt 0.3869 -1.0522 0.0000
vt 0.3877 -1.0521 0.0000
vt 0.3878 -1.0513 0.0000
vt 0.3878 -0.5181 0.0000
vt 0.3877 -0.5174 0.0000
vt 0.3869 -0.5172 0.0000
vt 0.2989 -0.5172 0.0000
vt 0.2981 -0.5174 0.0000
vt 0.2979 -0.5181 0.0000
vt 0.2979 -1.0513 0.0000
vt 0.2981 -1.0521 0.0000
vt 0.2989 -1.0522 0.0000
vt -0.6068 1.2205 0.0000
vt -0.6069 1.2213 0.0000
vt -0.6077 1.2215 0.0000
vt -0.6253 1.2215 0.0000
vt -0.6261 1.2213 0.0000
vt -0.6263 1.2205 0.0000
vt -0.6263 1.1326 0.0000
vt -0.6261 1.1318 0.0000
vt -0.6253 1.1316 0.0000
vt -0.6077 1.1316 0.0000
vt -0.6069 1.1318 0.0000
vt -0.6068 1.1326 0.0000
vt 0.5069 0.0415 0.0000
vt 0.5077 0.0417 0.0000
vt 0.5079 0.0425 0.0000
vt 0.5079 0.5756 0.0000
vt 0.5077 0.5764 0.0000
vt 0.5069 0.5765 0.0000
vt 0.4190 0.5765 0.0000
vt 0.4182 0.5764 0.0000
vt 0.4180 0.5756 0.0000
vt 0.4180 0.0425 0.0000
vt 0.4182 0.0417 0.0000
vt 0.4190 0.0415 0.0000
vt -0.6676 -0.4422 0.0000
vt -0.6668 -0.4420 0.0000
vt -0.6667 -0.4412 0.0000
vt -0.6667 0.0919 0.0000
vt -0.6668 0.0927 0.0000
vt -0.6676 0.0928 0.0000
vt -0.6852 0.0928 0.0000
vt -0.6860 0.0927 0.0000
vt -0.6861 0.0919 0.0000
vt -0.6861 -0.4412 0.0000
vt -0.6860 -0.4420 0.0000
vt -0.6852 -0.4422 0.0000
vt -0.6068 0.5148 0.0000
vt -0.6069 0.5156 0.0000
vt -0.6077 0.5158 0.0000
vt -0.6253 0.5158 0.0000
vt -0.6261 0.5156 0.0000
vt -0.6263 0.5148 0.0000
vt -0.6263 -0.0183 0.0000
vt -0.6261 -0.0191 0.0000
vt -0.6253 -0.0192 0.0000
vt -0.6077 -0.0192 0.0000
vt -0.6069 -0.0191 0.0000
vt -0.6068 -0.0183 0.0000
# 96 texture coords

o Rectangle020
g Rectangle020
usemtl wire_225088199
s 1
f 1369/2337/1369 1370/2338/1370 1371/2339/1371 1372/2340/1372 
s 2
f 1373/2341/1373 1374/2342/1374 1375/2343/1375 1376/2344/1376 
s 1
f 1377/2345/1377 1378/2346/1378 1379/2347/1379 1380/2348/1380 
s 2
f 1381/2349/1381 1382/2350/1382 1383/2351/1383 1384/2352/1384 
s 4
f 1385/2353/1385 1386/2354/1386 1387/2355/1387 1388/2356/1388 
f 1389/2357/1389 1390/2358/1390 1391/2359/1391 1392/2360/1392 
s 1
f 1369/2337/1369 1393/2361/1393 1394/2362/1394 1395/2363/1395 
f 1370/2338/1370 1396/2364/1396 1397/2365/1397 1398/2366/1398 
f 1371/2339/1371 1399/2367/1399 1400/2368/1400 1401/2369/1401 
f 1372/2340/1372 1402/2370/1402 1403/2371/1403 1404/2372/1404 
s 2
f 1373/2341/1373 1398/2373/1398 1397/2374/1397 1405/2375/1405 
f 1374/2342/1374 1406/2376/1406 1407/2377/1407 1408/2378/1408 
f 1375/2343/1375 1409/2379/1409 1410/2380/1410 1411/2381/1411 
f 1376/2344/1376 1412/2382/1412 1400/2383/1400 1399/2384/1399 
s 1
f 1377/2345/1377 1408/2385/1408 1407/2386/1407 1413/2387/1413 
f 1378/2346/1378 1414/2388/1414 1415/2389/1415 1416/2390/1416 
f 1379/2347/1379 1417/2391/1417 1418/2392/1418 1419/2393/1419 
f 1380/2348/1380 1420/2394/1420 1410/2395/1410 1409/2396/1409 
s 2
f 1381/2349/1381 1416/2397/1416 1415/2398/1415 1421/2399/1421 
f 1382/2350/1382 1422/2400/1422 1394/2401/1394 1393/2402/1393 
f 1383/2351/1383 1404/2403/1404 1403/2404/1403 1423/2405/1423 
f 1384/2352/1384 1424/2406/1424 1418/2407/1418 1417/2408/1417 
s 4
f 1385/2353/1385 1413/2409/1413 1407/2410/1407 1406/2411/1406 
f 1386/2354/1386 1405/2412/1405 1397/2413/1397 1396/2414/1396 
f 1387/2355/1387 1395/2415/1395 1394/2416/1394 1422/2417/1422 
f 1388/2356/1388 1421/2418/1421 1415/2419/1415 1414/2420/1414 
f 1389/2357/1389 1411/2421/1411 1410/2422/1410 1420/2423/1420 
f 1390/2358/1390 1419/2424/1419 1418/2425/1418 1424/2426/1424 
f 1391/2359/1391 1423/2427/1423 1403/2428/1403 1402/2429/1402 
f 1392/2360/1392 1401/2430/1401 1400/2431/1400 1412/2432/1412 
s 1
f 1370/2338/1370 1369/2337/1369 1395/2363/1395 1396/2364/1396 
f 1371/2339/1371 1370/2338/1370 1398/2366/1398 1399/2367/1399 
f 1372/2340/1372 1371/2339/1371 1401/2369/1401 1402/2370/1402 
f 1369/2337/1369 1372/2340/1372 1404/2372/1404 1393/2361/1393 
s 2
f 1374/2342/1374 1373/2341/1373 1405/2375/1405 1406/2376/1406 
f 1375/2343/1375 1374/2342/1374 1408/2378/1408 1409/2379/1409 
f 1376/2344/1376 1375/2343/1375 1411/2381/1411 1412/2382/1412 
f 1373/2341/1373 1376/2344/1376 1399/2384/1399 1398/2373/1398 
s 1
f 1378/2346/1378 1377/2345/1377 1413/2387/1413 1414/2388/1414 
f 1379/2347/1379 1378/2346/1378 1416/2390/1416 1417/2391/1417 
f 1380/2348/1380 1379/2347/1379 1419/2393/1419 1420/2394/1420 
f 1377/2345/1377 1380/2348/1380 1409/2396/1409 1408/2385/1408 
s 2
f 1382/2350/1382 1381/2349/1381 1421/2399/1421 1422/2400/1422 
f 1383/2351/1383 1382/2350/1382 1393/2402/1393 1404/2403/1404 
f 1384/2352/1384 1383/2351/1383 1423/2405/1423 1424/2406/1424 
f 1381/2349/1381 1384/2352/1384 1417/2408/1417 1416/2397/1416 
s 4
f 1386/2354/1386 1385/2353/1385 1406/2411/1406 1405/2412/1405 
f 1387/2355/1387 1386/2354/1386 1396/2414/1396 1395/2415/1395 
f 1388/2356/1388 1387/2355/1387 1422/2417/1422 1421/2418/1421 
f 1385/2353/1385 1388/2356/1388 1414/2420/1414 1413/2409/1413 
f 1390/2358/1390 1389/2357/1389 1420/2423/1420 1419/2424/1419 
f 1391/2359/1391 1390/2358/1390 1424/2426/1424 1423/2427/1423 
f 1392/2360/1392 1391/2359/1391 1402/2429/1402 1401/2430/1401 
f 1389/2357/1389 1392/2360/1392 1412/2432/1412 1411/2421/1411 
# 54 polygons

#
# object Rectangle021
#

v  231.2601 728.7900 266.4999
v  248.7401 728.7900 266.4999
v  248.7401 641.2600 266.4999
v  231.2601 641.2600 266.4999
v  250.0001 728.7900 265.2399
v  250.0001 728.7901 -265.2401
v  250.0001 641.2601 -265.2401
v  250.0001 641.2600 265.2399
v  248.7401 728.7901 -266.5001
v  231.2601 728.7901 -266.5001
v  231.2601 641.2601 -266.5001
v  248.7401 641.2601 -266.5001
v  230.0001 728.7901 -265.2401
v  230.0001 728.7900 265.2399
v  230.0001 641.2600 265.2399
v  230.0001 641.2601 -265.2401
v  248.7401 730.0501 -265.2401
v  248.7401 730.0500 265.2399
v  231.2601 730.0500 265.2399
v  231.2601 730.0501 -265.2401
v  248.7401 640.0001 -265.2401
v  231.2601 640.0001 -265.2401
v  231.2601 640.0000 265.2399
v  248.7401 640.0000 265.2399
v  230.3151 728.7900 266.1849
v  230.4726 729.5775 266.0275
v  231.2601 729.7350 266.1849
v  248.7401 729.7350 266.1849
v  249.5276 729.5775 266.0275
v  249.6851 728.7900 266.1849
v  249.6851 641.2600 266.1849
v  249.5276 640.4725 266.0275
v  248.7401 640.3150 266.1849
v  231.2601 640.3150 266.1849
v  230.4726 640.4725 266.0275
v  230.3151 641.2600 266.1849
v  249.6851 729.7350 265.2399
v  249.6851 729.7351 -265.2401
v  249.5276 729.5776 -266.0276
v  249.6851 728.7901 -266.1851
v  249.6851 641.2601 -266.1851
v  249.5276 640.4726 -266.0276
v  249.6851 640.3151 -265.2401
v  249.6851 640.3150 265.2399
v  248.7401 729.7351 -266.1851
v  231.2601 729.7351 -266.1851
v  230.4726 729.5776 -266.0276
v  230.3151 728.7901 -266.1851
v  230.3151 641.2601 -266.1851
v  230.4726 640.4726 -266.0276
v  231.2601 640.3151 -266.1851
v  248.7401 640.3151 -266.1851
v  230.3151 729.7351 -265.2401
v  230.3151 729.7350 265.2399
v  230.3151 640.3150 265.2399
v  230.3151 640.3151 -265.2401
# 56 vertices

vn 0.0171 -0.0035 -0.9998
vn -0.0171 -0.0035 -0.9998
vn -0.0171 0.0035 -0.9998
vn 0.0171 0.0035 -0.9998
vn -1.0000 -0.0036 -0.0006
vn -1.0000 -0.0036 0.0006
vn -1.0000 0.0036 0.0006
vn -1.0000 0.0036 -0.0006
vn -0.0171 -0.0035 0.9998
vn 0.0171 -0.0035 0.9998
vn 0.0171 0.0035 0.9998
vn -0.0171 0.0035 0.9998
vn 1.0000 -0.0036 0.0006
vn 1.0000 -0.0036 -0.0006
vn 1.0000 0.0036 -0.0006
vn 1.0000 0.0036 0.0006
vn -0.0171 -0.9999 0.0006
vn -0.0171 -0.9999 -0.0006
vn 0.0171 -0.9999 -0.0006
vn 0.0171 -0.9999 0.0006
vn -0.0171 0.9999 0.0006
vn 0.0171 0.9999 0.0006
vn 0.0171 0.9999 -0.0006
vn -0.0171 0.9999 -0.0006
vn 0.7071 -0.0023 -0.7071
vn 0.5773 -0.5773 -0.5774
vn 0.0113 -0.7071 -0.7071
vn -0.0113 -0.7071 -0.7071
vn -0.5773 -0.5773 -0.5774
vn -0.7071 -0.0023 -0.7071
vn -0.7071 0.0023 -0.7071
vn -0.5773 0.5773 -0.5774
vn -0.0113 0.7071 -0.7071
vn 0.0113 0.7071 -0.7071
vn 0.5773 0.5773 -0.5774
vn 0.7071 0.0023 -0.7071
vn -0.7071 -0.7071 -0.0004
vn -0.7071 -0.7071 0.0004
vn -0.5773 -0.5773 0.5774
vn -0.7071 -0.0023 0.7071
vn -0.7071 0.0023 0.7071
vn -0.5773 0.5773 0.5774
vn -0.7071 0.7071 0.0004
vn -0.7071 0.7071 -0.0004
vn -0.0113 -0.7071 0.7071
vn 0.0113 -0.7071 0.7071
vn 0.5773 -0.5773 0.5774
vn 0.7071 -0.0023 0.7071
vn 0.7071 0.0023 0.7071
vn 0.5773 0.5773 0.5774
vn 0.0113 0.7071 0.7071
vn -0.0113 0.7071 0.7071
vn 0.7071 -0.7071 0.0004
vn 0.7071 -0.7071 -0.0004
vn 0.7071 0.7071 -0.0004
vn 0.7071 0.7071 0.0004
# 56 vertex normals

vt -0.5681 0.4686 0.0000
vt -0.5856 0.4686 0.0000
vt -0.5856 0.3807 0.0000
vt -0.5681 0.3807 0.0000
vt 0.5069 0.5977 0.0000
vt 0.5069 1.1308 0.0000
vt 0.4190 1.1308 0.0000
vt 0.4190 0.5977 0.0000
vt -0.5681 1.1660 0.0000
vt -0.5856 1.1660 0.0000
vt -0.5856 1.0781 0.0000
vt -0.5681 1.0781 0.0000
vt 0.5069 1.1529 0.0000
vt 0.5069 1.6860 0.0000
vt 0.4190 1.6860 0.0000
vt 0.4190 1.1529 0.0000
vt -0.6077 0.5571 0.0000
vt -0.6077 1.0903 0.0000
vt -0.6253 1.0903 0.0000
vt -0.6253 0.5571 0.0000
vt -0.6077 -0.5181 0.0000
vt -0.6253 -0.5181 0.0000
vt -0.6253 -1.0513 0.0000
vt -0.6077 -1.0513 0.0000
vt -0.5671 0.4686 0.0000
vt -0.5673 0.4694 0.0000
vt -0.5681 0.4696 0.0000
vt -0.5856 0.4696 0.0000
vt -0.5864 0.4694 0.0000
vt -0.5866 0.4686 0.0000
vt -0.5866 0.3807 0.0000
vt -0.5864 0.3799 0.0000
vt -0.5856 0.3797 0.0000
vt -0.5681 0.3797 0.0000
vt -0.5673 0.3799 0.0000
vt -0.5671 0.3807 0.0000
vt 0.5069 0.5968 0.0000
vt 0.5077 0.5969 0.0000
vt 0.5079 0.5977 0.0000
vt 0.5079 1.1308 0.0000
vt 0.5077 1.1316 0.0000
vt 0.5069 1.1318 0.0000
vt 0.4190 1.1318 0.0000
vt 0.4182 1.1316 0.0000
vt 0.4180 1.1308 0.0000
vt 0.4180 0.5977 0.0000
vt 0.4182 0.5969 0.0000
vt 0.4190 0.5968 0.0000
vt -0.5671 1.1660 0.0000
vt -0.5673 1.1668 0.0000
vt -0.5681 1.1670 0.0000
vt -0.5856 1.1670 0.0000
vt -0.5864 1.1668 0.0000
vt -0.5866 1.1660 0.0000
vt -0.5866 1.0781 0.0000
vt -0.5864 1.0773 0.0000
vt -0.5856 1.0771 0.0000
vt -0.5681 1.0771 0.0000
vt -0.5673 1.0773 0.0000
vt -0.5671 1.0781 0.0000
vt 0.5069 1.1520 0.0000
vt 0.5077 1.1521 0.0000
vt 0.5079 1.1529 0.0000
vt 0.5079 1.6860 0.0000
vt 0.5077 1.6868 0.0000
vt 0.5069 1.6870 0.0000
vt 0.4190 1.6870 0.0000
vt 0.4182 1.6868 0.0000
vt 0.4180 1.6860 0.0000
vt 0.4180 1.1529 0.0000
vt 0.4182 1.1521 0.0000
vt 0.4190 1.1520 0.0000
vt -0.6077 0.5562 0.0000
vt -0.6069 0.5563 0.0000
vt -0.6068 0.5571 0.0000
vt -0.6068 1.0903 0.0000
vt -0.6069 1.0910 0.0000
vt -0.6077 1.0912 0.0000
vt -0.6253 1.0912 0.0000
vt -0.6261 1.0910 0.0000
vt -0.6263 1.0903 0.0000
vt -0.6263 0.5571 0.0000
vt -0.6261 0.5563 0.0000
vt -0.6253 0.5562 0.0000
vt -0.6068 -0.5181 0.0000
vt -0.6069 -0.5174 0.0000
vt -0.6077 -0.5172 0.0000
vt -0.6253 -0.5172 0.0000
vt -0.6261 -0.5174 0.0000
vt -0.6263 -0.5181 0.0000
vt -0.6263 -1.0513 0.0000
vt -0.6261 -1.0521 0.0000
vt -0.6253 -1.0522 0.0000
vt -0.6077 -1.0522 0.0000
vt -0.6069 -1.0521 0.0000
vt -0.6068 -1.0513 0.0000
# 96 texture coords

o Rectangle021
g Rectangle021
usemtl wire_225088199
s 1
f 1428/2436/1428 1427/2435/1427 1426/2434/1426 1425/2433/1425 
s 2
f 1432/2440/1432 1431/2439/1431 1430/2438/1430 1429/2437/1429 
s 1
f 1436/2444/1436 1435/2443/1435 1434/2442/1434 1433/2441/1433 
s 2
f 1440/2448/1440 1439/2447/1439 1438/2446/1438 1437/2445/1437 
s 4
f 1444/2452/1444 1443/2451/1443 1442/2450/1442 1441/2449/1441 
f 1448/2456/1448 1447/2455/1447 1446/2454/1446 1445/2453/1445 
s 1
f 1451/2459/1451 1450/2458/1450 1449/2457/1449 1425/2433/1425 
f 1454/2462/1454 1453/2461/1453 1452/2460/1452 1426/2434/1426 
f 1457/2465/1457 1456/2464/1456 1455/2463/1455 1427/2435/1427 
f 1460/2468/1460 1459/2467/1459 1458/2466/1458 1428/2436/1428 
s 2
f 1461/2471/1461 1453/2470/1453 1454/2469/1454 1429/2437/1429 
f 1464/2474/1464 1463/2473/1463 1462/2472/1462 1430/2438/1430 
f 1467/2477/1467 1466/2476/1466 1465/2475/1465 1431/2439/1431 
f 1455/2480/1455 1456/2479/1456 1468/2478/1468 1432/2440/1432 
s 1
f 1469/2483/1469 1463/2482/1463 1464/2481/1464 1433/2441/1433 
f 1472/2486/1472 1471/2485/1471 1470/2484/1470 1434/2442/1434 
f 1475/2489/1475 1474/2488/1474 1473/2487/1473 1435/2443/1435 
f 1465/2492/1465 1466/2491/1466 1476/2490/1476 1436/2444/1436 
s 2
f 1477/2495/1477 1471/2494/1471 1472/2493/1472 1437/2445/1437 
f 1449/2498/1449 1450/2497/1450 1478/2496/1478 1438/2446/1438 
f 1479/2501/1479 1459/2500/1459 1460/2499/1460 1439/2447/1439 
f 1473/2504/1473 1474/2503/1474 1480/2502/1480 1440/2448/1440 
s 4
f 1462/2507/1462 1463/2506/1463 1469/2505/1469 1441/2449/1441 
f 1452/2510/1452 1453/2509/1453 1461/2508/1461 1442/2450/1442 
f 1478/2513/1478 1450/2512/1450 1451/2511/1451 1443/2451/1443 
f 1470/2516/1470 1471/2515/1471 1477/2514/1477 1444/2452/1444 
f 1476/2519/1476 1466/2518/1466 1467/2517/1467 1445/2453/1445 
f 1480/2522/1480 1474/2521/1474 1475/2520/1475 1446/2454/1446 
f 1458/2525/1458 1459/2524/1459 1479/2523/1479 1447/2455/1447 
f 1468/2528/1468 1456/2527/1456 1457/2526/1457 1448/2456/1448 
s 1
f 1452/2460/1452 1451/2459/1451 1425/2433/1425 1426/2434/1426 
f 1455/2463/1455 1454/2462/1454 1426/2434/1426 1427/2435/1427 
f 1458/2466/1458 1457/2465/1457 1427/2435/1427 1428/2436/1428 
f 1449/2457/1449 1460/2468/1460 1428/2436/1428 1425/2433/1425 
s 2
f 1462/2472/1462 1461/2471/1461 1429/2437/1429 1430/2438/1430 
f 1465/2475/1465 1464/2474/1464 1430/2438/1430 1431/2439/1431 
f 1468/2478/1468 1467/2477/1467 1431/2439/1431 1432/2440/1432 
f 1454/2469/1454 1455/2480/1455 1432/2440/1432 1429/2437/1429 
s 1
f 1470/2484/1470 1469/2483/1469 1433/2441/1433 1434/2442/1434 
f 1473/2487/1473 1472/2486/1472 1434/2442/1434 1435/2443/1435 
f 1476/2490/1476 1475/2489/1475 1435/2443/1435 1436/2444/1436 
f 1464/2481/1464 1465/2492/1465 1436/2444/1436 1433/2441/1433 
s 2
f 1478/2496/1478 1477/2495/1477 1437/2445/1437 1438/2446/1438 
f 1460/2499/1460 1449/2498/1449 1438/2446/1438 1439/2447/1439 
f 1480/2502/1480 1479/2501/1479 1439/2447/1439 1440/2448/1440 
f 1472/2493/1472 1473/2504/1473 1440/2448/1440 1437/2445/1437 
s 4
f 1461/2508/1461 1462/2507/1462 1441/2449/1441 1442/2450/1442 
f 1451/2511/1451 1452/2510/1452 1442/2450/1442 1443/2451/1443 
f 1477/2514/1477 1478/2513/1478 1443/2451/1443 1444/2452/1444 
f 1469/2505/1469 1470/2516/1470 1444/2452/1444 1441/2449/1441 
f 1475/2520/1475 1476/2519/1476 1445/2453/1445 1446/2454/1446 
f 1479/2523/1479 1480/2522/1480 1446/2454/1446 1447/2455/1447 
f 1457/2526/1457 1458/2525/1458 1447/2455/1447 1448/2456/1448 
f 1467/2517/1467 1468/2528/1468 1448/2456/1448 1445/2453/1445 
# 54 polygons

#
# object Rectangle022
#

v  -215.1590 656.1955 -252.6590
v  215.1590 656.1955 -252.6590
v  215.1590 656.1954 252.6590
v  -215.1590 656.1954 252.6590
v  227.7400 709.0600 265.2400
v  227.7400 709.0601 -265.2400
v  -227.7400 709.0601 -265.2400
v  -227.7400 709.0600 265.2400
v  227.7400 640.2001 -266.5000
v  -227.7400 640.2001 -266.5000
v  -227.7400 707.8001 -266.5000
v  227.7400 707.8001 -266.5000
v  229.0000 640.2000 265.2400
v  229.0000 640.2001 -265.2400
v  229.0000 707.8001 -265.2400
v  229.0000 707.8000 265.2400
v  -229.0000 640.2001 -265.2400
v  -229.0000 640.2000 265.2400
v  -229.0000 707.8000 265.2400
v  -229.0000 707.8001 -265.2400
v  -227.7400 640.2000 266.5000
v  227.7400 640.2000 266.5000
v  227.7400 707.8000 266.5000
v  -227.7400 707.8000 266.5000
v  -227.7400 638.9401 -265.2400
v  227.7400 638.9401 -265.2400
v  217.6790 638.9401 -255.1790
v  -217.6790 638.9401 -255.1790
v  227.7400 638.9400 265.2400
v  217.6790 638.9400 255.1790
v  -227.7400 638.9400 265.2400
v  -217.6790 638.9400 255.1790
v  -215.1590 640.2001 -253.9190
v  215.1590 640.2001 -253.9190
v  215.1590 654.9355 -253.9190
v  -215.1590 654.9355 -253.9190
v  216.4190 640.2001 -252.6590
v  216.4190 640.2000 252.6590
v  216.4190 654.9354 252.6590
v  216.4190 654.9355 -252.6590
v  215.1590 640.2000 253.9190
v  -215.1590 640.2000 253.9190
v  -215.1590 654.9354 253.9190
v  215.1590 654.9354 253.9190
v  -216.4190 640.2000 252.6590
v  -216.4190 640.2001 -252.6590
v  -216.4190 654.9355 -252.6590
v  -216.4190 654.9354 252.6590
v  -216.1040 655.8805 -252.6590
v  -215.9465 655.7230 -253.4465
v  -215.1590 655.8805 -253.6040
v  215.1590 655.8805 -253.6040
v  215.9465 655.7230 -253.4465
v  216.1040 655.8805 -252.6590
v  216.1040 655.8804 252.6590
v  215.9465 655.7230 253.4465
v  215.1590 655.8804 253.6040
v  -215.1590 655.8804 253.6040
v  -215.9465 655.7230 253.4465
v  -216.1040 655.8804 252.6590
v  227.7400 708.7450 266.1850
v  228.5275 708.5875 266.0275
v  228.6850 708.7450 265.2400
v  228.6850 708.7451 -265.2400
v  228.5275 708.5876 -266.0275
v  227.7400 708.7451 -266.1850
v  -227.7400 708.7451 -266.1850
v  -228.5275 708.5876 -266.0275
v  -228.6850 708.7451 -265.2400
v  -228.6850 708.7450 265.2400
v  -228.5275 708.5875 266.0275
v  -227.7400 708.7450 266.1850
v  228.6850 640.2001 -266.1850
v  228.5275 639.4126 -266.0275
v  227.7400 639.2551 -266.1850
v  -227.7400 639.2551 -266.1850
v  -228.5275 639.4126 -266.0275
v  -228.6850 640.2001 -266.1850
v  -228.6850 707.8001 -266.1850
v  228.6850 707.8001 -266.1850
v  228.6850 640.2000 266.1850
v  228.5275 639.4125 266.0275
v  228.6850 639.2550 265.2400
v  228.6850 639.2551 -265.2400
v  228.6850 707.8000 266.1850
v  -228.6850 639.2551 -265.2400
v  -228.6850 639.2550 265.2400
v  -228.5275 639.4125 266.0275
v  -228.6850 640.2000 266.1850
v  -228.6850 707.8000 266.1850
v  -227.7400 639.2550 266.1850
v  227.7400 639.2550 266.1850
v  -216.1040 640.2001 -253.6040
v  -216.4190 639.2319 -253.9190
v  -215.7890 639.2551 -254.2340
v  215.7890 639.2551 -254.2340
v  216.4190 639.2319 -253.9190
v  216.1040 640.2001 -253.6040
v  216.1040 654.9355 -253.6040
v  -216.1040 654.9355 -253.6040
v  216.7340 639.2551 -253.2890
v  216.7340 639.2550 253.2890
v  216.4190 639.2318 253.9190
v  216.1040 640.2000 253.6040
v  216.1040 654.9354 253.6040
v  215.7890 639.2550 254.2340
v  -215.7890 639.2550 254.2340
v  -216.4190 639.2318 253.9190
v  -216.1040 640.2000 253.6040
v  -216.1040 654.9354 253.6040
v  -216.7340 639.2550 253.2890
v  -216.7340 639.2551 -253.2890
# 112 vertices

vn 0.0007 1.0000 -0.0006
vn -0.0007 1.0000 -0.0006
vn -0.0007 1.0000 0.0006
vn 0.0007 1.0000 0.0006
vn 0.0007 -1.0000 -0.0006
vn 0.0007 -1.0000 0.0006
vn -0.0007 -1.0000 0.0006
vn -0.0007 -1.0000 -0.0006
vn 0.0007 0.0046 1.0000
vn -0.0007 0.0046 1.0000
vn -0.0007 -0.0046 1.0000
vn 0.0007 -0.0046 1.0000
vn 1.0000 0.0046 -0.0006
vn 1.0000 0.0046 0.0006
vn 1.0000 -0.0046 0.0006
vn 1.0000 -0.0046 -0.0006
vn -1.0000 0.0046 0.0006
vn -1.0000 0.0046 -0.0006
vn -1.0000 -0.0046 -0.0006
vn -1.0000 -0.0046 0.0006
vn -0.0007 0.0046 -1.0000
vn 0.0007 0.0046 -1.0000
vn 0.0007 -0.0046 -1.0000
vn -0.0007 -0.0046 -1.0000
vn -0.0082 0.9999 0.0071
vn 0.0082 0.9999 0.0071
vn -0.0025 1.0000 -0.0021
vn 0.0025 1.0000 -0.0021
vn 0.0082 0.9999 -0.0071
vn -0.0025 1.0000 0.0021
vn -0.0082 0.9999 -0.0071
vn 0.0025 1.0000 0.0021
vn 0.0007 0.0267 -0.9996
vn -0.0007 0.0267 -0.9996
vn -0.0007 0.0201 -0.9998
vn 0.0007 0.0201 -0.9998
vn -0.9996 0.0267 -0.0006
vn -0.9996 0.0267 0.0006
vn -0.9998 0.0201 0.0006
vn -0.9998 0.0201 -0.0006
vn -0.0007 0.0267 0.9996
vn 0.0007 0.0267 0.9996
vn 0.0007 0.0201 0.9998
vn -0.0007 0.0201 0.9998
vn 0.9996 0.0267 0.0006
vn 0.9996 0.0267 -0.0006
vn 0.9998 0.0201 -0.0006
vn 0.9998 0.0201 0.0006
vn 0.7071 0.7071 -0.0004
vn 0.5774 0.5773 -0.5774
vn 0.0005 0.7071 -0.7071
vn -0.0005 0.7071 -0.7071
vn -0.5774 0.5773 -0.5774
vn -0.7071 0.7071 -0.0004
vn -0.7071 0.7071 0.0004
vn -0.5774 0.5773 0.5774
vn -0.0005 0.7071 0.7071
vn 0.0005 0.7071 0.7071
vn 0.5774 0.5773 0.5774
vn 0.7071 0.7071 0.0004
vn 0.0005 -0.7071 -0.7071
vn 0.5774 -0.5773 -0.5774
vn 0.7071 -0.7071 -0.0004
vn 0.7071 -0.7071 0.0004
vn 0.5774 -0.5773 0.5774
vn 0.0005 -0.7071 0.7071
vn -0.0005 -0.7071 0.7071
vn -0.5774 -0.5773 0.5774
vn -0.7071 -0.7071 0.0004
vn -0.7071 -0.7071 -0.0004
vn -0.5774 -0.5773 -0.5774
vn -0.0005 -0.7071 -0.7071
vn 0.7071 0.0030 0.7071
vn -0.7071 0.0030 0.7071
vn -0.7071 -0.0030 0.7071
vn 0.7071 -0.0030 0.7071
vn 0.7071 0.0030 -0.7071
vn 0.7071 -0.0030 -0.7071
vn -0.7071 0.0030 -0.7071
vn -0.7071 -0.0030 -0.7071
vn 0.7068 0.0276 -0.7068
vn 0.3774 0.8457 -0.3774
vn 0.0006 0.8457 -0.5337
vn -0.0006 0.8457 -0.5337
vn -0.3774 0.8457 -0.3774
vn -0.7068 0.0276 -0.7068
vn -0.7070 0.0133 -0.7070
vn 0.7070 0.0133 -0.7070
vn -0.5338 0.8456 -0.0005
vn -0.5338 0.8456 0.0005
vn -0.3774 0.8457 0.3774
vn -0.7068 0.0276 0.7068
vn -0.7070 0.0133 0.7070
vn -0.0006 0.8457 0.5337
vn 0.0006 0.8457 0.5337
vn 0.3774 0.8457 0.3774
vn 0.7068 0.0276 0.7068
vn 0.7070 0.0133 0.7070
vn 0.5338 0.8456 0.0005
vn 0.5338 0.8456 -0.0005
# 100 vertex normals

vt 1.7628 -0.5308 0.0000
vt 1.3303 -0.5308 0.0000
vt 1.3303 -1.0386 0.0000
vt 1.7628 -1.0386 0.0000
vt 1.3177 0.0573 0.0000
vt 1.3177 -0.4758 0.0000
vt 1.7754 -0.4758 0.0000
vt 1.7754 0.0573 0.0000
vt -0.0258 1.2655 0.0000
vt -0.0258 0.8078 0.0000
vt 0.0422 0.8078 0.0000
vt 0.0422 1.2655 0.0000
vt -0.0258 0.7857 0.0000
vt -0.0258 0.2526 0.0000
vt 0.0422 0.2526 0.0000
vt 0.0422 0.7857 0.0000
vt -0.0258 0.2304 0.0000
vt -0.0258 -0.3027 0.0000
vt 0.0422 -0.3027 0.0000
vt 0.0422 0.2304 0.0000
vt -0.0258 1.7454 0.0000
vt -0.0258 1.2876 0.0000
vt 0.0422 1.2876 0.0000
vt 0.0422 1.7454 0.0000
vt 1.7754 -0.5181 0.0000
vt 1.3177 -0.5181 0.0000
vt 1.3278 -0.5283 0.0000
vt 1.7653 -0.5283 0.0000
vt 1.3177 -1.0513 0.0000
vt 1.3278 -1.0412 0.0000
vt 1.7754 -1.0513 0.0000
vt 1.7653 -1.0412 0.0000
vt -0.0258 1.7327 0.0000
vt -0.0258 1.3003 0.0000
vt -0.0110 1.3003 0.0000
vt -0.0110 1.7327 0.0000
vt -0.0258 0.2178 0.0000
vt -0.0258 -0.2900 0.0000
vt -0.0110 -0.2900 0.0000
vt -0.0110 0.2178 0.0000
vt -0.0258 1.2529 0.0000
vt -0.0258 0.8204 0.0000
vt -0.0110 0.8204 0.0000
vt -0.0110 1.2529 0.0000
vt -0.0258 0.7730 0.0000
vt -0.0258 0.2652 0.0000
vt -0.0110 0.2652 0.0000
vt -0.0110 0.7730 0.0000
vt 1.7637 -0.5308 0.0000
vt 1.7636 -0.5300 0.0000
vt 1.7628 -0.5298 0.0000
vt 1.3303 -0.5298 0.0000
vt 1.3295 -0.5300 0.0000
vt 1.3294 -0.5308 0.0000
vt 1.3294 -1.0386 0.0000
vt 1.3295 -1.0394 0.0000
vt 1.3303 -1.0396 0.0000
vt 1.7628 -1.0396 0.0000
vt 1.7636 -1.0394 0.0000
vt 1.7637 -1.0386 0.0000
vt 1.3177 0.0582 0.0000
vt 1.3169 0.0581 0.0000
vt 1.3167 0.0573 0.0000
vt 1.3167 -0.4758 0.0000
vt 1.3169 -0.4766 0.0000
vt 1.3177 -0.4768 0.0000
vt 1.7754 -0.4768 0.0000
vt 1.7762 -0.4766 0.0000
vt 1.7764 -0.4758 0.0000
vt 1.7764 0.0573 0.0000
vt 1.7762 0.0581 0.0000
vt 1.7754 0.0582 0.0000
vt -0.0258 1.2665 0.0000
vt -0.0266 1.2663 0.0000
vt -0.0267 1.2655 0.0000
vt -0.0267 0.8078 0.0000
vt -0.0266 0.8070 0.0000
vt -0.0258 0.8068 0.0000
vt 0.0422 0.8068 0.0000
vt 0.0430 0.8070 0.0000
vt 0.0431 0.8078 0.0000
vt 0.0431 1.2655 0.0000
vt 0.0430 1.2663 0.0000
vt 0.0422 1.2665 0.0000
vt -0.0258 0.7866 0.0000
vt -0.0266 0.7865 0.0000
vt -0.0267 0.7857 0.0000
vt -0.0267 0.2526 0.0000
vt -0.0266 0.2518 0.0000
vt -0.0258 0.2516 0.0000
vt 0.0422 0.2516 0.0000
vt 0.0430 0.2518 0.0000
vt 0.0431 0.2526 0.0000
vt 0.0431 0.7857 0.0000
vt 0.0430 0.7865 0.0000
vt 0.0422 0.7866 0.0000
vt -0.0258 0.2314 0.0000
vt -0.0266 0.2312 0.0000
vt -0.0267 0.2304 0.0000
vt -0.0267 -0.3027 0.0000
vt -0.0266 -0.3035 0.0000
vt -0.0258 -0.3036 0.0000
vt 0.0422 -0.3036 0.0000
vt 0.0430 -0.3035 0.0000
vt 0.0431 -0.3027 0.0000
vt 0.0431 0.2304 0.0000
vt 0.0430 0.2312 0.0000
vt 0.0422 0.2314 0.0000
vt -0.0258 1.7463 0.0000
vt -0.0266 1.7462 0.0000
vt -0.0267 1.7454 0.0000
vt -0.0267 1.2876 0.0000
vt -0.0266 1.2868 0.0000
vt -0.0258 1.2867 0.0000
vt 0.0422 1.2867 0.0000
vt 0.0430 1.2868 0.0000
vt 0.0431 1.2876 0.0000
vt 0.0431 1.7454 0.0000
vt 0.0430 1.7462 0.0000
vt 0.0422 1.7463 0.0000
vt -0.0258 1.7337 0.0000
vt -0.0267 1.7340 0.0000
vt -0.0267 1.7334 0.0000
vt -0.0267 1.2996 0.0000
vt -0.0267 1.2990 0.0000
vt -0.0258 1.2993 0.0000
vt -0.0110 1.2993 0.0000
vt -0.0102 1.2995 0.0000
vt -0.0100 1.3003 0.0000
vt -0.0100 1.7327 0.0000
vt -0.0102 1.7335 0.0000
vt -0.0110 1.7337 0.0000
vt -0.0258 0.2188 0.0000
vt -0.0267 0.2191 0.0000
vt -0.0267 0.2184 0.0000
vt -0.0267 -0.2907 0.0000
vt -0.0267 -0.2913 0.0000
vt -0.0258 -0.2910 0.0000
vt -0.0110 -0.2910 0.0000
vt -0.0102 -0.2908 0.0000
vt -0.0100 -0.2900 0.0000
vt -0.0100 0.2178 0.0000
vt -0.0102 0.2186 0.0000
vt -0.0110 0.2188 0.0000
vt -0.0258 1.2538 0.0000
vt -0.0267 1.2542 0.0000
vt -0.0267 1.2535 0.0000
vt -0.0267 0.8198 0.0000
vt -0.0267 0.8192 0.0000
vt -0.0258 0.8195 0.0000
vt -0.0110 0.8195 0.0000
vt -0.0102 0.8196 0.0000
vt -0.0100 0.8204 0.0000
vt -0.0100 1.2529 0.0000
vt -0.0102 1.2537 0.0000
vt -0.0110 1.2538 0.0000
vt -0.0258 0.7740 0.0000
vt -0.0267 0.7743 0.0000
vt -0.0267 0.7737 0.0000
vt -0.0267 0.2646 0.0000
vt -0.0267 0.2639 0.0000
vt -0.0258 0.2643 0.0000
vt -0.0110 0.2643 0.0000
vt -0.0102 0.2644 0.0000
vt -0.0100 0.2652 0.0000
vt -0.0100 0.7730 0.0000
vt -0.0102 0.7738 0.0000
vt -0.0110 0.7740 0.0000
vt 1.7754 -0.5172 0.0000
vt 1.3177 -0.5172 0.0000
vt 1.3297 -0.5292 0.0000
vt 1.7634 -0.5292 0.0000
vt 1.3167 -0.5181 0.0000
vt 1.3167 -1.0513 0.0000
vt 1.3288 -1.0393 0.0000
vt 1.3288 -0.5302 0.0000
vt 1.3177 -1.0522 0.0000
vt 1.7754 -1.0522 0.0000
vt 1.7634 -1.0402 0.0000
vt 1.3297 -1.0402 0.0000
vt 1.7764 -1.0513 0.0000
vt 1.7764 -0.5181 0.0000
vt 1.7644 -0.5302 0.0000
vt 1.7644 -1.0393 0.0000
vt 1.3169 -0.5174 0.0000
vt 1.7641 -0.5295 0.0000
vt 1.3169 -1.0521 0.0000
vt 1.3291 -0.5295 0.0000
vt 1.7762 -1.0521 0.0000
vt 1.3291 -1.0399 0.0000
vt 1.7762 -0.5174 0.0000
vt 1.7641 -1.0399 0.0000
# 192 texture coords

o Rectangle022
g Rectangle022
usemtl wire_154185229
s 1
f 1481/2529/1481 1482/2530/1482 1483/2531/1483 1484/2532/1484 
f 1485/2533/1485 1486/2534/1486 1487/2535/1487 1488/2536/1488 
s 2
f 1489/2537/1489 1490/2538/1490 1491/2539/1491 1492/2540/1492 
s 4
f 1493/2541/1493 1494/2542/1494 1495/2543/1495 1496/2544/1496 
f 1497/2545/1497 1498/2546/1498 1499/2547/1499 1500/2548/1500 
s 2
f 1501/2549/1501 1502/2550/1502 1503/2551/1503 1504/2552/1504 
s 1
f 1505/2553/1505 1506/2554/1506 1507/2555/1507 1508/2556/1508 
f 1506/2554/1506 1509/2557/1509 1510/2558/1510 1507/2555/1507 
f 1509/2557/1509 1511/2559/1511 1512/2560/1512 1510/2558/1510 
f 1511/2559/1511 1505/2553/1505 1508/2556/1508 1512/2560/1512 
s 2
f 1513/2561/1513 1514/2562/1514 1515/2563/1515 1516/2564/1516 
s 4
f 1517/2565/1517 1518/2566/1518 1519/2567/1519 1520/2568/1520 
s 2
f 1521/2569/1521 1522/2570/1522 1523/2571/1523 1524/2572/1524 
s 4
f 1525/2573/1525 1526/2574/1526 1527/2575/1527 1528/2576/1528 
s 1
f 1481/2529/1481 1529/2577/1529 1530/2578/1530 1531/2579/1531 
f 1482/2530/1482 1532/2580/1532 1533/2581/1533 1534/2582/1534 
f 1483/2531/1483 1535/2583/1535 1536/2584/1536 1537/2585/1537 
f 1484/2532/1484 1538/2586/1538 1539/2587/1539 1540/2588/1540 
f 1485/2533/1485 1541/2589/1541 1542/2590/1542 1543/2591/1543 
f 1486/2534/1486 1544/2592/1544 1545/2593/1545 1546/2594/1546 
f 1487/2535/1487 1547/2595/1547 1548/2596/1548 1549/2597/1549 
f 1488/2536/1488 1550/2598/1550 1551/2599/1551 1552/2600/1552 
s 2
f 1489/2537/1489 1553/2601/1553 1554/2602/1539 1555/2603/1538 
f 1490/2538/1490 1556/2604/1537 1557/2605/1536 1558/2606/1554 
f 1491/2539/1491 1559/2607/1555 1548/2608/1548 1547/2609/1547 
f 1492/2540/1492 1546/2610/1546 1545/2611/1545 1560/2612/1556 
s 4
f 1493/2541/1493 1561/2613/1557 1562/2614/1530 1563/2615/1529 
f 1494/2542/1494 1564/2616/1540 1554/2617/1539 1553/2618/1553 
f 1495/2543/1495 1560/2619/1556 1545/2620/1545 1544/2621/1544 
f 1496/2544/1496 1543/2622/1543 1542/2623/1542 1565/2624/1558 
f 1497/2545/1497 1558/2625/1554 1557/2626/1536 1566/2627/1535 
f 1498/2546/1498 1567/2628/1534 1568/2629/1533 1569/2630/1559 
f 1499/2547/1499 1570/2631/1560 1551/2632/1551 1550/2633/1550 
f 1500/2548/1500 1549/2634/1549 1548/2635/1548 1559/2636/1555 
s 2
f 1501/2549/1501 1569/2637/1559 1568/2638/1533 1571/2639/1532 
f 1502/2550/1502 1572/2640/1531 1562/2641/1530 1561/2642/1557 
f 1503/2551/1503 1565/2643/1558 1542/2644/1542 1541/2645/1541 
f 1504/2552/1504 1552/2646/1552 1551/2647/1551 1570/2648/1560 
f 1513/2561/1513 1573/2649/1561 1574/2650/1562 1575/2651/1563 
f 1514/2562/1514 1576/2652/1564 1577/2653/1565 1578/2654/1566 
f 1515/2563/1515 1579/2655/1567 1533/2656/1533 1532/2657/1532 
f 1516/2564/1516 1531/2658/1531 1530/2659/1530 1580/2660/1568 
s 4
f 1517/2565/1517 1578/2661/1566 1577/2662/1565 1581/2663/1569 
f 1518/2566/1518 1582/2664/1570 1583/2665/1571 1584/2666/1572 
f 1519/2567/1519 1585/2667/1573 1536/2668/1536 1535/2669/1535 
f 1520/2568/1520 1534/2670/1534 1533/2671/1533 1579/2672/1567 
s 2
f 1521/2569/1521 1584/2673/1572 1583/2674/1571 1586/2675/1574 
f 1522/2570/1522 1587/2676/1575 1588/2677/1576 1589/2678/1577 
f 1523/2571/1523 1590/2679/1578 1539/2680/1539 1538/2681/1538 
f 1524/2572/1524 1537/2682/1537 1536/2683/1536 1585/2684/1573 
s 4
f 1525/2573/1525 1589/2685/1577 1588/2686/1576 1591/2687/1579 
f 1526/2574/1526 1592/2688/1580 1574/2689/1562 1573/2690/1561 
f 1527/2575/1527 1580/2691/1568 1530/2692/1530 1529/2693/1529 
f 1528/2576/1528 1540/2694/1540 1539/2695/1539 1590/2696/1578 
s 1
f 1482/2530/1482 1481/2529/1481 1531/2579/1531 1532/2580/1532 
f 1483/2531/1483 1482/2530/1482 1534/2582/1534 1535/2583/1535 
f 1484/2532/1484 1483/2531/1483 1537/2585/1537 1538/2586/1538 
f 1481/2529/1481 1484/2532/1484 1540/2588/1540 1529/2577/1529 
f 1486/2534/1486 1485/2533/1485 1543/2591/1543 1544/2592/1544 
f 1487/2535/1487 1486/2534/1486 1546/2594/1546 1547/2595/1547 
f 1488/2536/1488 1487/2535/1487 1549/2597/1549 1550/2598/1550 
f 1485/2533/1485 1488/2536/1488 1552/2600/1552 1541/2589/1541 
s 2
f 1490/2538/1490 1489/2537/1489 1555/2603/1538 1556/2604/1537 
f 1491/2539/1491 1490/2538/1490 1558/2606/1554 1559/2607/1555 
f 1492/2540/1492 1491/2539/1491 1547/2609/1547 1546/2610/1546 
f 1489/2537/1489 1492/2540/1492 1560/2612/1556 1553/2601/1553 
s 4
f 1494/2542/1494 1493/2541/1493 1563/2615/1529 1564/2616/1540 
f 1495/2543/1495 1494/2542/1494 1553/2618/1553 1560/2619/1556 
f 1496/2544/1496 1495/2543/1495 1544/2621/1544 1543/2622/1543 
f 1493/2541/1493 1496/2544/1496 1565/2624/1558 1561/2613/1557 
f 1498/2546/1498 1497/2545/1497 1566/2627/1535 1567/2628/1534 
f 1499/2547/1499 1498/2546/1498 1569/2630/1559 1570/2631/1560 
f 1500/2548/1500 1499/2547/1499 1550/2633/1550 1549/2634/1549 
f 1497/2545/1497 1500/2548/1500 1559/2636/1555 1558/2625/1554 
s 2
f 1502/2550/1502 1501/2549/1501 1571/2639/1532 1572/2640/1531 
f 1503/2551/1503 1502/2550/1502 1561/2642/1557 1565/2643/1558 
f 1504/2552/1504 1503/2551/1503 1541/2645/1541 1552/2646/1552 
f 1501/2549/1501 1504/2552/1504 1570/2648/1560 1569/2637/1559 
s 1
f 1506/2554/1506 1505/2553/1505 1556/2697/1537 1555/2698/1538 
f 1508/2556/1508 1507/2555/1507 1576/2699/1564 1575/2700/1563 
f 1509/2557/1509 1506/2554/1506 1564/2701/1540 1563/2702/1529 
f 1507/2555/1507 1510/2558/1510 1582/2703/1570 1581/2704/1569 
f 1511/2559/1511 1509/2557/1509 1572/2705/1531 1571/2706/1532 
f 1510/2558/1510 1512/2560/1512 1587/2707/1575 1586/2708/1574 
f 1505/2553/1505 1511/2559/1511 1567/2709/1534 1566/2710/1535 
f 1512/2560/1512 1508/2556/1508 1592/2711/1580 1591/2712/1579 
s 2
f 1514/2562/1514 1513/2561/1513 1575/2651/1563 1576/2652/1564 
f 1515/2563/1515 1514/2562/1514 1578/2654/1566 1579/2655/1567 
f 1516/2564/1516 1515/2563/1515 1532/2657/1532 1531/2658/1531 
f 1513/2561/1513 1516/2564/1516 1580/2660/1568 1573/2649/1561 
s 4
f 1518/2566/1518 1517/2565/1517 1581/2663/1569 1582/2664/1570 
f 1519/2567/1519 1518/2566/1518 1584/2666/1572 1585/2667/1573 
f 1520/2568/1520 1519/2567/1519 1535/2669/1535 1534/2670/1534 
f 1517/2565/1517 1520/2568/1520 1579/2672/1567 1578/2661/1566 
s 2
f 1522/2570/1522 1521/2569/1521 1586/2675/1574 1587/2676/1575 
f 1523/2571/1523 1522/2570/1522 1589/2678/1577 1590/2679/1578 
f 1524/2572/1524 1523/2571/1523 1538/2681/1538 1537/2682/1537 
f 1521/2569/1521 1524/2572/1524 1585/2684/1573 1584/2673/1572 
s 4
f 1526/2574/1526 1525/2573/1525 1591/2687/1579 1592/2688/1580 
f 1527/2575/1527 1526/2574/1526 1573/2690/1561 1580/2691/1568 
f 1528/2576/1528 1527/2575/1527 1529/2693/1529 1540/2694/1540 
f 1525/2573/1525 1528/2576/1528 1590/2696/1578 1589/2685/1577 
s 1
f 1506/2554/1506 1555/2698/1538 1554/2713/1539 1564/2701/1540 
f 1508/2556/1508 1575/2700/1563 1574/2714/1562 1592/2711/1580 
f 1509/2557/1509 1563/2702/1529 1562/2715/1530 1572/2705/1531 
f 1507/2555/1507 1581/2704/1569 1577/2716/1565 1576/2699/1564 
f 1511/2559/1511 1571/2706/1532 1568/2717/1533 1567/2709/1534 
f 1510/2558/1510 1586/2708/1574 1583/2718/1571 1582/2703/1570 
f 1505/2553/1505 1566/2710/1535 1557/2719/1536 1556/2697/1537 
f 1512/2560/1512 1591/2712/1579 1588/2720/1576 1587/2707/1575 
# 110 polygons

#
# object Rectangle001
#

v  -747.1760 742.0029 -343.6923
v  -747.7589 742.0029 -342.1060
v  -747.9783 742.0029 -340.2553
v  -747.9783 742.0029 340.2516
v  -747.7590 742.0029 342.1034
v  -747.1758 742.0029 343.6904
v  -746.2558 742.0029 345.0989
v  -745.0424 742.0029 346.2808
v  -743.5834 742.0029 347.1846
v  -741.9274 742.0029 347.7617
v  -739.9998 742.0029 347.9783
v  739.9997 742.0029 347.9783
v  741.9273 742.0029 347.7617
v  743.5834 742.0029 347.1846
v  745.0423 742.0029 346.2807
v  746.2559 742.0029 345.0989
v  747.1758 742.0029 343.6904
v  747.7589 742.0029 342.1033
v  747.9783 742.0029 340.2516
v  747.9783 742.0029 -340.2554
v  747.7590 742.0029 -342.1061
v  747.1761 742.0029 -343.6923
v  746.2561 742.0029 -345.0999
v  745.0427 742.0029 -346.2814
v  743.5837 742.0029 -347.1848
v  741.9274 742.0029 -347.7618
v  739.9999 742.0029 -347.9783
v  -739.9998 742.0029 -347.9783
v  -741.9276 742.0029 -347.7618
v  -743.5836 742.0029 -347.1849
v  -745.0425 742.0029 -346.2813
v  -746.2562 742.0029 -345.1000
v  -749.7386 739.9921 -342.5802
v  -748.9942 739.9921 -344.6056
v  -748.9942 737.0001 -344.6056
v  -749.7386 737.0001 -342.5802
v  -750.0000 739.9921 -340.3747
v  -750.0000 737.0001 -340.3747
v  -747.8264 739.9921 -346.3929
v  -747.8264 737.0001 -346.3929
v  -746.2946 739.9921 -347.8839
v  -746.2946 737.0001 -347.8839
v  -744.4589 739.9921 -349.0208
v  -744.4589 737.0001 -349.0208
v  -742.3785 739.9921 -349.7455
v  -742.3785 737.0001 -349.7455
v  -740.1129 739.9921 -350.0000
v  -740.1129 737.0001 -350.0000
v  -750.0000 739.9921 340.3710
v  -750.0000 737.0001 340.3710
v  740.1130 739.9921 -350.0000
v  740.1130 737.0001 -350.0000
v  -749.7386 739.9921 342.5774
v  -749.7386 737.0001 342.5774
v  -748.9942 739.9921 344.6035
v  -748.9942 737.0001 344.6035
v  -747.8263 739.9921 346.3914
v  -747.8263 737.0001 346.3914
v  -746.2948 739.9921 347.8831
v  -746.2948 737.0001 347.8831
v  -744.4589 739.9921 349.0204
v  -744.4589 737.0001 349.0204
v  -742.3785 739.9921 349.7454
v  -742.3785 737.0001 349.7454
v  -740.1130 739.9921 350.0000
v  -740.1130 737.0001 350.0000
v  740.1129 739.9921 350.0000
v  740.1129 737.0001 350.0000
v  742.3784 739.9921 349.7455
v  742.3784 737.0001 349.7455
v  744.4589 739.9921 349.0205
v  744.4589 737.0001 349.0205
v  746.2947 739.9921 347.8831
v  746.2947 737.0001 347.8831
v  747.8264 739.9921 346.3914
v  747.8264 737.0001 346.3914
v  748.9941 739.9921 344.6035
v  748.9941 737.0001 344.6035
v  749.7386 739.9921 342.5773
v  749.7386 737.0001 342.5773
v  750.0000 739.9921 340.3710
v  750.0000 737.0001 340.3710
v  750.0000 739.9921 -340.3747
v  750.0000 737.0001 -340.3747
v  742.3784 739.9921 -349.7455
v  742.3784 737.0001 -349.7455
v  744.4589 739.9921 -349.0208
v  744.4589 737.0001 -349.0208
v  746.2948 739.9921 -347.8839
v  746.2948 737.0001 -347.8839
v  747.8263 739.9921 -346.3928
v  747.8263 737.0001 -346.3928
v  749.7386 739.9921 -342.5802
v  749.7386 737.0001 -342.5802
v  748.9944 739.9921 -344.6057
v  748.9944 737.0001 -344.6057
v  -747.1760 731.9972 -343.6923
v  -746.2562 731.9972 -345.1000
v  -745.0425 731.9972 -346.2813
v  -743.5836 731.9972 -347.1849
v  -741.9276 731.9972 -347.7618
v  -739.9998 731.9972 -347.9783
v  739.9999 731.9972 -347.9783
v  741.9274 731.9972 -347.7618
v  743.5837 731.9972 -347.1848
v  745.0427 731.9972 -346.2814
v  746.2561 731.9972 -345.0999
v  747.1761 731.9972 -343.6923
v  747.7590 731.9972 -342.1061
v  747.9783 731.9972 -340.2554
v  747.9783 731.9972 340.2516
v  747.7589 731.9972 342.1033
v  747.1758 731.9972 343.6904
v  746.2559 731.9972 345.0989
v  745.0423 731.9972 346.2807
v  743.5834 731.9972 347.1846
v  741.9273 731.9972 347.7617
v  739.9997 731.9972 347.9783
v  -739.9998 731.9972 347.9783
v  -741.9274 731.9972 347.7617
v  -743.5834 731.9972 347.1846
v  -745.0424 731.9972 346.2808
v  -746.2558 731.9972 345.0989
v  -747.1758 731.9972 343.6904
v  -747.7590 731.9972 342.1034
v  -747.9783 731.9972 340.2516
v  -747.9783 731.9972 -340.2553
v  -747.7589 731.9972 -342.1060
v  -749.7386 734.0081 -342.5802
v  -748.9942 734.0081 -344.6056
v  -750.0000 734.0081 -340.3747
v  -747.8264 734.0081 -346.3929
v  -746.2946 734.0081 -347.8839
v  -744.4589 734.0081 -349.0208
v  -742.3785 734.0081 -349.7455
v  -740.1129 734.0081 -350.0000
v  -750.0000 734.0081 340.3710
v  740.1130 734.0081 -350.0000
v  -749.7386 734.0081 342.5774
v  -748.9942 734.0081 344.6035
v  -747.8263 734.0081 346.3914
v  -746.2948 734.0081 347.8831
v  -744.4589 734.0081 349.0204
v  -742.3785 734.0081 349.7454
v  -740.1130 734.0081 350.0000
v  740.1129 734.0081 350.0000
v  742.3784 734.0081 349.7455
v  744.4589 734.0081 349.0205
v  746.2947 734.0081 347.8831
v  747.8264 734.0081 346.3914
v  748.9941 734.0081 344.6035
v  749.7386 734.0081 342.5773
v  750.0000 734.0081 340.3710
v  750.0000 734.0081 -340.3747
v  742.3784 734.0081 -349.7455
v  744.4589 734.0081 -349.0208
v  746.2948 734.0081 -347.8839
v  747.8263 734.0081 -346.3928
v  749.7386 734.0081 -342.5802
v  748.9944 734.0081 -344.6057
# 160 vertices

vn -0.3600 0.9152 -0.1808
vn -0.3925 0.9150 -0.0940
vn -0.3925 0.9195 -0.0232
vn -0.3925 0.9195 0.0232
vn -0.3925 0.9150 0.0940
vn -0.3601 0.9152 0.1808
vn -0.3107 0.9155 0.2557
vn -0.2476 0.9156 0.3168
vn -0.1732 0.9155 0.3631
vn -0.0893 0.9154 0.3926
vn -0.0220 0.9197 0.3919
vn 0.0220 0.9197 0.3919
vn 0.0893 0.9154 0.3926
vn 0.1732 0.9155 0.3631
vn 0.2476 0.9156 0.3168
vn 0.3107 0.9155 0.2557
vn 0.3601 0.9152 0.1808
vn 0.3925 0.9150 0.0940
vn 0.3924 0.9195 0.0232
vn 0.3924 0.9195 -0.0232
vn 0.3925 0.9150 -0.0940
vn 0.3601 0.9152 -0.1809
vn 0.3106 0.9155 -0.2557
vn 0.2476 0.9156 -0.3169
vn 0.1731 0.9155 -0.3631
vn 0.0893 0.9154 -0.3926
vn 0.0219 0.9197 -0.3919
vn -0.0219 0.9197 -0.3919
vn -0.0893 0.9154 -0.3926
vn -0.1731 0.9155 -0.3631
vn -0.2476 0.9156 -0.3169
vn -0.3106 0.9155 -0.2558
vn -0.9013 0.3757 -0.2159
vn -0.8281 0.3759 -0.4159
vn -0.8936 0.0000 -0.4489
vn -0.9725 0.0000 -0.2329
vn -0.9237 0.3793 -0.0545
vn -0.9983 0.0000 -0.0590
vn -0.7153 0.3761 -0.5890
vn -0.7720 0.0000 -0.6356
vn -0.5704 0.3761 -0.7301
vn -0.6157 0.0000 -0.7880
vn -0.3987 0.3761 -0.8364
vn -0.4303 0.0000 -0.9027
vn -0.2054 0.3760 -0.9036
vn -0.2217 0.0000 -0.9751
vn -0.0517 0.3795 -0.9237
vn -0.0559 0.0000 -0.9984
vn -0.9237 0.3793 0.0545
vn -0.9983 0.0000 0.0589
vn 0.0517 0.3795 -0.9237
vn 0.0559 0.0000 -0.9984
vn -0.9013 0.3757 0.2158
vn -0.9725 0.0000 0.2328
vn -0.8281 0.3759 0.4159
vn -0.8937 0.0000 0.4488
vn -0.7155 0.3761 0.5888
vn -0.7721 0.0000 0.6355
vn -0.5706 0.3762 0.7300
vn -0.6158 0.0000 0.7879
vn -0.3988 0.3761 0.8364
vn -0.4304 0.0000 0.9026
vn -0.2055 0.3760 0.9036
vn -0.2218 0.0000 0.9751
vn -0.0517 0.3795 0.9237
vn -0.0559 0.0000 0.9984
vn 0.0517 0.3795 0.9237
vn 0.0559 0.0000 0.9984
vn 0.2055 0.3760 0.9036
vn 0.2217 0.0000 0.9751
vn 0.3989 0.3761 0.8363
vn 0.4305 0.0000 0.9026
vn 0.5706 0.3761 0.7300
vn 0.6158 0.0000 0.7879
vn 0.7155 0.3761 0.5888
vn 0.7721 0.0000 0.6355
vn 0.8281 0.3759 0.4158
vn 0.8937 0.0000 0.4487
vn 0.9013 0.3757 0.2158
vn 0.9725 0.0000 0.2329
vn 0.9237 0.3793 0.0545
vn 0.9983 0.0000 0.0589
vn 0.9237 0.3793 -0.0545
vn 0.9983 0.0000 -0.0589
vn 0.2054 0.3760 -0.9036
vn 0.2217 0.0000 -0.9751
vn 0.3987 0.3761 -0.8364
vn 0.4303 0.0000 -0.9027
vn 0.5705 0.3761 -0.7301
vn 0.6157 0.0000 -0.7880
vn 0.7153 0.3761 -0.5890
vn 0.7720 0.0000 -0.6356
vn 0.9013 0.3757 -0.2158
vn 0.9725 0.0000 -0.2329
vn 0.8280 0.3759 -0.4160
vn 0.8936 0.0000 -0.4489
vn -0.3600 -0.9152 -0.1808
vn -0.3106 -0.9155 -0.2558
vn -0.2476 -0.9156 -0.3169
vn -0.1731 -0.9155 -0.3631
vn -0.0893 -0.9154 -0.3926
vn -0.0219 -0.9197 -0.3919
vn 0.0219 -0.9197 -0.3919
vn 0.0893 -0.9154 -0.3926
vn 0.1731 -0.9155 -0.3631
vn 0.2476 -0.9156 -0.3169
vn 0.3106 -0.9155 -0.2557
vn 0.3601 -0.9152 -0.1809
vn 0.3925 -0.9150 -0.0940
vn 0.3924 -0.9195 -0.0232
vn 0.3924 -0.9195 0.0232
vn 0.3925 -0.9150 0.0940
vn 0.3601 -0.9152 0.1808
vn 0.3107 -0.9155 0.2557
vn 0.2476 -0.9156 0.3168
vn 0.1732 -0.9155 0.3631
vn 0.0893 -0.9154 0.3926
vn 0.0220 -0.9197 0.3919
vn -0.0220 -0.9197 0.3919
vn -0.0893 -0.9154 0.3926
vn -0.1732 -0.9155 0.3631
vn -0.2476 -0.9156 0.3168
vn -0.3107 -0.9155 0.2557
vn -0.3601 -0.9152 0.1808
vn -0.3925 -0.9150 0.0940
vn -0.3925 -0.9195 0.0232
vn -0.3925 -0.9195 -0.0232
vn -0.3925 -0.9150 -0.0940
vn -0.9013 -0.3757 -0.2159
vn -0.8281 -0.3759 -0.4159
vn -0.9237 -0.3793 -0.0545
vn -0.7153 -0.3761 -0.5890
vn -0.5704 -0.3761 -0.7301
vn -0.3987 -0.3761 -0.8364
vn -0.2054 -0.3760 -0.9036
vn -0.0517 -0.3795 -0.9237
vn -0.9237 -0.3793 0.0545
vn 0.0517 -0.3795 -0.9237
vn -0.9013 -0.3757 0.2158
vn -0.8281 -0.3759 0.4159
vn -0.7155 -0.3761 0.5888
vn -0.5706 -0.3762 0.7300
vn -0.3988 -0.3761 0.8364
vn -0.2055 -0.3760 0.9036
vn -0.0517 -0.3795 0.9237
vn 0.0517 -0.3795 0.9237
vn 0.2055 -0.3760 0.9036
vn 0.3989 -0.3761 0.8363
vn 0.5706 -0.3761 0.7300
vn 0.7155 -0.3761 0.5888
vn 0.8281 -0.3759 0.4158
vn 0.9013 -0.3757 0.2158
vn 0.9237 -0.3793 0.0545
vn 0.9237 -0.3793 -0.0545
vn 0.2054 -0.3760 -0.9036
vn 0.3987 -0.3761 -0.8364
vn 0.5705 -0.3761 -0.7301
vn 0.7153 -0.3761 -0.5890
vn 0.9013 -0.3757 -0.2158
vn 0.8280 -0.3759 -0.4160
# 160 vertex normals

o Rectangle001
g Rectangle001
usemtl wire_229154215
s 1
f 1593//1581 1594//1582 1595//1583 1596//1584 1597//1585 1598//1586 1599//1587 1600//1588 1601//1589 1602//1590 1603//1591 1604//1592 1605//1593 1606//1594 1607//1595 1608//1596 1609//1597 1610//1598 1611//1599 1612//1600 1613//1601 1614//1602 1615//1603 1616//1604 1617//1605 1618//1606 1619//1607 1620//1608 1621//1609 1622//1610 1623//1611 1624//1612 
f 1625//1613 1626//1614 1627//1615 1628//1616 
f 1629//1617 1625//1613 1628//1616 1630//1618 
f 1626//1614 1631//1619 1632//1620 1627//1615 
f 1631//1619 1633//1621 1634//1622 1632//1620 
f 1633//1621 1635//1623 1636//1624 1634//1622 
f 1635//1623 1637//1625 1638//1626 1636//1624 
f 1637//1625 1639//1627 1640//1628 1638//1626 
f 1641//1629 1629//1617 1630//1618 1642//1630 
f 1639//1627 1643//1631 1644//1632 1640//1628 
f 1645//1633 1641//1629 1642//1630 1646//1634 
f 1647//1635 1645//1633 1646//1634 1648//1636 
f 1649//1637 1647//1635 1648//1636 1650//1638 
f 1651//1639 1649//1637 1650//1638 1652//1640 
f 1653//1641 1651//1639 1652//1640 1654//1642 
f 1655//1643 1653//1641 1654//1642 1656//1644 
f 1657//1645 1655//1643 1656//1644 1658//1646 
f 1659//1647 1657//1645 1658//1646 1660//1648 
f 1661//1649 1659//1647 1660//1648 1662//1650 
f 1663//1651 1661//1649 1662//1650 1664//1652 
f 1665//1653 1663//1651 1664//1652 1666//1654 
f 1667//1655 1665//1653 1666//1654 1668//1656 
f 1669//1657 1667//1655 1668//1656 1670//1658 
f 1671//1659 1669//1657 1670//1658 1672//1660 
f 1673//1661 1671//1659 1672//1660 1674//1662 
f 1675//1663 1673//1661 1674//1662 1676//1664 
f 1643//1631 1677//1665 1678//1666 1644//1632 
f 1677//1665 1679//1667 1680//1668 1678//1666 
f 1679//1667 1681//1669 1682//1670 1680//1668 
f 1681//1669 1683//1671 1684//1672 1682//1670 
f 1685//1673 1675//1663 1676//1664 1686//1674 
f 1687//1675 1685//1673 1686//1674 1688//1676 
f 1683//1671 1687//1675 1688//1676 1684//1672 
s 2
f 1626//1614 1625//1613 1594//1582 1593//1581 
f 1625//1613 1629//1617 1595//1583 1594//1582 
f 1629//1617 1641//1629 1596//1584 1595//1583 
f 1641//1629 1645//1633 1597//1585 1596//1584 
f 1645//1633 1647//1635 1598//1586 1597//1585 
f 1647//1635 1649//1637 1599//1587 1598//1586 
f 1649//1637 1651//1639 1600//1588 1599//1587 
f 1651//1639 1653//1641 1601//1589 1600//1588 
f 1653//1641 1655//1643 1602//1590 1601//1589 
f 1655//1643 1657//1645 1603//1591 1602//1590 
f 1657//1645 1659//1647 1604//1592 1603//1591 
f 1659//1647 1661//1649 1605//1593 1604//1592 
f 1661//1649 1663//1651 1606//1594 1605//1593 
f 1663//1651 1665//1653 1607//1595 1606//1594 
f 1665//1653 1667//1655 1608//1596 1607//1595 
f 1667//1655 1669//1657 1609//1597 1608//1596 
f 1669//1657 1671//1659 1610//1598 1609//1597 
f 1671//1659 1673//1661 1611//1599 1610//1598 
f 1673//1661 1675//1663 1612//1600 1611//1599 
f 1675//1663 1685//1673 1613//1601 1612//1600 
f 1685//1673 1687//1675 1614//1602 1613//1601 
f 1687//1675 1683//1671 1615//1603 1614//1602 
f 1683//1671 1681//1669 1616//1604 1615//1603 
f 1681//1669 1679//1667 1617//1605 1616//1604 
f 1679//1667 1677//1665 1618//1606 1617//1605 
f 1677//1665 1643//1631 1619//1607 1618//1606 
f 1643//1631 1639//1627 1620//1608 1619//1607 
f 1639//1627 1637//1625 1621//1609 1620//1608 
f 1637//1625 1635//1623 1622//1610 1621//1609 
f 1635//1623 1633//1621 1623//1611 1622//1610 
f 1633//1621 1631//1619 1624//1612 1623//1611 
f 1631//1619 1626//1614 1593//1581 1624//1612 
s 1
f 1689//1677 1690//1678 1691//1679 1692//1680 1693//1681 1694//1682 1695//1683 1696//1684 1697//1685 1698//1686 1699//1687 1700//1688 1701//1689 1702//1690 1703//1691 1704//1692 1705//1693 1706//1694 1707//1695 1708//1696 1709//1697 1710//1698 1711//1699 1712//1700 1713//1701 1714//1702 1715//1703 1716//1704 1717//1705 1718//1706 1719//1707 1720//1708 
f 1721//1709 1628//1616 1627//1615 1722//1710 
f 1723//1711 1630//1618 1628//1616 1721//1709 
f 1722//1710 1627//1615 1632//1620 1724//1712 
f 1724//1712 1632//1620 1634//1622 1725//1713 
f 1725//1713 1634//1622 1636//1624 1726//1714 
f 1726//1714 1636//1624 1638//1626 1727//1715 
f 1727//1715 1638//1626 1640//1628 1728//1716 
f 1729//1717 1642//1630 1630//1618 1723//1711 
f 1728//1716 1640//1628 1644//1632 1730//1718 
f 1731//1719 1646//1634 1642//1630 1729//1717 
f 1732//1720 1648//1636 1646//1634 1731//1719 
f 1733//1721 1650//1638 1648//1636 1732//1720 
f 1734//1722 1652//1640 1650//1638 1733//1721 
f 1735//1723 1654//1642 1652//1640 1734//1722 
f 1736//1724 1656//1644 1654//1642 1735//1723 
f 1737//1725 1658//1646 1656//1644 1736//1724 
f 1738//1726 1660//1648 1658//1646 1737//1725 
f 1739//1727 1662//1650 1660//1648 1738//1726 
f 1740//1728 1664//1652 1662//1650 1739//1727 
f 1741//1729 1666//1654 1664//1652 1740//1728 
f 1742//1730 1668//1656 1666//1654 1741//1729 
f 1743//1731 1670//1658 1668//1656 1742//1730 
f 1744//1732 1672//1660 1670//1658 1743//1731 
f 1745//1733 1674//1662 1672//1660 1744//1732 
f 1746//1734 1676//1664 1674//1662 1745//1733 
f 1730//1718 1644//1632 1678//1666 1747//1735 
f 1747//1735 1678//1666 1680//1668 1748//1736 
f 1748//1736 1680//1668 1682//1670 1749//1737 
f 1749//1737 1682//1670 1684//1672 1750//1738 
f 1751//1739 1686//1674 1676//1664 1746//1734 
f 1752//1740 1688//1676 1686//1674 1751//1739 
f 1750//1738 1684//1672 1688//1676 1752//1740 
s 2
f 1722//1710 1689//1677 1720//1708 1721//1709 
f 1721//1709 1720//1708 1719//1707 1723//1711 
f 1723//1711 1719//1707 1718//1706 1729//1717 
f 1729//1717 1718//1706 1717//1705 1731//1719 
f 1731//1719 1717//1705 1716//1704 1732//1720 
f 1732//1720 1716//1704 1715//1703 1733//1721 
f 1733//1721 1715//1703 1714//1702 1734//1722 
f 1734//1722 1714//1702 1713//1701 1735//1723 
f 1735//1723 1713//1701 1712//1700 1736//1724 
f 1736//1724 1712//1700 1711//1699 1737//1725 
f 1737//1725 1711//1699 1710//1698 1738//1726 
f 1738//1726 1710//1698 1709//1697 1739//1727 
f 1739//1727 1709//1697 1708//1696 1740//1728 
f 1740//1728 1708//1696 1707//1695 1741//1729 
f 1741//1729 1707//1695 1706//1694 1742//1730 
f 1742//1730 1706//1694 1705//1693 1743//1731 
f 1743//1731 1705//1693 1704//1692 1744//1732 
f 1744//1732 1704//1692 1703//1691 1745//1733 
f 1745//1733 1703//1691 1702//1690 1746//1734 
f 1746//1734 1702//1690 1701//1689 1751//1739 
f 1751//1739 1701//1689 1700//1688 1752//1740 
f 1752//1740 1700//1688 1699//1687 1750//1738 
f 1750//1738 1699//1687 1698//1686 1749//1737 
f 1749//1737 1698//1686 1697//1685 1748//1736 
f 1748//1736 1697//1685 1696//1684 1747//1735 
f 1747//1735 1696//1684 1695//1683 1730//1718 
f 1730//1718 1695//1683 1694//1682 1728//1716 
f 1728//1716 1694//1682 1693//1681 1727//1715 
f 1727//1715 1693//1681 1692//1680 1726//1714 
f 1726//1714 1692//1680 1691//1679 1725//1713 
f 1725//1713 1691//1679 1690//1678 1724//1712 
f 1724//1712 1690//1678 1689//1677 1722//1710 
# 130 polygons

